task_id,arrival_time,task_type,cpu_demand,gpu_demand,memory_demand,bandwidth_demand,token_amount,deadline,priority
s-00-000,0,delay_sensitive,1.22,0.0,4.15,0.565,0.0,1,3
s-00-001,0,delay_sensitive,1.012,0.0,8.419,0.806,0.0,1,3
s-00-002,0,delay_sensitive,1.346,0.0,4.522,0.653,0.0,1,3
s-00-003,0,delay_sensitive,0.915,0.0,5.312,0.703,0.0,1,3
s-00-004,0,delay_sensitive,0.913,0.0,5.193,0.79,0.0,1,3
s-00-005,0,delay_sensitive,1.172,0.0,5.323,0.754,0.0,1,3
s-00-006,0,delay_sensitive,1.305,0.0,4.039,0.883,0.0,1,3
s-00-007,0,delay_sensitive,1.249,0.0,6.042,0.493,0.0,1,3
s-00-008,0,delay_sensitive,1.379,0.0,6.02,0.456,0.0,1,3
s-00-009,0,delay_sensitive,0.948,0.0,9.085,0.762,0.0,1,3
s-00-010,0,delay_sensitive,1.304,0.0,8.378,0.722,0.0,1,3
s-00-011,0,delay_sensitive,1.387,0.0,6.271,0.731,0.0,1,3
s-00-012,0,delay_sensitive,1.315,0.0,7.711,0.917,0.0,1,3
s-00-013,0,delay_sensitive,1.189,0.0,8.227,0.427,0.0,1,3
s-00-014,0,delay_sensitive,1.014,0.0,5.736,0.448,0.0,1,3
s-00-015,0,delay_sensitive,1.016,0.0,4.606,0.567,0.0,1,3
s-00-016,0,delay_sensitive,1.218,0.0,6.189,0.622,0.0,1,3
s-00-017,0,delay_sensitive,1.005,0.0,5.602,0.962,0.0,1,3
s-00-018,0,delay_sensitive,1.224,0.0,7.655,0.503,0.0,1,3
s-00-019,0,delay_sensitive,1.265,0.0,4.98,0.628,0.0,1,3
s-00-020,0,delay_sensitive,1.395,0.0,7.84,0.734,0.0,1,3
s-00-021,0,delay_sensitive,1.242,0.0,9.057,0.866,0.0,1,3
s-00-022,0,delay_sensitive,1.015,0.0,4.193,0.589,0.0,1,3
s-00-023,0,delay_sensitive,1.034,0.0,5.266,0.966,0.0,1,3
s-00-024,0,delay_sensitive,1.338,0.0,5.888,0.793,0.0,1,3
s-00-025,0,delay_sensitive,1.098,0.0,9.487,0.675,0.0,1,3
s-00-026,0,delay_sensitive,1.032,0.0,5.48,0.737,0.0,1,3
s-00-027,0,delay_sensitive,1.031,0.0,7.508,0.939,0.0,1,3
s-00-028,0,delay_sensitive,1.1,0.0,5.316,0.999,0.0,1,3
s-00-029,0,delay_sensitive,1.155,0.0,4.545,0.428,0.0,1,3
s-00-030,0,delay_sensitive,0.955,0.0,7.765,0.875,0.0,1,3
s-00-031,0,delay_sensitive,1.111,0.0,4.381,0.629,0.0,1,3
s-00-032,0,delay_sensitive,1.398,0.0,7.175,0.983,0.0,1,3
s-00-033,0,delay_sensitive,1.33,0.0,4.069,0.832,0.0,1,3
s-00-034,0,delay_sensitive,1.241,0.0,7.222,0.56,0.0,1,3
s-00-035,0,delay_sensitive,1.22,0.0,4.669,0.661,0.0,1,3
s-00-036,0,delay_sensitive,1.127,0.0,9.723,0.926,0.0,1,3
s-00-037,0,delay_sensitive,1.032,0.0,7.004,0.507,0.0,1,3
s-00-038,0,delay_sensitive,1.356,0.0,9.223,0.579,0.0,1,3
s-00-039,0,delay_sensitive,1.219,0.0,7.654,0.492,0.0,1,3
s-00-040,0,delay_sensitive,1.281,0.0,7.236,0.867,0.0,1,3
s-00-041,0,delay_sensitive,1.165,0.0,4.003,0.594,0.0,1,3
s-00-042,0,delay_sensitive,0.91,0.0,9.575,0.927,0.0,1,3
s-00-043,0,delay_sensitive,1.316,0.0,5.845,0.435,0.0,1,3
s-00-044,0,delay_sensitive,1.339,0.0,9.682,0.451,0.0,1,3
s-00-045,0,delay_sensitive,1.143,0.0,4.415,0.856,0.0,1,3
s-00-046,0,delay_sensitive,1.283,0.0,4.77,0.685,0.0,1,3
s-00-047,0,delay_sensitive,1.175,0.0,5.59,0.923,0.0,1,3
s-00-048,0,delay_sensitive,1.112,0.0,5.271,0.724,0.0,1,3
s-00-049,0,delay_sensitive,1.265,0.0,5.207,0.587,0.0,1,3
s-00-050,0,delay_sensitive,1.398,0.0,7.899,0.663,0.0,1,3
t-00-000,0,delay_tolerant,0.981,0.0,4.487,0.338,127.572,4,2
t-00-001,0,delay_tolerant,0.892,0.0,4.321,0.343,347.197,4,2
t-00-002,0,delay_tolerant,0.827,0.0,3.188,0.498,305.096,2,2
t-00-003,0,delay_tolerant,1.068,0.0,4.285,0.379,456.785,3,2
t-00-004,0,delay_tolerant,1.03,0.0,4.458,0.584,266.542,4,2
t-00-005,0,delay_tolerant,0.839,0.0,5.586,0.554,288.129,2,2
t-00-006,0,delay_tolerant,0.822,0.0,6.921,0.688,141.821,4,2
t-00-007,0,delay_tolerant,0.936,0.0,8.17,0.449,188.475,4,2
t-00-008,0,delay_tolerant,0.856,0.0,4.101,0.578,434.815,3,2
t-00-009,0,delay_tolerant,0.977,0.0,8.168,0.63,138.212,2,2
t-00-010,0,delay_tolerant,1.134,0.0,8.814,0.856,425.53,4,2
t-00-011,0,delay_tolerant,0.963,0.0,5.888,0.819,444.879,2,2
t-00-012,0,delay_tolerant,0.952,0.0,8.912,0.459,402.265,2,2
t-00-013,0,delay_tolerant,0.914,0.0,7.18,0.738,402.01,3,2
t-00-014,0,delay_tolerant,1.087,0.0,3.929,0.478,468.735,4,2
t-00-015,0,delay_tolerant,1.094,0.0,3.366,0.488,138.051,4,2
t-00-016,0,delay_tolerant,1.001,0.0,8.116,0.394,465.88,3,2
t-00-017,0,delay_tolerant,1.141,0.0,3.411,0.341,430.255,2,2
t-00-018,0,delay_tolerant,0.848,0.0,8.342,0.448,334.027,3,2
t-00-019,0,delay_tolerant,0.833,0.0,6.944,0.639,233.893,4,2
t-00-020,0,delay_tolerant,0.882,0.0,7.297,0.443,262.483,3,2
t-00-021,0,delay_tolerant,1.058,0.0,5.743,0.857,456.864,4,2
t-00-022,0,delay_tolerant,0.983,0.0,8.991,0.898,146.374,2,2
t-00-023,0,delay_tolerant,1.002,0.0,3.795,0.509,144.765,2,2
t-00-024,0,delay_tolerant,0.948,0.0,3.946,0.8,373.274,2,2
t-00-025,0,delay_tolerant,1.194,0.0,7.843,0.617,360.431,4,2
t-00-026,0,delay_tolerant,0.92,0.0,6.98,0.863,168.345,4,2
t-00-027,0,delay_tolerant,1.156,0.0,7.455,0.393,221.432,2,2
g-00-000,0,token_batch,0.337,1.212,16.529,1.103,4139.0,3,1
g-00-001,0,token_batch,0.22,1.181,16.293,0.826,4665.0,4,1
g-00-002,0,token_batch,0.252,1.388,9.616,1.065,4358.0,4,1
g-00-003,0,token_batch,0.204,0.845,16.831,1.342,3497.0,5,1
g-00-004,0,token_batch,0.534,1.15,9.481,0.876,1347.0,6,1
g-00-005,0,token_batch,0.56,1.278,16.607,1.339,2693.0,4,1
g-00-006,0,token_batch,0.3,0.862,15.801,1.33,3993.0,3,1
g-00-007,0,token_batch,0.5,1.355,10.367,0.898,3742.0,5,1
g-00-008,0,token_batch,0.21,1.242,11.322,1.358,2888.0,3,1
g-00-009,0,token_batch,0.264,1.221,11.825,0.823,2292.0,3,1
g-00-010,0,token_batch,0.28,1.351,11.497,1.292,2111.0,5,1
g-00-011,0,token_batch,0.209,0.916,11.283,1.319,2113.0,3,1
g-00-012,0,token_batch,0.457,1.04,17.811,1.122,2638.0,4,1
s-01-000,1,delay_sensitive,1.37,0.0,4.692,0.982,0.0,2,3
s-01-001,1,delay_sensitive,0.989,0.0,9.775,0.559,0.0,2,3
s-01-002,1,delay_sensitive,0.954,0.0,6.607,0.837,0.0,2,3
s-01-003,1,delay_sensitive,1.057,0.0,7.637,0.707,0.0,2,3
s-01-004,1,delay_sensitive,1.093,0.0,7.46,0.553,0.0,2,3
s-01-005,1,delay_sensitive,1.254,0.0,4.01,0.955,0.0,2,3
s-01-006,1,delay_sensitive,1.169,0.0,8.317,0.845,0.0,2,3
s-01-007,1,delay_sensitive,1.235,0.0,6.185,0.442,0.0,2,3
s-01-008,1,delay_sensitive,1.232,0.0,5.981,0.588,0.0,2,3
s-01-009,1,delay_sensitive,1.324,0.0,8.319,0.58,0.0,2,3
s-01-010,1,delay_sensitive,1.055,0.0,6.45,0.641,0.0,2,3
s-01-011,1,delay_sensitive,1.048,0.0,4.764,0.652,0.0,2,3
s-01-012,1,delay_sensitive,1.37,0.0,8.064,0.942,0.0,2,3
s-01-013,1,delay_sensitive,1.208,0.0,5.806,0.729,0.0,2,3
s-01-014,1,delay_sensitive,0.9,0.0,5.721,0.658,0.0,2,3
s-01-015,1,delay_sensitive,1.19,0.0,7.928,0.679,0.0,2,3
s-01-016,1,delay_sensitive,1.121,0.0,5.282,0.684,0.0,2,3
s-01-017,1,delay_sensitive,1.351,0.0,8.776,0.502,0.0,2,3
s-01-018,1,delay_sensitive,0.942,0.0,7.093,0.78,0.0,2,3
s-01-019,1,delay_sensitive,1.068,0.0,8.911,0.851,0.0,2,3
s-01-020,1,delay_sensitive,1.236,0.0,5.348,0.519,0.0,2,3
s-01-021,1,delay_sensitive,0.912,0.0,5.469,0.685,0.0,2,3
s-01-022,1,delay_sensitive,1.325,0.0,4.437,0.649,0.0,2,3
s-01-023,1,delay_sensitive,1.215,0.0,5.167,0.818,0.0,2,3
s-01-024,1,delay_sensitive,1.147,0.0,5.464,0.794,0.0,2,3
s-01-025,1,delay_sensitive,0.903,0.0,8.506,0.862,0.0,2,3
s-01-026,1,delay_sensitive,0.953,0.0,6.551,0.506,0.0,2,3
s-01-027,1,delay_sensitive,1.379,0.0,7.108,0.43,0.0,2,3
s-01-028,1,delay_sensitive,1.025,0.0,9.09,0.674,0.0,2,3
s-01-029,1,delay_sensitive,1.301,0.0,8.005,0.993,0.0,2,3
s-01-030,1,delay_sensitive,1.198,0.0,9.7,0.935,0.0,2,3
s-01-031,1,delay_sensitive,1.206,0.0,8.316,0.703,0.0,2,3
s-01-032,1,delay_sensitive,1.315,0.0,7.287,0.938,0.0,2,3
s-01-033,1,delay_sensitive,1.272,0.0,6.848,0.556,0.0,2,3
s-01-034,1,delay_sensitive,1.024,0.0,7.826,0.859,0.0,2,3
s-01-035,1,delay_sensitive,1.161,0.0,7.76,0.565,0.0,2,3
s-01-036,1,delay_sensitive,0.939,0.0,5.714,0.563,0.0,2,3
s-01-037,1,delay_sensitive,1.06,0.0,7.241,0.483,0.0,2,3
s-01-038,1,delay_sensitive,1.016,0.0,8.164,0.824,0.0,2,3
s-01-039,1,delay_sensitive,0.932,0.0,6.446,0.726,0.0,2,3
s-01-040,1,delay_sensitive,1.108,0.0,5.241,0.652,0.0,2,3
s-01-041,1,delay_sensitive,1.352,0.0,7.504,0.817,0.0,2,3
s-01-042,1,delay_sensitive,1.328,0.0,8.594,0.628,0.0,2,3
s-01-043,1,delay_sensitive,0.903,0.0,6.111,0.852,0.0,2,3
s-01-044,1,delay_sensitive,1.327,0.0,9.721,0.651,0.0,2,3
s-01-045,1,delay_sensitive,1.274,0.0,7.277,0.762,0.0,2,3
s-01-046,1,delay_sensitive,1.01,0.0,5.317,0.662,0.0,2,3
t-01-000,1,delay_tolerant,0.956,0.0,7.013,0.779,380.705,3,2
t-01-001,1,delay_tolerant,1.168,0.0,8.884,0.62,446.494,4,2
t-01-002,1,delay_tolerant,1.026,0.0,3.163,0.686,168.852,5,2
t-01-003,1,delay_tolerant,0.873,0.0,4.561,0.496,283.692,4,2
t-01-004,1,delay_tolerant,1.104,0.0,5.275,0.751,419.493,4,2
t-01-005,1,delay_tolerant,1.134,0.0,5.822,0.749,138.751,4,2
t-01-006,1,delay_tolerant,0.89,0.0,3.412,0.874,134.493,4,2
t-01-007,1,delay_tolerant,1.18,0.0,4.196,0.312,174.858,3,2
t-01-008,1,delay_tolerant,0.989,0.0,3.686,0.869,287.412,3,2
t-01-009,1,delay_tolerant,1.107,0.0,4.007,0.664,389.253,4,2
t-01-010,1,delay_tolerant,1.111,0.0,3.983,0.487,328.327,3,2
t-01-011,1,delay_tolerant,1.03,0.0,8.448,0.525,458.929,4,2
t-01-012,1,delay_tolerant,0.83,0.0,7.144,0.676,156.684,3,2
t-01-013,1,delay_tolerant,1.14,0.0,6.602,0.373,474.184,4,2
t-01-014,1,delay_tolerant,0.939,0.0,5.57,0.522,302.146,3,2
t-01-015,1,delay_tolerant,0.805,0.0,5.52,0.594,276.068,4,2
t-01-016,1,delay_tolerant,1.054,0.0,7.972,0.724,276.775,4,2
t-01-017,1,delay_tolerant,1.009,0.0,6.903,0.67,451.062,5,2
t-01-018,1,delay_tolerant,0.986,0.0,7.954,0.655,236.03,4,2
t-01-019,1,delay_tolerant,1.132,0.0,3.52,0.829,207.791,3,2
t-01-020,1,delay_tolerant,1.028,0.0,7.009,0.502,297.95,4,2
t-01-021,1,delay_tolerant,0.873,0.0,4.273,0.779,242.522,4,2
t-01-022,1,delay_tolerant,1.08,0.0,4.658,0.306,461.303,5,2
t-01-023,1,delay_tolerant,0.897,0.0,5.439,0.633,206.517,3,2
t-01-024,1,delay_tolerant,1.058,0.0,5.945,0.776,153.499,4,2
t-01-025,1,delay_tolerant,0.962,0.0,4.46,0.698,252.847,3,2
g-01-000,1,token_batch,0.338,1.398,13.504,1.011,3374.0,7,1
g-01-001,1,token_batch,0.323,0.938,15.213,0.989,2309.0,6,1
g-01-002,1,token_batch,0.476,0.915,15.386,0.966,4321.0,7,1
g-01-003,1,token_batch,0.41,0.97,9.005,0.916,4313.0,7,1
g-01-004,1,token_batch,0.272,0.808,13.341,0.965,2678.0,4,1
g-01-005,1,token_batch,0.317,1.366,14.379,1.252,3466.0,3,1
g-01-006,1,token_batch,0.205,0.971,12.787,1.004,4774.0,3,1
g-01-007,1,token_batch,0.576,1.087,16.221,1.04,2234.0,3,1
g-01-008,1,token_batch,0.452,0.832,9.492,1.138,3563.0,3,1
g-01-009,1,token_batch,0.598,0.871,15.644,1.164,1548.0,5,1
g-01-010,1,token_batch,0.51,1.028,17.085,0.978,2124.0,7,1
g-01-011,1,token_batch,0.322,1.173,14.096,1.244,2956.0,7,1
g-01-012,1,token_batch,0.284,1.196,9.571,0.904,3762.0,4,1
s-02-000,2,delay_sensitive,0.938,0.0,4.016,0.67,0.0,3,3
s-02-001,2,delay_sensitive,1.197,0.0,5.748,0.539,0.0,3,3
s-02-002,2,delay_sensitive,1.253,0.0,8.218,0.672,0.0,3,3
s-02-003,2,delay_sensitive,1.244,0.0,9.543,0.873,0.0,3,3
s-02-004,2,delay_sensitive,1.213,0.0,7.967,0.96,0.0,3,3
s-02-005,2,delay_sensitive,1.113,0.0,7.267,0.789,0.0,3,3
s-02-006,2,delay_sensitive,1.354,0.0,8.96,0.443,0.0,3,3
s-02-007,2,delay_sensitive,0.983,0.0,5.846,0.849,0.0,3,3
s-02-008,2,delay_sensitive,1.185,0.0,5.732,0.475,0.0,3,3
s-02-009,2,delay_sensitive,1.244,0.0,8.198,0.966,0.0,3,3
s-02-010,2,delay_sensitive,1.15,0.0,6.963,0.448,0.0,3,3
s-02-011,2,delay_sensitive,0.92,0.0,6.592,0.593,0.0,3,3
s-02-012,2,delay_sensitive,1.025,0.0,4.548,0.977,0.0,3,3
s-02-013,2,delay_sensitive,1.318,0.0,7.451,0.97,0.0,3,3
s-02-014,2,delay_sensitive,1.4,0.0,8.034,0.562,0.0,3,3
s-02-015,2,delay_sensitive,0.92,0.0,8.538,0.682,0.0,3,3
s-02-016,2,delay_sensitive,1.226,0.0,9.496,0.509,0.0,3,3
s-02-017,2,delay_sensitive,1.193,0.0,7.809,0.695,0.0,3,3
s-02-018,2,delay_sensitive,0.946,0.0,6.088,0.6,0.0,3,3
s-02-019,2,delay_sensitive,1.235,0.0,9.146,0.598,0.0,3,3
s-02-020,2,delay_sensitive,1.247,0.0,5.729,0.967,0.0,3,3
s-02-021,2,delay_sensitive,1.307,0.0,7.301,0.673,0.0,3,3
s-02-022,2,delay_sensitive,1.057,0.0,5.94,0.982,0.0,3,3
s-02-023,2,delay_sensitive,1.102,0.0,7.088,0.993,0.0,3,3
s-02-024,2,delay_sensitive,1.229,0.0,7.256,0.648,0.0,3,3
s-02-025,2,delay_sensitive,0.994,0.0,6.171,0.854,0.0,3,3
s-02-026,2,delay_sensitive,1.213,0.0,8.56,0.522,0.0,3,3
s-02-027,2,delay_sensitive,1.175,0.0,9.566,0.663,0.0,3,3
s-02-028,2,delay_sensitive,1.249,0.0,4.729,0.984,0.0,3,3
s-02-029,2,delay_sensitive,1.204,0.0,5.436,0.495,0.0,3,3
s-02-030,2,delay_sensitive,1.175,0.0,7.314,0.456,0.0,3,3
s-02-031,2,delay_sensitive,1.396,0.0,9.478,0.677,0.0,3,3
s-02-032,2,delay_sensitive,0.959,0.0,8.993,0.699,0.0,3,3
s-02-033,2,delay_sensitive,1.258,0.0,7.053,0.564,0.0,3,3
s-02-034,2,delay_sensitive,1.317,0.0,9.881,0.546,0.0,3,3
s-02-035,2,delay_sensitive,1.176,0.0,6.302,0.953,0.0,3,3
s-02-036,2,delay_sensitive,1.154,0.0,9.276,0.918,0.0,3,3
s-02-037,2,delay_sensitive,1.038,0.0,8.74,0.649,0.0,3,3
s-02-038,2,delay_sensitive,1.367,0.0,7.046,0.892,0.0,3,3
s-02-039,2,delay_sensitive,1.041,0.0,5.791,0.752,0.0,3,3
s-02-040,2,delay_sensitive,1.399,0.0,6.938,0.489,0.0,3,3
s-02-041,2,delay_sensitive,1.169,0.0,6.071,0.731,0.0,3,3
s-02-042,2,delay_sensitive,1.172,0.0,6.732,0.593,0.0,3,3
s-02-043,2,delay_sensitive,0.994,0.0,8.185,0.743,0.0,3,3
s-02-044,2,delay_sensitive,1.017,0.0,8.653,0.426,0.0,3,3
t-02-000,2,delay_tolerant,0.989,0.0,8.481,0.529,475.829,6,2
t-02-001,2,delay_tolerant,1.192,0.0,5.972,0.322,300.825,6,2
t-02-002,2,delay_tolerant,0.933,0.0,3.602,0.807,155.896,6,2
t-02-003,2,delay_tolerant,0.806,0.0,3.865,0.823,469.184,5,2
t-02-004,2,delay_tolerant,0.988,0.0,8.815,0.503,369.374,4,2
t-02-005,2,delay_tolerant,0.832,0.0,4.971,0.705,312.104,6,2
t-02-006,2,delay_tolerant,1.051,0.0,8.325,0.593,314.766,5,2
t-02-007,2,delay_tolerant,0.827,0.0,6.787,0.853,479.073,6,2
t-02-008,2,delay_tolerant,0.836,0.0,8.87,0.756,373.401,6,2
t-02-009,2,delay_tolerant,0.977,0.0,7.164,0.842,136.557,4,2
t-02-010,2,delay_tolerant,0.917,0.0,5.249,0.387,311.22,4,2
t-02-011,2,delay_tolerant,1.073,0.0,4.08,0.405,339.417,6,2
t-02-012,2,delay_tolerant,1.048,0.0,4.445,0.848,171.522,5,2
t-02-013,2,delay_tolerant,1.055,0.0,5.757,0.7,443.607,5,2
t-02-014,2,delay_tolerant,1.16,0.0,7.066,0.395,279.023,5,2
t-02-015,2,delay_tolerant,1.195,0.0,4.795,0.877,368.513,5,2
t-02-016,2,delay_tolerant,1.138,0.0,4.195,0.531,293.955,5,2
t-02-017,2,delay_tolerant,0.953,0.0,5.154,0.478,371.74,4,2
t-02-018,2,delay_tolerant,1.191,0.0,6.949,0.465,323.734,4,2
t-02-019,2,delay_tolerant,1.111,0.0,8.842,0.846,388.262,6,2
t-02-020,2,delay_tolerant,1.11,0.0,4.381,0.781,198.842,5,2
t-02-021,2,delay_tolerant,1.048,0.0,7.067,0.733,357.305,4,2
t-02-022,2,delay_tolerant,1.051,0.0,8.42,0.688,231.216,4,2
t-02-023,2,delay_tolerant,0.813,0.0,5.189,0.379,447.466,5,2
g-02-000,2,token_batch,0.366,0.92,15.865,1.326,4261.0,6,1
g-02-001,2,token_batch,0.401,0.964,9.645,1.348,3374.0,6,1
g-02-002,2,token_batch,0.318,1.322,16.042,1.081,4503.0,7,1
g-02-003,2,token_batch,0.502,0.935,14.763,1.205,1776.0,4,1
g-02-004,2,token_batch,0.522,1.019,15.907,0.808,4664.0,7,1
g-02-005,2,token_batch,0.382,1.204,14.723,1.151,1706.0,8,1
g-02-006,2,token_batch,0.47,1.083,14.195,1.366,1643.0,6,1
g-02-007,2,token_batch,0.289,0.838,16.239,1.346,3698.0,6,1
g-02-008,2,token_batch,0.363,0.884,17.463,0.983,3859.0,6,1
g-02-009,2,token_batch,0.239,1.332,9.357,1.072,1675.0,7,1
g-02-010,2,token_batch,0.435,1.236,16.854,1.193,2916.0,8,1
g-02-011,2,token_batch,0.363,1.371,8.327,1.022,3721.0,7,1
s-03-000,3,delay_sensitive,1.122,0.0,9.703,0.913,0.0,4,3
s-03-001,3,delay_sensitive,0.95,0.0,8.114,0.727,0.0,4,3
s-03-002,3,delay_sensitive,1.389,0.0,6.152,0.639,0.0,4,3
s-03-003,3,delay_sensitive,0.995,0.0,4.733,0.909,0.0,4,3
s-03-004,3,delay_sensitive,1.127,0.0,7.977,0.785,0.0,4,3
s-03-005,3,delay_sensitive,1.199,0.0,4.128,0.872,0.0,4,3
s-03-006,3,delay_sensitive,1.022,0.0,4.756,0.739,0.0,4,3
s-03-007,3,delay_sensitive,0.934,0.0,8.591,0.524,0.0,4,3
s-03-008,3,delay_sensitive,1.008,0.0,9.218,0.597,0.0,4,3
s-03-009,3,delay_sensitive,0.974,0.0,9.403,0.402,0.0,4,3
s-03-010,3,delay_sensitive,1.329,0.0,4.868,0.478,0.0,4,3
s-03-011,3,delay_sensitive,1.025,0.0,5.047,0.797,0.0,4,3
s-03-012,3,delay_sensitive,0.913,0.0,4.089,0.874,0.0,4,3
s-03-013,3,delay_sensitive,1.019,0.0,5.943,0.505,0.0,4,3
s-03-014,3,delay_sensitive,0.926,0.0,8.45,0.716,0.0,4,3
s-03-015,3,delay_sensitive,1.273,0.0,6.857,0.867,0.0,4,3
s-03-016,3,delay_sensitive,1.157,0.0,4.654,0.702,0.0,4,3
s-03-017,3,delay_sensitive,1.373,0.0,4.26,0.87,0.0,4,3
s-03-018,3,delay_sensitive,1.333,0.0,7.129,0.675,0.0,4,3
s-03-019,3,delay_sensitive,1.382,0.0,4.365,0.687,0.0,4,3
s-03-020,3,delay_sensitive,1.101,0.0,8.117,0.694,0.0,4,3
s-03-021,3,delay_sensitive,1.355,0.0,4.441,0.448,0.0,4,3
s-03-022,3,delay_sensitive,1.204,0.0,4.394,0.565,0.0,4,3
s-03-023,3,delay_sensitive,1.217,0.0,7.29,0.595,0.0,4,3
s-03-024,3,delay_sensitive,1.397,0.0,7.183,0.672,0.0,4,3
s-03-025,3,delay_sensitive,1.203,0.0,4.595,0.821,0.0,4,3
s-03-026,3,delay_sensitive,1.326,0.0,7.905,0.861,0.0,4,3
s-03-027,3,delay_sensitive,1.26,0.0,5.29,0.671,0.0,4,3
s-03-028,3,delay_sensitive,1.014,0.0,6.034,0.672,0.0,4,3
s-03-029,3,delay_sensitive,1.108,0.0,4.571,0.656,0.0,4,3
s-03-030,3,delay_sensitive,1.233,0.0,6.246,0.492,0.0,4,3
s-03-031,3,delay_sensitive,1.361,0.0,4.403,0.899,0.0,4,3
s-03-032,3,delay_sensitive,0.947,0.0,4.579,0.843,0.0,4,3
s-03-033,3,delay_sensitive,1.306,0.0,7.338,0.752,0.0,4,3
s-03-034,3,delay_sensitive,1.181,0.0,5.978,0.473,0.0,4,3
s-03-035,3,delay_sensitive,1.077,0.0,7.992,0.85,0.0,4,3
s-03-036,3,delay_sensitive,1.334,0.0,8.326,0.981,0.0,4,3
s-03-037,3,delay_sensitive,1.2,0.0,6.11,0.747,0.0,4,3
s-03-038,3,delay_sensitive,1.006,0.0,7.94,0.535,0.0,4,3
s-03-039,3,delay_sensitive,0.954,0.0,9.072,0.621,0.0,4,3
s-03-040,3,delay_sensitive,1.281,0.0,7.445,0.884,0.0,4,3
s-03-041,3,delay_sensitive,1.323,0.0,9.847,0.891,0.0,4,3
s-03-042,3,delay_sensitive,1.207,0.0,7.856,0.416,0.0,4,3
t-03-000,3,delay_tolerant,1.132,0.0,4.605,0.408,372.972,7,2
t-03-001,3,delay_tolerant,1.169,0.0,5.106,0.409,171.571,6,2
t-03-002,3,delay_tolerant,0.96,0.0,3.851,0.68,131.037,7,2
t-03-003,3,delay_tolerant,1.012,0.0,5.257,0.572,176.667,7,2
t-03-004,3,delay_tolerant,1.089,0.0,7.661,0.641,150.585,6,2
t-03-005,3,delay_tolerant,0.862,0.0,7.527,0.33,149.369,5,2
t-03-006,3,delay_tolerant,1.065,0.0,5.914,0.565,218.34,6,2
t-03-007,3,delay_tolerant,0.846,0.0,5.579,0.47,364.255,7,2
t-03-008,3,delay_tolerant,1.011,0.0,4.851,0.432,474.4,6,2
t-03-009,3,delay_tolerant,0.803,0.0,4.809,0.427,169.405,5,2
t-03-010,3,delay_tolerant,0.916,0.0,3.72,0.598,275.036,6,2
t-03-011,3,delay_tolerant,0.952,0.0,7.222,0.6,420.008,5,2
t-03-012,3,delay_tolerant,0.829,0.0,8.171,0.325,126.747,6,2
t-03-013,3,delay_tolerant,1.145,0.0,6.455,0.644,375.42,5,2
t-03-014,3,delay_tolerant,0.916,0.0,5.43,0.88,181.874,6,2
t-03-015,3,delay_tolerant,0.984,0.0,7.138,0.517,277.216,7,2
t-03-016,3,delay_tolerant,0.897,0.0,6.533,0.614,262.476,5,2
t-03-017,3,delay_tolerant,1.098,0.0,4.329,0.767,147.497,6,2
t-03-018,3,delay_tolerant,0.846,0.0,6.06,0.844,245.775,7,2
t-03-019,3,delay_tolerant,1.183,0.0,6.873,0.389,157.01,7,2
t-03-020,3,delay_tolerant,0.879,0.0,6.614,0.756,355.983,6,2
t-03-021,3,delay_tolerant,1.181,0.0,6.768,0.578,322.945,5,2
t-03-022,3,delay_tolerant,0.98,0.0,8.545,0.639,348.707,7,2
g-03-000,3,token_batch,0.546,1.176,9.51,0.841,2523.0,9,1
g-03-001,3,token_batch,0.321,0.965,8.562,1.104,3786.0,8,1
g-03-002,3,token_batch,0.381,0.834,16.317,0.846,3091.0,7,1
g-03-003,3,token_batch,0.438,1.031,13.803,1.373,3719.0,5,1
g-03-004,3,token_batch,0.564,1.143,9.882,1.163,3042.0,5,1
g-03-005,3,token_batch,0.583,1.07,16.11,1.302,1817.0,9,1
g-03-006,3,token_batch,0.458,0.823,15.076,1.395,3266.0,5,1
g-03-007,3,token_batch,0.444,1.018,17.179,1.032,3341.0,9,1
g-03-008,3,token_batch,0.439,1.274,14.473,0.84,3980.0,7,1
g-03-009,3,token_batch,0.471,0.97,15.237,1.194,3485.0,5,1
g-03-010,3,token_batch,0.26,0.849,14.636,1.35,4776.0,9,1
g-03-011,3,token_batch,0.479,1.035,13.95,1.363,3887.0,7,1
s-04-000,4,delay_sensitive,1.055,0.0,6.26,0.875,0.0,5,3
s-04-001,4,delay_sensitive,1.307,0.0,8.021,0.897,0.0,5,3
s-04-002,4,delay_sensitive,1.269,0.0,8.112,0.716,0.0,5,3
s-04-003,4,delay_sensitive,1.223,0.0,6.54,0.617,0.0,5,3
s-04-004,4,delay_sensitive,1.081,0.0,5.082,0.529,0.0,5,3
s-04-005,4,delay_sensitive,1.374,0.0,6.918,0.536,0.0,5,3
s-04-006,4,delay_sensitive,0.969,0.0,4.463,0.907,0.0,5,3
s-04-007,4,delay_sensitive,0.951,0.0,8.625,0.901,0.0,5,3
s-04-008,4,delay_sensitive,1.342,0.0,4.226,0.602,0.0,5,3
s-04-009,4,delay_sensitive,1.283,0.0,4.786,0.626,0.0,5,3
s-04-010,4,delay_sensitive,0.981,0.0,8.988,0.863,0.0,5,3
s-04-011,4,delay_sensitive,1.305,0.0,4.993,0.663,0.0,5,3
s-04-012,4,delay_sensitive,1.105,0.0,8.058,0.543,0.0,5,3
s-04-013,4,delay_sensitive,1.122,0.0,5.71,0.849,0.0,5,3
s-04-014,4,delay_sensitive,1.124,0.0,7.204,0.586,0.0,5,3
s-04-015,4,delay_sensitive,1.304,0.0,6.814,0.901,0.0,5,3
s-04-016,4,delay_sensitive,1.084,0.0,9.683,0.991,0.0,5,3
s-04-017,4,delay_sensitive,1.131,0.0,5.691,0.629,0.0,5,3
s-04-018,4,delay_sensitive,1.164,0.0,9.798,0.89,0.0,5,3
s-04-019,4,delay_sensitive,1.301,0.0,4.83,0.55,0.0,5,3
s-04-020,4,delay_sensitive,1.221,0.0,9.245,0.733,0.0,5,3
s-04-021,4,delay_sensitive,0.951,0.0,9.075,0.911,0.0,5,3
s-04-022,4,delay_sensitive,1.043,0.0,8.579,0.564,0.0,5,3
s-04-023,4,delay_sensitive,1.353,0.0,4.884,0.662,0.0,5,3
s-04-024,4,delay_sensitive,1.373,0.0,5.332,0.671,0.0,5,3
s-04-025,4,delay_sensitive,1.075,0.0,4.16,0.432,0.0,5,3
s-04-026,4,delay_sensitive,1.151,0.0,5.415,0.997,0.0,5,3
s-04-027,4,delay_sensitive,1.087,0.0,4.169,0.958,0.0,5,3
s-04-028,4,delay_sensitive,1.32,0.0,7.9,0.875,0.0,5,3
s-04-029,4,delay_sensitive,0.969,0.0,5.721,0.898,0.0,5,3
s-04-030,4,delay_sensitive,1.248,0.0,4.833,0.823,0.0,5,3
s-04-031,4,delay_sensitive,1.124,0.0,4.032,0.448,0.0,5,3
s-04-032,4,delay_sensitive,1.028,0.0,9.01,0.729,0.0,5,3
s-04-033,4,delay_sensitive,1.264,0.0,7.167,0.467,0.0,5,3
s-04-034,4,delay_sensitive,1.044,0.0,5.807,0.429,0.0,5,3
s-04-035,4,delay_sensitive,1.11,0.0,8.763,0.674,0.0,5,3
s-04-036,4,delay_sensitive,0.955,0.0,9.431,0.758,0.0,5,3
s-04-037,4,delay_sensitive,0.908,0.0,7.092,0.545,0.0,5,3
s-04-038,4,delay_sensitive,0.972,0.0,6.575,0.769,0.0,5,3
s-04-039,4,delay_sensitive,1.02,0.0,6.499,0.799,0.0,5,3
s-04-040,4,delay_sensitive,0.943,0.0,9.848,0.441,0.0,5,3
s-04-041,4,delay_sensitive,1.163,0.0,7.044,0.993,0.0,5,3
t-04-000,4,delay_tolerant,0.808,0.0,8.24,0.326,259.277,8,2
t-04-001,4,delay_tolerant,0.901,0.0,3.097,0.773,244.129,7,2
t-04-002,4,delay_tolerant,1.063,0.0,3.622,0.649,392.404,8,2
t-04-003,4,delay_tolerant,0.818,0.0,6.276,0.788,183.032,6,2
t-04-004,4,delay_tolerant,0.986,0.0,7.172,0.679,412.139,8,2
t-04-005,4,delay_tolerant,1.086,0.0,8.662,0.322,192.573,6,2
t-04-006,4,delay_tolerant,1.154,0.0,4.894,0.486,263.361,6,2
t-04-007,4,delay_tolerant,0.989,0.0,3.22,0.688,223.0,8,2
t-04-008,4,delay_tolerant,1.146,0.0,4.992,0.375,252.487,6,2
t-04-009,4,delay_tolerant,1.097,0.0,8.368,0.532,470.54,7,2
t-04-010,4,delay_tolerant,1.077,0.0,5.204,0.778,216.019,7,2
t-04-011,4,delay_tolerant,1.091,0.0,3.474,0.661,416.043,6,2
t-04-012,4,delay_tolerant,0.918,0.0,3.616,0.497,226.43,8,2
t-04-013,4,delay_tolerant,1.041,0.0,5.557,0.714,246.557,7,2
t-04-014,4,delay_tolerant,1.091,0.0,8.47,0.669,276.579,6,2
t-04-015,4,delay_tolerant,1.192,0.0,8.687,0.345,349.505,8,2
t-04-016,4,delay_tolerant,1.005,0.0,7.499,0.396,131.211,7,2
t-04-017,4,delay_tolerant,1.071,0.0,5.629,0.376,204.958,8,2
t-04-018,4,delay_tolerant,0.947,0.0,5.297,0.64,337.834,8,2
t-04-019,4,delay_tolerant,0.98,0.0,5.226,0.566,147.679,8,2
t-04-020,4,delay_tolerant,1.012,0.0,5.388,0.69,209.86,6,2
t-04-021,4,delay_tolerant,0.81,0.0,4.116,0.611,448.875,6,2
t-04-022,4,delay_tolerant,0.905,0.0,4.562,0.568,478.691,6,2
g-04-000,4,token_batch,0.567,1.095,9.226,1.312,4042.0,8,1
g-04-001,4,token_batch,0.559,1.067,8.878,1.209,1907.0,9,1
g-04-002,4,token_batch,0.339,0.839,13.422,1.335,3935.0,8,1
g-04-003,4,token_batch,0.484,1.22,9.741,1.017,4115.0,7,1
g-04-004,4,token_batch,0.594,1.275,10.367,1.096,1697.0,7,1
g-04-005,4,token_batch,0.429,1.08,17.83,0.878,3469.0,8,1
g-04-006,4,token_batch,0.324,1.4,15.189,1.115,1469.0,6,1
g-04-007,4,token_batch,0.43,0.875,11.17,0.844,4572.0,9,1
g-04-008,4,token_batch,0.407,0.877,16.291,1.131,3985.0,9,1
g-04-009,4,token_batch,0.507,0.877,13.029,1.321,1945.0,10,1
g-04-010,4,token_batch,0.261,0.899,11.227,1.226,3322.0,6,1
s-05-000,5,delay_sensitive,1.073,0.0,9.645,0.937,0.0,6,3
s-05-001,5,delay_sensitive,1.323,0.0,5.504,0.781,0.0,6,3
s-05-002,5,delay_sensitive,1.175,0.0,4.751,0.582,0.0,6,3
s-05-003,5,delay_sensitive,1.167,0.0,7.015,0.501,0.0,6,3
s-05-004,5,delay_sensitive,1.371,0.0,4.925,0.795,0.0,6,3
s-05-005,5,delay_sensitive,1.26,0.0,7.631,0.906,0.0,6,3
s-05-006,5,delay_sensitive,1.182,0.0,8.951,0.417,0.0,6,3
s-05-007,5,delay_sensitive,0.923,0.0,7.849,0.746,0.0,6,3
s-05-008,5,delay_sensitive,1.226,0.0,8.602,0.65,0.0,6,3
s-05-009,5,delay_sensitive,1.219,0.0,6.988,0.776,0.0,6,3
s-05-010,5,delay_sensitive,1.045,0.0,9.74,0.69,0.0,6,3
s-05-011,5,delay_sensitive,1.302,0.0,8.11,0.578,0.0,6,3
s-05-012,5,delay_sensitive,0.936,0.0,4.359,0.664,0.0,6,3
s-05-013,5,delay_sensitive,1.142,0.0,5.224,0.764,0.0,6,3
s-05-014,5,delay_sensitive,1.056,0.0,8.31,0.841,0.0,6,3
s-05-015,5,delay_sensitive,1.33,0.0,9.852,0.478,0.0,6,3
s-05-016,5,delay_sensitive,1.085,0.0,7.37,0.591,0.0,6,3
s-05-017,5,delay_sensitive,1.133,0.0,5.605,0.549,0.0,6,3
s-05-018,5,delay_sensitive,0.948,0.0,5.741,0.63,0.0,6,3
s-05-019,5,delay_sensitive,1.208,0.0,5.49,0.919,0.0,6,3
s-05-020,5,delay_sensitive,0.98,0.0,5.965,0.747,0.0,6,3
s-05-021,5,delay_sensitive,1.056,0.0,8.579,0.699,0.0,6,3
s-05-022,5,delay_sensitive,1.157,0.0,6.993,0.585,0.0,6,3
s-05-023,5,delay_sensitive,0.912,0.0,9.671,0.703,0.0,6,3
s-05-024,5,delay_sensitive,1.383,0.0,5.291,0.612,0.0,6,3
s-05-025,5,delay_sensitive,0.925,0.0,6.969,0.929,0.0,6,3
s-05-026,5,delay_sensitive,1.227,0.0,6.824,0.722,0.0,6,3
s-05-027,5,delay_sensitive,1.324,0.0,6.586,0.929,0.0,6,3
s-05-028,5,delay_sensitive,1.264,0.0,8.583,0.62,0.0,6,3
s-05-029,5,delay_sensitive,1.1,0.0,7.422,0.517,0.0,6,3
s-05-030,5,delay_sensitive,1.177,0.0,4.441,0.703,0.0,6,3
s-05-031,5,delay_sensitive,1.282,0.0,5.678,0.993,0.0,6,3
s-05-032,5,delay_sensitive,1.24,0.0,4.713,0.985,0.0,6,3
s-05-033,5,delay_sensitive,1.097,0.0,8.769,0.603,0.0,6,3
s-05-034,5,delay_sensitive,1.369,0.0,8.53,0.519,0.0,6,3
s-05-035,5,delay_sensitive,1.155,0.0,7.0,0.427,0.0,6,3
s-05-036,5,delay_sensitive,0.969,0.0,5.998,0.684,0.0,6,3
s-05-037,5,delay_sensitive,1.128,0.0,7.638,0.709,0.0,6,3
s-05-038,5,delay_sensitive,1.064,0.0,7.678,0.498,0.0,6,3
s-05-039,5,delay_sensitive,1.395,0.0,8.436,0.58,0.0,6,3
s-05-040,5,delay_sensitive,1.068,0.0,8.97,0.719,0.0,6,3
s-05-041,5,delay_sensitive,1.254,0.0,5.799,0.889,0.0,6,3
s-05-042,5,delay_sensitive,1.084,0.0,8.043,0.988,0.0,6,3
s-05-043,5,delay_sensitive,1.192,0.0,8.781,0.835,0.0,6,3
s-05-044,5,delay_sensitive,1.244,0.0,4.16,0.685,0.0,6,3
s-05-045,5,delay_sensitive,1.384,0.0,8.697,0.866,0.0,6,3
t-05-000,5,delay_tolerant,0.891,0.0,3.308,0.588,308.724,9,2
t-05-001,5,delay_tolerant,1.048,0.0,8.047,0.389,365.062,9,2
t-05-002,5,delay_tolerant,1.029,0.0,7.203,0.414,278.774,7,2
t-05-003,5,delay_tolerant,0.861,0.0,7.143,0.546,398.99,8,2
t-05-004,5,delay_tolerant,1.149,0.0,7.415,0.337,169.71,8,2
t-05-005,5,delay_tolerant,1.024,0.0,8.989,0.587,255.657,7,2
t-05-006,5,delay_tolerant,0.984,0.0,6.199,0.628,363.313,7,2
t-05-007,5,delay_tolerant,1.072,0.0,7.822,0.459,294.305,9,2
t-05-008,5,delay_tolerant,0.912,0.0,4.791,0.865,473.614,7,2
t-05-009,5,delay_tolerant,1.082,0.0,7.141,0.593,292.729,8,2
t-05-010,5,delay_tolerant,1.173,0.0,7.772,0.464,163.875,9,2
t-05-011,5,delay_tolerant,1.017,0.0,8.375,0.537,244.248,9,2
t-05-012,5,delay_tolerant,0.916,0.0,4.726,0.728,244.691,7,2
t-05-013,5,delay_tolerant,1.062,0.0,7.484,0.428,418.063,8,2
t-05-014,5,delay_tolerant,1.173,0.0,7.177,0.382,341.644,8,2
t-05-015,5,delay_tolerant,0.896,0.0,3.305,0.843,201.242,9,2
t-05-016,5,delay_tolerant,0.821,0.0,5.48,0.73,156.196,7,2
t-05-017,5,delay_tolerant,0.802,0.0,6.302,0.857,266.487,7,2
t-05-018,5,delay_tolerant,0.991,0.0,4.197,0.878,235.62,8,2
t-05-019,5,delay_tolerant,0.824,0.0,7.612,0.691,203.599,9,2
t-05-020,5,delay_tolerant,1.089,0.0,8.62,0.848,183.023,9,2
t-05-021,5,delay_tolerant,1.174,0.0,3.218,0.802,403.666,7,2
t-05-022,5,delay_tolerant,1.175,0.0,8.773,0.856,435.628,7,2
t-05-023,5,delay_tolerant,0.919,0.0,6.617,0.857,240.615,7,2
t-05-024,5,delay_tolerant,1.196,0.0,6.26,0.596,457.882,8,2
g-05-000,5,token_batch,0.309,1.285,11.307,1.239,3117.0,11,1
g-05-001,5,token_batch,0.274,1.242,15.908,1.141,4143.0,9,1
g-05-002,5,token_batch,0.444,1.183,12.055,1.057,1918.0,8,1
g-05-003,5,token_batch,0.36,0.857,17.817,1.086,1555.0,9,1
g-05-004,5,token_batch,0.304,0.941,15.538,1.372,1227.0,8,1
g-05-005,5,token_batch,0.489,0.807,14.537,1.216,3585.0,9,1
g-05-006,5,token_batch,0.247,0.984,12.054,1.102,3935.0,7,1
g-05-007,5,token_batch,0.247,1.35,10.95,1.169,4027.0,9,1
g-05-008,5,token_batch,0.391,1.073,17.888,1.024,1747.0,8,1
g-05-009,5,token_batch,0.503,1.281,16.256,1.257,3128.0,11,1
g-05-010,5,token_batch,0.515,1.115,13.282,1.017,4776.0,11,1
g-05-011,5,token_batch,0.225,1.129,13.055,1.144,1659.0,11,1
g-05-012,5,token_batch,0.331,1.112,9.162,0.923,1873.0,8,1
s-06-000,6,delay_sensitive,1.192,0.0,4.546,0.706,0.0,7,3
s-06-001,6,delay_sensitive,1.304,0.0,6.721,0.708,0.0,7,3
s-06-002,6,delay_sensitive,1.128,0.0,4.346,0.677,0.0,7,3
s-06-003,6,delay_sensitive,1.303,0.0,8.34,0.638,0.0,7,3
s-06-004,6,delay_sensitive,1.308,0.0,8.475,0.747,0.0,7,3
s-06-005,6,delay_sensitive,0.923,0.0,6.067,0.438,0.0,7,3
s-06-006,6,delay_sensitive,1.397,0.0,9.607,0.441,0.0,7,3
s-06-007,6,delay_sensitive,1.367,0.0,4.19,0.645,0.0,7,3
s-06-008,6,delay_sensitive,1.284,0.0,8.595,0.987,0.0,7,3
s-06-009,6,delay_sensitive,1.223,0.0,6.522,0.996,0.0,7,3
s-06-010,6,delay_sensitive,1.091,0.0,9.218,0.944,0.0,7,3
s-06-011,6,delay_sensitive,1.088,0.0,8.096,0.797,0.0,7,3
s-06-012,6,delay_sensitive,1.17,0.0,7.921,0.609,0.0,7,3
s-06-013,6,delay_sensitive,0.989,0.0,7.224,0.717,0.0,7,3
s-06-014,6,delay_sensitive,1.264,0.0,5.336,0.402,0.0,7,3
s-06-015,6,delay_sensitive,0.911,0.0,5.79,0.804,0.0,7,3
s-06-016,6,delay_sensitive,1.172,0.0,7.192,0.894,0.0,7,3
s-06-017,6,delay_sensitive,1.024,0.0,6.077,0.565,0.0,7,3
s-06-018,6,delay_sensitive,1.369,0.0,8.35,0.468,0.0,7,3
s-06-019,6,delay_sensitive,1.305,0.0,6.515,0.86,0.0,7,3
s-06-020,6,delay_sensitive,1.342,0.0,4.094,0.524,0.0,7,3
s-06-021,6,delay_sensitive,0.95,0.0,4.201,0.759,0.0,7,3
s-06-022,6,delay_sensitive,1.252,0.0,4.292,0.844,0.0,7,3
s-06-023,6,delay_sensitive,1.101,0.0,5.406,0.53,0.0,7,3
s-06-024,6,delay_sensitive,1.332,0.0,4.339,0.702,0.0,7,3
s-06-025,6,delay_sensitive,1.045,0.0,8.895,0.839,0.0,7,3
s-06-026,6,delay_sensitive,1.059,0.0,7.588,0.804,0.0,7,3
s-06-027,6,delay_sensitive,1.06,0.0,5.811,0.486,0.0,7,3
s-06-028,6,delay_sensitive,1.23,0.0,5.326,0.58,0.0,7,3
s-06-029,6,delay_sensitive,0.93,0.0,9.691,0.928,0.0,7,3
s-06-030,6,delay_sensitive,1.356,0.0,7.756,0.656,0.0,7,3
s-06-031,6,delay_sensitive,1.148,0.0,9.834,0.965,0.0,7,3
s-06-032,6,delay_sensitive,1.236,0.0,8.715,0.591,0.0,7,3
s-06-033,6,delay_sensitive,1.108,0.0,4.895,0.626,0.0,7,3
s-06-034,6,delay_sensitive,1.277,0.0,6.841,0.91,0.0,7,3
s-06-035,6,delay_sensitive,1.05,0.0,8.245,0.883,0.0,7,3
s-06-036,6,delay_sensitive,1.357,0.0,7.374,0.981,0.0,7,3
s-06-037,6,delay_sensitive,1.179,0.0,4.805,0.546,0.0,7,3
s-06-038,6,delay_sensitive,1.002,0.0,7.88,0.953,0.0,7,3
s-06-039,6,delay_sensitive,1.324,0.0,4.555,0.835,0.0,7,3
s-06-040,6,delay_sensitive,0.995,0.0,5.611,0.804,0.0,7,3
s-06-041,6,delay_sensitive,1.201,0.0,9.242,0.513,0.0,7,3
s-06-042,6,delay_sensitive,1.281,0.0,8.346,0.735,0.0,7,3
s-06-043,6,delay_sensitive,1.14,0.0,9.217,0.6,0.0,7,3
s-06-044,6,delay_sensitive,1.379,0.0,4.092,0.962,0.0,7,3
s-06-045,6,delay_sensitive,1.381,0.0,4.704,1.0,0.0,7,3
s-06-046,6,delay_sensitive,1.139,0.0,5.456,0.763,0.0,7,3
s-06-047,6,delay_sensitive,1.002,0.0,9.491,0.731,0.0,7,3
s-06-048,6,delay_sensitive,1.288,0.0,6.284,0.72,0.0,7,3
s-06-049,6,delay_sensitive,1.08,0.0,5.569,0.708,0.0,7,3
s-06-050,6,delay_sensitive,1.149,0.0,4.592,0.989,0.0,7,3
s-06-051,6,delay_sensitive,1.135,0.0,9.038,0.949,0.0,7,3
s-06-052,6,delay_sensitive,1.085,0.0,6.484,0.738,0.0,7,3
s-06-053,6,delay_sensitive,1.011,0.0,4.876,0.556,0.0,7,3
s-06-054,6,delay_sensitive,1.367,0.0,7.475,0.651,0.0,7,3
s-06-055,6,delay_sensitive,0.976,0.0,5.979,0.628,0.0,7,3
t-06-000,6,delay_tolerant,1.0,0.0,6.928,0.711,212.638,8,2
t-06-001,6,delay_tolerant,1.187,0.0,6.85,0.594,180.564,9,2
t-06-002,6,delay_tolerant,0.868,0.0,7.322,0.593,450.084,9,2
t-06-003,6,delay_tolerant,1.196,0.0,8.743,0.614,422.065,10,2
t-06-004,6,delay_tolerant,1.178,0.0,7.009,0.759,268.461,8,2
t-06-005,6,delay_tolerant,0.893,0.0,7.243,0.305,302.064,10,2
t-06-006,6,delay_tolerant,0.824,0.0,6.826,0.86,448.591,9,2
t-06-007,6,delay_tolerant,0.995,0.0,3.04,0.631,124.266,10,2
t-06-008,6,delay_tolerant,1.089,0.0,6.214,0.472,300.798,10,2
t-06-009,6,delay_tolerant,1.07,0.0,7.837,0.846,158.526,10,2
t-06-010,6,delay_tolerant,1.01,0.0,4.446,0.672,210.871,8,2
t-06-011,6,delay_tolerant,0.907,0.0,5.381,0.524,266.17,9,2
t-06-012,6,delay_tolerant,0.897,0.0,7.183,0.48,418.102,10,2
t-06-013,6,delay_tolerant,1.061,0.0,8.149,0.756,153.66,8,2
t-06-014,6,delay_tolerant,0.951,0.0,5.856,0.682,373.024,9,2
t-06-015,6,delay_tolerant,1.0,0.0,5.603,0.771,323.708,8,2
t-06-016,6,delay_tolerant,1.158,0.0,8.515,0.438,444.458,8,2
t-06-017,6,delay_tolerant,1.155,0.0,5.853,0.328,146.765,10,2
t-06-018,6,delay_tolerant,1.16,0.0,6.381,0.32,454.356,9,2
t-06-019,6,delay_tolerant,0.806,0.0,4.243,0.387,415.449,9,2
t-06-020,6,delay_tolerant,1.172,0.0,4.796,0.638,324.011,9,2
t-06-021,6,delay_tolerant,1.071,0.0,6.243,0.53,386.308,9,2
t-06-022,6,delay_tolerant,1.09,0.0,6.005,0.885,139.331,10,2
t-06-023,6,delay_tolerant,0.893,0.0,3.456,0.663,340.991,9,2
t-06-024,6,delay_tolerant,0.959,0.0,7.641,0.318,218.398,10,2
t-06-025,6,delay_tolerant,0.996,0.0,5.135,0.865,275.465,9,2
t-06-026,6,delay_tolerant,1.034,0.0,5.28,0.763,226.337,10,2
t-06-027,6,delay_tolerant,1.085,0.0,3.492,0.393,376.204,8,2
t-06-028,6,delay_tolerant,0.862,0.0,5.338,0.516,152.947,10,2
t-06-029,6,delay_tolerant,0.978,0.0,7.568,0.361,151.427,9,2
t-06-030,6,delay_tolerant,0.98,0.0,6.328,0.545,129.454,9,2
g-06-000,6,token_batch,0.237,1.159,11.244,1.031,3470.0,10,1
g-06-001,6,token_batch,0.355,0.851,17.011,1.343,2894.0,10,1
g-06-002,6,token_batch,0.408,1.211,9.695,0.961,3542.0,9,1
g-06-003,6,token_batch,0.258,0.9,10.76,0.98,3219.0,10,1
g-06-004,6,token_batch,0.301,0.948,14.25,1.156,2679.0,8,1
g-06-005,6,token_batch,0.243,0.983,17.488,0.999,3075.0,9,1
g-06-006,6,token_batch,0.522,0.998,11.347,1.289,2756.0,12,1
g-06-007,6,token_batch,0.32,1.162,14.953,1.087,1757.0,12,1
g-06-008,6,token_batch,0.587,0.975,14.95,1.095,2831.0,9,1
g-06-009,6,token_batch,0.297,1.026,16.165,1.036,4402.0,12,1
g-06-010,6,token_batch,0.28,1.398,9.799,1.261,3509.0,8,1
g-06-011,6,token_batch,0.385,1.225,12.385,0.975,4178.0,8,1
g-06-012,6,token_batch,0.539,1.277,14.73,0.884,4554.0,8,1
g-06-013,6,token_batch,0.301,0.892,12.231,1.026,2191.0,10,1
g-06-014,6,token_batch,0.392,1.04,13.066,1.352,3649.0,11,1
s-07-000,7,delay_sensitive,1.246,0.0,7.262,0.874,0.0,8,3
s-07-001,7,delay_sensitive,1.08,0.0,9.373,0.722,0.0,8,3
s-07-002,7,delay_sensitive,1.219,0.0,4.51,0.861,0.0,8,3
s-07-003,7,delay_sensitive,1.229,0.0,6.13,0.788,0.0,8,3
s-07-004,7,delay_sensitive,0.922,0.0,9.902,0.806,0.0,8,3
s-07-005,7,delay_sensitive,1.1,0.0,8.516,0.979,0.0,8,3
s-07-006,7,delay_sensitive,1.115,0.0,4.063,0.555,0.0,8,3
s-07-007,7,delay_sensitive,1.155,0.0,7.113,0.748,0.0,8,3
s-07-008,7,delay_sensitive,1.188,0.0,6.675,0.635,0.0,8,3
s-07-009,7,delay_sensitive,1.286,0.0,7.532,0.7,0.0,8,3
s-07-010,7,delay_sensitive,1.072,0.0,4.147,0.463,0.0,8,3
s-07-011,7,delay_sensitive,1.108,0.0,9.77,0.47,0.0,8,3
s-07-012,7,delay_sensitive,1.37,0.0,4.85,0.587,0.0,8,3
s-07-013,7,delay_sensitive,1.128,0.0,5.241,0.69,0.0,8,3
s-07-014,7,delay_sensitive,1.138,0.0,6.629,0.818,0.0,8,3
s-07-015,7,delay_sensitive,1.059,0.0,5.802,0.886,0.0,8,3
s-07-016,7,delay_sensitive,0.958,0.0,9.095,0.789,0.0,8,3
s-07-017,7,delay_sensitive,1.239,0.0,4.986,0.99,0.0,8,3
s-07-018,7,delay_sensitive,1.022,0.0,5.047,0.496,0.0,8,3
s-07-019,7,delay_sensitive,1.18,0.0,9.751,0.539,0.0,8,3
s-07-020,7,delay_sensitive,1.103,0.0,5.107,0.784,0.0,8,3
s-07-021,7,delay_sensitive,1.116,0.0,4.175,0.768,0.0,8,3
s-07-022,7,delay_sensitive,0.999,0.0,7.553,0.633,0.0,8,3
s-07-023,7,delay_sensitive,1.252,0.0,5.235,0.851,0.0,8,3
s-07-024,7,delay_sensitive,1.304,0.0,4.375,0.461,0.0,8,3
s-07-025,7,delay_sensitive,1.336,0.0,5.122,0.596,0.0,8,3
s-07-026,7,delay_sensitive,1.129,0.0,5.574,0.918,0.0,8,3
s-07-027,7,delay_sensitive,1.164,0.0,7.835,0.758,0.0,8,3
s-07-028,7,delay_sensitive,1.206,0.0,7.522,0.609,0.0,8,3
s-07-029,7,delay_sensitive,1.323,0.0,7.704,0.888,0.0,8,3
s-07-030,7,delay_sensitive,1.253,0.0,5.785,0.769,0.0,8,3
s-07-031,7,delay_sensitive,0.942,0.0,4.804,0.471,0.0,8,3
s-07-032,7,delay_sensitive,1.053,0.0,5.098,0.816,0.0,8,3
s-07-033,7,delay_sensitive,1.155,0.0,6.509,0.483,0.0,8,3
s-07-034,7,delay_sensitive,1.092,0.0,5.115,0.781,0.0,8,3
s-07-035,7,delay_sensitive,1.247,0.0,7.872,1.0,0.0,8,3
s-07-036,7,delay_sensitive,1.177,0.0,6.938,0.484,0.0,8,3
s-07-037,7,delay_sensitive,1.057,0.0,6.706,0.432,0.0,8,3
s-07-038,7,delay_sensitive,1.08,0.0,4.058,0.482,0.0,8,3
s-07-039,7,delay_sensitive,1.308,0.0,9.783,0.703,0.0,8,3
s-07-040,7,delay_sensitive,1.147,0.0,8.108,0.649,0.0,8,3
s-07-041,7,delay_sensitive,1.32,0.0,6.932,0.45,0.0,8,3
s-07-042,7,delay_sensitive,0.915,0.0,8.566,0.575,0.0,8,3
s-07-043,7,delay_sensitive,1.037,0.0,7.226,0.501,0.0,8,3
s-07-044,7,delay_sensitive,1.129,0.0,8.455,0.86,0.0,8,3
s-07-045,7,delay_sensitive,1.175,0.0,4.679,0.469,0.0,8,3
s-07-046,7,delay_sensitive,1.288,0.0,8.94,0.62,0.0,8,3
s-07-047,7,delay_sensitive,1.311,0.0,4.25,0.831,0.0,8,3
s-07-048,7,delay_sensitive,1.173,0.0,9.939,0.461,0.0,8,3
s-07-049,7,delay_sensitive,1.315,0.0,8.508,0.579,0.0,8,3
s-07-050,7,delay_sensitive,1.4,0.0,6.698,0.609,0.0,8,3
s-07-051,7,delay_sensitive,1.308,0.0,6.634,0.996,0.0,8,3
s-07-052,7,delay_sensitive,1.288,0.0,5.422,0.886,0.0,8,3
s-07-053,7,delay_sensitive,1.194,0.0,6.104,0.826,0.0,8,3
s-07-054,7,delay_sensitive,1.216,0.0,4.996,0.484,0.0,8,3
s-07-055,7,delay_sensitive,1.003,0.0,5.242,0.436,0.0,8,3
s-07-056,7,delay_sensitive,1.075,0.0,5.687,0.723,0.0,8,3
s-07-057,7,delay_sensitive,1.062,0.0,8.224,0.574,0.0,8,3
s-07-058,7,delay_sensitive,1.034,0.0,9.148,0.991,0.0,8,3
s-07-059,7,delay_sensitive,1.24,0.0,4.571,0.978,0.0,8,3
s-07-060,7,delay_sensitive,1.293,0.0,9.513,0.995,0.0,8,3
s-07-061,7,delay_sensitive,1.334,0.0,4.761,0.92,0.0,8,3
s-07-062,7,delay_sensitive,1.025,0.0,8.268,0.897,0.0,8,3
s-07-063,7,delay_sensitive,1.281,0.0,8.057,0.694,0.0,8,3
s-07-064,7,delay_sensitive,1.189,0.0,5.612,0.649,0.0,8,3
s-07-065,7,delay_sensitive,1.126,0.0,7.802,0.928,0.0,8,3
s-07-066,7,delay_sensitive,0.947,0.0,7.094,0.567,0.0,8,3
s-07-067,7,delay_sensitive,1.368,0.0,6.214,0.97,0.0,8,3
s-07-068,7,delay_sensitive,1.064,0.0,4.015,0.864,0.0,8,3
s-07-069,7,delay_sensitive,1.266,0.0,8.386,0.675,0.0,8,3
s-07-070,7,delay_sensitive,1.232,0.0,6.149,0.438,0.0,8,3
s-07-071,7,delay_sensitive,1.167,0.0,5.307,0.658,0.0,8,3
s-07-072,7,delay_sensitive,1.006,0.0,5.611,0.897,0.0,8,3
s-07-073,7,delay_sensitive,1.069,0.0,7.468,0.74,0.0,8,3
s-07-074,7,delay_sensitive,1.143,0.0,6.062,0.81,0.0,8,3
s-07-075,7,delay_sensitive,0.924,0.0,4.597,0.87,0.0,8,3
t-07-000,7,delay_tolerant,0.807,0.0,8.577,0.395,284.347,10,2
t-07-001,7,delay_tolerant,0.881,0.0,7.132,0.379,353.999,10,2
t-07-002,7,delay_tolerant,1.15,0.0,8.26,0.356,249.757,9,2
t-07-003,7,delay_tolerant,0.949,0.0,8.423,0.399,262.683,9,2
t-07-004,7,delay_tolerant,1.09,0.0,7.531,0.558,152.832,10,2
t-07-005,7,delay_tolerant,0.8,0.0,5.861,0.38,201.429,9,2
t-07-006,7,delay_tolerant,0.978,0.0,3.048,0.506,163.414,11,2
t-07-007,7,delay_tolerant,1.078,0.0,5.866,0.437,152.159,10,2
t-07-008,7,delay_tolerant,0.841,0.0,5.205,0.48,257.78,9,2
t-07-009,7,delay_tolerant,1.057,0.0,7.063,0.341,322.785,9,2
t-07-010,7,delay_tolerant,1.06,0.0,5.641,0.733,346.109,11,2
t-07-011,7,delay_tolerant,1.168,0.0,6.696,0.565,198.208,9,2
t-07-012,7,delay_tolerant,0.856,0.0,3.739,0.738,246.553,9,2
t-07-013,7,delay_tolerant,0.926,0.0,3.839,0.466,150.33,10,2
t-07-014,7,delay_tolerant,1.04,0.0,7.327,0.471,458.861,11,2
t-07-015,7,delay_tolerant,1.139,0.0,6.95,0.481,306.39,9,2
t-07-016,7,delay_tolerant,0.875,0.0,5.351,0.688,402.169,11,2
t-07-017,7,delay_tolerant,0.998,0.0,3.676,0.6,333.815,9,2
t-07-018,7,delay_tolerant,1.155,0.0,3.072,0.517,233.93,11,2
t-07-019,7,delay_tolerant,1.144,0.0,6.41,0.519,365.859,10,2
t-07-020,7,delay_tolerant,1.182,0.0,7.622,0.31,144.312,10,2
t-07-021,7,delay_tolerant,0.886,0.0,8.535,0.869,263.271,10,2
t-07-022,7,delay_tolerant,1.051,0.0,6.006,0.549,372.652,10,2
t-07-023,7,delay_tolerant,1.056,0.0,6.226,0.392,150.095,9,2
t-07-024,7,delay_tolerant,1.005,0.0,4.219,0.785,313.1,9,2
t-07-025,7,delay_tolerant,1.035,0.0,7.579,0.69,351.536,10,2
t-07-026,7,delay_tolerant,1.079,0.0,7.38,0.808,140.846,10,2
t-07-027,7,delay_tolerant,1.17,0.0,3.696,0.667,139.81,9,2
t-07-028,7,delay_tolerant,1.097,0.0,7.444,0.372,374.844,11,2
t-07-029,7,delay_tolerant,0.805,0.0,5.978,0.508,306.2,11,2
t-07-030,7,delay_tolerant,0.904,0.0,5.231,0.75,434.446,11,2
t-07-031,7,delay_tolerant,1.155,0.0,7.629,0.318,410.559,11,2
t-07-032,7,delay_tolerant,1.01,0.0,4.578,0.885,345.912,10,2
t-07-033,7,delay_tolerant,0.982,0.0,5.161,0.6,324.079,10,2
t-07-034,7,delay_tolerant,0.863,0.0,7.64,0.837,362.683,10,2
t-07-035,7,delay_tolerant,0.891,0.0,6.053,0.326,430.654,9,2
t-07-036,7,delay_tolerant,0.818,0.0,5.184,0.852,184.426,9,2
t-07-037,7,delay_tolerant,1.021,0.0,8.484,0.744,270.973,9,2
t-07-038,7,delay_tolerant,0.899,0.0,8.495,0.492,417.359,10,2
t-07-039,7,delay_tolerant,0.949,0.0,6.012,0.841,184.564,11,2
t-07-040,7,delay_tolerant,1.193,0.0,8.724,0.341,287.434,11,2
g-07-000,7,token_batch,0.538,0.996,13.531,0.805,4368.0,11,1
g-07-001,7,token_batch,0.426,0.982,14.227,1.078,2394.0,10,1
g-07-002,7,token_batch,0.599,1.266,15.325,1.128,3220.0,13,1
g-07-003,7,token_batch,0.203,1.046,10.33,1.008,1816.0,10,1
g-07-004,7,token_batch,0.201,1.194,16.49,1.236,2572.0,9,1
g-07-005,7,token_batch,0.412,0.943,12.92,0.836,2040.0,9,1
g-07-006,7,token_batch,0.312,0.826,10.315,1.307,4114.0,10,1
g-07-007,7,token_batch,0.558,1.075,15.479,1.148,4070.0,12,1
g-07-008,7,token_batch,0.455,1.037,13.919,0.837,1746.0,13,1
g-07-009,7,token_batch,0.317,1.311,17.26,1.036,2169.0,10,1
g-07-010,7,token_batch,0.381,0.94,17.436,0.882,2502.0,11,1
g-07-011,7,token_batch,0.262,0.899,12.661,1.044,1646.0,13,1
g-07-012,7,token_batch,0.586,0.925,11.083,0.959,2667.0,13,1
g-07-013,7,token_batch,0.263,1.212,16.264,1.218,1570.0,9,1
g-07-014,7,token_batch,0.534,0.997,8.912,0.949,2080.0,9,1
g-07-015,7,token_batch,0.405,1.206,10.602,1.394,2823.0,11,1
g-07-016,7,token_batch,0.542,1.134,13.501,0.857,2856.0,9,1
g-07-017,7,token_batch,0.518,0.873,8.617,1.269,4492.0,9,1
g-07-018,7,token_batch,0.279,1.04,14.863,1.363,1735.0,10,1
g-07-019,7,token_batch,0.434,1.35,8.75,1.398,3585.0,9,1
g-07-020,7,token_batch,0.377,0.877,17.051,1.298,3845.0,10,1
s-08-000,8,delay_sensitive,1.066,0.0,4.256,0.677,0.0,9,3
s-08-001,8,delay_sensitive,0.984,0.0,7.443,0.893,0.0,9,3
s-08-002,8,delay_sensitive,1.097,0.0,4.177,0.81,0.0,9,3
s-08-003,8,delay_sensitive,0.986,0.0,5.288,0.512,0.0,9,3
s-08-004,8,delay_sensitive,1.04,0.0,9.301,0.421,0.0,9,3
s-08-005,8,delay_sensitive,1.21,0.0,5.475,0.577,0.0,9,3
s-08-006,8,delay_sensitive,1.106,0.0,7.304,0.437,0.0,9,3
s-08-007,8,delay_sensitive,1.04,0.0,4.823,0.52,0.0,9,3
s-08-008,8,delay_sensitive,1.342,0.0,7.155,0.778,0.0,9,3
s-08-009,8,delay_sensitive,1.301,0.0,8.769,0.994,0.0,9,3
s-08-010,8,delay_sensitive,1.291,0.0,6.155,0.727,0.0,9,3
s-08-011,8,delay_sensitive,1.142,0.0,9.476,0.701,0.0,9,3
s-08-012,8,delay_sensitive,1.094,0.0,5.079,0.591,0.0,9,3
s-08-013,8,delay_sensitive,1.01,0.0,9.375,0.867,0.0,9,3
s-08-014,8,delay_sensitive,0.929,0.0,9.949,0.718,0.0,9,3
s-08-015,8,delay_sensitive,1.283,0.0,9.998,0.984,0.0,9,3
s-08-016,8,delay_sensitive,0.95,0.0,7.941,0.56,0.0,9,3
s-08-017,8,delay_sensitive,1.308,0.0,9.504,0.434,0.0,9,3
s-08-018,8,delay_sensitive,1.398,0.0,5.316,0.908,0.0,9,3
s-08-019,8,delay_sensitive,1.299,0.0,6.129,0.904,0.0,9,3
s-08-020,8,delay_sensitive,1.323,0.0,5.057,0.756,0.0,9,3
s-08-021,8,delay_sensitive,1.303,0.0,8.186,0.948,0.0,9,3
s-08-022,8,delay_sensitive,0.914,0.0,8.203,0.969,0.0,9,3
s-08-023,8,delay_sensitive,1.182,0.0,7.379,0.513,0.0,9,3
s-08-024,8,delay_sensitive,1.394,0.0,9.29,0.695,0.0,9,3
s-08-025,8,delay_sensitive,1.055,0.0,6.943,0.454,0.0,9,3
s-08-026,8,delay_sensitive,1.016,0.0,5.313,0.716,0.0,9,3
s-08-027,8,delay_sensitive,0.9,0.0,9.507,0.521,0.0,9,3
s-08-028,8,delay_sensitive,0.965,0.0,8.302,0.951,0.0,9,3
s-08-029,8,delay_sensitive,1.322,0.0,5.942,0.413,0.0,9,3
s-08-030,8,delay_sensitive,1.193,0.0,9.503,0.865,0.0,9,3
s-08-031,8,delay_sensitive,1.323,0.0,9.164,0.976,0.0,9,3
s-08-032,8,delay_sensitive,1.087,0.0,9.652,0.637,0.0,9,3
s-08-033,8,delay_sensitive,0.951,0.0,5.811,0.482,0.0,9,3
s-08-034,8,delay_sensitive,0.979,0.0,9.692,0.875,0.0,9,3
s-08-035,8,delay_sensitive,1.38,0.0,7.895,0.505,0.0,9,3
s-08-036,8,delay_sensitive,1.384,0.0,8.161,0.957,0.0,9,3
s-08-037,8,delay_sensitive,1.293,0.0,5.339,0.753,0.0,9,3
s-08-038,8,delay_sensitive,0.988,0.0,5.841,0.813,0.0,9,3
s-08-039,8,delay_sensitive,0.964,0.0,8.373,0.969,0.0,9,3
s-08-040,8,delay_sensitive,1.374,0.0,6.35,0.997,0.0,9,3
s-08-041,8,delay_sensitive,1.383,0.0,4.194,0.761,0.0,9,3
s-08-042,8,delay_sensitive,1.361,0.0,9.805,0.533,0.0,9,3
s-08-043,8,delay_sensitive,1.183,0.0,9.62,0.484,0.0,9,3
s-08-044,8,delay_sensitive,1.273,0.0,5.428,0.989,0.0,9,3
s-08-045,8,delay_sensitive,0.984,0.0,9.312,0.453,0.0,9,3
s-08-046,8,delay_sensitive,1.254,0.0,7.835,0.932,0.0,9,3
s-08-047,8,delay_sensitive,1.123,0.0,5.591,0.55,0.0,9,3
s-08-048,8,delay_sensitive,0.934,0.0,5.54,0.465,0.0,9,3
s-08-049,8,delay_sensitive,0.901,0.0,6.316,0.84,0.0,9,3
s-08-050,8,delay_sensitive,1.385,0.0,9.307,0.696,0.0,9,3
s-08-051,8,delay_sensitive,1.089,0.0,7.276,0.461,0.0,9,3
s-08-052,8,delay_sensitive,1.14,0.0,9.184,0.791,0.0,9,3
s-08-053,8,delay_sensitive,1.244,0.0,4.976,0.444,0.0,9,3
s-08-054,8,delay_sensitive,1.323,0.0,5.769,0.591,0.0,9,3
s-08-055,8,delay_sensitive,1.376,0.0,4.445,0.502,0.0,9,3
s-08-056,8,delay_sensitive,1.088,0.0,8.392,0.728,0.0,9,3
s-08-057,8,delay_sensitive,1.349,0.0,4.559,0.756,0.0,9,3
s-08-058,8,delay_sensitive,1.207,0.0,6.896,0.419,0.0,9,3
s-08-059,8,delay_sensitive,1.371,0.0,4.99,0.934,0.0,9,3
s-08-060,8,delay_sensitive,0.979,0.0,4.608,0.523,0.0,9,3
s-08-061,8,delay_sensitive,0.995,0.0,8.183,0.833,0.0,9,3
s-08-062,8,delay_sensitive,1.265,0.0,5.592,0.569,0.0,9,3
s-08-063,8,delay_sensitive,1.019,0.0,4.298,0.743,0.0,9,3
s-08-064,8,delay_sensitive,1.32,0.0,4.922,0.616,0.0,9,3
s-08-065,8,delay_sensitive,1.114,0.0,5.767,0.797,0.0,9,3
s-08-066,8,delay_sensitive,1.2,0.0,5.198,0.415,0.0,9,3
s-08-067,8,delay_sensitive,0.985,0.0,5.751,0.449,0.0,9,3
s-08-068,8,delay_sensitive,1.322,0.0,5.85,0.638,0.0,9,3
s-08-069,8,delay_sensitive,1.145,0.0,7.966,0.455,0.0,9,3
s-08-070,8,delay_sensitive,1.172,0.0,5.109,0.931,0.0,9,3
s-08-071,8,delay_sensitive,1.085,0.0,6.675,0.558,0.0,9,3
s-08-072,8,delay_sensitive,1.133,0.0,5.357,0.561,0.0,9,3
s-08-073,8,delay_sensitive,0.931,0.0,8.513,0.8,0.0,9,3
s-08-074,8,delay_sensitive,0.943,0.0,6.063,0.725,0.0,9,3
s-08-075,8,delay_sensitive,1.385,0.0,7.538,0.732,0.0,9,3
s-08-076,8,delay_sensitive,1.32,0.0,8.91,0.651,0.0,9,3
s-08-077,8,delay_sensitive,1.168,0.0,9.201,0.685,0.0,9,3
s-08-078,8,delay_sensitive,1.341,0.0,6.858,0.447,0.0,9,3
s-08-079,8,delay_sensitive,1.351,0.0,8.286,0.701,0.0,9,3
s-08-080,8,delay_sensitive,1.35,0.0,8.803,0.807,0.0,9,3
s-08-081,8,delay_sensitive,1.21,0.0,4.722,0.854,0.0,9,3
s-08-082,8,delay_sensitive,0.986,0.0,9.906,0.983,0.0,9,3
s-08-083,8,delay_sensitive,1.304,0.0,4.757,0.654,0.0,9,3
s-08-084,8,delay_sensitive,1.394,0.0,6.612,0.998,0.0,9,3
s-08-085,8,delay_sensitive,1.214,0.0,9.005,0.555,0.0,9,3
s-08-086,8,delay_sensitive,1.355,0.0,9.485,0.44,0.0,9,3
s-08-087,8,delay_sensitive,1.094,0.0,6.384,0.596,0.0,9,3
s-08-088,8,delay_sensitive,1.038,0.0,6.749,0.924,0.0,9,3
s-08-089,8,delay_sensitive,1.293,0.0,7.738,0.714,0.0,9,3
s-08-090,8,delay_sensitive,1.11,0.0,6.487,0.489,0.0,9,3
s-08-091,8,delay_sensitive,1.194,0.0,8.55,0.964,0.0,9,3
s-08-092,8,delay_sensitive,1.362,0.0,7.376,0.461,0.0,9,3
s-08-093,8,delay_sensitive,1.043,0.0,7.214,0.606,0.0,9,3
s-08-094,8,delay_sensitive,1.105,0.0,6.298,0.691,0.0,9,3
s-08-095,8,delay_sensitive,1.204,0.0,4.225,0.565,0.0,9,3
s-08-096,8,delay_sensitive,0.972,0.0,7.652,0.816,0.0,9,3
s-08-097,8,delay_sensitive,0.919,0.0,9.337,0.599,0.0,9,3
s-08-098,8,delay_sensitive,1.019,0.0,8.474,0.953,0.0,9,3
s-08-099,8,delay_sensitive,1.349,0.0,4.121,0.89,0.0,9,3
t-08-000,8,delay_tolerant,0.924,0.0,8.057,0.815,366.547,11,2
t-08-001,8,delay_tolerant,0.854,0.0,8.845,0.566,417.296,10,2
t-08-002,8,delay_tolerant,1.092,0.0,6.63,0.354,279.018,11,2
t-08-003,8,delay_tolerant,1.096,0.0,7.557,0.82,415.566,11,2
t-08-004,8,delay_tolerant,1.117,0.0,3.394,0.726,265.219,12,2
t-08-005,8,delay_tolerant,1.152,0.0,3.174,0.416,419.855,12,2
t-08-006,8,delay_tolerant,0.9,0.0,5.739,0.851,373.668,10,2
t-08-007,8,delay_tolerant,0.947,0.0,5.785,0.538,452.306,11,2
t-08-008,8,delay_tolerant,0.812,0.0,5.235,0.656,183.93,12,2
t-08-009,8,delay_tolerant,1.035,0.0,5.099,0.398,442.017,11,2
t-08-010,8,delay_tolerant,1.132,0.0,3.542,0.316,137.874,12,2
t-08-011,8,delay_tolerant,1.112,0.0,4.286,0.433,201.04,12,2
t-08-012,8,delay_tolerant,0.908,0.0,5.457,0.312,400.909,10,2
t-08-013,8,delay_tolerant,0.804,0.0,8.469,0.688,336.411,12,2
t-08-014,8,delay_tolerant,0.89,0.0,6.65,0.866,376.587,10,2
t-08-015,8,delay_tolerant,1.057,0.0,5.543,0.526,245.535,12,2
t-08-016,8,delay_tolerant,0.887,0.0,4.813,0.612,344.498,11,2
t-08-017,8,delay_tolerant,0.841,0.0,6.069,0.697,423.582,12,2
t-08-018,8,delay_tolerant,1.025,0.0,6.563,0.47,366.389,11,2
t-08-019,8,delay_tolerant,0.826,0.0,8.93,0.684,430.137,11,2
t-08-020,8,delay_tolerant,1.062,0.0,8.713,0.691,187.81,11,2
t-08-021,8,delay_tolerant,1.106,0.0,8.398,0.783,408.851,12,2
t-08-022,8,delay_tolerant,0.962,0.0,4.918,0.384,129.164,12,2
t-08-023,8,delay_tolerant,1.199,0.0,4.557,0.551,259.779,11,2
t-08-024,8,delay_tolerant,1.033,0.0,8.969,0.79,243.54,10,2
t-08-025,8,delay_tolerant,0.889,0.0,6.208,0.771,446.35,12,2
t-08-026,8,delay_tolerant,0.943,0.0,4.801,0.402,356.741,12,2
t-08-027,8,delay_tolerant,0.872,0.0,3.586,0.377,213.115,12,2
t-08-028,8,delay_tolerant,1.105,0.0,4.098,0.708,240.828,12,2
t-08-029,8,delay_tolerant,0.889,0.0,4.34,0.823,271.37,10,2
t-08-030,8,delay_tolerant,0.949,0.0,6.513,0.578,162.401,11,2
t-08-031,8,delay_tolerant,1.147,0.0,6.501,0.867,145.638,10,2
t-08-032,8,delay_tolerant,1.0,0.0,8.205,0.529,227.408,10,2
t-08-033,8,delay_tolerant,1.148,0.0,3.905,0.895,243.361,10,2
t-08-034,8,delay_tolerant,1.157,0.0,8.92,0.386,430.462,12,2
t-08-035,8,delay_tolerant,1.112,0.0,5.925,0.679,183.657,10,2
t-08-036,8,delay_tolerant,0.823,0.0,5.712,0.426,398.475,12,2
t-08-037,8,delay_tolerant,1.106,0.0,5.937,0.758,151.695,12,2
t-08-038,8,delay_tolerant,0.973,0.0,5.576,0.557,291.864,12,2
t-08-039,8,delay_tolerant,0.815,0.0,4.196,0.524,125.068,10,2
t-08-040,8,delay_tolerant,1.103,0.0,6.186,0.311,121.485,11,2
t-08-041,8,delay_tolerant,0.9,0.0,7.161,0.507,166.415,12,2
t-08-042,8,delay_tolerant,1.001,0.0,4.837,0.339,136.459,11,2
t-08-043,8,delay_tolerant,0.982,0.0,6.122,0.614,276.119,11,2
t-08-044,8,delay_tolerant,1.198,0.0,5.056,0.841,249.33,12,2
t-08-045,8,delay_tolerant,0.866,0.0,8.441,0.787,126.885,10,2
t-08-046,8,delay_tolerant,1.091,0.0,3.787,0.74,332.289,10,2
t-08-047,8,delay_tolerant,0.849,0.0,7.267,0.775,255.069,10,2
t-08-048,8,delay_tolerant,0.902,0.0,6.208,0.329,478.085,12,2
t-08-049,8,delay_tolerant,0.843,0.0,8.017,0.329,161.684,12,2
t-08-050,8,delay_tolerant,0.952,0.0,6.284,0.585,175.126,11,2
t-08-051,8,delay_tolerant,1.074,0.0,3.056,0.553,156.353,12,2
t-08-052,8,delay_tolerant,0.908,0.0,6.634,0.382,419.035,12,2
t-08-053,8,delay_tolerant,1.005,0.0,6.706,0.47,402.514,10,2
t-08-054,8,delay_tolerant,0.879,0.0,4.198,0.458,308.333,11,2
g-08-000,8,token_batch,0.481,0.977,8.394,1.098,2666.0,11,1
g-08-001,8,token_batch,0.573,0.998,8.027,1.203,4018.0,11,1
g-08-002,8,token_batch,0.43,1.096,17.494,1.268,4621.0,10,1
g-08-003,8,token_batch,0.489,1.343,14.443,1.074,4163.0,10,1
g-08-004,8,token_batch,0.386,0.86,9.747,0.824,2281.0,12,1
g-08-005,8,token_batch,0.521,0.988,15.385,0.857,2675.0,12,1
g-08-006,8,token_batch,0.541,1.198,9.705,1.015,1239.0,10,1
g-08-007,8,token_batch,0.307,1.24,11.726,1.006,3746.0,13,1
g-08-008,8,token_batch,0.36,1.074,16.357,1.214,2841.0,10,1
g-08-009,8,token_batch,0.369,1.332,9.668,0.88,4476.0,13,1
g-08-010,8,token_batch,0.264,1.05,13.908,1.281,4658.0,10,1
g-08-011,8,token_batch,0.445,1.267,14.114,1.318,1942.0,13,1
g-08-012,8,token_batch,0.568,0.868,12.113,0.828,3178.0,11,1
g-08-013,8,token_batch,0.326,1.223,14.779,1.261,3882.0,12,1
g-08-014,8,token_batch,0.426,1.387,14.698,1.003,4164.0,14,1
g-08-015,8,token_batch,0.48,0.857,14.617,0.949,4019.0,14,1
g-08-016,8,token_batch,0.471,1.031,16.39,1.135,3918.0,12,1
g-08-017,8,token_batch,0.205,1.361,13.056,1.082,1423.0,14,1
g-08-018,8,token_batch,0.266,1.251,11.206,0.999,4761.0,13,1
g-08-019,8,token_batch,0.403,1.13,11.786,1.29,1406.0,12,1
g-08-020,8,token_batch,0.378,1.144,8.88,1.099,3080.0,10,1
g-08-021,8,token_batch,0.592,1.247,8.178,1.042,1686.0,12,1
g-08-022,8,token_batch,0.42,1.296,15.918,1.378,3482.0,10,1
g-08-023,8,token_batch,0.425,1.193,12.562,1.005,3282.0,12,1
g-08-024,8,token_batch,0.289,1.073,13.602,1.172,4544.0,10,1
g-08-025,8,token_batch,0.463,1.23,9.14,1.256,4135.0,13,1
g-08-026,8,token_batch,0.337,1.298,17.644,0.975,1208.0,11,1
s-09-000,9,delay_sensitive,1.161,0.0,8.213,0.427,0.0,10,3
s-09-001,9,delay_sensitive,0.982,0.0,4.843,0.83,0.0,10,3
s-09-002,9,delay_sensitive,1.261,0.0,4.642,0.767,0.0,10,3
s-09-003,9,delay_sensitive,0.994,0.0,9.581,0.636,0.0,10,3
s-09-004,9,delay_sensitive,1.129,0.0,8.689,0.83,0.0,10,3
s-09-005,9,delay_sensitive,0.954,0.0,6.487,0.956,0.0,10,3
s-09-006,9,delay_sensitive,1.319,0.0,7.533,0.863,0.0,10,3
s-09-007,9,delay_sensitive,1.125,0.0,7.951,0.974,0.0,10,3
s-09-008,9,delay_sensitive,0.967,0.0,6.993,0.718,0.0,10,3
s-09-009,9,delay_sensitive,0.924,0.0,9.612,0.903,0.0,10,3
s-09-010,9,delay_sensitive,1.141,0.0,7.05,0.953,0.0,10,3
s-09-011,9,delay_sensitive,0.989,0.0,7.471,0.838,0.0,10,3
s-09-012,9,delay_sensitive,0.964,0.0,6.324,0.76,0.0,10,3
s-09-013,9,delay_sensitive,1.341,0.0,7.025,0.631,0.0,10,3
s-09-014,9,delay_sensitive,1.39,0.0,9.495,0.857,0.0,10,3
s-09-015,9,delay_sensitive,1.037,0.0,9.782,0.982,0.0,10,3
s-09-016,9,delay_sensitive,1.126,0.0,4.8,0.648,0.0,10,3
s-09-017,9,delay_sensitive,1.25,0.0,8.491,0.579,0.0,10,3
s-09-018,9,delay_sensitive,1.251,0.0,9.164,0.827,0.0,10,3
s-09-019,9,delay_sensitive,1.368,0.0,7.795,0.521,0.0,10,3
s-09-020,9,delay_sensitive,1.212,0.0,5.743,0.607,0.0,10,3
s-09-021,9,delay_sensitive,1.236,0.0,9.888,0.79,0.0,10,3
s-09-022,9,delay_sensitive,1.379,0.0,7.023,0.817,0.0,10,3
s-09-023,9,delay_sensitive,1.061,0.0,4.692,0.611,0.0,10,3
s-09-024,9,delay_sensitive,1.14,0.0,7.424,0.8,0.0,10,3
s-09-025,9,delay_sensitive,1.109,0.0,8.487,0.905,0.0,10,3
s-09-026,9,delay_sensitive,1.043,0.0,9.084,0.885,0.0,10,3
s-09-027,9,delay_sensitive,1.161,0.0,4.152,0.487,0.0,10,3
s-09-028,9,delay_sensitive,1.235,0.0,5.199,0.85,0.0,10,3
s-09-029,9,delay_sensitive,0.98,0.0,5.72,0.55,0.0,10,3
s-09-030,9,delay_sensitive,1.32,0.0,8.144,0.577,0.0,10,3
s-09-031,9,delay_sensitive,1.277,0.0,4.194,0.888,0.0,10,3
s-09-032,9,delay_sensitive,0.951,0.0,9.208,0.844,0.0,10,3
s-09-033,9,delay_sensitive,1.332,0.0,8.454,0.737,0.0,10,3
s-09-034,9,delay_sensitive,1.019,0.0,8.706,0.879,0.0,10,3
s-09-035,9,delay_sensitive,1.044,0.0,7.987,0.956,0.0,10,3
s-09-036,9,delay_sensitive,1.094,0.0,9.74,0.985,0.0,10,3
s-09-037,9,delay_sensitive,1.056,0.0,7.313,0.408,0.0,10,3
s-09-038,9,delay_sensitive,1.026,0.0,7.723,0.869,0.0,10,3
s-09-039,9,delay_sensitive,1.335,0.0,8.98,0.947,0.0,10,3
s-09-040,9,delay_sensitive,1.252,0.0,7.886,0.853,0.0,10,3
s-09-041,9,delay_sensitive,1.173,0.0,7.62,0.866,0.0,10,3
s-09-042,9,delay_sensitive,1.382,0.0,5.765,0.506,0.0,10,3
s-09-043,9,delay_sensitive,1.241,0.0,5.122,0.504,0.0,10,3
s-09-044,9,delay_sensitive,1.157,0.0,6.263,0.657,0.0,10,3
s-09-045,9,delay_sensitive,1.178,0.0,4.78,0.75,0.0,10,3
s-09-046,9,delay_sensitive,1.028,0.0,5.983,0.826,0.0,10,3
s-09-047,9,delay_sensitive,0.977,0.0,4.922,0.594,0.0,10,3
s-09-048,9,delay_sensitive,0.925,0.0,9.594,0.769,0.0,10,3
s-09-049,9,delay_sensitive,1.231,0.0,6.943,0.744,0.0,10,3
s-09-050,9,delay_sensitive,1.079,0.0,8.704,0.591,0.0,10,3
s-09-051,9,delay_sensitive,1.01,0.0,5.103,0.441,0.0,10,3
s-09-052,9,delay_sensitive,1.153,0.0,6.496,0.722,0.0,10,3
s-09-053,9,delay_sensitive,0.946,0.0,5.327,0.528,0.0,10,3
s-09-054,9,delay_sensitive,1.066,0.0,6.165,0.531,0.0,10,3
s-09-055,9,delay_sensitive,1.276,0.0,7.183,0.998,0.0,10,3
s-09-056,9,delay_sensitive,1.312,0.0,9.887,0.405,0.0,10,3
s-09-057,9,delay_sensitive,1.234,0.0,6.674,0.943,0.0,10,3
s-09-058,9,delay_sensitive,1.207,0.0,7.727,0.975,0.0,10,3
s-09-059,9,delay_sensitive,1.241,0.0,5.926,0.95,0.0,10,3
s-09-060,9,delay_sensitive,1.372,0.0,6.315,0.724,0.0,10,3
s-09-061,9,delay_sensitive,1.041,0.0,9.468,0.893,0.0,10,3
s-09-062,9,delay_sensitive,1.087,0.0,8.817,0.667,0.0,10,3
s-09-063,9,delay_sensitive,0.922,0.0,9.39,0.516,0.0,10,3
s-09-064,9,delay_sensitive,1.157,0.0,9.689,0.5,0.0,10,3
s-09-065,9,delay_sensitive,1.378,0.0,7.228,0.404,0.0,10,3
s-09-066,9,delay_sensitive,0.933,0.0,8.022,0.864,0.0,10,3
s-09-067,9,delay_sensitive,1.332,0.0,6.545,0.462,0.0,10,3
s-09-068,9,delay_sensitive,1.169,0.0,8.216,0.986,0.0,10,3
s-09-069,9,delay_sensitive,1.288,0.0,7.879,0.964,0.0,10,3
s-09-070,9,delay_sensitive,1.273,0.0,4.923,0.676,0.0,10,3
s-09-071,9,delay_sensitive,1.066,0.0,4.525,0.433,0.0,10,3
s-09-072,9,delay_sensitive,1.297,0.0,7.349,0.745,0.0,10,3
s-09-073,9,delay_sensitive,1.014,0.0,5.552,0.633,0.0,10,3
s-09-074,9,delay_sensitive,1.215,0.0,6.598,0.41,0.0,10,3
s-09-075,9,delay_sensitive,1.237,0.0,7.209,0.785,0.0,10,3
s-09-076,9,delay_sensitive,1.209,0.0,8.536,0.751,0.0,10,3
s-09-077,9,delay_sensitive,1.25,0.0,4.436,0.957,0.0,10,3
s-09-078,9,delay_sensitive,0.953,0.0,8.721,0.581,0.0,10,3
s-09-079,9,delay_sensitive,0.943,0.0,8.592,0.663,0.0,10,3
s-09-080,9,delay_sensitive,1.098,0.0,7.964,0.684,0.0,10,3
s-09-081,9,delay_sensitive,1.167,0.0,4.818,0.635,0.0,10,3
s-09-082,9,delay_sensitive,1.299,0.0,7.274,0.976,0.0,10,3
s-09-083,9,delay_sensitive,0.972,0.0,8.064,0.949,0.0,10,3
s-09-084,9,delay_sensitive,1.298,0.0,8.376,0.624,0.0,10,3
s-09-085,9,delay_sensitive,1.375,0.0,7.321,0.733,0.0,10,3
s-09-086,9,delay_sensitive,0.962,0.0,4.03,0.758,0.0,10,3
s-09-087,9,delay_sensitive,1.169,0.0,9.682,0.583,0.0,10,3
s-09-088,9,delay_sensitive,1.274,0.0,9.421,0.606,0.0,10,3
s-09-089,9,delay_sensitive,1.106,0.0,7.876,0.708,0.0,10,3
s-09-090,9,delay_sensitive,0.98,0.0,5.325,0.901,0.0,10,3
s-09-091,9,delay_sensitive,0.997,0.0,5.088,0.88,0.0,10,3
s-09-092,9,delay_sensitive,1.326,0.0,9.108,0.959,0.0,10,3
s-09-093,9,delay_sensitive,1.397,0.0,6.768,0.73,0.0,10,3
s-09-094,9,delay_sensitive,1.045,0.0,4.404,0.459,0.0,10,3
s-09-095,9,delay_sensitive,1.263,0.0,6.923,0.599,0.0,10,3
s-09-096,9,delay_sensitive,0.964,0.0,7.933,0.46,0.0,10,3
s-09-097,9,delay_sensitive,1.21,0.0,9.401,0.591,0.0,10,3
s-09-098,9,delay_sensitive,1.125,0.0,7.698,0.583,0.0,10,3
s-09-099,9,delay_sensitive,1.192,0.0,7.393,0.619,0.0,10,3
s-09-100,9,delay_sensitive,1.058,0.0,6.57,0.403,0.0,10,3
s-09-101,9,delay_sensitive,1.023,0.0,5.329,0.844,0.0,10,3
s-09-102,9,delay_sensitive,1.118,0.0,9.041,0.481,0.0,10,3
s-09-103,9,delay_sensitive,1.266,0.0,9.267,0.678,0.0,10,3
s-09-104,9,delay_sensitive,1.079,0.0,5.833,0.731,0.0,10,3
s-09-105,9,delay_sensitive,0.988,0.0,7.64,0.905,0.0,10,3
s-09-106,9,delay_sensitive,1.329,0.0,4.84,0.723,0.0,10,3
s-09-107,9,delay_sensitive,1.032,0.0,9.318,0.446,0.0,10,3
s-09-108,9,delay_sensitive,0.938,0.0,4.112,0.704,0.0,10,3
s-09-109,9,delay_sensitive,0.916,0.0,7.491,0.643,0.0,10,3
s-09-110,9,delay_sensitive,1.195,0.0,9.438,0.731,0.0,10,3
s-09-111,9,delay_sensitive,1.172,0.0,9.992,0.683,0.0,10,3
s-09-112,9,delay_sensitive,1.288,0.0,6.195,0.534,0.0,10,3
s-09-113,9,delay_sensitive,1.286,0.0,8.399,0.575,0.0,10,3
s-09-114,9,delay_sensitive,1.132,0.0,7.062,0.638,0.0,10,3
s-09-115,9,delay_sensitive,1.151,0.0,7.976,0.909,0.0,10,3
s-09-116,9,delay_sensitive,1.303,0.0,7.684,0.5,0.0,10,3
s-09-117,9,delay_sensitive,1.157,0.0,6.677,0.507,0.0,10,3
t-09-000,9,delay_tolerant,1.064,0.0,8.806,0.742,294.061,13,2
t-09-001,9,delay_tolerant,0.816,0.0,7.569,0.439,215.169,12,2
t-09-002,9,delay_tolerant,0.817,0.0,4.241,0.845,250.05,11,2
t-09-003,9,delay_tolerant,1.167,0.0,8.289,0.324,353.469,12,2
t-09-004,9,delay_tolerant,1.081,0.0,6.128,0.798,420.554,11,2
t-09-005,9,delay_tolerant,1.031,0.0,6.421,0.526,256.267,12,2
t-09-006,9,delay_tolerant,1.061,0.0,8.013,0.61,255.478,13,2
t-09-007,9,delay_tolerant,1.007,0.0,5.117,0.821,295.27,11,2
t-09-008,9,delay_tolerant,1.155,0.0,3.04,0.829,278.364,12,2
t-09-009,9,delay_tolerant,0.831,0.0,6.861,0.427,187.286,11,2
t-09-010,9,delay_tolerant,1.041,0.0,7.902,0.697,269.261,12,2
t-09-011,9,delay_tolerant,1.088,0.0,5.889,0.587,195.853,12,2
t-09-012,9,delay_tolerant,1.059,0.0,5.465,0.446,166.039,11,2
t-09-013,9,delay_tolerant,0.864,0.0,6.777,0.324,326.017,13,2
t-09-014,9,delay_tolerant,0.867,0.0,8.535,0.61,265.964,11,2
t-09-015,9,delay_tolerant,1.055,0.0,8.271,0.737,415.669,13,2
t-09-016,9,delay_tolerant,0.887,0.0,6.639,0.583,293.401,11,2
t-09-017,9,delay_tolerant,1.132,0.0,6.605,0.777,415.363,11,2
t-09-018,9,delay_tolerant,1.049,0.0,6.065,0.401,366.813,11,2
t-09-019,9,delay_tolerant,1.039,0.0,3.413,0.527,167.597,12,2
t-09-020,9,delay_tolerant,0.881,0.0,8.158,0.603,271.126,11,2
t-09-021,9,delay_tolerant,1.042,0.0,4.065,0.841,335.933,11,2
t-09-022,9,delay_tolerant,1.001,0.0,3.705,0.589,166.918,13,2
t-09-023,9,delay_tolerant,1.016,0.0,3.007,0.863,364.281,13,2
t-09-024,9,delay_tolerant,1.009,0.0,5.222,0.326,310.734,12,2
t-09-025,9,delay_tolerant,1.175,0.0,5.893,0.761,246.186,11,2
t-09-026,9,delay_tolerant,1.163,0.0,8.023,0.646,273.176,13,2
t-09-027,9,delay_tolerant,0.991,0.0,4.395,0.815,221.976,12,2
t-09-028,9,delay_tolerant,0.963,0.0,4.134,0.725,404.192,13,2
t-09-029,9,delay_tolerant,1.009,0.0,6.119,0.525,193.951,13,2
t-09-030,9,delay_tolerant,0.964,0.0,3.639,0.556,330.733,12,2
t-09-031,9,delay_tolerant,1.142,0.0,5.541,0.519,219.202,12,2
t-09-032,9,delay_tolerant,0.959,0.0,4.222,0.631,320.723,13,2
t-09-033,9,delay_tolerant,0.948,0.0,6.329,0.452,230.395,11,2
t-09-034,9,delay_tolerant,1.11,0.0,5.389,0.383,430.979,12,2
t-09-035,9,delay_tolerant,1.099,0.0,5.68,0.72,178.246,11,2
t-09-036,9,delay_tolerant,1.003,0.0,7.716,0.781,341.049,11,2
t-09-037,9,delay_tolerant,1.083,0.0,3.964,0.879,121.905,13,2
t-09-038,9,delay_tolerant,1.129,0.0,5.83,0.66,151.731,11,2
t-09-039,9,delay_tolerant,0.889,0.0,3.48,0.323,258.357,12,2
t-09-040,9,delay_tolerant,1.046,0.0,6.126,0.727,335.09,12,2
t-09-041,9,delay_tolerant,1.056,0.0,5.634,0.421,356.478,11,2
t-09-042,9,delay_tolerant,0.914,0.0,3.202,0.66,305.693,13,2
t-09-043,9,delay_tolerant,1.046,0.0,7.044,0.516,355.807,11,2
t-09-044,9,delay_tolerant,0.835,0.0,4.656,0.54,361.078,11,2
t-09-045,9,delay_tolerant,1.034,0.0,6.106,0.742,144.702,12,2
t-09-046,9,delay_tolerant,1.02,0.0,7.357,0.635,329.856,11,2
t-09-047,9,delay_tolerant,1.185,0.0,4.659,0.664,190.029,12,2
t-09-048,9,delay_tolerant,1.03,0.0,4.567,0.544,158.327,12,2
t-09-049,9,delay_tolerant,1.001,0.0,5.04,0.37,304.783,11,2
t-09-050,9,delay_tolerant,1.15,0.0,7.879,0.645,369.909,12,2
t-09-051,9,delay_tolerant,1.025,0.0,7.62,0.754,466.046,12,2
t-09-052,9,delay_tolerant,1.073,0.0,8.379,0.817,293.509,12,2
t-09-053,9,delay_tolerant,0.827,0.0,6.802,0.897,363.689,12,2
t-09-054,9,delay_tolerant,1.12,0.0,5.475,0.512,312.835,11,2
t-09-055,9,delay_tolerant,1.133,0.0,4.49,0.356,362.531,13,2
t-09-056,9,delay_tolerant,0.83,0.0,8.588,0.586,247.274,12,2
t-09-057,9,delay_tolerant,0.908,0.0,8.683,0.71,447.574,13,2
t-09-058,9,delay_tolerant,1.095,0.0,4.409,0.445,215.546,12,2
t-09-059,9,delay_tolerant,0.881,0.0,4.498,0.671,176.158,11,2
t-09-060,9,delay_tolerant,0.848,0.0,3.471,0.873,297.359,11,2
t-09-061,9,delay_tolerant,1.106,0.0,6.249,0.325,293.625,11,2
t-09-062,9,delay_tolerant,0.926,0.0,8.389,0.829,326.827,13,2
t-09-063,9,delay_tolerant,0.996,0.0,8.906,0.85,220.896,12,2
g-09-000,9,token_batch,0.431,0.832,15.993,1.087,4272.0,12,1
g-09-001,9,token_batch,0.401,1.036,14.863,0.905,1333.0,15,1
g-09-002,9,token_batch,0.407,0.989,8.084,1.204,4060.0,11,1
g-09-003,9,token_batch,0.24,1.017,16.618,0.912,3579.0,14,1
g-09-004,9,token_batch,0.308,1.375,11.431,0.91,2171.0,13,1
g-09-005,9,token_batch,0.368,1.251,11.651,1.04,2062.0,14,1
g-09-006,9,token_batch,0.429,1.388,14.86,1.289,1936.0,14,1
g-09-007,9,token_batch,0.294,1.059,11.809,0.888,4493.0,13,1
g-09-008,9,token_batch,0.522,0.906,12.996,1.397,3137.0,12,1
g-09-009,9,token_batch,0.488,1.271,11.0,1.137,3387.0,15,1
g-09-010,9,token_batch,0.359,1.214,8.6,1.288,1395.0,15,1
g-09-011,9,token_batch,0.452,1.07,11.347,1.017,4636.0,14,1
g-09-012,9,token_batch,0.573,0.955,8.198,0.873,3483.0,15,1
g-09-013,9,token_batch,0.431,1.19,13.384,1.388,2014.0,15,1
g-09-014,9,token_batch,0.33,1.106,15.747,1.068,2654.0,13,1
g-09-015,9,token_batch,0.445,1.078,17.566,1.321,2760.0,11,1
g-09-016,9,token_batch,0.453,1.143,16.489,0.843,2927.0,13,1
g-09-017,9,token_batch,0.291,0.99,10.914,0.96,2607.0,12,1
g-09-018,9,token_batch,0.555,1.269,17.388,1.249,2311.0,14,1
g-09-019,9,token_batch,0.366,0.91,8.231,1.237,3044.0,15,1
g-09-020,9,token_batch,0.48,0.848,9.669,0.862,4246.0,13,1
g-09-021,9,token_batch,0.389,0.832,15.709,1.114,4799.0,11,1
g-09-022,9,token_batch,0.305,0.893,14.548,1.331,1625.0,11,1
g-09-023,9,token_batch,0.299,0.971,14.265,0.879,2139.0,13,1
g-09-024,9,token_batch,0.214,1.014,17.153,1.319,1317.0,12,1
g-09-025,9,token_batch,0.416,0.963,12.448,1.382,4767.0,14,1
g-09-026,9,token_batch,0.436,1.074,15.489,1.326,1925.0,15,1
g-09-027,9,token_batch,0.456,1.12,17.089,1.089,3344.0,14,1
g-09-028,9,token_batch,0.236,0.985,12.122,0.893,4496.0,12,1
g-09-029,9,token_batch,0.409,1.255,9.363,0.972,1200.0,11,1
g-09-030,9,token_batch,0.475,1.095,15.555,0.98,1234.0,15,1
g-09-031,9,token_batch,0.317,0.939,8.072,1.024,4468.0,14,1
s-10-000,10,delay_sensitive,1.106,0.0,7.363,0.637,0.0,11,3
s-10-001,10,delay_sensitive,0.982,0.0,8.423,0.634,0.0,11,3
s-10-002,10,delay_sensitive,1.089,0.0,5.578,0.653,0.0,11,3
s-10-003,10,delay_sensitive,1.02,0.0,8.587,0.946,0.0,11,3
s-10-004,10,delay_sensitive,1.304,0.0,8.108,0.571,0.0,11,3
s-10-005,10,delay_sensitive,1.271,0.0,8.853,0.648,0.0,11,3
s-10-006,10,delay_sensitive,1.327,0.0,5.094,0.574,0.0,11,3
s-10-007,10,delay_sensitive,1.218,0.0,7.706,0.563,0.0,11,3
s-10-008,10,delay_sensitive,1.211,0.0,5.127,0.412,0.0,11,3
s-10-009,10,delay_sensitive,0.925,0.0,7.21,0.512,0.0,11,3
s-10-010,10,delay_sensitive,0.951,0.0,5.615,0.829,0.0,11,3
s-10-011,10,delay_sensitive,1.264,0.0,5.397,0.49,0.0,11,3
s-10-012,10,delay_sensitive,1.147,0.0,6.051,0.587,0.0,11,3
s-10-013,10,delay_sensitive,1.3,0.0,9.988,0.678,0.0,11,3
s-10-014,10,delay_sensitive,1.296,0.0,5.981,0.906,0.0,11,3
s-10-015,10,delay_sensitive,1.376,0.0,4.336,0.865,0.0,11,3
s-10-016,10,delay_sensitive,0.936,0.0,6.821,0.515,0.0,11,3
s-10-017,10,delay_sensitive,1.321,0.0,8.904,0.897,0.0,11,3
s-10-018,10,delay_sensitive,0.961,0.0,8.609,0.549,0.0,11,3
s-10-019,10,delay_sensitive,1.286,0.0,6.658,0.843,0.0,11,3
s-10-020,10,delay_sensitive,0.917,0.0,6.765,0.863,0.0,11,3
s-10-021,10,delay_sensitive,1.161,0.0,9.893,0.684,0.0,11,3
s-10-022,10,delay_sensitive,1.241,0.0,5.873,0.594,0.0,11,3
s-10-023,10,delay_sensitive,1.215,0.0,4.253,0.962,0.0,11,3
s-10-024,10,delay_sensitive,1.16,0.0,5.52,0.783,0.0,11,3
s-10-025,10,delay_sensitive,0.999,0.0,9.325,0.918,0.0,11,3
s-10-026,10,delay_sensitive,1.009,0.0,4.678,0.78,0.0,11,3
s-10-027,10,delay_sensitive,1.062,0.0,5.004,0.566,0.0,11,3
s-10-028,10,delay_sensitive,0.96,0.0,8.735,0.405,0.0,11,3
s-10-029,10,delay_sensitive,0.921,0.0,8.701,0.685,0.0,11,3
s-10-030,10,delay_sensitive,1.198,0.0,6.228,0.454,0.0,11,3
s-10-031,10,delay_sensitive,0.979,0.0,4.548,0.771,0.0,11,3
s-10-032,10,delay_sensitive,1.365,0.0,9.982,0.775,0.0,11,3
s-10-033,10,delay_sensitive,0.93,0.0,7.867,0.821,0.0,11,3
s-10-034,10,delay_sensitive,1.296,0.0,4.755,0.54,0.0,11,3
s-10-035,10,delay_sensitive,1.391,0.0,8.731,0.854,0.0,11,3
s-10-036,10,delay_sensitive,1.303,0.0,6.632,0.516,0.0,11,3
s-10-037,10,delay_sensitive,1.245,0.0,6.149,0.481,0.0,11,3
s-10-038,10,delay_sensitive,1.349,0.0,6.912,0.663,0.0,11,3
s-10-039,10,delay_sensitive,1.047,0.0,8.182,0.514,0.0,11,3
s-10-040,10,delay_sensitive,0.993,0.0,6.086,0.839,0.0,11,3
s-10-041,10,delay_sensitive,1.038,0.0,8.988,0.949,0.0,11,3
s-10-042,10,delay_sensitive,1.177,0.0,4.413,0.493,0.0,11,3
s-10-043,10,delay_sensitive,1.048,0.0,5.58,0.62,0.0,11,3
s-10-044,10,delay_sensitive,0.9,0.0,7.828,0.627,0.0,11,3
s-10-045,10,delay_sensitive,0.993,0.0,4.112,0.914,0.0,11,3
s-10-046,10,delay_sensitive,1.288,0.0,5.433,0.833,0.0,11,3
s-10-047,10,delay_sensitive,1.229,0.0,7.234,0.632,0.0,11,3
s-10-048,10,delay_sensitive,1.162,0.0,6.985,0.731,0.0,11,3
s-10-049,10,delay_sensitive,1.207,0.0,5.936,0.785,0.0,11,3
s-10-050,10,delay_sensitive,0.955,0.0,7.139,0.44,0.0,11,3
s-10-051,10,delay_sensitive,1.318,0.0,4.779,0.924,0.0,11,3
s-10-052,10,delay_sensitive,1.001,0.0,6.912,0.459,0.0,11,3
s-10-053,10,delay_sensitive,1.186,0.0,9.018,0.795,0.0,11,3
s-10-054,10,delay_sensitive,1.163,0.0,8.208,0.554,0.0,11,3
s-10-055,10,delay_sensitive,1.083,0.0,7.636,0.443,0.0,11,3
s-10-056,10,delay_sensitive,1.365,0.0,5.252,0.695,0.0,11,3
s-10-057,10,delay_sensitive,1.345,0.0,4.48,0.881,0.0,11,3
s-10-058,10,delay_sensitive,0.93,0.0,7.348,0.963,0.0,11,3
s-10-059,10,delay_sensitive,1.108,0.0,6.214,0.825,0.0,11,3
s-10-060,10,delay_sensitive,1.312,0.0,5.595,0.424,0.0,11,3
s-10-061,10,delay_sensitive,0.935,0.0,5.823,0.967,0.0,11,3
s-10-062,10,delay_sensitive,1.38,0.0,4.583,0.835,0.0,11,3
s-10-063,10,delay_sensitive,1.166,0.0,5.137,0.716,0.0,11,3
s-10-064,10,delay_sensitive,1.024,0.0,7.752,0.507,0.0,11,3
s-10-065,10,delay_sensitive,1.275,0.0,6.491,0.463,0.0,11,3
s-10-066,10,delay_sensitive,1.219,0.0,6.148,0.675,0.0,11,3
s-10-067,10,delay_sensitive,1.233,0.0,9.297,0.5,0.0,11,3
s-10-068,10,delay_sensitive,0.99,0.0,6.409,0.603,0.0,11,3
s-10-069,10,delay_sensitive,0.979,0.0,9.991,0.666,0.0,11,3
s-10-070,10,delay_sensitive,1.076,0.0,5.891,0.995,0.0,11,3
s-10-071,10,delay_sensitive,1.062,0.0,6.23,0.859,0.0,11,3
s-10-072,10,delay_sensitive,1.115,0.0,8.355,0.765,0.0,11,3
s-10-073,10,delay_sensitive,1.182,0.0,5.284,0.859,0.0,11,3
s-10-074,10,delay_sensitive,1.363,0.0,5.525,0.977,0.0,11,3
s-10-075,10,delay_sensitive,1.124,0.0,6.383,0.836,0.0,11,3
s-10-076,10,delay_sensitive,1.391,0.0,7.575,0.711,0.0,11,3
s-10-077,10,delay_sensitive,1.397,0.0,5.811,0.58,0.0,11,3
s-10-078,10,delay_sensitive,1.011,0.0,9.134,0.413,0.0,11,3
s-10-079,10,delay_sensitive,1.311,0.0,8.138,0.566,0.0,11,3
s-10-080,10,delay_sensitive,1.177,0.0,7.338,0.956,0.0,11,3
s-10-081,10,delay_sensitive,0.977,0.0,4.226,0.613,0.0,11,3
s-10-082,10,delay_sensitive,0.969,0.0,6.202,0.749,0.0,11,3
s-10-083,10,delay_sensitive,1.016,0.0,8.866,0.455,0.0,11,3
s-10-084,10,delay_sensitive,1.1,0.0,9.507,0.841,0.0,11,3
s-10-085,10,delay_sensitive,1.262,0.0,8.757,0.504,0.0,11,3
s-10-086,10,delay_sensitive,1.313,0.0,8.138,0.746,0.0,11,3
s-10-087,10,delay_sensitive,1.354,0.0,7.571,0.58,0.0,11,3
s-10-088,10,delay_sensitive,1.265,0.0,7.458,0.447,0.0,11,3
s-10-089,10,delay_sensitive,0.928,0.0,8.625,0.609,0.0,11,3
s-10-090,10,delay_sensitive,1.309,0.0,6.499,0.921,0.0,11,3
s-10-091,10,delay_sensitive,1.335,0.0,5.36,0.792,0.0,11,3
s-10-092,10,delay_sensitive,1.201,0.0,4.069,0.866,0.0,11,3
s-10-093,10,delay_sensitive,1.091,0.0,5.829,0.425,0.0,11,3
s-10-094,10,delay_sensitive,1.17,0.0,4.897,0.701,0.0,11,3
s-10-095,10,delay_sensitive,1.01,0.0,4.303,0.839,0.0,11,3
s-10-096,10,delay_sensitive,1.096,0.0,6.674,0.757,0.0,11,3
s-10-097,10,delay_sensitive,1.152,0.0,5.333,0.574,0.0,11,3
s-10-098,10,delay_sensitive,1.097,0.0,4.793,0.45,0.0,11,3
s-10-099,10,delay_sensitive,1.186,0.0,4.296,0.64,0.0,11,3
s-10-100,10,delay_sensitive,0.943,0.0,7.011,0.864,0.0,11,3
s-10-101,10,delay_sensitive,0.965,0.0,4.809,0.736,0.0,11,3
s-10-102,10,delay_sensitive,1.144,0.0,7.913,0.518,0.0,11,3
s-10-103,10,delay_sensitive,1.208,0.0,8.414,0.548,0.0,11,3
s-10-104,10,delay_sensitive,0.936,0.0,8.661,0.594,0.0,11,3
s-10-105,10,delay_sensitive,1.362,0.0,4.538,0.803,0.0,11,3
s-10-106,10,delay_sensitive,1.112,0.0,6.09,0.592,0.0,11,3
s-10-107,10,delay_sensitive,1.197,0.0,4.145,0.583,0.0,11,3
s-10-108,10,delay_sensitive,1.394,0.0,7.697,0.994,0.0,11,3
s-10-109,10,delay_sensitive,1.121,0.0,4.875,0.427,0.0,11,3
s-10-110,10,delay_sensitive,1.309,0.0,5.198,0.624,0.0,11,3
s-10-111,10,delay_sensitive,1.279,0.0,9.117,0.467,0.0,11,3
s-10-112,10,delay_sensitive,0.927,0.0,9.694,0.956,0.0,11,3
s-10-113,10,delay_sensitive,1.334,0.0,8.921,0.408,0.0,11,3
s-10-114,10,delay_sensitive,1.247,0.0,4.668,0.67,0.0,11,3
s-10-115,10,delay_sensitive,0.911,0.0,5.254,0.723,0.0,11,3
s-10-116,10,delay_sensitive,1.002,0.0,7.14,0.555,0.0,11,3
s-10-117,10,delay_sensitive,1.142,0.0,8.38,0.485,0.0,11,3
s-10-118,10,delay_sensitive,1.249,0.0,4.11,0.75,0.0,11,3
s-10-119,10,delay_sensitive,1.232,0.0,4.261,0.502,0.0,11,3
s-10-120,10,delay_sensitive,1.042,0.0,8.735,0.771,0.0,11,3
s-10-121,10,delay_sensitive,0.927,0.0,7.929,0.405,0.0,11,3
s-10-122,10,delay_sensitive,1.094,0.0,5.628,0.911,0.0,11,3
s-10-123,10,delay_sensitive,1.23,0.0,9.186,0.411,0.0,11,3
s-10-124,10,delay_sensitive,1.334,0.0,7.896,0.539,0.0,11,3
s-10-125,10,delay_sensitive,1.09,0.0,9.86,0.46,0.0,11,3
s-10-126,10,delay_sensitive,1.058,0.0,9.201,0.719,0.0,11,3
s-10-127,10,delay_sensitive,0.993,0.0,7.004,0.675,0.0,11,3
s-10-128,10,delay_sensitive,1.363,0.0,4.129,0.548,0.0,11,3
s-10-129,10,delay_sensitive,1.165,0.0,6.001,0.636,0.0,11,3
t-10-000,10,delay_tolerant,0.807,0.0,7.106,0.513,228.837,12,2
t-10-001,10,delay_tolerant,0.91,0.0,3.372,0.455,259.381,14,2
t-10-002,10,delay_tolerant,1.178,0.0,8.695,0.435,243.043,12,2
t-10-003,10,delay_tolerant,1.063,0.0,3.527,0.529,465.818,13,2
t-10-004,10,delay_tolerant,1.149,0.0,7.119,0.55,326.243,14,2
t-10-005,10,delay_tolerant,1.188,0.0,8.458,0.498,315.204,13,2
t-10-006,10,delay_tolerant,1.061,0.0,6.486,0.71,192.832,12,2
t-10-007,10,delay_tolerant,0.924,0.0,7.231,0.614,168.691,12,2
t-10-008,10,delay_tolerant,1.062,0.0,6.389,0.395,144.413,12,2
t-10-009,10,delay_tolerant,1.179,0.0,3.71,0.491,436.67,14,2
t-10-010,10,delay_tolerant,0.812,0.0,4.912,0.884,466.031,14,2
t-10-011,10,delay_tolerant,0.977,0.0,8.603,0.836,455.97,13,2
t-10-012,10,delay_tolerant,0.861,0.0,4.128,0.379,129.431,13,2
t-10-013,10,delay_tolerant,1.047,0.0,6.634,0.667,334.69,14,2
t-10-014,10,delay_tolerant,1.075,0.0,5.156,0.713,291.577,12,2
t-10-015,10,delay_tolerant,1.138,0.0,5.813,0.69,186.232,14,2
t-10-016,10,delay_tolerant,0.997,0.0,3.825,0.416,131.603,13,2
t-10-017,10,delay_tolerant,1.17,0.0,8.701,0.434,361.682,12,2
t-10-018,10,delay_tolerant,1.103,0.0,3.397,0.856,474.826,12,2
t-10-019,10,delay_tolerant,0.996,0.0,4.949,0.575,208.842,14,2
t-10-020,10,delay_tolerant,1.11,0.0,6.648,0.795,379.272,13,2
t-10-021,10,delay_tolerant,1.045,0.0,7.455,0.656,309.083,13,2
t-10-022,10,delay_tolerant,1.115,0.0,6.124,0.571,417.724,14,2
t-10-023,10,delay_tolerant,1.151,0.0,4.474,0.623,474.179,12,2
t-10-024,10,delay_tolerant,1.023,0.0,6.097,0.678,137.746,12,2
t-10-025,10,delay_tolerant,0.976,0.0,8.306,0.764,222.929,13,2
t-10-026,10,delay_tolerant,0.969,0.0,6.679,0.333,306.109,12,2
t-10-027,10,delay_tolerant,0.985,0.0,6.877,0.354,300.237,12,2
t-10-028,10,delay_tolerant,1.111,0.0,8.627,0.718,168.71,12,2
t-10-029,10,delay_tolerant,0.929,0.0,3.149,0.572,442.782,13,2
t-10-030,10,delay_tolerant,1.153,0.0,3.541,0.494,353.488,12,2
t-10-031,10,delay_tolerant,1.119,0.0,7.31,0.374,161.099,14,2
t-10-032,10,delay_tolerant,1.054,0.0,3.512,0.724,381.675,13,2
t-10-033,10,delay_tolerant,1.045,0.0,3.959,0.63,135.806,14,2
t-10-034,10,delay_tolerant,1.165,0.0,6.393,0.696,174.032,12,2
t-10-035,10,delay_tolerant,0.872,0.0,7.272,0.552,231.427,12,2
t-10-036,10,delay_tolerant,0.916,0.0,4.084,0.839,465.756,13,2
t-10-037,10,delay_tolerant,1.049,0.0,4.519,0.575,427.948,12,2
t-10-038,10,delay_tolerant,1.123,0.0,6.648,0.596,198.075,14,2
t-10-039,10,delay_tolerant,0.99,0.0,5.461,0.348,336.037,14,2
t-10-040,10,delay_tolerant,1.153,0.0,4.669,0.677,415.244,12,2
t-10-041,10,delay_tolerant,0.82,0.0,3.89,0.692,133.22,12,2
t-10-042,10,delay_tolerant,1.067,0.0,8.028,0.479,451.338,12,2
t-10-043,10,delay_tolerant,0.844,0.0,8.962,0.397,222.377,12,2
t-10-044,10,delay_tolerant,1.077,0.0,6.57,0.772,183.871,14,2
t-10-045,10,delay_tolerant,1.1,0.0,5.161,0.322,396.664,13,2
t-10-046,10,delay_tolerant,0.947,0.0,5.274,0.341,273.837,13,2
t-10-047,10,delay_tolerant,0.826,0.0,5.825,0.373,429.387,14,2
t-10-048,10,delay_tolerant,1.011,0.0,6.148,0.717,340.339,13,2
t-10-049,10,delay_tolerant,1.029,0.0,8.876,0.617,151.561,12,2
t-10-050,10,delay_tolerant,1.075,0.0,8.603,0.892,223.387,14,2
t-10-051,10,delay_tolerant,1.139,0.0,4.558,0.645,344.368,14,2
t-10-052,10,delay_tolerant,1.046,0.0,5.978,0.738,299.187,12,2
t-10-053,10,delay_tolerant,1.153,0.0,4.396,0.474,189.68,12,2
t-10-054,10,delay_tolerant,0.81,0.0,6.753,0.371,425.305,12,2
t-10-055,10,delay_tolerant,1.2,0.0,5.484,0.5,321.75,14,2
t-10-056,10,delay_tolerant,0.885,0.0,6.844,0.714,211.59,14,2
t-10-057,10,delay_tolerant,0.923,0.0,6.04,0.494,122.207,12,2
t-10-058,10,delay_tolerant,0.933,0.0,5.376,0.641,465.641,14,2
t-10-059,10,delay_tolerant,0.878,0.0,8.003,0.853,292.479,12,2
t-10-060,10,delay_tolerant,1.119,0.0,6.874,0.589,345.792,13,2
t-10-061,10,delay_tolerant,1.158,0.0,5.775,0.788,454.004,14,2
t-10-062,10,delay_tolerant,1.134,0.0,4.796,0.735,233.581,12,2
t-10-063,10,delay_tolerant,0.807,0.0,6.464,0.499,449.827,14,2
t-10-064,10,delay_tolerant,0.826,0.0,3.896,0.804,242.095,13,2
t-10-065,10,delay_tolerant,1.051,0.0,8.054,0.643,260.244,13,2
t-10-066,10,delay_tolerant,0.847,0.0,7.694,0.485,428.815,14,2
t-10-067,10,delay_tolerant,0.813,0.0,5.483,0.598,205.551,14,2
t-10-068,10,delay_tolerant,1.132,0.0,4.816,0.615,183.005,13,2
t-10-069,10,delay_tolerant,1.114,0.0,7.667,0.848,279.759,13,2
t-10-070,10,delay_tolerant,1.12,0.0,8.43,0.392,242.442,12,2
g-10-000,10,token_batch,0.55,0.986,11.273,1.262,4200.0,15,1
g-10-001,10,token_batch,0.593,1.11,17.927,0.923,4567.0,12,1
g-10-002,10,token_batch,0.355,1.319,9.158,0.987,3081.0,12,1
g-10-003,10,token_batch,0.539,1.323,11.333,1.334,4014.0,12,1
g-10-004,10,token_batch,0.506,1.247,8.225,1.255,3332.0,12,1
g-10-005,10,token_batch,0.28,0.972,13.323,1.264,2514.0,13,1
g-10-006,10,token_batch,0.26,0.964,8.153,1.174,2316.0,12,1
g-10-007,10,token_batch,0.283,1.01,11.185,0.885,1619.0,16,1
g-10-008,10,token_batch,0.298,0.843,14.133,1.003,3551.0,14,1
g-10-009,10,token_batch,0.252,1.082,14.755,0.864,1407.0,15,1
g-10-010,10,token_batch,0.371,0.907,13.961,1.156,1552.0,12,1
g-10-011,10,token_batch,0.342,0.999,9.981,1.255,3724.0,15,1
g-10-012,10,token_batch,0.589,1.253,12.657,0.879,1521.0,16,1
g-10-013,10,token_batch,0.382,1.211,15.102,1.079,1598.0,15,1
g-10-014,10,token_batch,0.257,1.337,10.581,1.018,2116.0,13,1
g-10-015,10,token_batch,0.567,0.998,16.608,0.995,4065.0,13,1
g-10-016,10,token_batch,0.226,0.868,12.787,1.307,1323.0,15,1
g-10-017,10,token_batch,0.339,1.145,13.079,1.043,4345.0,14,1
g-10-018,10,token_batch,0.422,0.843,11.021,1.077,2534.0,12,1
g-10-019,10,token_batch,0.295,0.946,9.59,1.089,2893.0,16,1
g-10-020,10,token_batch,0.283,1.216,12.311,1.388,2595.0,12,1
g-10-021,10,token_batch,0.337,1.216,9.731,1.202,4424.0,16,1
g-10-022,10,token_batch,0.395,1.155,12.629,1.133,4627.0,16,1
g-10-023,10,token_batch,0.323,1.043,13.983,1.211,1921.0,15,1
g-10-024,10,token_batch,0.528,0.996,14.45,0.837,4359.0,16,1
g-10-025,10,token_batch,0.256,1.148,15.55,1.286,4546.0,13,1
g-10-026,10,token_batch,0.26,1.119,11.9,1.147,3906.0,13,1
g-10-027,10,token_batch,0.473,0.99,13.703,1.348,2042.0,13,1
g-10-028,10,token_batch,0.487,1.349,17.903,1.15,2980.0,14,1
g-10-029,10,token_batch,0.362,0.877,10.942,1.022,3290.0,16,1
g-10-030,10,token_batch,0.2,1.136,17.787,0.866,1417.0,16,1
g-10-031,10,token_batch,0.212,1.059,13.902,1.175,4745.0,14,1
g-10-032,10,token_batch,0.353,1.127,14.625,1.085,2863.0,15,1
g-10-033,10,token_batch,0.354,1.355,16.4,0.893,3475.0,13,1
g-10-034,10,token_batch,0.205,1.189,9.44,1.331,1750.0,13,1
s-11-000,11,delay_sensitive,1.229,0.0,9.85,0.481,0.0,12,3
s-11-001,11,delay_sensitive,0.969,0.0,8.836,0.916,0.0,12,3
s-11-002,11,delay_sensitive,1.347,0.0,8.172,0.958,0.0,12,3
s-11-003,11,delay_sensitive,1.212,0.0,6.726,0.654,0.0,12,3
s-11-004,11,delay_sensitive,1.31,0.0,6.308,0.535,0.0,12,3
s-11-005,11,delay_sensitive,1.112,0.0,4.045,0.699,0.0,12,3
s-11-006,11,delay_sensitive,1.265,0.0,8.273,0.562,0.0,12,3
s-11-007,11,delay_sensitive,1.363,0.0,7.458,0.42,0.0,12,3
s-11-008,11,delay_sensitive,0.919,0.0,6.9,0.621,0.0,12,3
s-11-009,11,delay_sensitive,1.19,0.0,9.77,0.448,0.0,12,3
s-11-010,11,delay_sensitive,1.265,0.0,7.158,0.916,0.0,12,3
s-11-011,11,delay_sensitive,1.275,0.0,5.677,0.71,0.0,12,3
s-11-012,11,delay_sensitive,1.162,0.0,7.66,0.547,0.0,12,3
s-11-013,11,delay_sensitive,1.215,0.0,7.982,0.801,0.0,12,3
s-11-014,11,delay_sensitive,1.242,0.0,7.235,0.748,0.0,12,3
s-11-015,11,delay_sensitive,1.207,0.0,9.422,0.721,0.0,12,3
s-11-016,11,delay_sensitive,0.905,0.0,6.724,0.944,0.0,12,3
s-11-017,11,delay_sensitive,1.187,0.0,5.989,0.612,0.0,12,3
s-11-018,11,delay_sensitive,1.389,0.0,5.768,0.501,0.0,12,3
s-11-019,11,delay_sensitive,1.248,0.0,7.586,0.582,0.0,12,3
s-11-020,11,delay_sensitive,1.293,0.0,5.563,0.778,0.0,12,3
s-11-021,11,delay_sensitive,1.189,0.0,7.437,0.794,0.0,12,3
s-11-022,11,delay_sensitive,1.046,0.0,8.424,0.416,0.0,12,3
s-11-023,11,delay_sensitive,1.142,0.0,4.761,0.446,0.0,12,3
s-11-024,11,delay_sensitive,1.292,0.0,5.512,0.769,0.0,12,3
s-11-025,11,delay_sensitive,1.038,0.0,5.542,0.845,0.0,12,3
s-11-026,11,delay_sensitive,1.202,0.0,9.461,0.843,0.0,12,3
s-11-027,11,delay_sensitive,1.23,0.0,6.219,0.505,0.0,12,3
s-11-028,11,delay_sensitive,1.291,0.0,5.417,0.508,0.0,12,3
s-11-029,11,delay_sensitive,1.164,0.0,4.199,0.99,0.0,12,3
s-11-030,11,delay_sensitive,1.384,0.0,7.573,0.893,0.0,12,3
s-11-031,11,delay_sensitive,1.319,0.0,8.517,0.648,0.0,12,3
s-11-032,11,delay_sensitive,1.092,0.0,7.964,0.836,0.0,12,3
s-11-033,11,delay_sensitive,0.984,0.0,7.467,0.905,0.0,12,3
s-11-034,11,delay_sensitive,0.927,0.0,5.586,0.892,0.0,12,3
s-11-035,11,delay_sensitive,0.926,0.0,6.784,0.686,0.0,12,3
s-11-036,11,delay_sensitive,1.138,0.0,9.69,0.953,0.0,12,3
s-11-037,11,delay_sensitive,1.017,0.0,8.101,0.634,0.0,12,3
s-11-038,11,delay_sensitive,1.031,0.0,7.183,0.661,0.0,12,3
s-11-039,11,delay_sensitive,1.044,0.0,8.784,0.629,0.0,12,3
s-11-040,11,delay_sensitive,1.058,0.0,7.182,0.974,0.0,12,3
s-11-041,11,delay_sensitive,0.949,0.0,7.188,0.612,0.0,12,3
s-11-042,11,delay_sensitive,1.322,0.0,7.663,0.791,0.0,12,3
s-11-043,11,delay_sensitive,1.036,0.0,5.622,0.881,0.0,12,3
s-11-044,11,delay_sensitive,1.028,0.0,7.505,0.677,0.0,12,3
s-11-045,11,delay_sensitive,1.238,0.0,5.451,0.803,0.0,12,3
s-11-046,11,delay_sensitive,1.285,0.0,7.12,0.807,0.0,12,3
s-11-047,11,delay_sensitive,1.397,0.0,5.88,0.406,0.0,12,3
s-11-048,11,delay_sensitive,0.904,0.0,4.408,0.647,0.0,12,3
s-11-049,11,delay_sensitive,1.163,0.0,8.113,0.611,0.0,12,3
s-11-050,11,delay_sensitive,1.263,0.0,5.511,0.42,0.0,12,3
s-11-051,11,delay_sensitive,1.21,0.0,4.341,0.756,0.0,12,3
s-11-052,11,delay_sensitive,1.347,0.0,5.301,0.76,0.0,12,3
s-11-053,11,delay_sensitive,0.961,0.0,9.747,0.452,0.0,12,3
s-11-054,11,delay_sensitive,1.202,0.0,6.256,0.858,0.0,12,3
s-11-055,11,delay_sensitive,1.224,0.0,8.819,0.511,0.0,12,3
s-11-056,11,delay_sensitive,0.955,0.0,5.106,0.577,0.0,12,3
s-11-057,11,delay_sensitive,1.23,0.0,4.454,0.672,0.0,12,3
s-11-058,11,delay_sensitive,1.398,0.0,8.616,0.815,0.0,12,3
s-11-059,11,delay_sensitive,1.234,0.0,8.621,0.554,0.0,12,3
s-11-060,11,delay_sensitive,1.29,0.0,5.664,0.437,0.0,12,3
s-11-061,11,delay_sensitive,1.094,0.0,9.976,0.555,0.0,12,3
s-11-062,11,delay_sensitive,1.306,0.0,5.068,0.442,0.0,12,3
s-11-063,11,delay_sensitive,1.39,0.0,5.204,0.636,0.0,12,3
s-11-064,11,delay_sensitive,1.223,0.0,4.651,0.724,0.0,12,3
s-11-065,11,delay_sensitive,1.116,0.0,7.684,0.464,0.0,12,3
s-11-066,11,delay_sensitive,1.121,0.0,5.554,0.421,0.0,12,3
s-11-067,11,delay_sensitive,0.935,0.0,8.365,0.866,0.0,12,3
s-11-068,11,delay_sensitive,0.909,0.0,6.986,0.792,0.0,12,3
s-11-069,11,delay_sensitive,0.9,0.0,4.227,0.634,0.0,12,3
s-11-070,11,delay_sensitive,0.976,0.0,5.979,0.635,0.0,12,3
s-11-071,11,delay_sensitive,0.902,0.0,8.246,0.863,0.0,12,3
s-11-072,11,delay_sensitive,1.139,0.0,6.423,0.837,0.0,12,3
s-11-073,11,delay_sensitive,1.306,0.0,4.421,0.536,0.0,12,3
s-11-074,11,delay_sensitive,1.092,0.0,8.136,0.868,0.0,12,3
s-11-075,11,delay_sensitive,0.961,0.0,7.212,0.995,0.0,12,3
s-11-076,11,delay_sensitive,1.067,0.0,5.817,0.433,0.0,12,3
s-11-077,11,delay_sensitive,1.399,0.0,7.882,0.619,0.0,12,3
s-11-078,11,delay_sensitive,1.327,0.0,6.04,0.905,0.0,12,3
s-11-079,11,delay_sensitive,1.28,0.0,5.74,0.522,0.0,12,3
s-11-080,11,delay_sensitive,1.177,0.0,9.805,0.796,0.0,12,3
s-11-081,11,delay_sensitive,1.049,0.0,6.341,0.464,0.0,12,3
s-11-082,11,delay_sensitive,1.244,0.0,6.919,0.931,0.0,12,3
s-11-083,11,delay_sensitive,1.119,0.0,5.137,0.421,0.0,12,3
s-11-084,11,delay_sensitive,0.913,0.0,9.978,0.543,0.0,12,3
s-11-085,11,delay_sensitive,1.094,0.0,8.756,0.786,0.0,12,3
s-11-086,11,delay_sensitive,1.15,0.0,9.79,0.887,0.0,12,3
s-11-087,11,delay_sensitive,1.383,0.0,4.099,0.604,0.0,12,3
s-11-088,11,delay_sensitive,1.069,0.0,8.326,0.643,0.0,12,3
s-11-089,11,delay_sensitive,1.006,0.0,7.923,0.714,0.0,12,3
s-11-090,11,delay_sensitive,1.37,0.0,9.221,0.722,0.0,12,3
s-11-091,11,delay_sensitive,1.271,0.0,5.398,0.443,0.0,12,3
s-11-092,11,delay_sensitive,1.268,0.0,6.933,0.411,0.0,12,3
s-11-093,11,delay_sensitive,1.354,0.0,7.71,0.546,0.0,12,3
s-11-094,11,delay_sensitive,1.224,0.0,4.086,0.78,0.0,12,3
s-11-095,11,delay_sensitive,1.352,0.0,8.924,0.458,0.0,12,3
s-11-096,11,delay_sensitive,1.206,0.0,9.012,0.438,0.0,12,3
s-11-097,11,delay_sensitive,1.309,0.0,4.685,0.757,0.0,12,3
s-11-098,11,delay_sensitive,1.208,0.0,4.379,0.522,0.0,12,3
s-11-099,11,delay_sensitive,1.069,0.0,9.015,0.843,0.0,12,3
s-11-100,11,delay_sensitive,1.101,0.0,4.725,0.81,0.0,12,3
s-11-101,11,delay_sensitive,1.173,0.0,5.93,0.979,0.0,12,3
s-11-102,11,delay_sensitive,1.007,0.0,4.274,0.504,0.0,12,3
s-11-103,11,delay_sensitive,0.932,0.0,5.643,0.855,0.0,12,3
s-11-104,11,delay_sensitive,0.984,0.0,6.22,0.499,0.0,12,3
s-11-105,11,delay_sensitive,1.022,0.0,7.492,0.48,0.0,12,3
s-11-106,11,delay_sensitive,1.296,0.0,7.793,0.626,0.0,12,3
s-11-107,11,delay_sensitive,0.979,0.0,9.278,0.448,0.0,12,3
s-11-108,11,delay_sensitive,0.904,0.0,9.557,0.824,0.0,12,3
s-11-109,11,delay_sensitive,1.197,0.0,5.702,0.816,0.0,12,3
s-11-110,11,delay_sensitive,1.296,0.0,6.856,0.476,0.0,12,3
s-11-111,11,delay_sensitive,0.972,0.0,5.626,0.67,0.0,12,3
s-11-112,11,delay_sensitive,1.02,0.0,5.047,0.815,0.0,12,3
s-11-113,11,delay_sensitive,1.198,0.0,8.303,0.767,0.0,12,3
s-11-114,11,delay_sensitive,0.944,0.0,8.959,0.581,0.0,12,3
s-11-115,11,delay_sensitive,1.109,0.0,7.346,0.515,0.0,12,3
s-11-116,11,delay_sensitive,1.393,0.0,9.861,0.771,0.0,12,3
s-11-117,11,delay_sensitive,1.331,0.0,9.921,0.705,0.0,12,3
s-11-118,11,delay_sensitive,1.132,0.0,7.759,0.525,0.0,12,3
s-11-119,11,delay_sensitive,0.927,0.0,4.676,0.49,0.0,12,3
s-11-120,11,delay_sensitive,1.322,0.0,9.469,0.699,0.0,12,3
s-11-121,11,delay_sensitive,0.98,0.0,9.536,0.432,0.0,12,3
s-11-122,11,delay_sensitive,1.082,0.0,5.258,0.551,0.0,12,3
s-11-123,11,delay_sensitive,1.208,0.0,9.34,0.672,0.0,12,3
s-11-124,11,delay_sensitive,0.952,0.0,4.315,0.722,0.0,12,3
s-11-125,11,delay_sensitive,0.979,0.0,4.174,0.709,0.0,12,3
s-11-126,11,delay_sensitive,0.935,0.0,5.412,0.667,0.0,12,3
s-11-127,11,delay_sensitive,1.19,0.0,6.514,0.848,0.0,12,3
s-11-128,11,delay_sensitive,1.349,0.0,5.38,0.466,0.0,12,3
s-11-129,11,delay_sensitive,1.014,0.0,5.423,0.648,0.0,12,3
s-11-130,11,delay_sensitive,1.0,0.0,9.348,0.444,0.0,12,3
s-11-131,11,delay_sensitive,1.193,0.0,4.326,0.662,0.0,12,3
s-11-132,11,delay_sensitive,1.008,0.0,7.657,0.507,0.0,12,3
s-11-133,11,delay_sensitive,1.087,0.0,6.746,0.516,0.0,12,3
s-11-134,11,delay_sensitive,1.079,0.0,5.618,0.602,0.0,12,3
s-11-135,11,delay_sensitive,0.916,0.0,7.412,0.568,0.0,12,3
t-11-000,11,delay_tolerant,1.141,0.0,5.751,0.403,243.687,13,2
t-11-001,11,delay_tolerant,1.041,0.0,7.737,0.683,340.15,14,2
t-11-002,11,delay_tolerant,1.031,0.0,6.317,0.438,268.211,13,2
t-11-003,11,delay_tolerant,0.996,0.0,8.974,0.655,421.316,15,2
t-11-004,11,delay_tolerant,0.806,0.0,5.569,0.824,209.219,14,2
t-11-005,11,delay_tolerant,1.032,0.0,8.351,0.655,173.629,14,2
t-11-006,11,delay_tolerant,1.159,0.0,5.507,0.327,476.858,15,2
t-11-007,11,delay_tolerant,1.107,0.0,3.202,0.619,292.537,15,2
t-11-008,11,delay_tolerant,1.129,0.0,5.715,0.444,321.055,15,2
t-11-009,11,delay_tolerant,1.077,0.0,5.44,0.431,249.026,13,2
t-11-010,11,delay_tolerant,1.059,0.0,3.544,0.588,229.741,13,2
t-11-011,11,delay_tolerant,0.984,0.0,6.422,0.65,471.511,15,2
t-11-012,11,delay_tolerant,1.109,0.0,8.245,0.543,404.349,14,2
t-11-013,11,delay_tolerant,1.051,0.0,7.223,0.301,345.83,14,2
t-11-014,11,delay_tolerant,1.157,0.0,4.997,0.32,273.325,14,2
t-11-015,11,delay_tolerant,1.079,0.0,6.675,0.645,194.573,14,2
t-11-016,11,delay_tolerant,0.832,0.0,8.285,0.741,139.732,15,2
t-11-017,11,delay_tolerant,0.946,0.0,3.309,0.53,287.527,15,2
t-11-018,11,delay_tolerant,0.946,0.0,4.052,0.635,144.122,13,2
t-11-019,11,delay_tolerant,1.109,0.0,3.83,0.501,314.268,15,2
t-11-020,11,delay_tolerant,0.991,0.0,8.635,0.648,465.277,15,2
t-11-021,11,delay_tolerant,1.101,0.0,7.565,0.492,443.256,13,2
t-11-022,11,delay_tolerant,1.072,0.0,4.663,0.338,244.282,15,2
t-11-023,11,delay_tolerant,1.001,0.0,7.977,0.582,311.486,14,2
t-11-024,11,delay_tolerant,1.16,0.0,5.712,0.521,362.39,15,2
t-11-025,11,delay_tolerant,1.124,0.0,8.645,0.339,441.085,15,2
t-11-026,11,delay_tolerant,0.835,0.0,5.344,0.407,464.972,14,2
t-11-027,11,delay_tolerant,0.844,0.0,4.656,0.718,298.678,13,2
t-11-028,11,delay_tolerant,1.008,0.0,6.764,0.476,469.047,13,2
t-11-029,11,delay_tolerant,1.173,0.0,5.843,0.552,385.575,15,2
t-11-030,11,delay_tolerant,0.917,0.0,3.378,0.823,203.638,13,2
t-11-031,11,delay_tolerant,1.058,0.0,5.47,0.506,352.578,15,2
t-11-032,11,delay_tolerant,0.994,0.0,6.995,0.618,317.449,14,2
t-11-033,11,delay_tolerant,0.922,0.0,3.792,0.774,181.825,14,2
t-11-034,11,delay_tolerant,0.891,0.0,5.231,0.473,424.385,14,2
t-11-035,11,delay_tolerant,0.941,0.0,5.736,0.4,452.687,13,2
t-11-036,11,delay_tolerant,1.014,0.0,4.094,0.405,374.92,15,2
t-11-037,11,delay_tolerant,1.118,0.0,3.968,0.37,477.758,15,2
t-11-038,11,delay_tolerant,0.851,0.0,4.562,0.411,322.495,15,2
t-11-039,11,delay_tolerant,1.066,0.0,8.868,0.389,281.434,13,2
t-11-040,11,delay_tolerant,1.013,0.0,3.729,0.315,455.185,13,2
t-11-041,11,delay_tolerant,1.179,0.0,8.567,0.394,469.254,13,2
t-11-042,11,delay_tolerant,1.19,0.0,4.988,0.723,290.608,15,2
t-11-043,11,delay_tolerant,1.188,0.0,7.525,0.896,360.08,14,2
t-11-044,11,delay_tolerant,1.091,0.0,8.534,0.503,160.434,15,2
t-11-045,11,delay_tolerant,1.16,0.0,3.837,0.631,230.91,14,2
t-11-046,11,delay_tolerant,1.047,0.0,4.322,0.514,237.492,14,2
t-11-047,11,delay_tolerant,1.057,0.0,6.501,0.433,456.839,15,2
t-11-048,11,delay_tolerant,0.878,0.0,3.502,0.81,363.743,14,2
t-11-049,11,delay_tolerant,1.19,0.0,5.367,0.594,337.142,13,2
t-11-050,11,delay_tolerant,1.177,0.0,8.451,0.517,173.261,15,2
t-11-051,11,delay_tolerant,0.948,0.0,5.237,0.471,246.488,14,2
t-11-052,11,delay_tolerant,1.15,0.0,3.526,0.737,279.919,14,2
t-11-053,11,delay_tolerant,1.121,0.0,4.732,0.783,469.33,14,2
t-11-054,11,delay_tolerant,1.091,0.0,5.485,0.801,335.257,14,2
t-11-055,11,delay_tolerant,0.883,0.0,5.848,0.821,475.19,13,2
t-11-056,11,delay_tolerant,1.173,0.0,6.544,0.525,122.383,13,2
t-11-057,11,delay_tolerant,1.166,0.0,5.487,0.633,375.689,15,2
t-11-058,11,delay_tolerant,0.88,0.0,7.994,0.474,296.611,13,2
t-11-059,11,delay_tolerant,1.134,0.0,4.823,0.636,286.843,14,2
t-11-060,11,delay_tolerant,1.116,0.0,3.924,0.48,350.6,13,2
t-11-061,11,delay_tolerant,0.989,0.0,6.923,0.836,270.176,15,2
t-11-062,11,delay_tolerant,1.163,0.0,6.869,0.317,395.299,14,2
t-11-063,11,delay_tolerant,1.198,0.0,3.4,0.747,329.184,14,2
t-11-064,11,delay_tolerant,0.974,0.0,4.547,0.712,470.733,15,2
t-11-065,11,delay_tolerant,0.949,0.0,7.398,0.311,213.433,13,2
t-11-066,11,delay_tolerant,0.823,0.0,4.918,0.827,168.779,15,2
t-11-067,11,delay_tolerant,0.821,0.0,5.167,0.682,463.856,13,2
t-11-068,11,delay_tolerant,0.916,0.0,6.178,0.862,304.992,13,2
t-11-069,11,delay_tolerant,0.873,0.0,3.567,0.752,315.736,15,2
t-11-070,11,delay_tolerant,1.131,0.0,7.11,0.481,366.76,14,2
t-11-071,11,delay_tolerant,0.945,0.0,6.207,0.511,171.738,15,2
t-11-072,11,delay_tolerant,1.007,0.0,5.238,0.591,242.513,13,2
t-11-073,11,delay_tolerant,0.841,0.0,3.927,0.433,187.83,13,2
g-11-000,11,token_batch,0.476,1.371,16.461,1.228,3712.0,17,1
g-11-001,11,token_batch,0.384,0.846,16.188,1.354,2909.0,13,1
g-11-002,11,token_batch,0.325,1.018,16.17,1.334,2626.0,16,1
g-11-003,11,token_batch,0.505,1.005,15.099,0.817,3342.0,17,1
g-11-004,11,token_batch,0.251,1.217,14.88,0.984,2110.0,13,1
g-11-005,11,token_batch,0.592,1.055,15.63,0.867,1733.0,14,1
g-11-006,11,token_batch,0.394,1.059,9.964,0.82,4373.0,13,1
g-11-007,11,token_batch,0.224,0.871,10.53,0.84,3629.0,17,1
g-11-008,11,token_batch,0.239,0.874,14.018,1.153,4290.0,13,1
g-11-009,11,token_batch,0.468,0.818,9.456,1.248,1956.0,14,1
g-11-010,11,token_batch,0.339,0.896,13.006,1.237,3574.0,15,1
g-11-011,11,token_batch,0.428,0.859,13.781,0.808,3268.0,14,1
g-11-012,11,token_batch,0.277,0.969,17.017,1.122,4131.0,14,1
g-11-013,11,token_batch,0.568,1.311,12.747,1.219,2076.0,13,1
g-11-014,11,token_batch,0.469,0.864,16.347,1.389,3000.0,14,1
g-11-015,11,token_batch,0.406,1.045,15.614,0.989,2077.0,16,1
g-11-016,11,token_batch,0.408,1.097,11.613,0.973,1651.0,16,1
g-11-017,11,token_batch,0.331,0.869,10.836,1.16,1536.0,13,1
g-11-018,11,token_batch,0.59,1.066,13.539,0.974,4014.0,15,1
g-11-019,11,token_batch,0.543,1.337,16.024,1.363,1973.0,16,1
g-11-020,11,token_batch,0.205,1.204,14.721,1.038,1934.0,15,1
g-11-021,11,token_batch,0.471,0.872,11.948,1.217,3897.0,17,1
g-11-022,11,token_batch,0.57,1.387,8.647,1.385,4236.0,13,1
g-11-023,11,token_batch,0.438,1.394,9.228,1.303,2020.0,15,1
g-11-024,11,token_batch,0.506,1.26,13.936,1.254,2340.0,16,1
g-11-025,11,token_batch,0.39,1.162,12.044,1.091,2658.0,16,1
g-11-026,11,token_batch,0.507,0.865,10.507,1.098,1803.0,15,1
g-11-027,11,token_batch,0.24,0.832,8.682,1.207,1321.0,14,1
g-11-028,11,token_batch,0.442,0.996,11.028,1.174,2767.0,14,1
g-11-029,11,token_batch,0.501,1.261,15.927,0.921,3907.0,13,1
g-11-030,11,token_batch,0.402,1.125,16.095,1.124,3208.0,16,1
g-11-031,11,token_batch,0.213,1.058,17.149,1.03,4329.0,13,1
g-11-032,11,token_batch,0.351,1.076,8.329,1.134,4693.0,15,1
g-11-033,11,token_batch,0.266,1.058,11.125,1.033,4092.0,15,1
g-11-034,11,token_batch,0.47,1.196,14.854,1.143,3530.0,13,1
g-11-035,11,token_batch,0.542,1.104,11.914,1.097,3502.0,16,1
g-11-036,11,token_batch,0.471,1.26,10.844,0.837,3726.0,16,1
g-11-037,11,token_batch,0.251,1.02,16.096,1.15,1384.0,17,1
s-12-000,12,delay_sensitive,1.283,0.0,7.751,0.628,0.0,13,3
s-12-001,12,delay_sensitive,1.114,0.0,9.952,0.647,0.0,13,3
s-12-002,12,delay_sensitive,0.928,0.0,5.465,0.541,0.0,13,3
s-12-003,12,delay_sensitive,1.056,0.0,4.51,0.813,0.0,13,3
s-12-004,12,delay_sensitive,1.334,0.0,4.687,0.502,0.0,13,3
s-12-005,12,delay_sensitive,1.169,0.0,4.224,0.795,0.0,13,3
s-12-006,12,delay_sensitive,1.111,0.0,7.089,0.653,0.0,13,3
s-12-007,12,delay_sensitive,0.91,0.0,6.818,0.413,0.0,13,3
s-12-008,12,delay_sensitive,1.058,0.0,7.422,0.593,0.0,13,3
s-12-009,12,delay_sensitive,0.949,0.0,6.93,0.815,0.0,13,3
s-12-010,12,delay_sensitive,1.003,0.0,6.98,0.887,0.0,13,3
s-12-011,12,delay_sensitive,1.234,0.0,5.0,0.58,0.0,13,3
s-12-012,12,delay_sensitive,1.385,0.0,5.211,0.781,0.0,13,3
s-12-013,12,delay_sensitive,1.387,0.0,4.452,0.91,0.0,13,3
s-12-014,12,delay_sensitive,1.007,0.0,5.591,0.578,0.0,13,3
s-12-015,12,delay_sensitive,1.187,0.0,8.828,0.775,0.0,13,3
s-12-016,12,delay_sensitive,1.379,0.0,8.306,0.747,0.0,13,3
s-12-017,12,delay_sensitive,1.196,0.0,5.64,0.74,0.0,13,3
s-12-018,12,delay_sensitive,1.166,0.0,6.563,0.608,0.0,13,3
s-12-019,12,delay_sensitive,0.938,0.0,8.942,0.703,0.0,13,3
s-12-020,12,delay_sensitive,1.05,0.0,7.981,0.588,0.0,13,3
s-12-021,12,delay_sensitive,1.107,0.0,5.508,0.709,0.0,13,3
s-12-022,12,delay_sensitive,1.236,0.0,7.285,0.929,0.0,13,3
s-12-023,12,delay_sensitive,1.214,0.0,7.097,0.512,0.0,13,3
s-12-024,12,delay_sensitive,1.15,0.0,7.965,0.894,0.0,13,3
s-12-025,12,delay_sensitive,1.369,0.0,5.608,0.783,0.0,13,3
s-12-026,12,delay_sensitive,1.304,0.0,9.117,0.944,0.0,13,3
s-12-027,12,delay_sensitive,1.367,0.0,8.36,0.436,0.0,13,3
s-12-028,12,delay_sensitive,1.0,0.0,6.775,0.544,0.0,13,3
s-12-029,12,delay_sensitive,1.273,0.0,8.593,0.906,0.0,13,3
s-12-030,12,delay_sensitive,1.105,0.0,9.161,0.947,0.0,13,3
s-12-031,12,delay_sensitive,1.217,0.0,9.076,0.56,0.0,13,3
s-12-032,12,delay_sensitive,1.044,0.0,4.964,0.812,0.0,13,3
s-12-033,12,delay_sensitive,1.018,0.0,5.431,0.49,0.0,13,3
s-12-034,12,delay_sensitive,0.914,0.0,8.782,0.586,0.0,13,3
s-12-035,12,delay_sensitive,1.143,0.0,9.948,0.653,0.0,13,3
s-12-036,12,delay_sensitive,1.353,0.0,5.212,0.564,0.0,13,3
s-12-037,12,delay_sensitive,0.915,0.0,8.738,0.567,0.0,13,3
s-12-038,12,delay_sensitive,1.175,0.0,7.866,0.425,0.0,13,3
s-12-039,12,delay_sensitive,1.261,0.0,8.693,0.433,0.0,13,3
s-12-040,12,delay_sensitive,1.348,0.0,5.883,0.579,0.0,13,3
s-12-041,12,delay_sensitive,0.932,0.0,9.731,0.938,0.0,13,3
s-12-042,12,delay_sensitive,1.236,0.0,9.314,0.638,0.0,13,3
s-12-043,12,delay_sensitive,1.32,0.0,9.057,0.542,0.0,13,3
s-12-044,12,delay_sensitive,1.185,0.0,7.001,0.472,0.0,13,3
s-12-045,12,delay_sensitive,1.232,0.0,7.483,0.865,0.0,13,3
s-12-046,12,delay_sensitive,1.163,0.0,6.979,0.454,0.0,13,3
s-12-047,12,delay_sensitive,1.2,0.0,8.639,0.588,0.0,13,3
s-12-048,12,delay_sensitive,1.316,0.0,8.423,0.884,0.0,13,3
s-12-049,12,delay_sensitive,1.272,0.0,9.613,0.531,0.0,13,3
s-12-050,12,delay_sensitive,0.953,0.0,5.285,0.565,0.0,13,3
s-12-051,12,delay_sensitive,1.104,0.0,9.177,0.434,0.0,13,3
s-12-052,12,delay_sensitive,1.167,0.0,8.198,0.468,0.0,13,3
s-12-053,12,delay_sensitive,1.173,0.0,6.849,0.548,0.0,13,3
s-12-054,12,delay_sensitive,1.039,0.0,8.706,0.487,0.0,13,3
s-12-055,12,delay_sensitive,1.138,0.0,6.206,0.585,0.0,13,3
s-12-056,12,delay_sensitive,1.223,0.0,9.431,0.421,0.0,13,3
s-12-057,12,delay_sensitive,1.27,0.0,8.794,0.433,0.0,13,3
s-12-058,12,delay_sensitive,1.359,0.0,8.03,0.552,0.0,13,3
s-12-059,12,delay_sensitive,1.092,0.0,7.834,0.82,0.0,13,3
s-12-060,12,delay_sensitive,1.352,0.0,8.111,0.721,0.0,13,3
s-12-061,12,delay_sensitive,1.018,0.0,6.654,0.405,0.0,13,3
s-12-062,12,delay_sensitive,1.38,0.0,9.565,0.951,0.0,13,3
s-12-063,12,delay_sensitive,1.05,0.0,9.618,0.854,0.0,13,3
s-12-064,12,delay_sensitive,1.049,0.0,9.157,0.496,0.0,13,3
s-12-065,12,delay_sensitive,1.119,0.0,5.903,0.887,0.0,13,3
s-12-066,12,delay_sensitive,1.222,0.0,8.736,0.564,0.0,13,3
s-12-067,12,delay_sensitive,0.94,0.0,8.677,0.695,0.0,13,3
s-12-068,12,delay_sensitive,1.268,0.0,9.559,0.6,0.0,13,3
s-12-069,12,delay_sensitive,1.111,0.0,9.511,0.46,0.0,13,3
s-12-070,12,delay_sensitive,0.98,0.0,5.566,0.44,0.0,13,3
s-12-071,12,delay_sensitive,1.11,0.0,8.375,0.729,0.0,13,3
s-12-072,12,delay_sensitive,1.063,0.0,8.171,0.857,0.0,13,3
s-12-073,12,delay_sensitive,1.221,0.0,5.102,0.666,0.0,13,3
s-12-074,12,delay_sensitive,1.221,0.0,4.018,0.52,0.0,13,3
s-12-075,12,delay_sensitive,1.053,0.0,7.455,0.466,0.0,13,3
s-12-076,12,delay_sensitive,1.025,0.0,8.281,0.861,0.0,13,3
s-12-077,12,delay_sensitive,1.225,0.0,4.781,0.756,0.0,13,3
s-12-078,12,delay_sensitive,1.105,0.0,9.637,0.671,0.0,13,3
s-12-079,12,delay_sensitive,1.337,0.0,4.801,0.504,0.0,13,3
s-12-080,12,delay_sensitive,1.197,0.0,5.965,0.569,0.0,13,3
s-12-081,12,delay_sensitive,0.942,0.0,6.206,0.636,0.0,13,3
s-12-082,12,delay_sensitive,1.089,0.0,9.008,0.742,0.0,13,3
s-12-083,12,delay_sensitive,0.91,0.0,4.138,0.735,0.0,13,3
s-12-084,12,delay_sensitive,1.206,0.0,5.372,0.453,0.0,13,3
s-12-085,12,delay_sensitive,1.131,0.0,5.571,0.911,0.0,13,3
s-12-086,12,delay_sensitive,0.925,0.0,7.708,0.76,0.0,13,3
s-12-087,12,delay_sensitive,0.975,0.0,9.748,0.502,0.0,13,3
s-12-088,12,delay_sensitive,1.184,0.0,4.085,0.716,0.0,13,3
s-12-089,12,delay_sensitive,1.287,0.0,9.57,0.896,0.0,13,3
s-12-090,12,delay_sensitive,1.147,0.0,5.347,0.522,0.0,13,3
s-12-091,12,delay_sensitive,1.373,0.0,8.88,0.56,0.0,13,3
s-12-092,12,delay_sensitive,1.273,0.0,6.292,0.659,0.0,13,3
s-12-093,12,delay_sensitive,1.003,0.0,5.293,0.894,0.0,13,3
s-12-094,12,delay_sensitive,1.263,0.0,5.136,0.508,0.0,13,3
s-12-095,12,delay_sensitive,1.296,0.0,4.173,0.986,0.0,13,3
s-12-096,12,delay_sensitive,1.018,0.0,6.706,0.549,0.0,13,3
s-12-097,12,delay_sensitive,1.191,0.0,7.883,0.451,0.0,13,3
s-12-098,12,delay_sensitive,1.134,0.0,9.229,0.985,0.0,13,3
s-12-099,12,delay_sensitive,1.099,0.0,5.273,0.63,0.0,13,3
s-12-100,12,delay_sensitive,1.112,0.0,7.583,0.444,0.0,13,3
s-12-101,12,delay_sensitive,1.178,0.0,4.313,0.959,0.0,13,3
s-12-102,12,delay_sensitive,1.135,0.0,6.126,0.764,0.0,13,3
s-12-103,12,delay_sensitive,1.235,0.0,8.813,0.826,0.0,13,3
s-12-104,12,delay_sensitive,1.305,0.0,4.032,0.703,0.0,13,3
s-12-105,12,delay_sensitive,1.09,0.0,9.865,0.803,0.0,13,3
s-12-106,12,delay_sensitive,0.966,0.0,9.353,0.425,0.0,13,3
s-12-107,12,delay_sensitive,0.99,0.0,5.019,0.696,0.0,13,3
s-12-108,12,delay_sensitive,1.07,0.0,6.809,0.454,0.0,13,3
s-12-109,12,delay_sensitive,1.255,0.0,6.598,0.556,0.0,13,3
s-12-110,12,delay_sensitive,1.057,0.0,9.871,0.7,0.0,13,3
s-12-111,12,delay_sensitive,1.387,0.0,5.686,0.616,0.0,13,3
s-12-112,12,delay_sensitive,1.115,0.0,9.417,0.558,0.0,13,3
s-12-113,12,delay_sensitive,1.315,0.0,9.56,0.71,0.0,13,3
s-12-114,12,delay_sensitive,1.118,0.0,4.99,0.842,0.0,13,3
s-12-115,12,delay_sensitive,1.146,0.0,9.7,0.733,0.0,13,3
s-12-116,12,delay_sensitive,1.361,0.0,7.82,0.664,0.0,13,3
s-12-117,12,delay_sensitive,0.994,0.0,4.327,0.51,0.0,13,3
s-12-118,12,delay_sensitive,1.135,0.0,4.981,0.68,0.0,13,3
s-12-119,12,delay_sensitive,0.958,0.0,9.371,0.697,0.0,13,3
s-12-120,12,delay_sensitive,1.121,0.0,9.933,0.737,0.0,13,3
s-12-121,12,delay_sensitive,1.129,0.0,4.675,0.832,0.0,13,3
s-12-122,12,delay_sensitive,0.974,0.0,6.098,0.522,0.0,13,3
s-12-123,12,delay_sensitive,1.042,0.0,9.01,0.85,0.0,13,3
s-12-124,12,delay_sensitive,1.311,0.0,7.379,0.798,0.0,13,3
s-12-125,12,delay_sensitive,1.006,0.0,9.988,0.402,0.0,13,3
s-12-126,12,delay_sensitive,1.283,0.0,5.083,0.952,0.0,13,3
s-12-127,12,delay_sensitive,1.023,0.0,6.989,0.457,0.0,13,3
s-12-128,12,delay_sensitive,1.064,0.0,5.706,0.989,0.0,13,3
s-12-129,12,delay_sensitive,0.961,0.0,6.241,0.957,0.0,13,3
s-12-130,12,delay_sensitive,0.953,0.0,5.941,0.417,0.0,13,3
s-12-131,12,delay_sensitive,1.13,0.0,8.246,0.688,0.0,13,3
s-12-132,12,delay_sensitive,1.214,0.0,5.616,0.795,0.0,13,3
t-12-000,12,delay_tolerant,1.188,0.0,6.937,0.871,236.97,15,2
t-12-001,12,delay_tolerant,1.2,0.0,8.441,0.778,166.555,16,2
t-12-002,12,delay_tolerant,1.121,0.0,4.698,0.779,387.768,14,2
t-12-003,12,delay_tolerant,1.181,0.0,5.288,0.539,184.084,16,2
t-12-004,12,delay_tolerant,0.836,0.0,8.114,0.398,400.617,15,2
t-12-005,12,delay_tolerant,1.059,0.0,8.727,0.392,227.477,15,2
t-12-006,12,delay_tolerant,1.094,0.0,8.53,0.842,337.265,15,2
t-12-007,12,delay_tolerant,1.066,0.0,7.992,0.608,296.264,15,2
t-12-008,12,delay_tolerant,0.991,0.0,6.378,0.554,392.337,15,2
t-12-009,12,delay_tolerant,1.046,0.0,5.605,0.556,134.558,15,2
t-12-010,12,delay_tolerant,1.189,0.0,7.059,0.689,376.909,15,2
t-12-011,12,delay_tolerant,1.011,0.0,6.883,0.35,288.559,15,2
t-12-012,12,delay_tolerant,1.163,0.0,5.866,0.389,166.004,14,2
t-12-013,12,delay_tolerant,1.137,0.0,6.139,0.477,137.182,15,2
t-12-014,12,delay_tolerant,1.167,0.0,6.08,0.606,268.687,14,2
t-12-015,12,delay_tolerant,1.064,0.0,6.411,0.452,211.75,15,2
t-12-016,12,delay_tolerant,1.107,0.0,3.098,0.744,286.636,14,2
t-12-017,12,delay_tolerant,1.137,0.0,3.272,0.55,373.576,14,2
t-12-018,12,delay_tolerant,1.035,0.0,5.73,0.702,344.572,15,2
t-12-019,12,delay_tolerant,0.937,0.0,8.509,0.786,195.985,15,2
t-12-020,12,delay_tolerant,1.099,0.0,6.624,0.823,158.279,14,2
t-12-021,12,delay_tolerant,0.807,0.0,5.37,0.308,356.088,16,2
t-12-022,12,delay_tolerant,1.077,0.0,8.213,0.879,336.679,15,2
t-12-023,12,delay_tolerant,0.921,0.0,7.879,0.67,368.638,15,2
t-12-024,12,delay_tolerant,1.07,0.0,7.828,0.353,168.641,16,2
t-12-025,12,delay_tolerant,0.845,0.0,3.095,0.882,429.244,14,2
t-12-026,12,delay_tolerant,0.992,0.0,3.871,0.445,423.152,14,2
t-12-027,12,delay_tolerant,0.876,0.0,4.806,0.578,290.636,16,2
t-12-028,12,delay_tolerant,0.847,0.0,8.414,0.743,280.296,14,2
t-12-029,12,delay_tolerant,0.989,0.0,8.159,0.651,192.482,15,2
t-12-030,12,delay_tolerant,1.132,0.0,5.35,0.5,156.959,16,2
t-12-031,12,delay_tolerant,0.973,0.0,5.494,0.597,328.318,16,2
t-12-032,12,delay_tolerant,1.022,0.0,4.745,0.592,294.996,16,2
t-12-033,12,delay_tolerant,1.09,0.0,8.612,0.843,432.348,16,2
t-12-034,12,delay_tolerant,1.086,0.0,6.17,0.553,233.706,14,2
t-12-035,12,delay_tolerant,0.907,0.0,6.89,0.833,162.099,14,2
t-12-036,12,delay_tolerant,1.176,0.0,5.081,0.719,127.49,16,2
t-12-037,12,delay_tolerant,1.09,0.0,5.815,0.563,302.749,15,2
t-12-038,12,delay_tolerant,1.164,0.0,5.035,0.661,423.288,16,2
t-12-039,12,delay_tolerant,0.987,0.0,8.299,0.734,260.534,16,2
t-12-040,12,delay_tolerant,1.133,0.0,7.039,0.741,406.55,15,2
t-12-041,12,delay_tolerant,1.049,0.0,4.695,0.75,360.14,14,2
t-12-042,12,delay_tolerant,0.869,0.0,3.938,0.595,405.654,14,2
t-12-043,12,delay_tolerant,0.921,0.0,4.257,0.328,126.527,15,2
t-12-044,12,delay_tolerant,0.943,0.0,3.952,0.797,442.005,15,2
t-12-045,12,delay_tolerant,1.123,0.0,5.026,0.368,201.608,14,2
t-12-046,12,delay_tolerant,0.89,0.0,4.547,0.504,247.887,16,2
t-12-047,12,delay_tolerant,1.108,0.0,6.342,0.838,427.227,14,2
t-12-048,12,delay_tolerant,1.042,0.0,3.625,0.33,460.656,16,2
t-12-049,12,delay_tolerant,1.185,0.0,7.535,0.885,401.395,15,2
t-12-050,12,delay_tolerant,1.113,0.0,8.684,0.794,135.109,16,2
t-12-051,12,delay_tolerant,0.867,0.0,3.708,0.423,250.19,14,2
t-12-052,12,delay_tolerant,0.917,0.0,5.649,0.604,383.719,16,2
t-12-053,12,delay_tolerant,0.862,0.0,5.182,0.791,164.274,14,2
t-12-054,12,delay_tolerant,0.976,0.0,5.494,0.761,208.314,14,2
t-12-055,12,delay_tolerant,0.937,0.0,6.03,0.351,254.077,15,2
t-12-056,12,delay_tolerant,0.944,0.0,6.99,0.391,391.263,15,2
t-12-057,12,delay_tolerant,1.115,0.0,3.828,0.557,450.487,15,2
t-12-058,12,delay_tolerant,1.181,0.0,6.097,0.709,459.746,15,2
t-12-059,12,delay_tolerant,0.858,0.0,3.06,0.784,459.711,15,2
t-12-060,12,delay_tolerant,0.935,0.0,5.41,0.763,276.266,14,2
t-12-061,12,delay_tolerant,1.104,0.0,6.961,0.685,444.904,15,2
t-12-062,12,delay_tolerant,1.191,0.0,8.88,0.779,435.293,14,2
t-12-063,12,delay_tolerant,0.968,0.0,8.315,0.72,434.477,15,2
t-12-064,12,delay_tolerant,1.097,0.0,8.455,0.305,220.721,16,2
t-12-065,12,delay_tolerant,1.044,0.0,3.881,0.542,351.797,16,2
t-12-066,12,delay_tolerant,1.05,0.0,6.709,0.565,244.29,16,2
t-12-067,12,delay_tolerant,0.962,0.0,4.184,0.481,133.309,16,2
t-12-068,12,delay_tolerant,0.956,0.0,7.313,0.828,307.369,15,2
t-12-069,12,delay_tolerant,0.914,0.0,3.557,0.631,307.681,16,2
t-12-070,12,delay_tolerant,0.864,0.0,3.167,0.778,333.301,16,2
t-12-071,12,delay_tolerant,1.133,0.0,4.824,0.554,301.899,14,2
t-12-072,12,delay_tolerant,0.824,0.0,5.238,0.676,247.61,16,2
g-12-000,12,token_batch,0.46,0.875,10.98,1.242,4298.0,14,1
g-12-001,12,token_batch,0.593,1.283,17.89,1.139,2588.0,17,1
g-12-002,12,token_batch,0.438,1.01,10.845,1.271,4659.0,18,1
g-12-003,12,token_batch,0.256,1.027,15.375,0.863,3954.0,18,1
g-12-004,12,token_batch,0.277,1.267,12.543,0.888,3585.0,18,1
g-12-005,12,token_batch,0.365,0.855,12.249,0.878,4593.0,17,1
g-12-006,12,token_batch,0.231,1.206,12.028,1.135,3027.0,15,1
g-12-007,12,token_batch,0.305,1.099,12.234,1.064,4771.0,17,1
g-12-008,12,token_batch,0.589,1.294,9.443,0.876,4197.0,17,1
g-12-009,12,token_batch,0.587,1.108,13.291,1.217,1729.0,17,1
g-12-010,12,token_batch,0.213,0.894,13.59,1.353,3138.0,17,1
g-12-011,12,token_batch,0.541,0.866,11.696,0.974,3664.0,14,1
g-12-012,12,token_batch,0.247,0.983,11.745,0.976,1827.0,18,1
g-12-013,12,token_batch,0.257,1.27,12.218,1.362,4440.0,14,1
g-12-014,12,token_batch,0.286,1.291,12.888,0.873,2361.0,16,1
g-12-015,12,token_batch,0.548,1.051,13.731,1.139,1476.0,16,1
g-12-016,12,token_batch,0.351,1.301,16.337,0.88,4400.0,16,1
g-12-017,12,token_batch,0.455,1.257,14.672,0.889,3267.0,15,1
g-12-018,12,token_batch,0.52,1.199,12.096,0.94,1565.0,16,1
g-12-019,12,token_batch,0.416,1.375,16.9,1.242,2588.0,17,1
g-12-020,12,token_batch,0.266,0.815,14.301,1.263,4746.0,14,1
g-12-021,12,token_batch,0.458,1.186,8.852,1.373,3498.0,16,1
g-12-022,12,token_batch,0.503,1.374,13.218,1.25,3562.0,18,1
g-12-023,12,token_batch,0.248,1.362,9.797,0.811,1276.0,18,1
g-12-024,12,token_batch,0.532,1.303,13.796,0.851,2204.0,15,1
g-12-025,12,token_batch,0.328,1.153,12.915,1.36,3685.0,18,1
g-12-026,12,token_batch,0.272,0.814,13.279,1.029,2990.0,16,1
g-12-027,12,token_batch,0.592,1.125,10.854,0.91,1669.0,14,1
g-12-028,12,token_batch,0.323,1.044,9.692,1.169,1831.0,14,1
g-12-029,12,token_batch,0.211,0.835,11.899,0.992,1943.0,16,1
g-12-030,12,token_batch,0.303,1.365,16.995,0.831,2527.0,17,1
g-12-031,12,token_batch,0.439,0.942,13.086,1.103,4280.0,15,1
g-12-032,12,token_batch,0.224,1.079,12.071,1.091,2303.0,14,1
g-12-033,12,token_batch,0.293,1.332,10.692,1.378,3794.0,17,1
g-12-034,12,token_batch,0.505,1.191,9.256,1.141,2208.0,14,1
g-12-035,12,token_batch,0.539,1.1,15.829,0.885,1543.0,17,1
s-13-000,13,delay_sensitive,1.17,0.0,5.009,0.547,0.0,14,3
s-13-001,13,delay_sensitive,1.376,0.0,9.768,0.733,0.0,14,3
s-13-002,13,delay_sensitive,0.921,0.0,8.876,0.977,0.0,14,3
s-13-003,13,delay_sensitive,1.21,0.0,7.918,0.5,0.0,14,3
s-13-004,13,delay_sensitive,0.93,0.0,9.531,0.564,0.0,14,3
s-13-005,13,delay_sensitive,1.025,0.0,8.08,1.0,0.0,14,3
s-13-006,13,delay_sensitive,1.321,0.0,5.277,0.904,0.0,14,3
s-13-007,13,delay_sensitive,1.041,0.0,4.968,0.72,0.0,14,3
s-13-008,13,delay_sensitive,0.935,0.0,4.538,0.819,0.0,14,3
s-13-009,13,delay_sensitive,1.315,0.0,8.35,0.999,0.0,14,3
s-13-010,13,delay_sensitive,1.339,0.0,5.265,0.703,0.0,14,3
s-13-011,13,delay_sensitive,1.301,0.0,9.304,0.967,0.0,14,3
s-13-012,13,delay_sensitive,1.218,0.0,9.878,0.825,0.0,14,3
s-13-013,13,delay_sensitive,1.037,0.0,7.974,0.593,0.0,14,3
s-13-014,13,delay_sensitive,1.005,0.0,9.754,0.597,0.0,14,3
s-13-015,13,delay_sensitive,1.357,0.0,4.802,0.953,0.0,14,3
s-13-016,13,delay_sensitive,1.204,0.0,4.026,0.406,0.0,14,3
s-13-017,13,delay_sensitive,0.987,0.0,7.335,0.818,0.0,14,3
s-13-018,13,delay_sensitive,1.144,0.0,6.357,0.449,0.0,14,3
s-13-019,13,delay_sensitive,1.338,0.0,7.908,0.723,0.0,14,3
s-13-020,13,delay_sensitive,1.346,0.0,8.896,0.667,0.0,14,3
s-13-021,13,delay_sensitive,0.962,0.0,9.832,0.626,0.0,14,3
s-13-022,13,delay_sensitive,1.201,0.0,6.321,0.903,0.0,14,3
s-13-023,13,delay_sensitive,1.306,0.0,9.903,0.475,0.0,14,3
s-13-024,13,delay_sensitive,1.085,0.0,5.158,0.406,0.0,14,3
s-13-025,13,delay_sensitive,1.272,0.0,8.551,0.808,0.0,14,3
s-13-026,13,delay_sensitive,1.255,0.0,5.149,0.89,0.0,14,3
s-13-027,13,delay_sensitive,1.213,0.0,8.85,0.533,0.0,14,3
s-13-028,13,delay_sensitive,1.39,0.0,9.804,0.422,0.0,14,3
s-13-029,13,delay_sensitive,1.146,0.0,8.224,0.764,0.0,14,3
s-13-030,13,delay_sensitive,0.904,0.0,9.906,0.783,0.0,14,3
s-13-031,13,delay_sensitive,0.955,0.0,5.664,0.7,0.0,14,3
s-13-032,13,delay_sensitive,0.985,0.0,5.163,0.843,0.0,14,3
s-13-033,13,delay_sensitive,1.236,0.0,7.618,0.505,0.0,14,3
s-13-034,13,delay_sensitive,1.194,0.0,8.476,0.476,0.0,14,3
s-13-035,13,delay_sensitive,1.367,0.0,9.133,0.929,0.0,14,3
s-13-036,13,delay_sensitive,1.264,0.0,5.646,0.909,0.0,14,3
s-13-037,13,delay_sensitive,0.912,0.0,9.819,0.807,0.0,14,3
s-13-038,13,delay_sensitive,1.207,0.0,8.084,0.93,0.0,14,3
s-13-039,13,delay_sensitive,0.901,0.0,6.563,0.804,0.0,14,3
s-13-040,13,delay_sensitive,1.225,0.0,9.123,0.594,0.0,14,3
s-13-041,13,delay_sensitive,1.322,0.0,6.441,0.473,0.0,14,3
s-13-042,13,delay_sensitive,1.159,0.0,6.973,0.71,0.0,14,3
s-13-043,13,delay_sensitive,0.922,0.0,8.327,0.428,0.0,14,3
s-13-044,13,delay_sensitive,1.359,0.0,7.194,0.59,0.0,14,3
s-13-045,13,delay_sensitive,1.096,0.0,6.008,0.928,0.0,14,3
s-13-046,13,delay_sensitive,1.304,0.0,9.942,0.535,0.0,14,3
s-13-047,13,delay_sensitive,1.245,0.0,9.747,0.95,0.0,14,3
s-13-048,13,delay_sensitive,0.998,0.0,5.975,0.438,0.0,14,3
s-13-049,13,delay_sensitive,1.213,0.0,4.167,0.659,0.0,14,3
s-13-050,13,delay_sensitive,0.912,0.0,8.783,0.961,0.0,14,3
s-13-051,13,delay_sensitive,1.32,0.0,5.483,0.684,0.0,14,3
s-13-052,13,delay_sensitive,1.379,0.0,8.995,0.893,0.0,14,3
s-13-053,13,delay_sensitive,1.16,0.0,5.42,0.444,0.0,14,3
s-13-054,13,delay_sensitive,1.2,0.0,6.631,0.457,0.0,14,3
s-13-055,13,delay_sensitive,1.123,0.0,4.749,0.985,0.0,14,3
s-13-056,13,delay_sensitive,1.358,0.0,6.264,0.934,0.0,14,3
s-13-057,13,delay_sensitive,1.247,0.0,8.696,0.437,0.0,14,3
s-13-058,13,delay_sensitive,1.301,0.0,4.329,0.766,0.0,14,3
s-13-059,13,delay_sensitive,1.116,0.0,4.611,0.433,0.0,14,3
s-13-060,13,delay_sensitive,0.926,0.0,9.1,0.641,0.0,14,3
s-13-061,13,delay_sensitive,1.209,0.0,6.467,0.919,0.0,14,3
s-13-062,13,delay_sensitive,1.294,0.0,7.744,0.672,0.0,14,3
s-13-063,13,delay_sensitive,1.132,0.0,6.569,0.772,0.0,14,3
s-13-064,13,delay_sensitive,0.951,0.0,7.906,0.805,0.0,14,3
s-13-065,13,delay_sensitive,0.913,0.0,7.103,0.753,0.0,14,3
s-13-066,13,delay_sensitive,0.954,0.0,4.074,0.828,0.0,14,3
s-13-067,13,delay_sensitive,1.196,0.0,9.045,0.943,0.0,14,3
s-13-068,13,delay_sensitive,0.963,0.0,7.053,0.613,0.0,14,3
s-13-069,13,delay_sensitive,1.141,0.0,7.725,0.512,0.0,14,3
s-13-070,13,delay_sensitive,0.969,0.0,4.264,0.477,0.0,14,3
s-13-071,13,delay_sensitive,1.192,0.0,7.079,0.791,0.0,14,3
s-13-072,13,delay_sensitive,1.079,0.0,7.502,0.725,0.0,14,3
s-13-073,13,delay_sensitive,0.973,0.0,6.817,0.762,0.0,14,3
s-13-074,13,delay_sensitive,1.046,0.0,9.822,0.711,0.0,14,3
s-13-075,13,delay_sensitive,1.229,0.0,4.868,0.542,0.0,14,3
s-13-076,13,delay_sensitive,1.31,0.0,7.357,0.433,0.0,14,3
s-13-077,13,delay_sensitive,1.072,0.0,9.859,0.784,0.0,14,3
s-13-078,13,delay_sensitive,1.001,0.0,4.41,0.514,0.0,14,3
s-13-079,13,delay_sensitive,1.138,0.0,8.151,0.68,0.0,14,3
s-13-080,13,delay_sensitive,1.246,0.0,9.112,0.74,0.0,14,3
s-13-081,13,delay_sensitive,1.068,0.0,5.798,0.597,0.0,14,3
s-13-082,13,delay_sensitive,0.952,0.0,9.257,0.946,0.0,14,3
s-13-083,13,delay_sensitive,1.148,0.0,9.52,0.783,0.0,14,3
s-13-084,13,delay_sensitive,1.247,0.0,6.799,0.528,0.0,14,3
s-13-085,13,delay_sensitive,1.14,0.0,8.61,0.889,0.0,14,3
s-13-086,13,delay_sensitive,1.304,0.0,6.255,0.64,0.0,14,3
s-13-087,13,delay_sensitive,1.313,0.0,4.04,0.406,0.0,14,3
s-13-088,13,delay_sensitive,1.079,0.0,7.328,0.485,0.0,14,3
s-13-089,13,delay_sensitive,1.12,0.0,7.788,0.948,0.0,14,3
s-13-090,13,delay_sensitive,1.08,0.0,9.852,0.519,0.0,14,3
s-13-091,13,delay_sensitive,1.042,0.0,5.314,0.557,0.0,14,3
s-13-092,13,delay_sensitive,0.987,0.0,9.085,0.548,0.0,14,3
s-13-093,13,delay_sensitive,0.998,0.0,5.056,0.557,0.0,14,3
s-13-094,13,delay_sensitive,0.951,0.0,8.989,0.482,0.0,14,3
s-13-095,13,delay_sensitive,1.227,0.0,9.31,0.603,0.0,14,3
s-13-096,13,delay_sensitive,1.005,0.0,6.737,0.622,0.0,14,3
s-13-097,13,delay_sensitive,1.086,0.0,5.028,0.716,0.0,14,3
s-13-098,13,delay_sensitive,1.3,0.0,7.739,0.66,0.0,14,3
s-13-099,13,delay_sensitive,1.255,0.0,4.711,0.93,0.0,14,3
s-13-100,13,delay_sensitive,0.965,0.0,5.138,0.72,0.0,14,3
s-13-101,13,delay_sensitive,1.247,0.0,5.908,0.658,0.0,14,3
s-13-102,13,delay_sensitive,1.218,0.0,9.526,0.858,0.0,14,3
s-13-103,13,delay_sensitive,1.194,0.0,9.127,0.577,0.0,14,3
s-13-104,13,delay_sensitive,0.974,0.0,5.483,0.778,0.0,14,3
s-13-105,13,delay_sensitive,1.04,0.0,4.759,0.705,0.0,14,3
s-13-106,13,delay_sensitive,1.192,0.0,6.934,0.836,0.0,14,3
s-13-107,13,delay_sensitive,1.292,0.0,8.746,0.769,0.0,14,3
s-13-108,13,delay_sensitive,0.984,0.0,6.329,0.929,0.0,14,3
s-13-109,13,delay_sensitive,1.276,0.0,6.246,0.711,0.0,14,3
s-13-110,13,delay_sensitive,0.989,0.0,8.275,0.715,0.0,14,3
s-13-111,13,delay_sensitive,1.142,0.0,9.735,0.684,0.0,14,3
s-13-112,13,delay_sensitive,1.191,0.0,7.829,0.874,0.0,14,3
s-13-113,13,delay_sensitive,1.225,0.0,5.243,0.937,0.0,14,3
s-13-114,13,delay_sensitive,1.126,0.0,5.406,0.531,0.0,14,3
s-13-115,13,delay_sensitive,1.113,0.0,6.262,0.494,0.0,14,3
s-13-116,13,delay_sensitive,1.321,0.0,5.527,0.451,0.0,14,3
s-13-117,13,delay_sensitive,1.276,0.0,5.77,0.711,0.0,14,3
s-13-118,13,delay_sensitive,1.015,0.0,4.247,0.707,0.0,14,3
s-13-119,13,delay_sensitive,1.068,0.0,6.707,0.66,0.0,14,3
s-13-120,13,delay_sensitive,1.084,0.0,6.985,0.564,0.0,14,3
s-13-121,13,delay_sensitive,0.912,0.0,6.65,0.559,0.0,14,3
s-13-122,13,delay_sensitive,0.938,0.0,9.409,0.577,0.0,14,3
s-13-123,13,delay_sensitive,1.151,0.0,7.28,0.447,0.0,14,3
s-13-124,13,delay_sensitive,1.038,0.0,5.366,0.471,0.0,14,3
s-13-125,13,delay_sensitive,1.08,0.0,7.276,0.6,0.0,14,3
t-13-000,13,delay_tolerant,0.932,0.0,4.816,0.789,366.074,17,2
t-13-001,13,delay_tolerant,0.876,0.0,6.624,0.383,427.8,16,2
t-13-002,13,delay_tolerant,1.096,0.0,8.474,0.305,227.811,17,2
t-13-003,13,delay_tolerant,1.113,0.0,5.423,0.543,328.783,16,2
t-13-004,13,delay_tolerant,0.805,0.0,6.925,0.894,462.536,17,2
t-13-005,13,delay_tolerant,0.891,0.0,7.34,0.426,204.14,16,2
t-13-006,13,delay_tolerant,1.114,0.0,7.546,0.734,286.104,17,2
t-13-007,13,delay_tolerant,0.925,0.0,4.127,0.762,371.259,15,2
t-13-008,13,delay_tolerant,0.975,0.0,8.118,0.318,170.022,15,2
t-13-009,13,delay_tolerant,0.922,0.0,7.427,0.6,357.185,15,2
t-13-010,13,delay_tolerant,0.936,0.0,5.515,0.711,265.213,16,2
t-13-011,13,delay_tolerant,1.015,0.0,4.956,0.314,402.729,17,2
t-13-012,13,delay_tolerant,0.861,0.0,8.716,0.498,346.742,15,2
t-13-013,13,delay_tolerant,1.166,0.0,6.443,0.535,257.275,17,2
t-13-014,13,delay_tolerant,0.825,0.0,5.319,0.585,238.383,16,2
t-13-015,13,delay_tolerant,1.056,0.0,4.828,0.403,362.959,16,2
t-13-016,13,delay_tolerant,0.813,0.0,7.134,0.593,187.209,15,2
t-13-017,13,delay_tolerant,1.165,0.0,5.315,0.424,224.798,15,2
t-13-018,13,delay_tolerant,0.828,0.0,3.345,0.611,181.857,17,2
t-13-019,13,delay_tolerant,0.956,0.0,8.938,0.377,270.629,16,2
t-13-020,13,delay_tolerant,0.828,0.0,8.731,0.819,166.776,17,2
t-13-021,13,delay_tolerant,0.924,0.0,7.907,0.699,177.161,15,2
t-13-022,13,delay_tolerant,1.176,0.0,6.525,0.601,366.541,17,2
t-13-023,13,delay_tolerant,0.881,0.0,8.947,0.567,416.85,16,2
t-13-024,13,delay_tolerant,1.123,0.0,6.155,0.846,436.526,17,2
t-13-025,13,delay_tolerant,0.985,0.0,3.235,0.355,352.668,16,2
t-13-026,13,delay_tolerant,0.939,0.0,8.056,0.775,260.793,16,2
t-13-027,13,delay_tolerant,0.966,0.0,4.077,0.671,275.548,15,2
t-13-028,13,delay_tolerant,1.164,0.0,4.101,0.641,261.678,16,2
t-13-029,13,delay_tolerant,0.896,0.0,8.223,0.464,346.11,15,2
t-13-030,13,delay_tolerant,1.067,0.0,3.4,0.736,444.804,16,2
t-13-031,13,delay_tolerant,0.965,0.0,7.571,0.373,252.744,16,2
t-13-032,13,delay_tolerant,1.002,0.0,7.677,0.546,179.342,15,2
t-13-033,13,delay_tolerant,1.002,0.0,5.773,0.344,370.015,15,2
t-13-034,13,delay_tolerant,0.985,0.0,5.062,0.54,189.985,17,2
t-13-035,13,delay_tolerant,0.804,0.0,3.688,0.85,237.76,15,2
t-13-036,13,delay_tolerant,0.986,0.0,5.768,0.35,356.528,17,2
t-13-037,13,delay_tolerant,1.18,0.0,3.842,0.792,422.963,17,2
t-13-038,13,delay_tolerant,1.135,0.0,6.642,0.406,164.694,15,2
t-13-039,13,delay_tolerant,0.956,0.0,3.466,0.758,363.858,17,2
t-13-040,13,delay_tolerant,0.976,0.0,4.068,0.729,441.368,15,2
t-13-041,13,delay_tolerant,0.886,0.0,7.18,0.802,412.144,17,2
t-13-042,13,delay_tolerant,1.065,0.0,6.96,0.362,368.525,17,2
t-13-043,13,delay_tolerant,0.821,0.0,3.028,0.763,396.161,16,2
t-13-044,13,delay_tolerant,0.95,0.0,4.431,0.355,271.806,15,2
t-13-045,13,delay_tolerant,0.935,0.0,4.153,0.701,199.404,15,2
t-13-046,13,delay_tolerant,1.119,0.0,7.983,0.401,180.137,15,2
t-13-047,13,delay_tolerant,1.005,0.0,7.894,0.494,345.643,16,2
t-13-048,13,delay_tolerant,0.883,0.0,6.25,0.863,163.489,17,2
t-13-049,13,delay_tolerant,0.842,0.0,4.94,0.309,355.437,15,2
t-13-050,13,delay_tolerant,0.956,0.0,5.753,0.34,413.431,15,2
t-13-051,13,delay_tolerant,1.05,0.0,3.264,0.831,267.995,17,2
t-13-052,13,delay_tolerant,1.0,0.0,8.943,0.728,404.854,17,2
t-13-053,13,delay_tolerant,0.869,0.0,8.754,0.66,473.31,17,2
t-13-054,13,delay_tolerant,0.955,0.0,8.547,0.763,167.855,17,2
t-13-055,13,delay_tolerant,1.054,0.0,8.304,0.491,426.56,15,2
t-13-056,13,delay_tolerant,0.827,0.0,3.106,0.847,281.608,16,2
t-13-057,13,delay_tolerant,1.056,0.0,4.395,0.652,475.817,17,2
t-13-058,13,delay_tolerant,0.808,0.0,7.554,0.374,205.103,15,2
t-13-059,13,delay_tolerant,1.103,0.0,6.719,0.336,254.829,16,2
t-13-060,13,delay_tolerant,0.881,0.0,5.254,0.685,205.703,16,2
t-13-061,13,delay_tolerant,1.039,0.0,8.675,0.744,238.328,17,2
t-13-062,13,delay_tolerant,0.927,0.0,7.722,0.324,405.041,16,2
t-13-063,13,delay_tolerant,1.059,0.0,4.731,0.314,424.897,16,2
t-13-064,13,delay_tolerant,0.937,0.0,4.235,0.332,450.364,16,2
t-13-065,13,delay_tolerant,1.121,0.0,7.178,0.433,434.174,15,2
t-13-066,13,delay_tolerant,0.929,0.0,5.654,0.304,433.152,17,2
t-13-067,13,delay_tolerant,1.181,0.0,3.313,0.895,457.779,15,2
t-13-068,13,delay_tolerant,0.837,0.0,6.556,0.799,455.453,15,2
g-13-000,13,token_batch,0.231,1.235,11.115,1.233,3278.0,16,1
g-13-001,13,token_batch,0.271,0.949,10.854,1.069,2936.0,16,1
g-13-002,13,token_batch,0.545,1.089,17.51,1.016,2313.0,16,1
g-13-003,13,token_batch,0.388,1.054,14.094,1.06,1887.0,18,1
g-13-004,13,token_batch,0.582,1.089,15.619,1.056,4557.0,16,1
g-13-005,13,token_batch,0.563,0.98,13.372,1.132,4308.0,15,1
g-13-006,13,token_batch,0.352,0.984,10.832,1.137,2253.0,16,1
g-13-007,13,token_batch,0.333,1.229,9.957,1.35,1494.0,18,1
g-13-008,13,token_batch,0.545,1.238,11.743,1.043,1252.0,15,1
g-13-009,13,token_batch,0.588,1.024,12.896,1.185,2816.0,18,1
g-13-010,13,token_batch,0.364,0.823,17.216,1.031,1491.0,19,1
g-13-011,13,token_batch,0.278,1.062,10.553,1.348,1865.0,19,1
g-13-012,13,token_batch,0.484,1.181,11.682,0.835,3287.0,17,1
g-13-013,13,token_batch,0.494,0.945,8.345,1.288,2936.0,18,1
g-13-014,13,token_batch,0.466,0.889,14.054,1.367,4056.0,15,1
g-13-015,13,token_batch,0.299,1.147,14.626,0.897,2241.0,16,1
g-13-016,13,token_batch,0.237,1.227,11.843,1.224,4357.0,15,1
g-13-017,13,token_batch,0.564,1.326,9.658,1.056,3323.0,15,1
g-13-018,13,token_batch,0.587,1.195,11.828,0.985,3250.0,17,1
g-13-019,13,token_batch,0.551,1.237,8.889,1.182,4282.0,18,1
g-13-020,13,token_batch,0.257,1.249,17.3,1.039,4535.0,17,1
g-13-021,13,token_batch,0.595,1.29,8.016,0.842,1226.0,17,1
g-13-022,13,token_batch,0.367,0.973,12.309,0.906,3350.0,18,1
g-13-023,13,token_batch,0.254,1.092,13.026,0.866,4083.0,16,1
g-13-024,13,token_batch,0.285,0.921,15.499,1.286,4535.0,19,1
g-13-025,13,token_batch,0.593,1.323,12.407,1.348,2262.0,16,1
g-13-026,13,token_batch,0.455,0.848,8.857,0.875,4756.0,15,1
g-13-027,13,token_batch,0.212,0.941,12.852,1.256,2601.0,15,1
g-13-028,13,token_batch,0.306,1.373,14.653,1.274,1450.0,15,1
g-13-029,13,token_batch,0.284,1.275,11.757,1.112,1596.0,15,1
g-13-030,13,token_batch,0.389,1.002,12.295,1.022,3190.0,17,1
g-13-031,13,token_batch,0.527,1.365,14.651,1.027,2491.0,17,1
g-13-032,13,token_batch,0.549,1.284,8.031,1.322,2658.0,15,1
g-13-033,13,token_batch,0.534,1.355,8.257,0.874,4170.0,18,1
s-14-000,14,delay_sensitive,1.165,0.0,9.706,0.851,0.0,15,3
s-14-001,14,delay_sensitive,1.024,0.0,6.712,0.812,0.0,15,3
s-14-002,14,delay_sensitive,1.335,0.0,7.089,0.796,0.0,15,3
s-14-003,14,delay_sensitive,0.902,0.0,7.828,0.965,0.0,15,3
s-14-004,14,delay_sensitive,1.061,0.0,7.803,0.924,0.0,15,3
s-14-005,14,delay_sensitive,1.385,0.0,8.415,0.807,0.0,15,3
s-14-006,14,delay_sensitive,1.017,0.0,6.907,0.844,0.0,15,3
s-14-007,14,delay_sensitive,1.297,0.0,6.09,0.963,0.0,15,3
s-14-008,14,delay_sensitive,1.371,0.0,6.857,0.795,0.0,15,3
s-14-009,14,delay_sensitive,1.25,0.0,4.603,0.631,0.0,15,3
s-14-010,14,delay_sensitive,1.204,0.0,8.272,0.922,0.0,15,3
s-14-011,14,delay_sensitive,1.338,0.0,8.709,0.83,0.0,15,3
s-14-012,14,delay_sensitive,0.916,0.0,6.988,0.452,0.0,15,3
s-14-013,14,delay_sensitive,1.316,0.0,9.978,0.992,0.0,15,3
s-14-014,14,delay_sensitive,1.133,0.0,9.378,0.973,0.0,15,3
s-14-015,14,delay_sensitive,1.141,0.0,7.244,0.546,0.0,15,3
s-14-016,14,delay_sensitive,0.985,0.0,9.665,0.82,0.0,15,3
s-14-017,14,delay_sensitive,0.953,0.0,9.96,0.418,0.0,15,3
s-14-018,14,delay_sensitive,1.365,0.0,5.959,0.63,0.0,15,3
s-14-019,14,delay_sensitive,1.04,0.0,8.315,0.8,0.0,15,3
s-14-020,14,delay_sensitive,1.376,0.0,8.024,0.799,0.0,15,3
s-14-021,14,delay_sensitive,1.361,0.0,7.801,0.695,0.0,15,3
s-14-022,14,delay_sensitive,1.298,0.0,5.997,0.534,0.0,15,3
s-14-023,14,delay_sensitive,1.188,0.0,9.543,0.439,0.0,15,3
s-14-024,14,delay_sensitive,1.072,0.0,9.461,0.846,0.0,15,3
s-14-025,14,delay_sensitive,1.263,0.0,7.924,0.871,0.0,15,3
s-14-026,14,delay_sensitive,1.383,0.0,6.622,0.54,0.0,15,3
s-14-027,14,delay_sensitive,1.03,0.0,5.746,0.467,0.0,15,3
s-14-028,14,delay_sensitive,1.07,0.0,7.553,0.513,0.0,15,3
s-14-029,14,delay_sensitive,1.371,0.0,7.437,0.476,0.0,15,3
s-14-030,14,delay_sensitive,1.057,0.0,6.281,0.842,0.0,15,3
s-14-031,14,delay_sensitive,1.055,0.0,7.54,0.514,0.0,15,3
s-14-032,14,delay_sensitive,1.094,0.0,6.542,0.863,0.0,15,3
s-14-033,14,delay_sensitive,1.299,0.0,9.604,0.476,0.0,15,3
s-14-034,14,delay_sensitive,1.232,0.0,7.545,0.464,0.0,15,3
s-14-035,14,delay_sensitive,0.905,0.0,9.114,0.59,0.0,15,3
s-14-036,14,delay_sensitive,1.308,0.0,5.781,0.531,0.0,15,3
s-14-037,14,delay_sensitive,1.24,0.0,4.885,0.57,0.0,15,3
s-14-038,14,delay_sensitive,1.274,0.0,9.095,0.897,0.0,15,3
s-14-039,14,delay_sensitive,0.917,0.0,5.921,0.701,0.0,15,3
s-14-040,14,delay_sensitive,1.244,0.0,5.641,0.909,0.0,15,3
s-14-041,14,delay_sensitive,1.187,0.0,7.786,0.529,0.0,15,3
s-14-042,14,delay_sensitive,1.046,0.0,9.799,0.435,0.0,15,3
s-14-043,14,delay_sensitive,1.305,0.0,4.916,0.83,0.0,15,3
s-14-044,14,delay_sensitive,1.324,0.0,9.607,0.535,0.0,15,3
s-14-045,14,delay_sensitive,1.268,0.0,9.539,0.866,0.0,15,3
s-14-046,14,delay_sensitive,1.328,0.0,8.364,0.579,0.0,15,3
s-14-047,14,delay_sensitive,1.308,0.0,9.474,0.496,0.0,15,3
s-14-048,14,delay_sensitive,0.911,0.0,6.354,0.653,0.0,15,3
s-14-049,14,delay_sensitive,1.137,0.0,6.09,0.635,0.0,15,3
s-14-050,14,delay_sensitive,0.936,0.0,8.361,0.569,0.0,15,3
s-14-051,14,delay_sensitive,1.362,0.0,8.207,0.729,0.0,15,3
s-14-052,14,delay_sensitive,0.949,0.0,5.941,0.875,0.0,15,3
s-14-053,14,delay_sensitive,1.333,0.0,4.325,0.961,0.0,15,3
s-14-054,14,delay_sensitive,1.052,0.0,7.928,0.746,0.0,15,3
s-14-055,14,delay_sensitive,1.121,0.0,6.895,0.938,0.0,15,3
s-14-056,14,delay_sensitive,1.005,0.0,8.826,0.517,0.0,15,3
s-14-057,14,delay_sensitive,1.226,0.0,6.173,0.914,0.0,15,3
s-14-058,14,delay_sensitive,0.951,0.0,8.713,0.915,0.0,15,3
s-14-059,14,delay_sensitive,1.088,0.0,9.896,0.808,0.0,15,3
s-14-060,14,delay_sensitive,0.984,0.0,4.338,0.613,0.0,15,3
s-14-061,14,delay_sensitive,1.137,0.0,9.67,0.47,0.0,15,3
s-14-062,14,delay_sensitive,1.158,0.0,6.031,0.66,0.0,15,3
s-14-063,14,delay_sensitive,0.974,0.0,8.335,0.547,0.0,15,3
s-14-064,14,delay_sensitive,0.959,0.0,6.38,0.582,0.0,15,3
s-14-065,14,delay_sensitive,1.198,0.0,5.035,0.847,0.0,15,3
s-14-066,14,delay_sensitive,1.288,0.0,9.947,0.802,0.0,15,3
s-14-067,14,delay_sensitive,0.945,0.0,6.782,0.891,0.0,15,3
s-14-068,14,delay_sensitive,1.091,0.0,7.794,0.667,0.0,15,3
s-14-069,14,delay_sensitive,0.906,0.0,4.7,0.473,0.0,15,3
s-14-070,14,delay_sensitive,1.221,0.0,9.451,0.535,0.0,15,3
s-14-071,14,delay_sensitive,1.193,0.0,9.924,0.688,0.0,15,3
s-14-072,14,delay_sensitive,1.247,0.0,4.567,0.756,0.0,15,3
s-14-073,14,delay_sensitive,1.092,0.0,10.0,0.822,0.0,15,3
s-14-074,14,delay_sensitive,1.049,0.0,4.751,0.595,0.0,15,3
s-14-075,14,delay_sensitive,1.257,0.0,9.173,0.723,0.0,15,3
s-14-076,14,delay_sensitive,1.103,0.0,8.204,0.636,0.0,15,3
s-14-077,14,delay_sensitive,1.309,0.0,8.701,0.718,0.0,15,3
s-14-078,14,delay_sensitive,0.932,0.0,9.023,0.723,0.0,15,3
s-14-079,14,delay_sensitive,1.309,0.0,7.91,0.852,0.0,15,3
s-14-080,14,delay_sensitive,1.004,0.0,7.951,0.47,0.0,15,3
s-14-081,14,delay_sensitive,1.331,0.0,8.171,0.403,0.0,15,3
s-14-082,14,delay_sensitive,1.124,0.0,5.886,0.423,0.0,15,3
s-14-083,14,delay_sensitive,1.188,0.0,7.916,0.453,0.0,15,3
s-14-084,14,delay_sensitive,1.028,0.0,8.518,0.451,0.0,15,3
s-14-085,14,delay_sensitive,0.962,0.0,5.791,0.98,0.0,15,3
s-14-086,14,delay_sensitive,0.986,0.0,9.863,0.795,0.0,15,3
s-14-087,14,delay_sensitive,1.024,0.0,4.277,0.967,0.0,15,3
s-14-088,14,delay_sensitive,1.352,0.0,5.76,0.72,0.0,15,3
s-14-089,14,delay_sensitive,0.97,0.0,6.943,0.588,0.0,15,3
s-14-090,14,delay_sensitive,1.355,0.0,9.981,0.764,0.0,15,3
s-14-091,14,delay_sensitive,1.155,0.0,8.128,0.798,0.0,15,3
s-14-092,14,delay_sensitive,0.922,0.0,4.22,0.485,0.0,15,3
s-14-093,14,delay_sensitive,1.328,0.0,5.291,0.481,0.0,15,3
s-14-094,14,delay_sensitive,1.176,0.0,7.551,0.566,0.0,15,3
s-14-095,14,delay_sensitive,1.265,0.0,6.532,0.73,0.0,15,3
s-14-096,14,delay_sensitive,1.03,0.0,7.899,0.498,0.0,15,3
s-14-097,14,delay_sensitive,1.128,0.0,9.668,0.806,0.0,15,3
s-14-098,14,delay_sensitive,1.37,0.0,4.859,0.522,0.0,15,3
s-14-099,14,delay_sensitive,1.215,0.0,5.616,0.78,0.0,15,3
s-14-100,14,delay_sensitive,1.223,0.0,8.287,0.738,0.0,15,3
s-14-101,14,delay_sensitive,1.224,0.0,7.069,0.498,0.0,15,3
s-14-102,14,delay_sensitive,1.311,0.0,5.898,0.873,0.0,15,3
s-14-103,14,delay_sensitive,1.089,0.0,9.784,0.548,0.0,15,3
s-14-104,14,delay_sensitive,1.035,0.0,7.189,0.81,0.0,15,3
s-14-105,14,delay_sensitive,1.103,0.0,5.976,0.453,0.0,15,3
s-14-106,14,delay_sensitive,1.355,0.0,8.668,0.488,0.0,15,3
s-14-107,14,delay_sensitive,1.299,0.0,5.642,0.459,0.0,15,3
s-14-108,14,delay_sensitive,1.39,0.0,5.333,0.971,0.0,15,3
s-14-109,14,delay_sensitive,1.291,0.0,4.741,0.716,0.0,15,3
s-14-110,14,delay_sensitive,1.338,0.0,7.533,0.884,0.0,15,3
s-14-111,14,delay_sensitive,0.948,0.0,6.093,0.743,0.0,15,3
s-14-112,14,delay_sensitive,1.041,0.0,5.626,0.459,0.0,15,3
s-14-113,14,delay_sensitive,0.924,0.0,5.908,0.851,0.0,15,3
s-14-114,14,delay_sensitive,0.99,0.0,8.837,0.807,0.0,15,3
s-14-115,14,delay_sensitive,1.294,0.0,7.31,0.929,0.0,15,3
s-14-116,14,delay_sensitive,1.101,0.0,7.554,0.555,0.0,15,3
s-14-117,14,delay_sensitive,1.243,0.0,8.279,0.795,0.0,15,3
s-14-118,14,delay_sensitive,0.971,0.0,7.405,0.56,0.0,15,3
s-14-119,14,delay_sensitive,1.359,0.0,7.835,0.622,0.0,15,3
s-14-120,14,delay_sensitive,1.289,0.0,8.069,0.651,0.0,15,3
s-14-121,14,delay_sensitive,1.129,0.0,6.634,0.612,0.0,15,3
t-14-000,14,delay_tolerant,1.001,0.0,4.655,0.557,459.004,17,2
t-14-001,14,delay_tolerant,0.922,0.0,8.148,0.868,266.345,16,2
t-14-002,14,delay_tolerant,1.138,0.0,6.808,0.346,206.413,17,2
t-14-003,14,delay_tolerant,0.866,0.0,3.344,0.746,319.498,16,2
t-14-004,14,delay_tolerant,1.123,0.0,3.064,0.869,363.732,17,2
t-14-005,14,delay_tolerant,0.855,0.0,5.987,0.711,363.639,18,2
t-14-006,14,delay_tolerant,1.079,0.0,5.433,0.67,447.919,18,2
t-14-007,14,delay_tolerant,0.803,0.0,5.55,0.621,244.222,18,2
t-14-008,14,delay_tolerant,1.064,0.0,8.523,0.9,460.179,18,2
t-14-009,14,delay_tolerant,1.044,0.0,6.644,0.879,362.828,18,2
t-14-010,14,delay_tolerant,1.162,0.0,4.049,0.52,167.995,18,2
t-14-011,14,delay_tolerant,1.181,0.0,5.536,0.527,254.382,17,2
t-14-012,14,delay_tolerant,0.935,0.0,7.074,0.799,426.28,16,2
t-14-013,14,delay_tolerant,0.916,0.0,5.899,0.459,120.804,16,2
t-14-014,14,delay_tolerant,1.028,0.0,4.305,0.483,455.92,18,2
t-14-015,14,delay_tolerant,1.006,0.0,8.361,0.861,441.298,18,2
t-14-016,14,delay_tolerant,0.823,0.0,3.035,0.576,227.406,17,2
t-14-017,14,delay_tolerant,0.802,0.0,8.341,0.412,247.632,16,2
t-14-018,14,delay_tolerant,0.972,0.0,4.185,0.617,443.464,16,2
t-14-019,14,delay_tolerant,0.85,0.0,5.924,0.393,356.388,17,2
t-14-020,14,delay_tolerant,0.988,0.0,5.246,0.519,441.19,16,2
t-14-021,14,delay_tolerant,1.125,0.0,3.652,0.563,422.169,18,2
t-14-022,14,delay_tolerant,0.856,0.0,7.483,0.303,438.087,16,2
t-14-023,14,delay_tolerant,0.879,0.0,4.137,0.324,262.037,18,2
t-14-024,14,delay_tolerant,0.932,0.0,3.19,0.7,461.415,18,2
t-14-025,14,delay_tolerant,1.193,0.0,3.713,0.593,298.404,18,2
t-14-026,14,delay_tolerant,1.086,0.0,4.949,0.759,437.436,18,2
t-14-027,14,delay_tolerant,1.09,0.0,7.451,0.795,167.31,18,2
t-14-028,14,delay_tolerant,1.117,0.0,3.757,0.506,124.914,16,2
t-14-029,14,delay_tolerant,0.895,0.0,7.07,0.505,471.518,18,2
t-14-030,14,delay_tolerant,0.803,0.0,5.881,0.469,149.741,18,2
t-14-031,14,delay_tolerant,0.899,0.0,3.915,0.607,209.808,17,2
t-14-032,14,delay_tolerant,1.146,0.0,8.966,0.448,415.419,16,2
t-14-033,14,delay_tolerant,0.99,0.0,7.696,0.362,382.964,16,2
t-14-034,14,delay_tolerant,0.872,0.0,8.955,0.655,348.412,18,2
t-14-035,14,delay_tolerant,0.848,0.0,5.408,0.464,189.184,16,2
t-14-036,14,delay_tolerant,0.971,0.0,6.699,0.355,138.344,16,2
t-14-037,14,delay_tolerant,1.01,0.0,7.201,0.888,199.839,17,2
t-14-038,14,delay_tolerant,0.992,0.0,6.059,0.686,229.544,17,2
t-14-039,14,delay_tolerant,0.945,0.0,8.658,0.727,208.909,17,2
t-14-040,14,delay_tolerant,0.873,0.0,3.003,0.696,235.79,16,2
t-14-041,14,delay_tolerant,0.989,0.0,8.451,0.36,186.542,17,2
t-14-042,14,delay_tolerant,0.945,0.0,4.826,0.358,124.918,17,2
t-14-043,14,delay_tolerant,1.108,0.0,3.782,0.516,411.613,18,2
t-14-044,14,delay_tolerant,1.112,0.0,6.173,0.523,354.089,18,2
t-14-045,14,delay_tolerant,1.034,0.0,3.523,0.364,346.641,16,2
t-14-046,14,delay_tolerant,0.848,0.0,6.519,0.847,355.568,18,2
t-14-047,14,delay_tolerant,0.877,0.0,5.675,0.359,459.054,16,2
t-14-048,14,delay_tolerant,0.937,0.0,7.352,0.894,192.72,18,2
t-14-049,14,delay_tolerant,0.861,0.0,3.767,0.551,376.177,18,2
t-14-050,14,delay_tolerant,1.19,0.0,8.369,0.569,378.237,18,2
t-14-051,14,delay_tolerant,0.827,0.0,5.514,0.859,301.393,17,2
t-14-052,14,delay_tolerant,0.867,0.0,4.645,0.88,224.276,16,2
t-14-053,14,delay_tolerant,0.824,0.0,8.835,0.414,413.232,18,2
t-14-054,14,delay_tolerant,1.074,0.0,8.222,0.883,179.587,17,2
t-14-055,14,delay_tolerant,0.954,0.0,7.676,0.541,217.738,18,2
t-14-056,14,delay_tolerant,0.801,0.0,6.431,0.655,123.19,16,2
t-14-057,14,delay_tolerant,0.982,0.0,7.247,0.615,229.228,18,2
t-14-058,14,delay_tolerant,0.919,0.0,4.611,0.371,200.615,16,2
t-14-059,14,delay_tolerant,0.895,0.0,3.235,0.389,438.097,18,2
t-14-060,14,delay_tolerant,0.908,0.0,7.744,0.685,209.643,16,2
t-14-061,14,delay_tolerant,1.014,0.0,3.008,0.508,337.857,16,2
t-14-062,14,delay_tolerant,0.93,0.0,8.679,0.83,215.054,17,2
t-14-063,14,delay_tolerant,0.963,0.0,6.669,0.495,140.615,16,2
t-14-064,14,delay_tolerant,1.13,0.0,4.316,0.879,183.625,16,2
t-14-065,14,delay_tolerant,1.015,0.0,8.873,0.767,400.985,16,2
g-14-000,14,token_batch,0.498,1.029,14.538,1.322,4159.0,16,1
g-14-001,14,token_batch,0.282,1.065,11.243,0.922,3456.0,20,1
g-14-002,14,token_batch,0.378,1.238,12.339,0.889,1837.0,19,1
g-14-003,14,token_batch,0.398,1.076,16.156,0.906,1583.0,19,1
g-14-004,14,token_batch,0.577,0.908,10.82,0.986,3209.0,20,1
g-14-005,14,token_batch,0.358,1.165,8.695,0.843,4548.0,17,1
g-14-006,14,token_batch,0.564,1.382,9.002,1.116,3063.0,17,1
g-14-007,14,token_batch,0.24,1.03,9.1,0.808,3671.0,16,1
g-14-008,14,token_batch,0.299,0.85,9.426,1.176,1741.0,16,1
g-14-009,14,token_batch,0.587,1.375,9.063,1.242,4445.0,16,1
g-14-010,14,token_batch,0.483,0.921,12.804,1.138,4692.0,18,1
g-14-011,14,token_batch,0.265,0.999,9.545,0.834,4540.0,19,1
g-14-012,14,token_batch,0.417,0.813,8.445,1.127,3770.0,18,1
g-14-013,14,token_batch,0.555,1.049,8.012,0.935,3295.0,16,1
g-14-014,14,token_batch,0.354,1.012,10.868,1.353,2949.0,17,1
g-14-015,14,token_batch,0.554,1.294,9.124,0.902,4012.0,19,1
g-14-016,14,token_batch,0.241,1.374,11.573,1.169,2119.0,16,1
g-14-017,14,token_batch,0.569,1.352,16.956,1.163,2676.0,16,1
g-14-018,14,token_batch,0.412,1.16,14.794,0.89,2955.0,17,1
g-14-019,14,token_batch,0.527,1.009,9.039,1.35,3759.0,18,1
g-14-020,14,token_batch,0.524,1.227,8.764,0.801,2287.0,18,1
g-14-021,14,token_batch,0.462,0.992,11.906,1.233,4385.0,17,1
g-14-022,14,token_batch,0.227,1.147,17.596,0.967,4536.0,19,1
g-14-023,14,token_batch,0.598,0.909,11.85,0.992,2523.0,16,1
g-14-024,14,token_batch,0.477,1.048,15.935,1.0,3171.0,19,1
g-14-025,14,token_batch,0.367,1.098,13.338,1.119,2769.0,17,1
g-14-026,14,token_batch,0.233,1.229,13.269,1.266,2775.0,17,1
g-14-027,14,token_batch,0.235,1.017,10.033,1.31,4079.0,17,1
g-14-028,14,token_batch,0.39,0.88,9.102,1.347,3487.0,18,1
g-14-029,14,token_batch,0.54,1.267,9.393,1.076,4676.0,18,1
g-14-030,14,token_batch,0.297,1.297,8.559,0.883,2924.0,20,1
g-14-031,14,token_batch,0.493,1.218,12.247,0.832,2746.0,17,1
g-14-032,14,token_batch,0.433,1.086,13.939,0.895,3914.0,16,1
s-15-000,15,delay_sensitive,0.973,0.0,4.848,0.547,0.0,16,3
s-15-001,15,delay_sensitive,0.906,0.0,8.986,0.65,0.0,16,3
s-15-002,15,delay_sensitive,1.283,0.0,6.819,0.484,0.0,16,3
s-15-003,15,delay_sensitive,1.164,0.0,9.693,0.682,0.0,16,3
s-15-004,15,delay_sensitive,1.261,0.0,6.664,0.787,0.0,16,3
s-15-005,15,delay_sensitive,0.907,0.0,4.668,0.436,0.0,16,3
s-15-006,15,delay_sensitive,1.221,0.0,7.625,0.504,0.0,16,3
s-15-007,15,delay_sensitive,0.98,0.0,6.378,0.654,0.0,16,3
s-15-008,15,delay_sensitive,1.374,0.0,6.726,0.827,0.0,16,3
s-15-009,15,delay_sensitive,1.029,0.0,7.432,0.584,0.0,16,3
s-15-010,15,delay_sensitive,1.014,0.0,9.589,0.563,0.0,16,3
s-15-011,15,delay_sensitive,0.946,0.0,6.265,0.971,0.0,16,3
s-15-012,15,delay_sensitive,1.272,0.0,6.402,0.434,0.0,16,3
s-15-013,15,delay_sensitive,1.096,0.0,8.935,0.986,0.0,16,3
s-15-014,15,delay_sensitive,1.203,0.0,4.463,0.815,0.0,16,3
s-15-015,15,delay_sensitive,1.139,0.0,7.916,0.643,0.0,16,3
s-15-016,15,delay_sensitive,1.09,0.0,4.328,0.623,0.0,16,3
s-15-017,15,delay_sensitive,1.112,0.0,5.62,0.463,0.0,16,3
s-15-018,15,delay_sensitive,1.081,0.0,8.673,0.601,0.0,16,3
s-15-019,15,delay_sensitive,1.02,0.0,4.977,0.464,0.0,16,3
s-15-020,15,delay_sensitive,1.006,0.0,4.066,0.946,0.0,16,3
s-15-021,15,delay_sensitive,0.994,0.0,5.21,0.958,0.0,16,3
s-15-022,15,delay_sensitive,1.02,0.0,4.51,0.742,0.0,16,3
s-15-023,15,delay_sensitive,0.922,0.0,9.919,0.69,0.0,16,3
s-15-024,15,delay_sensitive,0.924,0.0,4.559,0.585,0.0,16,3
s-15-025,15,delay_sensitive,1.39,0.0,8.51,0.975,0.0,16,3
s-15-026,15,delay_sensitive,1.15,0.0,5.887,0.634,0.0,16,3
s-15-027,15,delay_sensitive,1.078,0.0,4.777,0.805,0.0,16,3
s-15-028,15,delay_sensitive,1.066,0.0,9.379,0.702,0.0,16,3
s-15-029,15,delay_sensitive,1.151,0.0,8.65,0.414,0.0,16,3
s-15-030,15,delay_sensitive,1.298,0.0,6.862,0.921,0.0,16,3
s-15-031,15,delay_sensitive,0.919,0.0,4.967,0.809,0.0,16,3
s-15-032,15,delay_sensitive,0.939,0.0,7.756,0.972,0.0,16,3
s-15-033,15,delay_sensitive,1.016,0.0,5.294,0.809,0.0,16,3
s-15-034,15,delay_sensitive,0.97,0.0,8.311,0.996,0.0,16,3
s-15-035,15,delay_sensitive,1.151,0.0,9.954,0.765,0.0,16,3
s-15-036,15,delay_sensitive,1.162,0.0,8.612,0.668,0.0,16,3
s-15-037,15,delay_sensitive,0.966,0.0,5.745,0.774,0.0,16,3
s-15-038,15,delay_sensitive,1.37,0.0,4.24,0.828,0.0,16,3
s-15-039,15,delay_sensitive,1.241,0.0,5.435,0.998,0.0,16,3
s-15-040,15,delay_sensitive,1.203,0.0,9.748,0.74,0.0,16,3
s-15-041,15,delay_sensitive,1.397,0.0,4.584,0.409,0.0,16,3
s-15-042,15,delay_sensitive,1.283,0.0,5.857,0.921,0.0,16,3
s-15-043,15,delay_sensitive,1.299,0.0,9.371,0.699,0.0,16,3
s-15-044,15,delay_sensitive,1.127,0.0,5.018,0.577,0.0,16,3
s-15-045,15,delay_sensitive,0.934,0.0,7.459,0.612,0.0,16,3
s-15-046,15,delay_sensitive,0.936,0.0,8.264,0.676,0.0,16,3
s-15-047,15,delay_sensitive,1.393,0.0,9.871,0.858,0.0,16,3
s-15-048,15,delay_sensitive,1.121,0.0,9.545,0.964,0.0,16,3
s-15-049,15,delay_sensitive,1.386,0.0,6.93,0.618,0.0,16,3
s-15-050,15,delay_sensitive,1.043,0.0,6.454,0.772,0.0,16,3
s-15-051,15,delay_sensitive,1.24,0.0,6.645,0.707,0.0,16,3
s-15-052,15,delay_sensitive,1.212,0.0,5.882,0.45,0.0,16,3
s-15-053,15,delay_sensitive,1.107,0.0,6.701,0.926,0.0,16,3
s-15-054,15,delay_sensitive,1.396,0.0,4.256,0.986,0.0,16,3
s-15-055,15,delay_sensitive,0.929,0.0,8.744,0.82,0.0,16,3
s-15-056,15,delay_sensitive,1.18,0.0,4.927,0.463,0.0,16,3
s-15-057,15,delay_sensitive,1.088,0.0,7.421,0.912,0.0,16,3
s-15-058,15,delay_sensitive,1.012,0.0,9.245,0.801,0.0,16,3
s-15-059,15,delay_sensitive,1.074,0.0,6.811,0.721,0.0,16,3
s-15-060,15,delay_sensitive,1.309,0.0,4.655,0.508,0.0,16,3
s-15-061,15,delay_sensitive,0.954,0.0,9.757,0.638,0.0,16,3
s-15-062,15,delay_sensitive,1.117,0.0,6.409,0.439,0.0,16,3
s-15-063,15,delay_sensitive,1.071,0.0,7.626,0.528,0.0,16,3
s-15-064,15,delay_sensitive,1.271,0.0,4.686,0.673,0.0,16,3
s-15-065,15,delay_sensitive,1.173,0.0,9.691,0.487,0.0,16,3
s-15-066,15,delay_sensitive,1.007,0.0,7.409,0.993,0.0,16,3
s-15-067,15,delay_sensitive,1.287,0.0,4.374,0.885,0.0,16,3
s-15-068,15,delay_sensitive,1.295,0.0,9.871,0.528,0.0,16,3
s-15-069,15,delay_sensitive,1.006,0.0,4.138,0.855,0.0,16,3
s-15-070,15,delay_sensitive,1.111,0.0,5.512,0.506,0.0,16,3
s-15-071,15,delay_sensitive,0.971,0.0,5.643,0.449,0.0,16,3
s-15-072,15,delay_sensitive,1.337,0.0,6.709,0.652,0.0,16,3
s-15-073,15,delay_sensitive,1.007,0.0,9.358,0.51,0.0,16,3
s-15-074,15,delay_sensitive,0.927,0.0,9.37,0.657,0.0,16,3
s-15-075,15,delay_sensitive,1.382,0.0,5.781,0.519,0.0,16,3
s-15-076,15,delay_sensitive,1.371,0.0,6.89,0.721,0.0,16,3
s-15-077,15,delay_sensitive,1.292,0.0,9.794,0.662,0.0,16,3
s-15-078,15,delay_sensitive,1.356,0.0,7.422,0.894,0.0,16,3
s-15-079,15,delay_sensitive,1.18,0.0,9.363,0.519,0.0,16,3
s-15-080,15,delay_sensitive,1.261,0.0,7.471,0.487,0.0,16,3
s-15-081,15,delay_sensitive,1.232,0.0,8.941,0.841,0.0,16,3
s-15-082,15,delay_sensitive,1.313,0.0,8.399,0.409,0.0,16,3
s-15-083,15,delay_sensitive,1.348,0.0,9.603,0.7,0.0,16,3
s-15-084,15,delay_sensitive,1.058,0.0,8.752,0.804,0.0,16,3
s-15-085,15,delay_sensitive,1.031,0.0,8.334,0.993,0.0,16,3
s-15-086,15,delay_sensitive,1.372,0.0,9.144,0.781,0.0,16,3
s-15-087,15,delay_sensitive,1.219,0.0,7.47,0.422,0.0,16,3
s-15-088,15,delay_sensitive,1.273,0.0,5.126,0.818,0.0,16,3
s-15-089,15,delay_sensitive,1.287,0.0,7.606,0.53,0.0,16,3
s-15-090,15,delay_sensitive,1.005,0.0,5.147,0.808,0.0,16,3
s-15-091,15,delay_sensitive,1.378,0.0,6.222,0.618,0.0,16,3
s-15-092,15,delay_sensitive,1.051,0.0,5.842,0.891,0.0,16,3
s-15-093,15,delay_sensitive,0.962,0.0,6.995,0.999,0.0,16,3
s-15-094,15,delay_sensitive,1.107,0.0,6.11,0.897,0.0,16,3
s-15-095,15,delay_sensitive,1.113,0.0,9.844,0.601,0.0,16,3
s-15-096,15,delay_sensitive,1.363,0.0,6.753,0.624,0.0,16,3
s-15-097,15,delay_sensitive,1.176,0.0,4.976,0.662,0.0,16,3
s-15-098,15,delay_sensitive,1.043,0.0,7.958,0.808,0.0,16,3
s-15-099,15,delay_sensitive,1.217,0.0,8.213,0.963,0.0,16,3
s-15-100,15,delay_sensitive,1.353,0.0,4.595,0.453,0.0,16,3
s-15-101,15,delay_sensitive,1.319,0.0,4.538,0.41,0.0,16,3
s-15-102,15,delay_sensitive,1.366,0.0,4.622,0.85,0.0,16,3
s-15-103,15,delay_sensitive,1.212,0.0,7.268,0.78,0.0,16,3
s-15-104,15,delay_sensitive,1.152,0.0,8.835,0.801,0.0,16,3
s-15-105,15,delay_sensitive,1.326,0.0,5.271,0.866,0.0,16,3
s-15-106,15,delay_sensitive,1.176,0.0,4.687,0.914,0.0,16,3
s-15-107,15,delay_sensitive,1.375,0.0,6.104,0.876,0.0,16,3
s-15-108,15,delay_sensitive,1.132,0.0,9.448,0.787,0.0,16,3
s-15-109,15,delay_sensitive,1.292,0.0,6.375,0.964,0.0,16,3
s-15-110,15,delay_sensitive,1.291,0.0,7.045,0.561,0.0,16,3
s-15-111,15,delay_sensitive,1.229,0.0,5.844,0.942,0.0,16,3
s-15-112,15,delay_sensitive,1.355,0.0,8.04,0.402,0.0,16,3
s-15-113,15,delay_sensitive,1.355,0.0,4.196,0.416,0.0,16,3
s-15-114,15,delay_sensitive,1.295,0.0,9.045,0.711,0.0,16,3
s-15-115,15,delay_sensitive,1.271,0.0,5.905,0.502,0.0,16,3
s-15-116,15,delay_sensitive,1.186,0.0,6.58,0.733,0.0,16,3
s-15-117,15,delay_sensitive,1.096,0.0,7.698,0.636,0.0,16,3
s-15-118,15,delay_sensitive,0.926,0.0,9.592,0.657,0.0,16,3
s-15-119,15,delay_sensitive,1.37,0.0,6.342,0.837,0.0,16,3
s-15-120,15,delay_sensitive,1.102,0.0,5.909,0.495,0.0,16,3
s-15-121,15,delay_sensitive,1.015,0.0,8.26,0.476,0.0,16,3
s-15-122,15,delay_sensitive,0.959,0.0,7.462,0.635,0.0,16,3
s-15-123,15,delay_sensitive,1.281,0.0,9.5,0.902,0.0,16,3
s-15-124,15,delay_sensitive,0.98,0.0,5.934,0.456,0.0,16,3
t-15-000,15,delay_tolerant,0.975,0.0,6.773,0.656,130.015,17,2
t-15-001,15,delay_tolerant,1.017,0.0,8.834,0.643,129.104,19,2
t-15-002,15,delay_tolerant,0.852,0.0,5.722,0.679,248.924,19,2
t-15-003,15,delay_tolerant,1.061,0.0,4.331,0.416,422.564,17,2
t-15-004,15,delay_tolerant,1.112,0.0,7.716,0.762,357.333,19,2
t-15-005,15,delay_tolerant,0.833,0.0,3.863,0.314,474.527,18,2
t-15-006,15,delay_tolerant,0.844,0.0,8.563,0.374,171.061,17,2
t-15-007,15,delay_tolerant,1.158,0.0,3.557,0.597,250.103,18,2
t-15-008,15,delay_tolerant,0.956,0.0,5.946,0.313,146.487,17,2
t-15-009,15,delay_tolerant,0.831,0.0,7.124,0.525,232.891,19,2
t-15-010,15,delay_tolerant,1.123,0.0,4.079,0.306,184.324,18,2
t-15-011,15,delay_tolerant,1.052,0.0,8.129,0.37,243.412,19,2
t-15-012,15,delay_tolerant,0.994,0.0,6.684,0.628,177.02,18,2
t-15-013,15,delay_tolerant,0.902,0.0,3.73,0.664,312.944,19,2
t-15-014,15,delay_tolerant,1.005,0.0,3.914,0.82,161.324,19,2
t-15-015,15,delay_tolerant,0.812,0.0,3.831,0.35,368.977,17,2
t-15-016,15,delay_tolerant,0.907,0.0,5.889,0.872,245.479,17,2
t-15-017,15,delay_tolerant,1.061,0.0,5.802,0.785,276.982,19,2
t-15-018,15,delay_tolerant,1.169,0.0,4.501,0.419,424.573,18,2
t-15-019,15,delay_tolerant,0.912,0.0,5.357,0.65,395.922,19,2
t-15-020,15,delay_tolerant,0.866,0.0,4.235,0.733,276.05,18,2
t-15-021,15,delay_tolerant,0.969,0.0,7.482,0.79,344.248,18,2
t-15-022,15,delay_tolerant,0.953,0.0,4.198,0.512,443.242,19,2
t-15-023,15,delay_tolerant,0.98,0.0,8.337,0.875,211.103,17,2
t-15-024,15,delay_tolerant,0.917,0.0,7.96,0.687,467.452,18,2
t-15-025,15,delay_tolerant,0.959,0.0,3.688,0.785,274.579,18,2
t-15-026,15,delay_tolerant,0.943,0.0,3.436,0.694,253.907,17,2
t-15-027,15,delay_tolerant,0.849,0.0,4.912,0.307,238.393,18,2
t-15-028,15,delay_tolerant,1.027,0.0,4.929,0.44,143.845,18,2
t-15-029,15,delay_tolerant,1.041,0.0,6.164,0.362,220.097,18,2
t-15-030,15,delay_tolerant,1.179,0.0,7.845,0.703,326.621,19,2
t-15-031,15,delay_tolerant,0.969,0.0,7.537,0.491,235.244,19,2
t-15-032,15,delay_tolerant,0.82,0.0,5.964,0.328,218.79,17,2
t-15-033,15,delay_tolerant,0.85,0.0,4.027,0.496,257.829,17,2
t-15-034,15,delay_tolerant,0.809,0.0,3.107,0.77,327.273,19,2
t-15-035,15,delay_tolerant,1.165,0.0,4.706,0.805,265.012,17,2
t-15-036,15,delay_tolerant,1.167,0.0,3.235,0.687,145.003,19,2
t-15-037,15,delay_tolerant,1.132,0.0,5.49,0.481,234.188,17,2
t-15-038,15,delay_tolerant,0.96,0.0,6.339,0.488,340.435,18,2
t-15-039,15,delay_tolerant,0.919,0.0,8.904,0.596,350.795,18,2
t-15-040,15,delay_tolerant,1.137,0.0,8.626,0.362,200.645,17,2
t-15-041,15,delay_tolerant,0.855,0.0,8.961,0.817,380.731,17,2
t-15-042,15,delay_tolerant,0.868,0.0,4.147,0.841,252.797,17,2
t-15-043,15,delay_tolerant,1.196,0.0,8.605,0.821,213.488,19,2
t-15-044,15,delay_tolerant,0.844,0.0,8.683,0.345,238.558,17,2
t-15-045,15,delay_tolerant,1.117,0.0,5.277,0.719,452.949,19,2
t-15-046,15,delay_tolerant,0.984,0.0,3.758,0.817,391.093,19,2
t-15-047,15,delay_tolerant,1.055,0.0,7.009,0.613,206.588,18,2
t-15-048,15,delay_tolerant,1.065,0.0,8.858,0.493,383.111,18,2
t-15-049,15,delay_tolerant,0.837,0.0,7.597,0.727,247.083,17,2
t-15-050,15,delay_tolerant,1.064,0.0,7.412,0.424,148.086,17,2
t-15-051,15,delay_tolerant,0.824,0.0,3.079,0.43,414.664,18,2
t-15-052,15,delay_tolerant,0.995,0.0,5.043,0.788,394.177,17,2
t-15-053,15,delay_tolerant,1.143,0.0,7.563,0.487,283.448,19,2
t-15-054,15,delay_tolerant,1.139,0.0,3.634,0.378,450.011,17,2
t-15-055,15,delay_tolerant,1.19,0.0,8.207,0.608,400.808,18,2
t-15-056,15,delay_tolerant,0.827,0.0,5.539,0.712,462.538,17,2
t-15-057,15,delay_tolerant,1.059,0.0,3.884,0.826,388.209,19,2
t-15-058,15,delay_tolerant,0.807,0.0,5.765,0.46,291.447,17,2
t-15-059,15,delay_tolerant,0.981,0.0,4.593,0.856,150.264,19,2
t-15-060,15,delay_tolerant,0.885,0.0,5.382,0.559,240.146,18,2
t-15-061,15,delay_tolerant,0.909,0.0,3.587,0.689,383.521,18,2
t-15-062,15,delay_tolerant,0.878,0.0,4.137,0.406,219.333,18,2
t-15-063,15,delay_tolerant,0.997,0.0,5.601,0.709,352.684,19,2
t-15-064,15,delay_tolerant,0.888,0.0,3.319,0.321,215.824,17,2
t-15-065,15,delay_tolerant,1.013,0.0,4.653,0.83,371.824,17,2
t-15-066,15,delay_tolerant,0.957,0.0,3.608,0.74,436.63,18,2
t-15-067,15,delay_tolerant,0.998,0.0,4.026,0.422,349.284,18,2
g-15-000,15,token_batch,0.494,0.857,13.032,1.22,2379.0,21,1
g-15-001,15,token_batch,0.322,1.344,10.386,0.989,4227.0,20,1
g-15-002,15,token_batch,0.275,1.34,9.418,0.808,1882.0,17,1
g-15-003,15,token_batch,0.334,0.907,10.638,0.846,2952.0,20,1
g-15-004,15,token_batch,0.341,1.084,8.01,1.324,3633.0,17,1
g-15-005,15,token_batch,0.218,0.81,14.8,0.974,1648.0,20,1
g-15-006,15,token_batch,0.401,1.253,15.753,0.86,3351.0,18,1
g-15-007,15,token_batch,0.396,1.01,13.457,1.198,3053.0,19,1
g-15-008,15,token_batch,0.384,1.297,11.011,1.0,2692.0,19,1
g-15-009,15,token_batch,0.466,1.319,16.437,1.091,4372.0,21,1
g-15-010,15,token_batch,0.408,1.184,9.479,1.046,4008.0,19,1
g-15-011,15,token_batch,0.598,1.014,8.309,1.147,3900.0,18,1
g-15-012,15,token_batch,0.283,0.854,17.206,1.027,2672.0,20,1
g-15-013,15,token_batch,0.551,1.207,16.992,1.07,2321.0,17,1
g-15-014,15,token_batch,0.306,1.207,16.88,1.035,1916.0,21,1
g-15-015,15,token_batch,0.324,0.825,13.201,1.006,2331.0,20,1
g-15-016,15,token_batch,0.373,1.073,17.682,1.275,1703.0,21,1
g-15-017,15,token_batch,0.588,1.099,14.855,1.08,1651.0,19,1
g-15-018,15,token_batch,0.587,1.174,14.643,0.982,3342.0,18,1
g-15-019,15,token_batch,0.52,0.809,8.41,0.97,1464.0,19,1
g-15-020,15,token_batch,0.221,0.983,12.303,1.196,1705.0,21,1
g-15-021,15,token_batch,0.301,1.01,10.833,1.315,1404.0,17,1
g-15-022,15,token_batch,0.581,1.228,9.426,1.24,1835.0,21,1
g-15-023,15,token_batch,0.567,0.974,8.321,1.36,3597.0,20,1
g-15-024,15,token_batch,0.471,1.032,11.991,1.342,4524.0,18,1
g-15-025,15,token_batch,0.439,0.904,12.358,1.326,2437.0,19,1
g-15-026,15,token_batch,0.473,0.92,9.357,1.133,1770.0,21,1
g-15-027,15,token_batch,0.234,1.14,14.283,1.127,2449.0,19,1
g-15-028,15,token_batch,0.55,1.062,9.386,1.065,4404.0,20,1
g-15-029,15,token_batch,0.574,1.228,12.684,1.057,3263.0,19,1
g-15-030,15,token_batch,0.385,1.348,8.264,1.26,2880.0,20,1
g-15-031,15,token_batch,0.256,1.344,15.866,1.148,4295.0,17,1
g-15-032,15,token_batch,0.448,1.34,16.778,0.832,1721.0,19,1
g-15-033,15,token_batch,0.361,0.804,16.075,1.325,1715.0,20,1
g-15-034,15,token_batch,0.222,0.833,16.299,1.19,4637.0,20,1
s-16-000,16,delay_sensitive,1.067,0.0,4.584,0.574,0.0,17,3
s-16-001,16,delay_sensitive,1.141,0.0,5.988,0.437,0.0,17,3
s-16-002,16,delay_sensitive,1.27,0.0,8.046,0.844,0.0,17,3
s-16-003,16,delay_sensitive,0.927,0.0,5.23,0.486,0.0,17,3
s-16-004,16,delay_sensitive,1.27,0.0,6.972,0.534,0.0,17,3
s-16-005,16,delay_sensitive,1.238,0.0,9.114,0.581,0.0,17,3
s-16-006,16,delay_sensitive,1.055,0.0,9.935,0.404,0.0,17,3
s-16-007,16,delay_sensitive,1.142,0.0,8.127,0.469,0.0,17,3
s-16-008,16,delay_sensitive,0.9,0.0,7.623,0.473,0.0,17,3
s-16-009,16,delay_sensitive,0.948,0.0,5.226,0.684,0.0,17,3
s-16-010,16,delay_sensitive,1.316,0.0,6.663,0.433,0.0,17,3
s-16-011,16,delay_sensitive,0.961,0.0,6.427,0.99,0.0,17,3
s-16-012,16,delay_sensitive,1.31,0.0,9.05,0.728,0.0,17,3
s-16-013,16,delay_sensitive,1.311,0.0,8.088,0.916,0.0,17,3
s-16-014,16,delay_sensitive,1.209,0.0,6.594,0.782,0.0,17,3
s-16-015,16,delay_sensitive,0.992,0.0,8.911,0.794,0.0,17,3
s-16-016,16,delay_sensitive,0.985,0.0,8.45,0.728,0.0,17,3
s-16-017,16,delay_sensitive,1.138,0.0,5.74,0.801,0.0,17,3
s-16-018,16,delay_sensitive,1.38,0.0,6.958,0.801,0.0,17,3
s-16-019,16,delay_sensitive,1.096,0.0,8.186,0.464,0.0,17,3
s-16-020,16,delay_sensitive,1.108,0.0,6.549,0.417,0.0,17,3
s-16-021,16,delay_sensitive,1.129,0.0,7.385,0.407,0.0,17,3
s-16-022,16,delay_sensitive,1.051,0.0,7.871,0.936,0.0,17,3
s-16-023,16,delay_sensitive,1.21,0.0,4.256,0.944,0.0,17,3
s-16-024,16,delay_sensitive,1.381,0.0,6.807,0.834,0.0,17,3
s-16-025,16,delay_sensitive,1.038,0.0,9.891,0.615,0.0,17,3
s-16-026,16,delay_sensitive,1.328,0.0,7.019,0.609,0.0,17,3
s-16-027,16,delay_sensitive,1.253,0.0,6.344,0.438,0.0,17,3
s-16-028,16,delay_sensitive,1.228,0.0,6.111,0.832,0.0,17,3
s-16-029,16,delay_sensitive,1.07,0.0,8.291,0.872,0.0,17,3
s-16-030,16,delay_sensitive,1.039,0.0,8.576,0.582,0.0,17,3
s-16-031,16,delay_sensitive,1.097,0.0,9.497,0.787,0.0,17,3
s-16-032,16,delay_sensitive,1.088,0.0,6.831,0.795,0.0,17,3
s-16-033,16,delay_sensitive,1.188,0.0,9.564,0.865,0.0,17,3
s-16-034,16,delay_sensitive,1.163,0.0,4.777,0.594,0.0,17,3
s-16-035,16,delay_sensitive,1.378,0.0,6.089,0.77,0.0,17,3
s-16-036,16,delay_sensitive,1.102,0.0,4.27,0.911,0.0,17,3
s-16-037,16,delay_sensitive,0.98,0.0,4.579,0.464,0.0,17,3
s-16-038,16,delay_sensitive,1.367,0.0,6.858,0.856,0.0,17,3
s-16-039,16,delay_sensitive,1.391,0.0,8.851,0.84,0.0,17,3
s-16-040,16,delay_sensitive,1.018,0.0,9.399,0.504,0.0,17,3
s-16-041,16,delay_sensitive,1.346,0.0,8.535,0.652,0.0,17,3
s-16-042,16,delay_sensitive,0.932,0.0,7.671,0.469,0.0,17,3
s-16-043,16,delay_sensitive,1.323,0.0,4.437,0.858,0.0,17,3
s-16-044,16,delay_sensitive,1.203,0.0,9.044,0.954,0.0,17,3
s-16-045,16,delay_sensitive,1.061,0.0,8.192,0.627,0.0,17,3
s-16-046,16,delay_sensitive,1.394,0.0,7.443,0.52,0.0,17,3
s-16-047,16,delay_sensitive,1.026,0.0,6.625,0.572,0.0,17,3
s-16-048,16,delay_sensitive,1.001,0.0,4.973,0.888,0.0,17,3
s-16-049,16,delay_sensitive,1.304,0.0,5.154,0.749,0.0,17,3
s-16-050,16,delay_sensitive,1.215,0.0,8.012,0.522,0.0,17,3
s-16-051,16,delay_sensitive,1.305,0.0,9.36,0.616,0.0,17,3
s-16-052,16,delay_sensitive,1.104,0.0,7.279,0.443,0.0,17,3
s-16-053,16,delay_sensitive,0.993,0.0,8.38,0.947,0.0,17,3
s-16-054,16,delay_sensitive,1.221,0.0,6.977,0.899,0.0,17,3
s-16-055,16,delay_sensitive,1.185,0.0,6.842,0.611,0.0,17,3
s-16-056,16,delay_sensitive,1.209,0.0,7.352,0.483,0.0,17,3
s-16-057,16,delay_sensitive,0.934,0.0,6.565,0.626,0.0,17,3
s-16-058,16,delay_sensitive,0.935,0.0,4.469,0.869,0.0,17,3
s-16-059,16,delay_sensitive,1.049,0.0,4.708,0.538,0.0,17,3
s-16-060,16,delay_sensitive,1.201,0.0,5.986,0.534,0.0,17,3
s-16-061,16,delay_sensitive,1.37,0.0,9.534,0.551,0.0,17,3
s-16-062,16,delay_sensitive,1.252,0.0,4.408,0.923,0.0,17,3
s-16-063,16,delay_sensitive,1.384,0.0,4.449,0.745,0.0,17,3
s-16-064,16,delay_sensitive,1.327,0.0,9.591,0.7,0.0,17,3
s-16-065,16,delay_sensitive,1.1,0.0,4.34,0.819,0.0,17,3
s-16-066,16,delay_sensitive,0.955,0.0,6.826,0.95,0.0,17,3
s-16-067,16,delay_sensitive,1.032,0.0,4.18,0.603,0.0,17,3
s-16-068,16,delay_sensitive,1.03,0.0,6.007,0.859,0.0,17,3
s-16-069,16,delay_sensitive,0.97,0.0,7.283,0.84,0.0,17,3
s-16-070,16,delay_sensitive,1.362,0.0,7.98,0.927,0.0,17,3
s-16-071,16,delay_sensitive,1.018,0.0,4.437,0.969,0.0,17,3
s-16-072,16,delay_sensitive,1.352,0.0,8.219,0.859,0.0,17,3
s-16-073,16,delay_sensitive,0.918,0.0,9.886,0.97,0.0,17,3
s-16-074,16,delay_sensitive,1.199,0.0,7.675,0.448,0.0,17,3
s-16-075,16,delay_sensitive,1.176,0.0,9.68,0.562,0.0,17,3
s-16-076,16,delay_sensitive,0.921,0.0,4.214,0.705,0.0,17,3
s-16-077,16,delay_sensitive,1.225,0.0,6.589,0.582,0.0,17,3
s-16-078,16,delay_sensitive,1.325,0.0,9.829,0.413,0.0,17,3
s-16-079,16,delay_sensitive,0.928,0.0,8.642,0.887,0.0,17,3
s-16-080,16,delay_sensitive,1.167,0.0,9.162,0.809,0.0,17,3
s-16-081,16,delay_sensitive,1.269,0.0,7.315,0.431,0.0,17,3
s-16-082,16,delay_sensitive,1.283,0.0,8.173,0.658,0.0,17,3
s-16-083,16,delay_sensitive,1.113,0.0,4.827,0.663,0.0,17,3
s-16-084,16,delay_sensitive,1.349,0.0,9.895,0.621,0.0,17,3
s-16-085,16,delay_sensitive,0.997,0.0,6.619,0.435,0.0,17,3
s-16-086,16,delay_sensitive,1.016,0.0,7.532,0.536,0.0,17,3
s-16-087,16,delay_sensitive,1.274,0.0,9.33,0.876,0.0,17,3
s-16-088,16,delay_sensitive,1.184,0.0,9.946,0.409,0.0,17,3
s-16-089,16,delay_sensitive,1.26,0.0,8.876,0.446,0.0,17,3
s-16-090,16,delay_sensitive,0.963,0.0,5.084,0.426,0.0,17,3
s-16-091,16,delay_sensitive,1.075,0.0,7.931,0.547,0.0,17,3
s-16-092,16,delay_sensitive,1.046,0.0,7.637,0.687,0.0,17,3
s-16-093,16,delay_sensitive,0.961,0.0,4.461,0.55,0.0,17,3
s-16-094,16,delay_sensitive,1.172,0.0,6.97,0.841,0.0,17,3
s-16-095,16,delay_sensitive,1.078,0.0,9.491,0.532,0.0,17,3
s-16-096,16,delay_sensitive,1.257,0.0,9.649,0.868,0.0,17,3
s-16-097,16,delay_sensitive,1.046,0.0,7.922,0.716,0.0,17,3
s-16-098,16,delay_sensitive,1.034,0.0,8.187,0.702,0.0,17,3
s-16-099,16,delay_sensitive,0.927,0.0,9.403,0.823,0.0,17,3
s-16-100,16,delay_sensitive,1.211,0.0,5.679,0.522,0.0,17,3
s-16-101,16,delay_sensitive,0.969,0.0,9.856,0.538,0.0,17,3
s-16-102,16,delay_sensitive,1.271,0.0,5.265,0.623,0.0,17,3
s-16-103,16,delay_sensitive,1.308,0.0,4.852,0.987,0.0,17,3
s-16-104,16,delay_sensitive,1.249,0.0,7.899,0.672,0.0,17,3
s-16-105,16,delay_sensitive,0.957,0.0,6.993,0.42,0.0,17,3
s-16-106,16,delay_sensitive,1.039,0.0,6.305,0.896,0.0,17,3
s-16-107,16,delay_sensitive,0.942,0.0,5.675,0.766,0.0,17,3
s-16-108,16,delay_sensitive,1.148,0.0,9.177,0.631,0.0,17,3
s-16-109,16,delay_sensitive,0.922,0.0,5.234,0.511,0.0,17,3
s-16-110,16,delay_sensitive,1.116,0.0,4.314,0.583,0.0,17,3
s-16-111,16,delay_sensitive,1.171,0.0,6.087,0.416,0.0,17,3
s-16-112,16,delay_sensitive,1.204,0.0,9.359,0.954,0.0,17,3
s-16-113,16,delay_sensitive,1.354,0.0,8.861,0.755,0.0,17,3
s-16-114,16,delay_sensitive,1.279,0.0,6.046,0.898,0.0,17,3
s-16-115,16,delay_sensitive,1.117,0.0,6.565,0.838,0.0,17,3
s-16-116,16,delay_sensitive,1.268,0.0,4.343,0.466,0.0,17,3
s-16-117,16,delay_sensitive,1.094,0.0,8.328,0.807,0.0,17,3
s-16-118,16,delay_sensitive,1.329,0.0,9.628,0.678,0.0,17,3
s-16-119,16,delay_sensitive,1.186,0.0,7.41,0.711,0.0,17,3
s-16-120,16,delay_sensitive,0.981,0.0,6.288,0.847,0.0,17,3
s-16-121,16,delay_sensitive,1.362,0.0,4.791,0.409,0.0,17,3
s-16-122,16,delay_sensitive,1.3,0.0,9.706,0.451,0.0,17,3
s-16-123,16,delay_sensitive,1.025,0.0,7.257,0.603,0.0,17,3
s-16-124,16,delay_sensitive,1.097,0.0,7.693,0.617,0.0,17,3
s-16-125,16,delay_sensitive,1.23,0.0,8.695,0.886,0.0,17,3
s-16-126,16,delay_sensitive,1.204,0.0,4.746,0.741,0.0,17,3
s-16-127,16,delay_sensitive,1.06,0.0,5.587,0.507,0.0,17,3
s-16-128,16,delay_sensitive,1.131,0.0,6.639,0.68,0.0,17,3
s-16-129,16,delay_sensitive,1.383,0.0,6.881,0.907,0.0,17,3
s-16-130,16,delay_sensitive,1.009,0.0,4.352,0.963,0.0,17,3
s-16-131,16,delay_sensitive,1.038,0.0,7.662,0.588,0.0,17,3
s-16-132,16,delay_sensitive,0.932,0.0,5.079,0.86,0.0,17,3
s-16-133,16,delay_sensitive,1.038,0.0,9.214,0.476,0.0,17,3
s-16-134,16,delay_sensitive,1.215,0.0,4.881,0.771,0.0,17,3
t-16-000,16,delay_tolerant,0.893,0.0,6.928,0.411,302.419,18,2
t-16-001,16,delay_tolerant,1.032,0.0,3.252,0.73,141.893,19,2
t-16-002,16,delay_tolerant,1.197,0.0,8.852,0.31,424.175,20,2
t-16-003,16,delay_tolerant,1.016,0.0,3.268,0.441,159.299,19,2
t-16-004,16,delay_tolerant,0.978,0.0,6.066,0.442,237.284,20,2
t-16-005,16,delay_tolerant,1.132,0.0,7.086,0.343,273.531,19,2
t-16-006,16,delay_tolerant,0.857,0.0,4.959,0.773,240.595,19,2
t-16-007,16,delay_tolerant,1.159,0.0,5.248,0.865,225.863,19,2
t-16-008,16,delay_tolerant,0.864,0.0,3.268,0.858,448.274,18,2
t-16-009,16,delay_tolerant,0.842,0.0,4.269,0.488,377.676,18,2
t-16-010,16,delay_tolerant,1.003,0.0,6.489,0.506,197.353,20,2
t-16-011,16,delay_tolerant,0.813,0.0,7.358,0.529,479.216,20,2
t-16-012,16,delay_tolerant,1.182,0.0,8.752,0.895,323.545,18,2
t-16-013,16,delay_tolerant,1.052,0.0,7.404,0.623,163.647,20,2
t-16-014,16,delay_tolerant,1.119,0.0,6.643,0.696,307.321,20,2
t-16-015,16,delay_tolerant,0.908,0.0,8.016,0.476,207.85,19,2
t-16-016,16,delay_tolerant,1.12,0.0,8.865,0.439,233.334,18,2
t-16-017,16,delay_tolerant,1.077,0.0,5.67,0.875,267.573,18,2
t-16-018,16,delay_tolerant,0.941,0.0,6.034,0.849,355.199,18,2
t-16-019,16,delay_tolerant,0.892,0.0,7.718,0.438,418.016,20,2
t-16-020,16,delay_tolerant,1.17,0.0,4.47,0.846,362.678,18,2
t-16-021,16,delay_tolerant,0.855,0.0,4.562,0.472,232.984,20,2
t-16-022,16,delay_tolerant,0.963,0.0,6.03,0.389,297.912,18,2
t-16-023,16,delay_tolerant,1.16,0.0,8.258,0.309,163.484,18,2
t-16-024,16,delay_tolerant,1.106,0.0,7.268,0.582,156.358,19,2
t-16-025,16,delay_tolerant,1.134,0.0,3.144,0.4,146.285,18,2
t-16-026,16,delay_tolerant,1.147,0.0,8.512,0.843,247.572,20,2
t-16-027,16,delay_tolerant,1.079,0.0,4.449,0.476,241.251,19,2
t-16-028,16,delay_tolerant,1.037,0.0,6.7,0.896,136.286,19,2
t-16-029,16,delay_tolerant,1.168,0.0,8.7,0.846,347.1,20,2
t-16-030,16,delay_tolerant,1.134,0.0,4.736,0.586,168.458,20,2
t-16-031,16,delay_tolerant,1.089,0.0,6.537,0.792,303.375,18,2
t-16-032,16,delay_tolerant,1.158,0.0,6.561,0.522,353.786,18,2
t-16-033,16,delay_tolerant,0.928,0.0,4.06,0.734,220.548,19,2
t-16-034,16,delay_tolerant,0.893,0.0,5.96,0.329,306.364,18,2
t-16-035,16,delay_tolerant,1.032,0.0,8.064,0.556,236.208,20,2
t-16-036,16,delay_tolerant,1.103,0.0,8.721,0.325,460.219,19,2
t-16-037,16,delay_tolerant,0.884,0.0,6.115,0.645,341.572,20,2
t-16-038,16,delay_tolerant,0.939,0.0,3.994,0.473,295.189,18,2
t-16-039,16,delay_tolerant,1.154,0.0,4.731,0.851,475.97,18,2
t-16-040,16,delay_tolerant,1.17,0.0,6.999,0.385,194.464,18,2
t-16-041,16,delay_tolerant,1.102,0.0,3.164,0.842,465.548,20,2
t-16-042,16,delay_tolerant,1.015,0.0,4.171,0.593,416.063,20,2
t-16-043,16,delay_tolerant,0.881,0.0,8.651,0.643,383.552,19,2
t-16-044,16,delay_tolerant,0.85,0.0,5.723,0.851,377.85,20,2
t-16-045,16,delay_tolerant,0.978,0.0,5.594,0.458,431.221,18,2
t-16-046,16,delay_tolerant,1.093,0.0,3.699,0.512,148.464,19,2
t-16-047,16,delay_tolerant,1.091,0.0,4.963,0.604,219.399,18,2
t-16-048,16,delay_tolerant,1.094,0.0,7.032,0.344,367.658,20,2
t-16-049,16,delay_tolerant,0.973,0.0,8.594,0.777,234.31,18,2
t-16-050,16,delay_tolerant,1.064,0.0,8.265,0.321,348.419,20,2
t-16-051,16,delay_tolerant,0.898,0.0,6.518,0.823,199.275,18,2
t-16-052,16,delay_tolerant,0.906,0.0,3.909,0.788,384.082,18,2
t-16-053,16,delay_tolerant,0.853,0.0,6.809,0.353,305.87,19,2
t-16-054,16,delay_tolerant,1.1,0.0,3.019,0.34,320.785,20,2
t-16-055,16,delay_tolerant,1.084,0.0,3.233,0.713,340.816,18,2
t-16-056,16,delay_tolerant,1.034,0.0,6.826,0.591,356.499,20,2
t-16-057,16,delay_tolerant,1.151,0.0,8.044,0.825,360.471,18,2
t-16-058,16,delay_tolerant,1.119,0.0,5.353,0.514,293.145,19,2
t-16-059,16,delay_tolerant,0.888,0.0,8.778,0.838,395.017,18,2
t-16-060,16,delay_tolerant,1.188,0.0,4.952,0.697,161.695,19,2
t-16-061,16,delay_tolerant,1.183,0.0,6.964,0.509,263.312,19,2
t-16-062,16,delay_tolerant,1.109,0.0,5.902,0.783,296.103,18,2
t-16-063,16,delay_tolerant,1.075,0.0,3.174,0.461,197.438,19,2
t-16-064,16,delay_tolerant,0.824,0.0,7.631,0.457,234.343,19,2
t-16-065,16,delay_tolerant,1.124,0.0,5.551,0.456,139.668,19,2
t-16-066,16,delay_tolerant,1.091,0.0,5.039,0.791,231.064,19,2
t-16-067,16,delay_tolerant,0.889,0.0,8.254,0.622,400.639,19,2
t-16-068,16,delay_tolerant,1.179,0.0,6.68,0.498,337.786,18,2
t-16-069,16,delay_tolerant,1.18,0.0,3.127,0.528,400.956,18,2
t-16-070,16,delay_tolerant,1.165,0.0,7.601,0.632,355.775,19,2
t-16-071,16,delay_tolerant,0.884,0.0,6.213,0.891,421.734,20,2
t-16-072,16,delay_tolerant,1.144,0.0,4.376,0.781,447.835,19,2
t-16-073,16,delay_tolerant,0.965,0.0,6.318,0.449,124.911,19,2
g-16-000,16,token_batch,0.576,0.862,11.979,1.091,4292.0,18,1
g-16-001,16,token_batch,0.321,0.938,15.724,0.948,2359.0,19,1
g-16-002,16,token_batch,0.249,1.27,14.553,0.879,4271.0,20,1
g-16-003,16,token_batch,0.234,0.844,15.221,1.257,4730.0,20,1
g-16-004,16,token_batch,0.206,1.298,14.049,0.891,1282.0,21,1
g-16-005,16,token_batch,0.356,1.299,16.593,1.271,4446.0,22,1
g-16-006,16,token_batch,0.497,0.981,12.589,0.86,3298.0,21,1
g-16-007,16,token_batch,0.351,1.058,10.223,1.044,3130.0,22,1
g-16-008,16,token_batch,0.314,1.222,13.066,1.029,3179.0,20,1
g-16-009,16,token_batch,0.357,1.024,13.466,0.865,4180.0,21,1
g-16-010,16,token_batch,0.59,1.038,10.321,1.022,3566.0,19,1
g-16-011,16,token_batch,0.457,0.999,16.097,1.385,1646.0,22,1
g-16-012,16,token_batch,0.268,1.319,12.898,0.95,3497.0,18,1
g-16-013,16,token_batch,0.447,1.084,15.23,1.14,2851.0,19,1
g-16-014,16,token_batch,0.507,0.951,11.115,1.003,1441.0,19,1
g-16-015,16,token_batch,0.329,1.139,12.065,0.803,1349.0,19,1
g-16-016,16,token_batch,0.425,1.093,12.998,1.376,4292.0,19,1
g-16-017,16,token_batch,0.385,1.09,13.548,1.244,2518.0,19,1
g-16-018,16,token_batch,0.37,0.847,9.273,0.808,1630.0,18,1
g-16-019,16,token_batch,0.249,0.918,16.697,0.868,4264.0,22,1
g-16-020,16,token_batch,0.268,1.282,12.872,1.249,3228.0,21,1
g-16-021,16,token_batch,0.36,0.978,12.355,0.977,2912.0,22,1
g-16-022,16,token_batch,0.329,1.334,13.638,0.9,3340.0,20,1
g-16-023,16,token_batch,0.474,1.282,17.52,1.023,3343.0,20,1
g-16-024,16,token_batch,0.389,0.926,11.302,1.248,2229.0,22,1
g-16-025,16,token_batch,0.41,1.298,8.098,1.05,1872.0,19,1
g-16-026,16,token_batch,0.227,1.386,11.118,0.913,3127.0,19,1
g-16-027,16,token_batch,0.383,0.857,14.25,1.157,3402.0,18,1
g-16-028,16,token_batch,0.455,1.33,11.45,0.808,2635.0,18,1
g-16-029,16,token_batch,0.314,1.347,12.262,1.238,2324.0,19,1
g-16-030,16,token_batch,0.507,1.361,13.611,1.185,3757.0,20,1
g-16-031,16,token_batch,0.437,0.862,10.164,0.907,1517.0,19,1
g-16-032,16,token_batch,0.251,1.113,14.448,1.03,1619.0,22,1
g-16-033,16,token_batch,0.541,1.163,17.667,1.242,4362.0,22,1
g-16-034,16,token_batch,0.564,0.926,8.027,0.939,3938.0,22,1
g-16-035,16,token_batch,0.572,1.169,9.433,1.085,1574.0,19,1
g-16-036,16,token_batch,0.231,1.382,9.37,1.284,2524.0,18,1
s-17-000,17,delay_sensitive,1.113,0.0,6.83,0.582,0.0,18,3
s-17-001,17,delay_sensitive,1.28,0.0,5.445,0.636,0.0,18,3
s-17-002,17,delay_sensitive,1.287,0.0,8.237,0.613,0.0,18,3
s-17-003,17,delay_sensitive,1.319,0.0,5.902,0.447,0.0,18,3
s-17-004,17,delay_sensitive,1.203,0.0,5.283,0.5,0.0,18,3
s-17-005,17,delay_sensitive,1.217,0.0,5.666,0.486,0.0,18,3
s-17-006,17,delay_sensitive,1.119,0.0,6.65,0.817,0.0,18,3
s-17-007,17,delay_sensitive,1.025,0.0,4.721,0.94,0.0,18,3
s-17-008,17,delay_sensitive,1.226,0.0,5.068,0.92,0.0,18,3
s-17-009,17,delay_sensitive,1.328,0.0,8.624,0.608,0.0,18,3
s-17-010,17,delay_sensitive,1.112,0.0,7.702,0.926,0.0,18,3
s-17-011,17,delay_sensitive,1.36,0.0,5.146,0.625,0.0,18,3
s-17-012,17,delay_sensitive,1.367,0.0,9.973,0.518,0.0,18,3
s-17-013,17,delay_sensitive,1.08,0.0,5.169,0.752,0.0,18,3
s-17-014,17,delay_sensitive,1.064,0.0,9.466,0.949,0.0,18,3
s-17-015,17,delay_sensitive,1.151,0.0,4.078,0.564,0.0,18,3
s-17-016,17,delay_sensitive,1.224,0.0,7.85,0.639,0.0,18,3
s-17-017,17,delay_sensitive,1.398,0.0,8.226,0.565,0.0,18,3
s-17-018,17,delay_sensitive,0.929,0.0,7.433,0.418,0.0,18,3
s-17-019,17,delay_sensitive,1.259,0.0,6.825,0.765,0.0,18,3
s-17-020,17,delay_sensitive,1.127,0.0,5.043,0.85,0.0,18,3
s-17-021,17,delay_sensitive,1.224,0.0,7.274,0.462,0.0,18,3
s-17-022,17,delay_sensitive,1.085,0.0,7.678,0.828,0.0,18,3
s-17-023,17,delay_sensitive,1.253,0.0,5.061,0.911,0.0,18,3
s-17-024,17,delay_sensitive,0.941,0.0,9.004,0.472,0.0,18,3
s-17-025,17,delay_sensitive,1.122,0.0,8.264,0.589,0.0,18,3
s-17-026,17,delay_sensitive,1.329,0.0,5.665,0.912,0.0,18,3
s-17-027,17,delay_sensitive,1.228,0.0,8.425,0.6,0.0,18,3
s-17-028,17,delay_sensitive,1.236,0.0,9.398,0.939,0.0,18,3
s-17-029,17,delay_sensitive,0.985,0.0,9.918,0.833,0.0,18,3
s-17-030,17,delay_sensitive,1.083,0.0,4.085,0.799,0.0,18,3
s-17-031,17,delay_sensitive,1.108,0.0,8.006,0.437,0.0,18,3
s-17-032,17,delay_sensitive,0.996,0.0,8.568,0.489,0.0,18,3
s-17-033,17,delay_sensitive,1.033,0.0,5.036,0.427,0.0,18,3
s-17-034,17,delay_sensitive,1.204,0.0,8.132,0.646,0.0,18,3
s-17-035,17,delay_sensitive,1.218,0.0,9.053,0.965,0.0,18,3
s-17-036,17,delay_sensitive,1.056,0.0,7.363,0.471,0.0,18,3
s-17-037,17,delay_sensitive,1.133,0.0,9.017,0.452,0.0,18,3
s-17-038,17,delay_sensitive,1.365,0.0,4.529,0.951,0.0,18,3
s-17-039,17,delay_sensitive,0.991,0.0,4.519,0.591,0.0,18,3
s-17-040,17,delay_sensitive,1.213,0.0,4.121,0.502,0.0,18,3
s-17-041,17,delay_sensitive,0.905,0.0,7.828,0.676,0.0,18,3
s-17-042,17,delay_sensitive,1.339,0.0,9.659,0.585,0.0,18,3
s-17-043,17,delay_sensitive,1.24,0.0,9.656,0.919,0.0,18,3
s-17-044,17,delay_sensitive,1.274,0.0,8.429,0.586,0.0,18,3
s-17-045,17,delay_sensitive,1.09,0.0,5.722,0.567,0.0,18,3
s-17-046,17,delay_sensitive,1.183,0.0,6.484,0.901,0.0,18,3
s-17-047,17,delay_sensitive,1.036,0.0,5.195,0.988,0.0,18,3
s-17-048,17,delay_sensitive,1.03,0.0,6.638,0.455,0.0,18,3
s-17-049,17,delay_sensitive,1.078,0.0,6.182,0.863,0.0,18,3
s-17-050,17,delay_sensitive,1.162,0.0,8.977,0.812,0.0,18,3
s-17-051,17,delay_sensitive,0.985,0.0,9.698,0.751,0.0,18,3
s-17-052,17,delay_sensitive,0.978,0.0,7.412,0.996,0.0,18,3
s-17-053,17,delay_sensitive,1.117,0.0,7.876,0.809,0.0,18,3
s-17-054,17,delay_sensitive,1.044,0.0,6.053,0.981,0.0,18,3
s-17-055,17,delay_sensitive,1.176,0.0,8.459,0.561,0.0,18,3
s-17-056,17,delay_sensitive,1.157,0.0,5.264,0.531,0.0,18,3
s-17-057,17,delay_sensitive,1.03,0.0,9.532,0.71,0.0,18,3
s-17-058,17,delay_sensitive,1.216,0.0,6.851,0.68,0.0,18,3
s-17-059,17,delay_sensitive,1.061,0.0,7.383,0.795,0.0,18,3
s-17-060,17,delay_sensitive,1.351,0.0,5.934,0.463,0.0,18,3
s-17-061,17,delay_sensitive,1.079,0.0,9.406,0.495,0.0,18,3
s-17-062,17,delay_sensitive,1.138,0.0,6.02,0.942,0.0,18,3
s-17-063,17,delay_sensitive,0.994,0.0,6.148,0.498,0.0,18,3
s-17-064,17,delay_sensitive,1.173,0.0,8.512,0.663,0.0,18,3
s-17-065,17,delay_sensitive,1.208,0.0,7.561,0.817,0.0,18,3
s-17-066,17,delay_sensitive,1.265,0.0,6.841,0.546,0.0,18,3
s-17-067,17,delay_sensitive,1.262,0.0,7.606,0.69,0.0,18,3
s-17-068,17,delay_sensitive,1.101,0.0,4.241,0.957,0.0,18,3
s-17-069,17,delay_sensitive,1.017,0.0,9.609,0.956,0.0,18,3
s-17-070,17,delay_sensitive,0.954,0.0,6.555,0.562,0.0,18,3
s-17-071,17,delay_sensitive,1.189,0.0,7.558,0.498,0.0,18,3
s-17-072,17,delay_sensitive,0.983,0.0,5.803,0.758,0.0,18,3
s-17-073,17,delay_sensitive,1.249,0.0,7.145,0.971,0.0,18,3
s-17-074,17,delay_sensitive,1.184,0.0,4.837,0.798,0.0,18,3
s-17-075,17,delay_sensitive,1.294,0.0,4.323,0.454,0.0,18,3
s-17-076,17,delay_sensitive,1.296,0.0,4.849,0.608,0.0,18,3
s-17-077,17,delay_sensitive,1.098,0.0,6.764,0.795,0.0,18,3
s-17-078,17,delay_sensitive,1.0,0.0,5.032,0.585,0.0,18,3
s-17-079,17,delay_sensitive,0.992,0.0,9.147,0.662,0.0,18,3
s-17-080,17,delay_sensitive,1.262,0.0,4.925,0.733,0.0,18,3
s-17-081,17,delay_sensitive,1.288,0.0,4.03,0.496,0.0,18,3
s-17-082,17,delay_sensitive,0.95,0.0,7.299,0.636,0.0,18,3
s-17-083,17,delay_sensitive,1.006,0.0,6.834,0.626,0.0,18,3
s-17-084,17,delay_sensitive,1.132,0.0,5.456,0.95,0.0,18,3
s-17-085,17,delay_sensitive,1.094,0.0,5.91,0.961,0.0,18,3
s-17-086,17,delay_sensitive,1.1,0.0,5.963,0.57,0.0,18,3
s-17-087,17,delay_sensitive,1.237,0.0,9.236,0.758,0.0,18,3
s-17-088,17,delay_sensitive,1.167,0.0,6.081,0.802,0.0,18,3
s-17-089,17,delay_sensitive,1.385,0.0,4.161,0.931,0.0,18,3
s-17-090,17,delay_sensitive,0.989,0.0,5.411,0.617,0.0,18,3
s-17-091,17,delay_sensitive,1.151,0.0,4.01,0.76,0.0,18,3
s-17-092,17,delay_sensitive,1.099,0.0,4.464,0.538,0.0,18,3
s-17-093,17,delay_sensitive,1.15,0.0,4.265,0.581,0.0,18,3
s-17-094,17,delay_sensitive,0.946,0.0,6.304,0.508,0.0,18,3
s-17-095,17,delay_sensitive,0.975,0.0,5.867,0.805,0.0,18,3
s-17-096,17,delay_sensitive,1.14,0.0,5.566,0.973,0.0,18,3
s-17-097,17,delay_sensitive,0.99,0.0,6.389,0.71,0.0,18,3
s-17-098,17,delay_sensitive,0.953,0.0,8.837,0.608,0.0,18,3
s-17-099,17,delay_sensitive,1.266,0.0,7.935,0.643,0.0,18,3
s-17-100,17,delay_sensitive,1.303,0.0,4.965,0.477,0.0,18,3
s-17-101,17,delay_sensitive,1.153,0.0,8.118,0.407,0.0,18,3
s-17-102,17,delay_sensitive,1.227,0.0,8.021,0.653,0.0,18,3
s-17-103,17,delay_sensitive,0.927,0.0,6.55,0.845,0.0,18,3
s-17-104,17,delay_sensitive,0.958,0.0,8.843,0.945,0.0,18,3
s-17-105,17,delay_sensitive,1.151,0.0,8.686,0.827,0.0,18,3
s-17-106,17,delay_sensitive,1.322,0.0,9.831,0.467,0.0,18,3
s-17-107,17,delay_sensitive,0.989,0.0,6.544,0.856,0.0,18,3
s-17-108,17,delay_sensitive,1.335,0.0,4.48,0.404,0.0,18,3
s-17-109,17,delay_sensitive,1.374,0.0,8.245,0.555,0.0,18,3
s-17-110,17,delay_sensitive,1.157,0.0,7.687,0.923,0.0,18,3
s-17-111,17,delay_sensitive,1.117,0.0,6.789,0.424,0.0,18,3
s-17-112,17,delay_sensitive,1.334,0.0,6.762,0.43,0.0,18,3
s-17-113,17,delay_sensitive,1.2,0.0,6.216,0.655,0.0,18,3
s-17-114,17,delay_sensitive,1.237,0.0,8.601,0.414,0.0,18,3
s-17-115,17,delay_sensitive,1.034,0.0,5.759,0.65,0.0,18,3
s-17-116,17,delay_sensitive,1.123,0.0,5.786,0.421,0.0,18,3
s-17-117,17,delay_sensitive,0.956,0.0,8.391,0.719,0.0,18,3
s-17-118,17,delay_sensitive,1.098,0.0,5.051,0.721,0.0,18,3
s-17-119,17,delay_sensitive,0.963,0.0,4.868,0.696,0.0,18,3
s-17-120,17,delay_sensitive,1.346,0.0,6.072,0.675,0.0,18,3
s-17-121,17,delay_sensitive,1.209,0.0,9.513,0.942,0.0,18,3
s-17-122,17,delay_sensitive,1.366,0.0,8.923,0.741,0.0,18,3
s-17-123,17,delay_sensitive,0.92,0.0,5.96,0.423,0.0,18,3
s-17-124,17,delay_sensitive,1.205,0.0,8.343,0.887,0.0,18,3
s-17-125,17,delay_sensitive,0.951,0.0,7.076,0.835,0.0,18,3
s-17-126,17,delay_sensitive,1.069,0.0,7.82,0.581,0.0,18,3
s-17-127,17,delay_sensitive,1.1,0.0,5.104,0.848,0.0,18,3
s-17-128,17,delay_sensitive,1.261,0.0,8.456,0.448,0.0,18,3
s-17-129,17,delay_sensitive,1.356,0.0,9.791,0.876,0.0,18,3
s-17-130,17,delay_sensitive,1.185,0.0,9.97,0.769,0.0,18,3
s-17-131,17,delay_sensitive,1.17,0.0,8.762,0.817,0.0,18,3
s-17-132,17,delay_sensitive,0.924,0.0,7.44,0.529,0.0,18,3
s-17-133,17,delay_sensitive,1.368,0.0,5.649,0.813,0.0,18,3
s-17-134,17,delay_sensitive,0.993,0.0,7.009,0.427,0.0,18,3
s-17-135,17,delay_sensitive,1.099,0.0,5.088,0.571,0.0,18,3
s-17-136,17,delay_sensitive,0.903,0.0,5.243,0.869,0.0,18,3
s-17-137,17,delay_sensitive,1.229,0.0,5.649,0.677,0.0,18,3
s-17-138,17,delay_sensitive,1.295,0.0,7.809,0.458,0.0,18,3
s-17-139,17,delay_sensitive,1.012,0.0,8.254,0.533,0.0,18,3
s-17-140,17,delay_sensitive,1.206,0.0,8.369,0.766,0.0,18,3
s-17-141,17,delay_sensitive,1.13,0.0,6.525,0.757,0.0,18,3
s-17-142,17,delay_sensitive,1.171,0.0,6.854,0.735,0.0,18,3
s-17-143,17,delay_sensitive,1.071,0.0,5.918,0.894,0.0,18,3
s-17-144,17,delay_sensitive,0.976,0.0,9.126,0.699,0.0,18,3
s-17-145,17,delay_sensitive,1.166,0.0,5.02,0.634,0.0,18,3
s-17-146,17,delay_sensitive,1.101,0.0,7.964,0.743,0.0,18,3
s-17-147,17,delay_sensitive,0.939,0.0,6.919,0.991,0.0,18,3
s-17-148,17,delay_sensitive,0.942,0.0,8.488,0.718,0.0,18,3
s-17-149,17,delay_sensitive,1.052,0.0,8.505,0.671,0.0,18,3
s-17-150,17,delay_sensitive,1.134,0.0,4.935,0.751,0.0,18,3
t-17-000,17,delay_tolerant,0.941,0.0,5.589,0.897,128.427,21,2
t-17-001,17,delay_tolerant,1.023,0.0,5.945,0.441,451.623,20,2
t-17-002,17,delay_tolerant,0.951,0.0,8.693,0.374,262.47,19,2
t-17-003,17,delay_tolerant,1.197,0.0,6.424,0.407,177.282,19,2
t-17-004,17,delay_tolerant,1.192,0.0,6.3,0.511,198.391,21,2
t-17-005,17,delay_tolerant,0.912,0.0,7.623,0.678,359.124,21,2
t-17-006,17,delay_tolerant,1.184,0.0,7.571,0.491,312.826,21,2
t-17-007,17,delay_tolerant,0.89,0.0,5.424,0.754,223.062,20,2
t-17-008,17,delay_tolerant,0.863,0.0,8.24,0.54,121.201,20,2
t-17-009,17,delay_tolerant,1.105,0.0,6.937,0.71,155.396,20,2
t-17-010,17,delay_tolerant,1.061,0.0,8.845,0.546,349.11,21,2
t-17-011,17,delay_tolerant,0.89,0.0,6.658,0.602,148.982,21,2
t-17-012,17,delay_tolerant,1.093,0.0,8.673,0.495,209.979,21,2
t-17-013,17,delay_tolerant,1.05,0.0,7.106,0.871,128.179,21,2
t-17-014,17,delay_tolerant,1.153,0.0,6.925,0.631,430.838,21,2
t-17-015,17,delay_tolerant,0.983,0.0,7.338,0.444,289.981,19,2
t-17-016,17,delay_tolerant,1.169,0.0,4.936,0.476,442.0,21,2
t-17-017,17,delay_tolerant,1.031,0.0,5.755,0.71,279.715,19,2
t-17-018,17,delay_tolerant,1.119,0.0,8.837,0.6,160.017,19,2
t-17-019,17,delay_tolerant,1.135,0.0,8.233,0.845,208.151,21,2
t-17-020,17,delay_tolerant,1.185,0.0,3.041,0.319,363.674,21,2
t-17-021,17,delay_tolerant,1.198,0.0,8.173,0.342,270.152,21,2
t-17-022,17,delay_tolerant,1.153,0.0,6.224,0.729,338.512,20,2
t-17-023,17,delay_tolerant,1.086,0.0,5.631,0.797,141.523,21,2
t-17-024,17,delay_tolerant,1.131,0.0,7.351,0.324,263.795,20,2
t-17-025,17,delay_tolerant,1.052,0.0,5.64,0.772,157.304,21,2
t-17-026,17,delay_tolerant,1.103,0.0,6.479,0.775,379.918,20,2
t-17-027,17,delay_tolerant,0.965,0.0,5.039,0.848,406.399,20,2
t-17-028,17,delay_tolerant,0.906,0.0,4.98,0.716,284.967,19,2
t-17-029,17,delay_tolerant,0.997,0.0,4.468,0.456,226.305,21,2
t-17-030,17,delay_tolerant,0.932,0.0,5.702,0.455,219.108,20,2
t-17-031,17,delay_tolerant,1.105,0.0,3.888,0.473,199.568,19,2
t-17-032,17,delay_tolerant,1.025,0.0,7.283,0.484,377.701,20,2
t-17-033,17,delay_tolerant,1.054,0.0,5.852,0.564,226.157,21,2
t-17-034,17,delay_tolerant,1.122,0.0,3.771,0.664,429.293,21,2
t-17-035,17,delay_tolerant,1.055,0.0,3.168,0.427,229.064,20,2
t-17-036,17,delay_tolerant,0.805,0.0,5.185,0.605,433.284,21,2
t-17-037,17,delay_tolerant,0.962,0.0,6.711,0.402,243.917,21,2
t-17-038,17,delay_tolerant,1.035,0.0,6.007,0.614,256.072,19,2
t-17-039,17,delay_tolerant,1.059,0.0,8.225,0.589,294.239,20,2
t-17-040,17,delay_tolerant,0.806,0.0,8.682,0.505,231.351,20,2
t-17-041,17,delay_tolerant,0.86,0.0,6.652,0.737,163.053,19,2
t-17-042,17,delay_tolerant,0.943,0.0,5.756,0.848,446.269,19,2
t-17-043,17,delay_tolerant,1.138,0.0,7.699,0.614,202.214,21,2
t-17-044,17,delay_tolerant,0.945,0.0,3.197,0.676,462.73,19,2
t-17-045,17,delay_tolerant,0.827,0.0,6.32,0.621,386.853,21,2
t-17-046,17,delay_tolerant,1.188,0.0,3.336,0.64,209.27,19,2
t-17-047,17,delay_tolerant,1.119,0.0,4.096,0.862,428.708,20,2
t-17-048,17,delay_tolerant,1.076,0.0,5.736,0.324,339.29,19,2
t-17-049,17,delay_tolerant,0.911,0.0,7.459,0.74,450.288,21,2
t-17-050,17,delay_tolerant,1.009,0.0,3.365,0.437,330.844,19,2
t-17-051,17,delay_tolerant,0.991,0.0,3.59,0.829,138.39,21,2
t-17-052,17,delay_tolerant,0.829,0.0,5.87,0.565,291.373,21,2
t-17-053,17,delay_tolerant,1.017,0.0,4.29,0.592,324.959,19,2
t-17-054,17,delay_tolerant,0.972,0.0,8.43,0.732,279.351,21,2
t-17-055,17,delay_tolerant,0.878,0.0,7.835,0.669,284.252,21,2
t-17-056,17,delay_tolerant,0.901,0.0,5.443,0.462,347.206,19,2
t-17-057,17,delay_tolerant,1.003,0.0,6.085,0.871,227.869,20,2
t-17-058,17,delay_tolerant,0.9,0.0,4.652,0.637,231.169,21,2
t-17-059,17,delay_tolerant,0.845,0.0,7.54,0.409,122.346,20,2
t-17-060,17,delay_tolerant,0.988,0.0,3.979,0.339,275.525,21,2
t-17-061,17,delay_tolerant,0.838,0.0,8.172,0.505,367.305,20,2
t-17-062,17,delay_tolerant,0.877,0.0,3.652,0.439,230.592,19,2
t-17-063,17,delay_tolerant,0.928,0.0,6.182,0.362,228.022,20,2
t-17-064,17,delay_tolerant,0.884,0.0,7.031,0.494,189.085,21,2
t-17-065,17,delay_tolerant,1.114,0.0,8.114,0.666,176.568,20,2
t-17-066,17,delay_tolerant,1.192,0.0,6.921,0.773,400.712,21,2
t-17-067,17,delay_tolerant,0.891,0.0,4.577,0.861,420.398,20,2
t-17-068,17,delay_tolerant,0.858,0.0,5.002,0.512,388.277,20,2
t-17-069,17,delay_tolerant,0.923,0.0,6.38,0.758,122.042,20,2
t-17-070,17,delay_tolerant,0.822,0.0,5.453,0.687,170.375,20,2
t-17-071,17,delay_tolerant,1.107,0.0,3.117,0.723,195.099,20,2
t-17-072,17,delay_tolerant,0.902,0.0,7.995,0.314,273.899,21,2
t-17-073,17,delay_tolerant,0.93,0.0,6.36,0.42,197.393,20,2
t-17-074,17,delay_tolerant,0.976,0.0,4.644,0.345,177.75,21,2
t-17-075,17,delay_tolerant,0.992,0.0,7.328,0.582,469.608,21,2
t-17-076,17,delay_tolerant,1.112,0.0,5.34,0.876,374.336,19,2
t-17-077,17,delay_tolerant,0.912,0.0,6.64,0.525,156.518,19,2
t-17-078,17,delay_tolerant,0.937,0.0,6.227,0.563,222.325,21,2
t-17-079,17,delay_tolerant,0.854,0.0,7.499,0.495,399.087,20,2
t-17-080,17,delay_tolerant,1.13,0.0,8.244,0.654,326.672,20,2
t-17-081,17,delay_tolerant,0.835,0.0,4.471,0.644,394.603,21,2
g-17-000,17,token_batch,0.412,0.975,8.219,1.263,3480.0,21,1
g-17-001,17,token_batch,0.514,1.227,11.14,1.312,4766.0,19,1
g-17-002,17,token_batch,0.554,0.91,12.683,1.076,4260.0,22,1
g-17-003,17,token_batch,0.471,1.222,10.554,1.249,2015.0,21,1
g-17-004,17,token_batch,0.248,1.046,11.963,1.092,1774.0,19,1
g-17-005,17,token_batch,0.411,1.348,13.123,0.81,4606.0,19,1
g-17-006,17,token_batch,0.584,1.324,11.271,1.123,1331.0,22,1
g-17-007,17,token_batch,0.334,0.84,8.756,0.855,3554.0,21,1
g-17-008,17,token_batch,0.245,0.895,13.135,1.311,4397.0,23,1
g-17-009,17,token_batch,0.444,1.396,15.519,1.26,3118.0,23,1
g-17-010,17,token_batch,0.311,1.071,16.805,1.243,4549.0,22,1
g-17-011,17,token_batch,0.273,1.145,12.54,1.269,1499.0,21,1
g-17-012,17,token_batch,0.361,0.976,14.237,1.034,1287.0,22,1
g-17-013,17,token_batch,0.329,0.89,16.556,1.151,2122.0,19,1
g-17-014,17,token_batch,0.383,1.199,15.699,1.145,3380.0,21,1
g-17-015,17,token_batch,0.547,0.892,15.73,0.924,4128.0,21,1
g-17-016,17,token_batch,0.21,1.161,16.447,1.268,1613.0,20,1
g-17-017,17,token_batch,0.582,0.996,11.153,0.938,2627.0,23,1
g-17-018,17,token_batch,0.321,1.055,10.711,1.362,2026.0,20,1
g-17-019,17,token_batch,0.342,0.882,16.989,1.064,4363.0,20,1
g-17-020,17,token_batch,0.378,1.246,15.399,1.028,1304.0,22,1
g-17-021,17,token_batch,0.36,0.923,11.805,1.289,2996.0,22,1
g-17-022,17,token_batch,0.403,1.147,13.165,0.898,1917.0,19,1
g-17-023,17,token_batch,0.576,1.244,11.584,1.397,1692.0,20,1
g-17-024,17,token_batch,0.284,0.854,13.069,1.087,1982.0,22,1
g-17-025,17,token_batch,0.578,0.81,11.8,1.052,1658.0,23,1
g-17-026,17,token_batch,0.344,0.986,8.653,1.368,2652.0,19,1
g-17-027,17,token_batch,0.6,0.851,14.436,1.034,2139.0,21,1
g-17-028,17,token_batch,0.581,0.965,14.474,0.994,1264.0,22,1
g-17-029,17,token_batch,0.3,1.139,9.279,0.893,4671.0,20,1
g-17-030,17,token_batch,0.216,1.158,10.098,1.244,4322.0,22,1
g-17-031,17,token_batch,0.447,1.294,12.192,0.905,2722.0,21,1
g-17-032,17,token_batch,0.497,1.286,9.816,1.327,1820.0,23,1
g-17-033,17,token_batch,0.265,1.099,11.061,1.175,4421.0,19,1
g-17-034,17,token_batch,0.328,1.27,11.316,1.333,3747.0,21,1
g-17-035,17,token_batch,0.549,1.348,8.465,1.026,4210.0,19,1
g-17-036,17,token_batch,0.41,0.895,8.149,1.338,4159.0,23,1
g-17-037,17,token_batch,0.595,0.867,12.757,1.39,2919.0,19,1
g-17-038,17,token_batch,0.254,1.162,14.369,0.987,3003.0,23,1
g-17-039,17,token_batch,0.251,1.194,11.656,1.168,2252.0,22,1
g-17-040,17,token_batch,0.397,1.299,13.712,0.875,3157.0,19,1
s-18-000,18,delay_sensitive,1.157,0.0,8.833,0.486,0.0,19,3
s-18-001,18,delay_sensitive,1.23,0.0,8.459,0.83,0.0,19,3
s-18-002,18,delay_sensitive,1.041,0.0,7.69,0.55,0.0,19,3
s-18-003,18,delay_sensitive,1.025,0.0,8.38,0.581,0.0,19,3
s-18-004,18,delay_sensitive,1.255,0.0,6.773,0.754,0.0,19,3
s-18-005,18,delay_sensitive,1.158,0.0,9.926,0.56,0.0,19,3
s-18-006,18,delay_sensitive,1.35,0.0,5.968,0.625,0.0,19,3
s-18-007,18,delay_sensitive,0.973,0.0,8.418,0.91,0.0,19,3
s-18-008,18,delay_sensitive,1.274,0.0,8.799,0.779,0.0,19,3
s-18-009,18,delay_sensitive,1.297,0.0,9.877,0.409,0.0,19,3
s-18-010,18,delay_sensitive,1.217,0.0,9.012,0.543,0.0,19,3
s-18-011,18,delay_sensitive,1.098,0.0,4.07,0.688,0.0,19,3
s-18-012,18,delay_sensitive,1.329,0.0,5.126,0.922,0.0,19,3
s-18-013,18,delay_sensitive,1.385,0.0,6.434,0.996,0.0,19,3
s-18-014,18,delay_sensitive,1.127,0.0,5.577,0.664,0.0,19,3
s-18-015,18,delay_sensitive,1.272,0.0,7.933,0.709,0.0,19,3
s-18-016,18,delay_sensitive,1.069,0.0,9.98,0.512,0.0,19,3
s-18-017,18,delay_sensitive,1.07,0.0,9.232,0.863,0.0,19,3
s-18-018,18,delay_sensitive,1.128,0.0,4.579,0.914,0.0,19,3
s-18-019,18,delay_sensitive,1.282,0.0,5.577,0.869,0.0,19,3
s-18-020,18,delay_sensitive,1.113,0.0,4.152,0.726,0.0,19,3
s-18-021,18,delay_sensitive,0.947,0.0,9.851,0.898,0.0,19,3
s-18-022,18,delay_sensitive,0.96,0.0,8.276,0.476,0.0,19,3
s-18-023,18,delay_sensitive,1.074,0.0,6.715,0.732,0.0,19,3
s-18-024,18,delay_sensitive,1.37,0.0,9.798,0.983,0.0,19,3
s-18-025,18,delay_sensitive,0.991,0.0,8.92,0.931,0.0,19,3
s-18-026,18,delay_sensitive,1.155,0.0,4.85,0.808,0.0,19,3
s-18-027,18,delay_sensitive,1.288,0.0,5.192,0.847,0.0,19,3
s-18-028,18,delay_sensitive,1.163,0.0,8.68,0.738,0.0,19,3
s-18-029,18,delay_sensitive,1.165,0.0,4.282,0.72,0.0,19,3
s-18-030,18,delay_sensitive,1.17,0.0,8.162,0.998,0.0,19,3
s-18-031,18,delay_sensitive,0.983,0.0,4.952,0.808,0.0,19,3
s-18-032,18,delay_sensitive,1.217,0.0,9.154,0.536,0.0,19,3
s-18-033,18,delay_sensitive,1.365,0.0,8.297,0.724,0.0,19,3
s-18-034,18,delay_sensitive,1.378,0.0,6.544,0.521,0.0,19,3
s-18-035,18,delay_sensitive,0.924,0.0,9.815,0.641,0.0,19,3
s-18-036,18,delay_sensitive,1.095,0.0,7.13,0.653,0.0,19,3
s-18-037,18,delay_sensitive,1.138,0.0,5.932,0.833,0.0,19,3
s-18-038,18,delay_sensitive,1.05,0.0,4.449,0.825,0.0,19,3
s-18-039,18,delay_sensitive,1.234,0.0,5.253,0.84,0.0,19,3
s-18-040,18,delay_sensitive,1.197,0.0,4.401,0.853,0.0,19,3
s-18-041,18,delay_sensitive,0.97,0.0,6.886,0.496,0.0,19,3
s-18-042,18,delay_sensitive,1.386,0.0,9.859,0.987,0.0,19,3
s-18-043,18,delay_sensitive,1.096,0.0,4.957,0.651,0.0,19,3
s-18-044,18,delay_sensitive,1.196,0.0,5.491,0.61,0.0,19,3
s-18-045,18,delay_sensitive,1.013,0.0,9.694,0.484,0.0,19,3
s-18-046,18,delay_sensitive,1.101,0.0,8.356,0.752,0.0,19,3
s-18-047,18,delay_sensitive,1.236,0.0,5.235,0.485,0.0,19,3
s-18-048,18,delay_sensitive,1.038,0.0,5.965,0.782,0.0,19,3
s-18-049,18,delay_sensitive,1.16,0.0,7.145,0.863,0.0,19,3
s-18-050,18,delay_sensitive,1.199,0.0,5.393,0.663,0.0,19,3
s-18-051,18,delay_sensitive,1.311,0.0,7.248,0.766,0.0,19,3
s-18-052,18,delay_sensitive,0.977,0.0,9.281,0.853,0.0,19,3
s-18-053,18,delay_sensitive,1.26,0.0,9.251,0.97,0.0,19,3
s-18-054,18,delay_sensitive,0.92,0.0,9.028,0.553,0.0,19,3
s-18-055,18,delay_sensitive,1.213,0.0,6.555,0.501,0.0,19,3
s-18-056,18,delay_sensitive,1.255,0.0,9.193,0.692,0.0,19,3
s-18-057,18,delay_sensitive,1.046,0.0,7.137,0.453,0.0,19,3
s-18-058,18,delay_sensitive,1.266,0.0,9.758,0.919,0.0,19,3
s-18-059,18,delay_sensitive,1.021,0.0,9.1,0.697,0.0,19,3
s-18-060,18,delay_sensitive,1.251,0.0,6.595,0.434,0.0,19,3
s-18-061,18,delay_sensitive,0.953,0.0,8.62,0.905,0.0,19,3
s-18-062,18,delay_sensitive,1.266,0.0,9.428,0.784,0.0,19,3
s-18-063,18,delay_sensitive,1.064,0.0,8.002,0.551,0.0,19,3
s-18-064,18,delay_sensitive,1.078,0.0,4.078,0.828,0.0,19,3
s-18-065,18,delay_sensitive,1.143,0.0,7.515,0.533,0.0,19,3
s-18-066,18,delay_sensitive,1.117,0.0,5.595,0.998,0.0,19,3
s-18-067,18,delay_sensitive,1.313,0.0,6.927,0.764,0.0,19,3
s-18-068,18,delay_sensitive,1.183,0.0,7.64,0.922,0.0,19,3
s-18-069,18,delay_sensitive,1.234,0.0,4.253,0.465,0.0,19,3
s-18-070,18,delay_sensitive,1.319,0.0,7.856,0.459,0.0,19,3
s-18-071,18,delay_sensitive,0.947,0.0,9.8,0.543,0.0,19,3
s-18-072,18,delay_sensitive,1.19,0.0,8.256,0.762,0.0,19,3
s-18-073,18,delay_sensitive,1.308,0.0,8.31,0.424,0.0,19,3
s-18-074,18,delay_sensitive,1.224,0.0,6.641,0.676,0.0,19,3
s-18-075,18,delay_sensitive,1.332,0.0,4.224,0.639,0.0,19,3
s-18-076,18,delay_sensitive,1.303,0.0,8.466,0.659,0.0,19,3
s-18-077,18,delay_sensitive,1.354,0.0,5.296,0.508,0.0,19,3
s-18-078,18,delay_sensitive,1.215,0.0,5.974,0.575,0.0,19,3
s-18-079,18,delay_sensitive,1.106,0.0,4.17,0.674,0.0,19,3
s-18-080,18,delay_sensitive,1.345,0.0,6.152,0.81,0.0,19,3
s-18-081,18,delay_sensitive,1.076,0.0,9.794,0.566,0.0,19,3
s-18-082,18,delay_sensitive,1.292,0.0,5.947,0.819,0.0,19,3
s-18-083,18,delay_sensitive,1.217,0.0,8.612,0.496,0.0,19,3
s-18-084,18,delay_sensitive,1.179,0.0,9.181,0.789,0.0,19,3
s-18-085,18,delay_sensitive,1.27,0.0,8.52,0.869,0.0,19,3
s-18-086,18,delay_sensitive,0.986,0.0,6.999,0.453,0.0,19,3
s-18-087,18,delay_sensitive,1.076,0.0,7.229,0.883,0.0,19,3
s-18-088,18,delay_sensitive,1.383,0.0,5.899,0.584,0.0,19,3
s-18-089,18,delay_sensitive,1.357,0.0,4.543,0.644,0.0,19,3
s-18-090,18,delay_sensitive,1.211,0.0,7.837,0.854,0.0,19,3
s-18-091,18,delay_sensitive,1.001,0.0,9.136,0.691,0.0,19,3
s-18-092,18,delay_sensitive,1.069,0.0,6.627,0.617,0.0,19,3
s-18-093,18,delay_sensitive,0.98,0.0,5.011,0.41,0.0,19,3
s-18-094,18,delay_sensitive,0.995,0.0,5.863,0.704,0.0,19,3
s-18-095,18,delay_sensitive,1.221,0.0,5.777,0.736,0.0,19,3
s-18-096,18,delay_sensitive,0.989,0.0,7.711,0.446,0.0,19,3
s-18-097,18,delay_sensitive,0.947,0.0,8.27,0.949,0.0,19,3
s-18-098,18,delay_sensitive,1.232,0.0,9.113,0.487,0.0,19,3
s-18-099,18,delay_sensitive,1.07,0.0,6.123,0.48,0.0,19,3
s-18-100,18,delay_sensitive,1.093,0.0,9.07,0.842,0.0,19,3
s-18-101,18,delay_sensitive,1.338,0.0,8.791,0.768,0.0,19,3
s-18-102,18,delay_sensitive,1.385,0.0,5.943,0.535,0.0,19,3
s-18-103,18,delay_sensitive,1.313,0.0,5.475,0.493,0.0,19,3
s-18-104,18,delay_sensitive,1.396,0.0,4.158,0.535,0.0,19,3
s-18-105,18,delay_sensitive,1.248,0.0,5.314,0.925,0.0,19,3
s-18-106,18,delay_sensitive,1.12,0.0,8.869,0.487,0.0,19,3
s-18-107,18,delay_sensitive,1.048,0.0,9.788,0.915,0.0,19,3
s-18-108,18,delay_sensitive,1.142,0.0,6.634,0.734,0.0,19,3
s-18-109,18,delay_sensitive,1.399,0.0,5.153,0.512,0.0,19,3
s-18-110,18,delay_sensitive,1.159,0.0,6.398,0.745,0.0,19,3
s-18-111,18,delay_sensitive,1.351,0.0,6.323,0.557,0.0,19,3
s-18-112,18,delay_sensitive,1.298,0.0,6.184,0.881,0.0,19,3
s-18-113,18,delay_sensitive,1.116,0.0,6.187,0.955,0.0,19,3
s-18-114,18,delay_sensitive,1.017,0.0,7.242,0.446,0.0,19,3
s-18-115,18,delay_sensitive,1.247,0.0,5.93,0.896,0.0,19,3
s-18-116,18,delay_sensitive,1.251,0.0,8.773,0.747,0.0,19,3
s-18-117,18,delay_sensitive,0.948,0.0,9.505,0.991,0.0,19,3
s-18-118,18,delay_sensitive,1.254,0.0,7.212,0.463,0.0,19,3
s-18-119,18,delay_sensitive,1.313,0.0,5.367,0.609,0.0,19,3
s-18-120,18,delay_sensitive,1.251,0.0,9.859,0.893,0.0,19,3
s-18-121,18,delay_sensitive,1.012,0.0,5.615,0.902,0.0,19,3
s-18-122,18,delay_sensitive,1.13,0.0,6.627,0.755,0.0,19,3
s-18-123,18,delay_sensitive,0.932,0.0,9.975,0.413,0.0,19,3
s-18-124,18,delay_sensitive,1.124,0.0,7.902,0.938,0.0,19,3
s-18-125,18,delay_sensitive,1.138,0.0,8.238,0.438,0.0,19,3
s-18-126,18,delay_sensitive,1.077,0.0,9.728,0.566,0.0,19,3
s-18-127,18,delay_sensitive,1.026,0.0,9.379,0.417,0.0,19,3
s-18-128,18,delay_sensitive,1.199,0.0,6.585,0.859,0.0,19,3
s-18-129,18,delay_sensitive,0.967,0.0,6.377,0.797,0.0,19,3
s-18-130,18,delay_sensitive,1.055,0.0,8.183,0.583,0.0,19,3
s-18-131,18,delay_sensitive,1.016,0.0,8.79,0.705,0.0,19,3
s-18-132,18,delay_sensitive,1.104,0.0,8.598,0.988,0.0,19,3
s-18-133,18,delay_sensitive,1.193,0.0,9.176,0.983,0.0,19,3
s-18-134,18,delay_sensitive,0.926,0.0,8.527,0.752,0.0,19,3
s-18-135,18,delay_sensitive,1.287,0.0,4.426,0.438,0.0,19,3
s-18-136,18,delay_sensitive,1.107,0.0,4.967,0.517,0.0,19,3
s-18-137,18,delay_sensitive,1.39,0.0,8.642,0.994,0.0,19,3
s-18-138,18,delay_sensitive,1.318,0.0,4.177,0.957,0.0,19,3
s-18-139,18,delay_sensitive,1.264,0.0,5.991,0.456,0.0,19,3
s-18-140,18,delay_sensitive,1.102,0.0,8.206,0.811,0.0,19,3
s-18-141,18,delay_sensitive,1.302,0.0,6.288,0.685,0.0,19,3
s-18-142,18,delay_sensitive,1.324,0.0,5.098,0.587,0.0,19,3
s-18-143,18,delay_sensitive,0.989,0.0,6.582,0.551,0.0,19,3
s-18-144,18,delay_sensitive,0.945,0.0,5.563,0.52,0.0,19,3
s-18-145,18,delay_sensitive,1.076,0.0,7.883,0.449,0.0,19,3
s-18-146,18,delay_sensitive,1.126,0.0,4.564,0.555,0.0,19,3
s-18-147,18,delay_sensitive,1.34,0.0,4.365,0.734,0.0,19,3
s-18-148,18,delay_sensitive,1.241,0.0,4.573,0.401,0.0,19,3
s-18-149,18,delay_sensitive,1.393,0.0,4.075,0.596,0.0,19,3
s-18-150,18,delay_sensitive,1.053,0.0,8.8,0.741,0.0,19,3
s-18-151,18,delay_sensitive,1.087,0.0,4.416,0.503,0.0,19,3
s-18-152,18,delay_sensitive,1.218,0.0,6.989,0.721,0.0,19,3
s-18-153,18,delay_sensitive,1.388,0.0,4.582,0.81,0.0,19,3
s-18-154,18,delay_sensitive,0.977,0.0,6.245,0.506,0.0,19,3
s-18-155,18,delay_sensitive,1.12,0.0,9.076,0.863,0.0,19,3
s-18-156,18,delay_sensitive,1.154,0.0,8.886,0.667,0.0,19,3
s-18-157,18,delay_sensitive,1.211,0.0,9.612,0.933,0.0,19,3
s-18-158,18,delay_sensitive,1.297,0.0,4.722,0.961,0.0,19,3
s-18-159,18,delay_sensitive,1.368,0.0,4.647,0.81,0.0,19,3
s-18-160,18,delay_sensitive,1.195,0.0,5.004,0.46,0.0,19,3
s-18-161,18,delay_sensitive,0.997,0.0,4.932,0.768,0.0,19,3
s-18-162,18,delay_sensitive,1.069,0.0,6.728,0.795,0.0,19,3
t-18-000,18,delay_tolerant,1.114,0.0,8.664,0.701,143.567,21,2
t-18-001,18,delay_tolerant,0.946,0.0,4.437,0.791,187.802,20,2
t-18-002,18,delay_tolerant,0.817,0.0,3.352,0.889,292.952,21,2
t-18-003,18,delay_tolerant,1.083,0.0,8.034,0.359,307.144,22,2
t-18-004,18,delay_tolerant,1.062,0.0,8.471,0.638,372.794,22,2
t-18-005,18,delay_tolerant,0.958,0.0,6.278,0.421,235.314,22,2
t-18-006,18,delay_tolerant,1.105,0.0,4.758,0.676,265.526,21,2
t-18-007,18,delay_tolerant,0.833,0.0,3.143,0.363,322.051,21,2
t-18-008,18,delay_tolerant,0.956,0.0,5.986,0.772,223.39,22,2
t-18-009,18,delay_tolerant,1.08,0.0,6.165,0.325,460.841,22,2
t-18-010,18,delay_tolerant,1.157,0.0,7.487,0.643,182.409,21,2
t-18-011,18,delay_tolerant,1.096,0.0,6.206,0.328,229.061,21,2
t-18-012,18,delay_tolerant,0.941,0.0,6.227,0.794,366.3,20,2
t-18-013,18,delay_tolerant,1.095,0.0,6.144,0.407,253.497,21,2
t-18-014,18,delay_tolerant,0.818,0.0,4.287,0.574,186.854,22,2
t-18-015,18,delay_tolerant,1.085,0.0,3.438,0.422,194.425,20,2
t-18-016,18,delay_tolerant,1.045,0.0,3.271,0.529,444.115,22,2
t-18-017,18,delay_tolerant,1.17,0.0,3.028,0.444,412.91,20,2
t-18-018,18,delay_tolerant,1.194,0.0,8.923,0.796,253.842,21,2
t-18-019,18,delay_tolerant,0.818,0.0,3.85,0.448,360.672,21,2
t-18-020,18,delay_tolerant,1.072,0.0,7.261,0.841,231.506,21,2
t-18-021,18,delay_tolerant,1.095,0.0,4.636,0.714,269.719,22,2
t-18-022,18,delay_tolerant,0.951,0.0,8.056,0.414,400.521,21,2
t-18-023,18,delay_tolerant,1.04,0.0,6.759,0.537,370.561,21,2
t-18-024,18,delay_tolerant,0.852,0.0,7.137,0.342,161.177,21,2
t-18-025,18,delay_tolerant,1.161,0.0,5.931,0.41,237.856,20,2
t-18-026,18,delay_tolerant,0.903,0.0,7.085,0.858,263.354,22,2
t-18-027,18,delay_tolerant,0.915,0.0,8.133,0.457,393.956,22,2
t-18-028,18,delay_tolerant,1.129,0.0,8.304,0.87,319.71,21,2
t-18-029,18,delay_tolerant,0.88,0.0,6.109,0.321,292.375,21,2
t-18-030,18,delay_tolerant,0.891,0.0,7.999,0.411,394.515,20,2
t-18-031,18,delay_tolerant,0.897,0.0,6.692,0.563,171.393,20,2
t-18-032,18,delay_tolerant,1.108,0.0,6.977,0.602,470.823,22,2
t-18-033,18,delay_tolerant,1.09,0.0,3.263,0.309,174.976,20,2
t-18-034,18,delay_tolerant,1.169,0.0,5.101,0.42,351.889,21,2
t-18-035,18,delay_tolerant,0.952,0.0,8.681,0.603,201.085,21,2
t-18-036,18,delay_tolerant,0.878,0.0,6.948,0.563,433.681,22,2
t-18-037,18,delay_tolerant,1.137,0.0,6.61,0.473,177.995,20,2
t-18-038,18,delay_tolerant,1.186,0.0,3.34,0.711,267.573,22,2
t-18-039,18,delay_tolerant,0.807,0.0,7.323,0.734,235.796,22,2
t-18-040,18,delay_tolerant,0.857,0.0,3.623,0.44,257.237,20,2
t-18-041,18,delay_tolerant,0.823,0.0,5.325,0.64,428.521,22,2
t-18-042,18,delay_tolerant,0.814,0.0,6.273,0.312,416.639,22,2
t-18-043,18,delay_tolerant,1.175,0.0,6.869,0.469,341.778,21,2
t-18-044,18,delay_tolerant,1.164,0.0,4.426,0.594,210.015,21,2
t-18-045,18,delay_tolerant,0.982,0.0,8.517,0.392,313.124,22,2
t-18-046,18,delay_tolerant,0.89,0.0,4.721,0.739,466.694,21,2
t-18-047,18,delay_tolerant,1.2,0.0,8.292,0.521,127.537,21,2
t-18-048,18,delay_tolerant,0.858,0.0,5.76,0.726,314.939,21,2
t-18-049,18,delay_tolerant,1.195,0.0,3.75,0.676,194.916,20,2
t-18-050,18,delay_tolerant,0.968,0.0,5.506,0.74,279.801,21,2
t-18-051,18,delay_tolerant,0.985,0.0,5.027,0.699,167.921,21,2
t-18-052,18,delay_tolerant,0.882,0.0,4.302,0.415,190.057,22,2
t-18-053,18,delay_tolerant,1.064,0.0,6.713,0.84,317.354,22,2
t-18-054,18,delay_tolerant,0.95,0.0,4.841,0.536,289.284,21,2
t-18-055,18,delay_tolerant,1.061,0.0,4.802,0.8,398.848,22,2
t-18-056,18,delay_tolerant,0.965,0.0,4.196,0.503,440.373,22,2
t-18-057,18,delay_tolerant,0.954,0.0,6.105,0.408,279.473,22,2
t-18-058,18,delay_tolerant,0.883,0.0,6.404,0.403,474.108,22,2
t-18-059,18,delay_tolerant,1.025,0.0,3.935,0.541,401.469,22,2
t-18-060,18,delay_tolerant,0.86,0.0,4.899,0.447,385.848,20,2
t-18-061,18,delay_tolerant,0.926,0.0,8.598,0.667,384.714,21,2
t-18-062,18,delay_tolerant,1.07,0.0,7.722,0.351,123.121,20,2
t-18-063,18,delay_tolerant,0.933,0.0,3.54,0.859,248.411,20,2
t-18-064,18,delay_tolerant,0.86,0.0,4.278,0.804,250.658,22,2
t-18-065,18,delay_tolerant,1.033,0.0,7.97,0.585,373.297,21,2
t-18-066,18,delay_tolerant,0.921,0.0,7.814,0.396,437.002,21,2
t-18-067,18,delay_tolerant,0.966,0.0,6.194,0.671,176.981,20,2
t-18-068,18,delay_tolerant,1.051,0.0,7.199,0.469,425.278,22,2
t-18-069,18,delay_tolerant,1.19,0.0,6.983,0.388,280.165,20,2
t-18-070,18,delay_tolerant,0.854,0.0,5.286,0.528,181.365,20,2
t-18-071,18,delay_tolerant,1.034,0.0,8.927,0.517,278.737,20,2
t-18-072,18,delay_tolerant,0.873,0.0,8.364,0.882,460.777,22,2
t-18-073,18,delay_tolerant,0.938,0.0,5.039,0.351,253.189,22,2
t-18-074,18,delay_tolerant,0.854,0.0,4.801,0.536,173.815,20,2
t-18-075,18,delay_tolerant,0.879,0.0,6.805,0.475,405.401,22,2
t-18-076,18,delay_tolerant,0.942,0.0,8.901,0.597,343.87,20,2
t-18-077,18,delay_tolerant,0.967,0.0,4.014,0.811,189.128,22,2
t-18-078,18,delay_tolerant,1.193,0.0,8.426,0.314,234.684,21,2
t-18-079,18,delay_tolerant,0.821,0.0,4.433,0.484,281.615,20,2
t-18-080,18,delay_tolerant,0.935,0.0,4.637,0.897,356.41,21,2
t-18-081,18,delay_tolerant,0.832,0.0,6.308,0.378,472.17,22,2
t-18-082,18,delay_tolerant,0.804,0.0,6.442,0.482,191.871,22,2
t-18-083,18,delay_tolerant,0.952,0.0,3.216,0.703,370.868,21,2
t-18-084,18,delay_tolerant,0.947,0.0,6.076,0.896,272.825,21,2
t-18-085,18,delay_tolerant,0.937,0.0,8.657,0.731,318.858,22,2
t-18-086,18,delay_tolerant,0.913,0.0,3.5,0.57,361.851,21,2
t-18-087,18,delay_tolerant,1.165,0.0,8.169,0.837,128.283,22,2
t-18-088,18,delay_tolerant,1.122,0.0,3.642,0.345,254.42,20,2
g-18-000,18,token_batch,0.521,1.267,16.637,0.806,3542.0,21,1
g-18-001,18,token_batch,0.523,1.322,14.175,0.894,4216.0,20,1
g-18-002,18,token_batch,0.549,1.272,9.058,0.873,3784.0,23,1
g-18-003,18,token_batch,0.567,1.356,9.856,1.231,2017.0,21,1
g-18-004,18,token_batch,0.373,1.211,10.102,1.23,1215.0,20,1
g-18-005,18,token_batch,0.45,0.916,16.176,1.225,2512.0,23,1
g-18-006,18,token_batch,0.483,1.082,15.316,1.155,3679.0,23,1
g-18-007,18,token_batch,0.274,0.804,9.759,0.919,3012.0,20,1
g-18-008,18,token_batch,0.417,1.384,15.0,1.222,4797.0,21,1
g-18-009,18,token_batch,0.275,0.993,17.92,0.897,1970.0,20,1
g-18-010,18,token_batch,0.441,1.104,10.854,1.056,2415.0,23,1
g-18-011,18,token_batch,0.296,0.804,16.906,1.21,4212.0,22,1
g-18-012,18,token_batch,0.265,0.837,12.939,1.342,4289.0,22,1
g-18-013,18,token_batch,0.502,1.058,14.74,1.339,3738.0,20,1
g-18-014,18,token_batch,0.591,1.205,11.184,1.263,1249.0,23,1
g-18-015,18,token_batch,0.472,1.207,8.659,0.957,4059.0,22,1
g-18-016,18,token_batch,0.343,1.287,11.704,0.98,3046.0,22,1
g-18-017,18,token_batch,0.418,1.247,10.281,0.902,2483.0,23,1
g-18-018,18,token_batch,0.386,1.077,17.234,1.308,2878.0,22,1
g-18-019,18,token_batch,0.547,1.079,9.527,1.243,3099.0,23,1
g-18-020,18,token_batch,0.58,1.324,15.883,1.029,2918.0,23,1
g-18-021,18,token_batch,0.346,1.061,16.174,1.343,2836.0,21,1
g-18-022,18,token_batch,0.578,0.93,8.164,1.083,3628.0,21,1
g-18-023,18,token_batch,0.279,1.098,9.583,1.298,2581.0,22,1
g-18-024,18,token_batch,0.291,1.092,15.237,1.06,2337.0,23,1
g-18-025,18,token_batch,0.588,0.836,17.614,0.84,3196.0,21,1
g-18-026,18,token_batch,0.391,0.974,10.352,1.366,4091.0,22,1
g-18-027,18,token_batch,0.396,1.374,14.315,1.003,2905.0,21,1
g-18-028,18,token_batch,0.447,1.167,13.991,1.118,4001.0,22,1
g-18-029,18,token_batch,0.349,1.213,9.281,1.139,4168.0,22,1
g-18-030,18,token_batch,0.207,1.022,10.461,1.367,1458.0,23,1
g-18-031,18,token_batch,0.561,1.18,17.018,1.086,4771.0,21,1
g-18-032,18,token_batch,0.336,1.276,14.983,1.341,3473.0,22,1
g-18-033,18,token_batch,0.453,1.383,10.289,1.156,4401.0,22,1
g-18-034,18,token_batch,0.528,1.093,12.698,0.812,4531.0,21,1
g-18-035,18,token_batch,0.354,0.889,11.217,1.118,1591.0,23,1
g-18-036,18,token_batch,0.56,1.368,15.278,0.84,3668.0,23,1
g-18-037,18,token_batch,0.277,1.262,15.119,1.018,4384.0,23,1
g-18-038,18,token_batch,0.299,1.18,11.272,1.295,3140.0,20,1
g-18-039,18,token_batch,0.258,0.964,11.2,1.391,3501.0,23,1
g-18-040,18,token_batch,0.28,1.286,9.882,1.354,3396.0,23,1
g-18-041,18,token_batch,0.318,0.836,16.848,1.114,1693.0,23,1
g-18-042,18,token_batch,0.299,1.026,15.006,1.312,2356.0,23,1
g-18-043,18,token_batch,0.282,0.978,8.288,1.186,2269.0,22,1
s-19-000,19,delay_sensitive,1.111,0.0,6.212,0.865,0.0,20,3
s-19-001,19,delay_sensitive,1.396,0.0,6.68,0.629,0.0,20,3
s-19-002,19,delay_sensitive,0.978,0.0,6.665,0.588,0.0,20,3
s-19-003,19,delay_sensitive,1.368,0.0,6.736,0.519,0.0,20,3
s-19-004,19,delay_sensitive,1.203,0.0,5.709,0.752,0.0,20,3
s-19-005,19,delay_sensitive,1.061,0.0,4.102,0.431,0.0,20,3
s-19-006,19,delay_sensitive,1.063,0.0,6.863,0.485,0.0,20,3
s-19-007,19,delay_sensitive,1.316,0.0,6.25,0.415,0.0,20,3
s-19-008,19,delay_sensitive,1.117,0.0,5.943,0.507,0.0,20,3
s-19-009,19,delay_sensitive,1.207,0.0,8.563,0.786,0.0,20,3
s-19-010,19,delay_sensitive,1.062,0.0,8.539,0.424,0.0,20,3
s-19-011,19,delay_sensitive,1.156,0.0,8.337,0.828,0.0,20,3
s-19-012,19,delay_sensitive,1.148,0.0,9.562,0.484,0.0,20,3
s-19-013,19,delay_sensitive,0.951,0.0,4.98,0.828,0.0,20,3
s-19-014,19,delay_sensitive,0.946,0.0,6.162,0.614,0.0,20,3
s-19-015,19,delay_sensitive,0.941,0.0,6.061,0.442,0.0,20,3
s-19-016,19,delay_sensitive,1.1,0.0,4.373,0.65,0.0,20,3
s-19-017,19,delay_sensitive,1.295,0.0,8.168,0.729,0.0,20,3
s-19-018,19,delay_sensitive,0.945,0.0,5.244,0.495,0.0,20,3
s-19-019,19,delay_sensitive,1.281,0.0,9.212,0.536,0.0,20,3
s-19-020,19,delay_sensitive,0.928,0.0,8.101,0.415,0.0,20,3
s-19-021,19,delay_sensitive,1.221,0.0,8.184,0.687,0.0,20,3
s-19-022,19,delay_sensitive,0.921,0.0,8.551,0.97,0.0,20,3
s-19-023,19,delay_sensitive,1.377,0.0,4.826,0.592,0.0,20,3
s-19-024,19,delay_sensitive,1.094,0.0,7.806,0.637,0.0,20,3
s-19-025,19,delay_sensitive,1.155,0.0,5.738,0.414,0.0,20,3
s-19-026,19,delay_sensitive,1.257,0.0,6.49,0.441,0.0,20,3
s-19-027,19,delay_sensitive,1.0,0.0,4.216,0.538,0.0,20,3
s-19-028,19,delay_sensitive,1.146,0.0,6.096,0.448,0.0,20,3
s-19-029,19,delay_sensitive,1.341,0.0,7.055,0.897,0.0,20,3
s-19-030,19,delay_sensitive,1.099,0.0,4.914,0.404,0.0,20,3
s-19-031,19,delay_sensitive,1.214,0.0,7.737,0.559,0.0,20,3
s-19-032,19,delay_sensitive,1.087,0.0,6.331,0.901,0.0,20,3
s-19-033,19,delay_sensitive,1.277,0.0,5.538,0.517,0.0,20,3
s-19-034,19,delay_sensitive,1.349,0.0,6.356,0.79,0.0,20,3
s-19-035,19,delay_sensitive,1.126,0.0,6.673,0.981,0.0,20,3
s-19-036,19,delay_sensitive,1.236,0.0,8.62,0.523,0.0,20,3
s-19-037,19,delay_sensitive,0.956,0.0,6.325,0.464,0.0,20,3
s-19-038,19,delay_sensitive,1.367,0.0,5.233,0.856,0.0,20,3
s-19-039,19,delay_sensitive,1.268,0.0,5.792,0.814,0.0,20,3
s-19-040,19,delay_sensitive,1.007,0.0,7.56,0.582,0.0,20,3
s-19-041,19,delay_sensitive,1.132,0.0,7.887,0.538,0.0,20,3
s-19-042,19,delay_sensitive,1.345,0.0,9.061,0.53,0.0,20,3
s-19-043,19,delay_sensitive,0.912,0.0,4.074,0.898,0.0,20,3
s-19-044,19,delay_sensitive,1.33,0.0,5.238,0.968,0.0,20,3
s-19-045,19,delay_sensitive,1.094,0.0,5.964,0.991,0.0,20,3
s-19-046,19,delay_sensitive,1.201,0.0,4.992,0.695,0.0,20,3
s-19-047,19,delay_sensitive,1.18,0.0,5.712,0.992,0.0,20,3
s-19-048,19,delay_sensitive,1.329,0.0,5.491,0.77,0.0,20,3
s-19-049,19,delay_sensitive,1.342,0.0,9.116,0.772,0.0,20,3
s-19-050,19,delay_sensitive,1.329,0.0,9.681,0.958,0.0,20,3
s-19-051,19,delay_sensitive,1.052,0.0,6.289,0.741,0.0,20,3
s-19-052,19,delay_sensitive,0.98,0.0,4.321,0.529,0.0,20,3
s-19-053,19,delay_sensitive,0.995,0.0,6.539,0.926,0.0,20,3
s-19-054,19,delay_sensitive,0.938,0.0,6.505,0.413,0.0,20,3
s-19-055,19,delay_sensitive,1.285,0.0,9.391,0.581,0.0,20,3
s-19-056,19,delay_sensitive,1.031,0.0,9.581,0.932,0.0,20,3
s-19-057,19,delay_sensitive,1.3,0.0,5.228,0.952,0.0,20,3
s-19-058,19,delay_sensitive,1.272,0.0,8.091,0.418,0.0,20,3
s-19-059,19,delay_sensitive,1.366,0.0,6.859,0.409,0.0,20,3
s-19-060,19,delay_sensitive,0.943,0.0,5.409,0.922,0.0,20,3
s-19-061,19,delay_sensitive,1.19,0.0,7.345,0.562,0.0,20,3
s-19-062,19,delay_sensitive,1.251,0.0,6.878,0.839,0.0,20,3
s-19-063,19,delay_sensitive,0.977,0.0,4.391,0.807,0.0,20,3
s-19-064,19,delay_sensitive,0.915,0.0,6.985,0.898,0.0,20,3
s-19-065,19,delay_sensitive,1.106,0.0,9.837,0.746,0.0,20,3
s-19-066,19,delay_sensitive,0.922,0.0,4.378,0.862,0.0,20,3
s-19-067,19,delay_sensitive,1.04,0.0,5.689,0.688,0.0,20,3
s-19-068,19,delay_sensitive,1.301,0.0,4.146,0.563,0.0,20,3
s-19-069,19,delay_sensitive,1.336,0.0,5.409,0.669,0.0,20,3
s-19-070,19,delay_sensitive,0.901,0.0,7.901,0.924,0.0,20,3
s-19-071,19,delay_sensitive,1.318,0.0,6.612,0.971,0.0,20,3
s-19-072,19,delay_sensitive,1.144,0.0,5.389,0.909,0.0,20,3
s-19-073,19,delay_sensitive,0.924,0.0,6.184,0.759,0.0,20,3
s-19-074,19,delay_sensitive,1.128,0.0,6.835,0.498,0.0,20,3
s-19-075,19,delay_sensitive,1.229,0.0,6.228,0.731,0.0,20,3
s-19-076,19,delay_sensitive,0.973,0.0,8.411,0.608,0.0,20,3
s-19-077,19,delay_sensitive,0.987,0.0,6.411,0.68,0.0,20,3
s-19-078,19,delay_sensitive,1.074,0.0,5.755,0.889,0.0,20,3
s-19-079,19,delay_sensitive,1.276,0.0,6.967,0.725,0.0,20,3
s-19-080,19,delay_sensitive,1.08,0.0,6.59,0.761,0.0,20,3
s-19-081,19,delay_sensitive,1.342,0.0,5.997,0.615,0.0,20,3
s-19-082,19,delay_sensitive,1.133,0.0,8.522,0.917,0.0,20,3
s-19-083,19,delay_sensitive,0.982,0.0,4.257,0.704,0.0,20,3
s-19-084,19,delay_sensitive,1.33,0.0,7.75,0.759,0.0,20,3
s-19-085,19,delay_sensitive,1.17,0.0,8.992,0.496,0.0,20,3
s-19-086,19,delay_sensitive,1.299,0.0,4.837,0.89,0.0,20,3
s-19-087,19,delay_sensitive,1.003,0.0,8.159,0.449,0.0,20,3
s-19-088,19,delay_sensitive,1.109,0.0,4.671,0.701,0.0,20,3
s-19-089,19,delay_sensitive,0.921,0.0,4.623,0.402,0.0,20,3
s-19-090,19,delay_sensitive,1.367,0.0,7.988,0.499,0.0,20,3
s-19-091,19,delay_sensitive,1.013,0.0,8.259,0.601,0.0,20,3
s-19-092,19,delay_sensitive,0.958,0.0,8.391,0.878,0.0,20,3
s-19-093,19,delay_sensitive,1.174,0.0,6.37,0.794,0.0,20,3
s-19-094,19,delay_sensitive,1.096,0.0,7.462,0.85,0.0,20,3
s-19-095,19,delay_sensitive,1.244,0.0,9.928,0.535,0.0,20,3
s-19-096,19,delay_sensitive,1.222,0.0,4.934,0.816,0.0,20,3
s-19-097,19,delay_sensitive,1.277,0.0,8.297,0.936,0.0,20,3
s-19-098,19,delay_sensitive,1.385,0.0,8.8,0.697,0.0,20,3
s-19-099,19,delay_sensitive,1.358,0.0,8.17,0.584,0.0,20,3
s-19-100,19,delay_sensitive,1.278,0.0,5.817,0.526,0.0,20,3
s-19-101,19,delay_sensitive,1.219,0.0,9.709,0.515,0.0,20,3
s-19-102,19,delay_sensitive,0.908,0.0,5.775,0.524,0.0,20,3
s-19-103,19,delay_sensitive,1.314,0.0,8.083,0.44,0.0,20,3
s-19-104,19,delay_sensitive,1.126,0.0,4.714,0.967,0.0,20,3
s-19-105,19,delay_sensitive,1.231,0.0,4.063,0.759,0.0,20,3
s-19-106,19,delay_sensitive,1.072,0.0,6.249,0.582,0.0,20,3
s-19-107,19,delay_sensitive,1.21,0.0,9.517,0.781,0.0,20,3
s-19-108,19,delay_sensitive,1.197,0.0,8.075,0.986,0.0,20,3
s-19-109,19,delay_sensitive,1.15,0.0,6.109,0.553,0.0,20,3
s-19-110,19,delay_sensitive,1.137,0.0,8.787,0.852,0.0,20,3
s-19-111,19,delay_sensitive,1.285,0.0,6.536,0.752,0.0,20,3
s-19-112,19,delay_sensitive,1.34,0.0,9.695,0.811,0.0,20,3
s-19-113,19,delay_sensitive,1.397,0.0,6.28,0.978,0.0,20,3
s-19-114,19,delay_sensitive,1.28,0.0,4.521,0.551,0.0,20,3
s-19-115,19,delay_sensitive,0.946,0.0,5.472,0.898,0.0,20,3
s-19-116,19,delay_sensitive,1.216,0.0,4.564,0.628,0.0,20,3
s-19-117,19,delay_sensitive,1.069,0.0,7.622,0.682,0.0,20,3
s-19-118,19,delay_sensitive,1.061,0.0,7.316,0.822,0.0,20,3
s-19-119,19,delay_sensitive,1.126,0.0,7.682,0.457,0.0,20,3
s-19-120,19,delay_sensitive,1.242,0.0,7.561,0.805,0.0,20,3
s-19-121,19,delay_sensitive,0.914,0.0,7.038,0.441,0.0,20,3
s-19-122,19,delay_sensitive,0.991,0.0,5.648,0.739,0.0,20,3
s-19-123,19,delay_sensitive,1.301,0.0,7.214,0.835,0.0,20,3
s-19-124,19,delay_sensitive,1.027,0.0,4.706,0.71,0.0,20,3
s-19-125,19,delay_sensitive,0.987,0.0,6.71,0.912,0.0,20,3
s-19-126,19,delay_sensitive,0.92,0.0,7.607,0.656,0.0,20,3
s-19-127,19,delay_sensitive,1.243,0.0,9.811,0.446,0.0,20,3
s-19-128,19,delay_sensitive,1.141,0.0,5.494,0.632,0.0,20,3
s-19-129,19,delay_sensitive,1.272,0.0,7.923,0.506,0.0,20,3
s-19-130,19,delay_sensitive,1.088,0.0,5.814,0.534,0.0,20,3
s-19-131,19,delay_sensitive,1.333,0.0,7.501,0.696,0.0,20,3
s-19-132,19,delay_sensitive,1.257,0.0,8.851,0.969,0.0,20,3
s-19-133,19,delay_sensitive,0.958,0.0,4.987,0.479,0.0,20,3
s-19-134,19,delay_sensitive,1.389,0.0,7.631,0.414,0.0,20,3
s-19-135,19,delay_sensitive,1.148,0.0,8.766,0.658,0.0,20,3
s-19-136,19,delay_sensitive,1.254,0.0,9.386,0.621,0.0,20,3
s-19-137,19,delay_sensitive,1.172,0.0,6.512,0.42,0.0,20,3
s-19-138,19,delay_sensitive,1.118,0.0,8.212,0.44,0.0,20,3
s-19-139,19,delay_sensitive,0.944,0.0,9.267,0.799,0.0,20,3
s-19-140,19,delay_sensitive,1.137,0.0,7.043,0.546,0.0,20,3
s-19-141,19,delay_sensitive,1.364,0.0,4.825,0.414,0.0,20,3
s-19-142,19,delay_sensitive,0.943,0.0,5.121,0.518,0.0,20,3
s-19-143,19,delay_sensitive,1.23,0.0,7.276,0.734,0.0,20,3
s-19-144,19,delay_sensitive,1.139,0.0,9.825,0.794,0.0,20,3
s-19-145,19,delay_sensitive,1.191,0.0,4.695,0.424,0.0,20,3
s-19-146,19,delay_sensitive,1.001,0.0,5.802,0.848,0.0,20,3
s-19-147,19,delay_sensitive,1.095,0.0,6.231,0.706,0.0,20,3
s-19-148,19,delay_sensitive,0.906,0.0,7.147,0.56,0.0,20,3
s-19-149,19,delay_sensitive,1.165,0.0,5.82,0.887,0.0,20,3
s-19-150,19,delay_sensitive,1.06,0.0,5.462,0.688,0.0,20,3
s-19-151,19,delay_sensitive,1.007,0.0,7.984,0.687,0.0,20,3
s-19-152,19,delay_sensitive,1.007,0.0,5.035,0.732,0.0,20,3
s-19-153,19,delay_sensitive,1.214,0.0,9.152,0.443,0.0,20,3
s-19-154,19,delay_sensitive,1.234,0.0,9.147,0.487,0.0,20,3
s-19-155,19,delay_sensitive,1.28,0.0,6.866,0.994,0.0,20,3
s-19-156,19,delay_sensitive,0.936,0.0,4.988,0.776,0.0,20,3
s-19-157,19,delay_sensitive,1.107,0.0,7.754,0.963,0.0,20,3
t-19-000,19,delay_tolerant,0.963,0.0,7.514,0.326,235.376,22,2
t-19-001,19,delay_tolerant,0.811,0.0,7.03,0.858,260.679,22,2
t-19-002,19,delay_tolerant,1.135,0.0,4.348,0.845,292.572,23,2
t-19-003,19,delay_tolerant,1.155,0.0,6.876,0.753,176.623,23,2
t-19-004,19,delay_tolerant,1.009,0.0,5.983,0.345,335.936,23,2
t-19-005,19,delay_tolerant,0.827,0.0,3.509,0.835,172.403,22,2
t-19-006,19,delay_tolerant,0.816,0.0,4.664,0.469,354.06,23,2
t-19-007,19,delay_tolerant,0.921,0.0,6.212,0.496,230.931,22,2
t-19-008,19,delay_tolerant,1.005,0.0,5.317,0.823,367.843,22,2
t-19-009,19,delay_tolerant,1.024,0.0,7.093,0.66,402.894,23,2
t-19-010,19,delay_tolerant,0.988,0.0,3.546,0.594,243.268,21,2
t-19-011,19,delay_tolerant,1.047,0.0,3.378,0.677,456.298,23,2
t-19-012,19,delay_tolerant,1.038,0.0,4.367,0.856,236.699,22,2
t-19-013,19,delay_tolerant,1.026,0.0,5.091,0.484,417.265,21,2
t-19-014,19,delay_tolerant,1.07,0.0,4.671,0.659,361.086,23,2
t-19-015,19,delay_tolerant,1.107,0.0,8.343,0.384,397.167,21,2
t-19-016,19,delay_tolerant,0.876,0.0,7.116,0.728,319.045,22,2
t-19-017,19,delay_tolerant,1.119,0.0,6.49,0.404,380.853,21,2
t-19-018,19,delay_tolerant,1.055,0.0,4.234,0.774,418.94,22,2
t-19-019,19,delay_tolerant,1.155,0.0,7.857,0.525,260.987,21,2
t-19-020,19,delay_tolerant,0.908,0.0,6.409,0.622,172.682,23,2
t-19-021,19,delay_tolerant,0.829,0.0,3.747,0.526,318.246,23,2
t-19-022,19,delay_tolerant,0.801,0.0,4.134,0.86,454.01,22,2
t-19-023,19,delay_tolerant,1.174,0.0,6.304,0.793,304.003,22,2
t-19-024,19,delay_tolerant,0.88,0.0,3.306,0.557,473.411,22,2
t-19-025,19,delay_tolerant,0.843,0.0,5.623,0.488,170.302,23,2
t-19-026,19,delay_tolerant,0.945,0.0,7.808,0.333,424.983,21,2
t-19-027,19,delay_tolerant,0.843,0.0,6.211,0.376,154.521,22,2
t-19-028,19,delay_tolerant,1.075,0.0,4.229,0.835,323.964,23,2
t-19-029,19,delay_tolerant,0.845,0.0,8.861,0.732,222.308,21,2
t-19-030,19,delay_tolerant,0.892,0.0,6.71,0.642,216.025,21,2
t-19-031,19,delay_tolerant,0.941,0.0,4.418,0.314,330.283,23,2
t-19-032,19,delay_tolerant,0.869,0.0,8.798,0.53,315.016,21,2
t-19-033,19,delay_tolerant,1.182,0.0,3.547,0.744,472.322,21,2
t-19-034,19,delay_tolerant,1.124,0.0,3.747,0.448,266.305,22,2
t-19-035,19,delay_tolerant,0.984,0.0,3.994,0.404,199.323,21,2
t-19-036,19,delay_tolerant,0.801,0.0,7.027,0.561,429.922,21,2
t-19-037,19,delay_tolerant,0.978,0.0,4.393,0.808,267.072,22,2
t-19-038,19,delay_tolerant,0.977,0.0,7.435,0.531,341.419,22,2
t-19-039,19,delay_tolerant,0.809,0.0,7.59,0.423,362.392,22,2
t-19-040,19,delay_tolerant,1.116,0.0,6.144,0.493,299.652,22,2
t-19-041,19,delay_tolerant,0.955,0.0,5.653,0.423,172.026,23,2
t-19-042,19,delay_tolerant,1.04,0.0,7.194,0.527,403.705,21,2
t-19-043,19,delay_tolerant,0.887,0.0,5.12,0.464,377.376,21,2
t-19-044,19,delay_tolerant,0.952,0.0,8.266,0.876,367.137,21,2
t-19-045,19,delay_tolerant,0.898,0.0,7.185,0.571,408.036,23,2
t-19-046,19,delay_tolerant,1.029,0.0,5.157,0.312,277.065,22,2
t-19-047,19,delay_tolerant,1.164,0.0,3.537,0.453,202.28,22,2
t-19-048,19,delay_tolerant,1.165,0.0,4.559,0.395,198.889,22,2
t-19-049,19,delay_tolerant,1.058,0.0,6.595,0.786,424.525,23,2
t-19-050,19,delay_tolerant,0.946,0.0,7.564,0.354,449.706,22,2
t-19-051,19,delay_tolerant,1.046,0.0,6.317,0.45,309.091,21,2
t-19-052,19,delay_tolerant,0.981,0.0,4.759,0.815,220.265,22,2
t-19-053,19,delay_tolerant,0.892,0.0,4.87,0.612,203.454,21,2
t-19-054,19,delay_tolerant,1.048,0.0,6.436,0.77,433.858,21,2
t-19-055,19,delay_tolerant,0.87,0.0,6.288,0.865,442.172,23,2
t-19-056,19,delay_tolerant,0.807,0.0,8.768,0.662,147.737,21,2
t-19-057,19,delay_tolerant,0.908,0.0,7.699,0.62,400.461,21,2
t-19-058,19,delay_tolerant,1.104,0.0,7.339,0.392,455.574,23,2
t-19-059,19,delay_tolerant,1.115,0.0,4.953,0.403,218.041,21,2
t-19-060,19,delay_tolerant,1.0,0.0,8.369,0.536,180.12,21,2
t-19-061,19,delay_tolerant,0.862,0.0,3.794,0.817,420.341,22,2
t-19-062,19,delay_tolerant,1.113,0.0,5.774,0.573,375.675,23,2
t-19-063,19,delay_tolerant,0.899,0.0,6.841,0.753,144.147,23,2
t-19-064,19,delay_tolerant,0.854,0.0,4.723,0.617,296.384,22,2
t-19-065,19,delay_tolerant,1.02,0.0,7.357,0.833,287.983,22,2
t-19-066,19,delay_tolerant,1.177,0.0,5.124,0.663,378.608,23,2
t-19-067,19,delay_tolerant,0.962,0.0,4.509,0.862,180.082,23,2
t-19-068,19,delay_tolerant,0.85,0.0,3.219,0.344,478.097,22,2
t-19-069,19,delay_tolerant,0.846,0.0,8.425,0.53,227.826,22,2
t-19-070,19,delay_tolerant,0.926,0.0,4.192,0.31,276.794,21,2
t-19-071,19,delay_tolerant,1.1,0.0,5.7,0.654,393.152,23,2
t-19-072,19,delay_tolerant,1.06,0.0,4.812,0.447,125.896,21,2
t-19-073,19,delay_tolerant,1.161,0.0,4.518,0.54,376.641,21,2
t-19-074,19,delay_tolerant,1.153,0.0,5.78,0.549,138.485,22,2
t-19-075,19,delay_tolerant,1.159,0.0,8.536,0.477,139.123,21,2
t-19-076,19,delay_tolerant,1.164,0.0,8.322,0.823,148.124,22,2
t-19-077,19,delay_tolerant,0.942,0.0,6.075,0.586,456.232,22,2
t-19-078,19,delay_tolerant,0.827,0.0,4.989,0.486,302.418,22,2
t-19-079,19,delay_tolerant,1.197,0.0,3.876,0.727,217.059,21,2
t-19-080,19,delay_tolerant,1.004,0.0,6.784,0.523,281.409,21,2
t-19-081,19,delay_tolerant,1.119,0.0,5.762,0.673,222.574,22,2
t-19-082,19,delay_tolerant,1.12,0.0,6.514,0.83,393.057,21,2
t-19-083,19,delay_tolerant,1.105,0.0,3.217,0.768,382.319,22,2
t-19-084,19,delay_tolerant,1.002,0.0,8.992,0.392,416.897,23,2
t-19-085,19,delay_tolerant,1.064,0.0,5.639,0.734,216.158,22,2
g-19-000,19,token_batch,0.566,0.856,11.839,1.037,4321.0,22,1
g-19-001,19,token_batch,0.321,1.372,9.945,1.142,1380.0,21,1
g-19-002,19,token_batch,0.53,0.891,13.471,0.953,4474.0,23,1
g-19-003,19,token_batch,0.596,0.898,8.375,1.236,1202.0,22,1
g-19-004,19,token_batch,0.387,1.389,17.248,1.096,2097.0,21,1
g-19-005,19,token_batch,0.384,1.34,14.168,1.388,3941.0,21,1
g-19-006,19,token_batch,0.431,1.129,17.013,1.245,2257.0,23,1
g-19-007,19,token_batch,0.262,1.209,15.166,1.112,3357.0,23,1
g-19-008,19,token_batch,0.438,1.338,10.262,0.813,4502.0,23,1
g-19-009,19,token_batch,0.331,1.105,12.989,1.235,2314.0,23,1
g-19-010,19,token_batch,0.581,0.98,16.631,0.864,1410.0,23,1
g-19-011,19,token_batch,0.289,1.27,16.807,0.949,3473.0,22,1
g-19-012,19,token_batch,0.479,1.104,12.126,1.04,1603.0,22,1
g-19-013,19,token_batch,0.32,0.945,14.231,1.369,2556.0,23,1
g-19-014,19,token_batch,0.326,1.334,12.356,1.289,4374.0,21,1
g-19-015,19,token_batch,0.389,0.818,17.376,0.871,2896.0,22,1
g-19-016,19,token_batch,0.552,1.095,17.583,1.153,3192.0,22,1
g-19-017,19,token_batch,0.54,0.972,14.106,0.899,2961.0,23,1
g-19-018,19,token_batch,0.331,1.026,8.829,0.849,3649.0,22,1
g-19-019,19,token_batch,0.416,1.096,8.923,1.382,1814.0,21,1
g-19-020,19,token_batch,0.201,0.907,9.335,1.39,1410.0,22,1
g-19-021,19,token_batch,0.474,1.296,11.573,1.143,3980.0,23,1
g-19-022,19,token_batch,0.557,0.998,8.389,1.15,1876.0,21,1
g-19-023,19,token_batch,0.2,1.354,15.895,1.338,3716.0,21,1
g-19-024,19,token_batch,0.307,0.975,16.368,0.843,1640.0,23,1
g-19-025,19,token_batch,0.255,1.077,16.524,0.894,2365.0,23,1
g-19-026,19,token_batch,0.399,0.934,10.837,1.036,1593.0,23,1
g-19-027,19,token_batch,0.265,1.084,12.525,1.371,3923.0,23,1
g-19-028,19,token_batch,0.461,1.289,12.18,1.358,2402.0,23,1
g-19-029,19,token_batch,0.331,0.944,9.487,0.893,3928.0,23,1
g-19-030,19,token_batch,0.435,0.871,9.077,1.069,1440.0,21,1
g-19-031,19,token_batch,0.229,1.262,14.877,1.148,4160.0,22,1
g-19-032,19,token_batch,0.364,1.358,14.683,1.203,2983.0,23,1
g-19-033,19,token_batch,0.575,0.926,12.732,0.82,2439.0,23,1
g-19-034,19,token_batch,0.277,0.84,8.314,1.312,2800.0,22,1
g-19-035,19,token_batch,0.275,1.099,14.583,1.038,2795.0,23,1
g-19-036,19,token_batch,0.253,0.996,17.667,1.053,3041.0,23,1
g-19-037,19,token_batch,0.427,1.22,8.074,1.27,4278.0,23,1
g-19-038,19,token_batch,0.237,1.325,11.346,0.825,2903.0,23,1
g-19-039,19,token_batch,0.405,1.097,10.779,0.921,2183.0,22,1
g-19-040,19,token_batch,0.215,0.806,11.607,1.006,2911.0,22,1
g-19-041,19,token_batch,0.335,0.863,15.716,1.382,2727.0,23,1
g-19-042,19,token_batch,0.259,1.208,16.578,1.246,2064.0,22,1
s-20-000,20,delay_sensitive,1.037,0.0,6.344,0.717,0.0,21,3
s-20-001,20,delay_sensitive,1.195,0.0,9.559,0.518,0.0,21,3
s-20-002,20,delay_sensitive,1.285,0.0,8.388,0.424,0.0,21,3
s-20-003,20,delay_sensitive,1.382,0.0,7.546,0.574,0.0,21,3
s-20-004,20,delay_sensitive,1.398,0.0,6.739,0.571,0.0,21,3
s-20-005,20,delay_sensitive,0.909,0.0,7.536,0.979,0.0,21,3
s-20-006,20,delay_sensitive,0.931,0.0,8.977,0.65,0.0,21,3
s-20-007,20,delay_sensitive,1.132,0.0,9.306,0.743,0.0,21,3
s-20-008,20,delay_sensitive,1.362,0.0,9.009,0.534,0.0,21,3
s-20-009,20,delay_sensitive,1.032,0.0,9.349,0.911,0.0,21,3
s-20-010,20,delay_sensitive,1.308,0.0,8.011,0.748,0.0,21,3
s-20-011,20,delay_sensitive,1.097,0.0,4.026,0.538,0.0,21,3
s-20-012,20,delay_sensitive,1.011,0.0,8.929,0.543,0.0,21,3
s-20-013,20,delay_sensitive,0.901,0.0,4.287,0.446,0.0,21,3
s-20-014,20,delay_sensitive,1.302,0.0,7.212,0.94,0.0,21,3
s-20-015,20,delay_sensitive,1.37,0.0,4.098,0.921,0.0,21,3
s-20-016,20,delay_sensitive,1.266,0.0,8.601,0.873,0.0,21,3
s-20-017,20,delay_sensitive,1.284,0.0,7.98,0.698,0.0,21,3
s-20-018,20,delay_sensitive,1.19,0.0,7.205,0.731,0.0,21,3
s-20-019,20,delay_sensitive,1.29,0.0,9.131,0.955,0.0,21,3
s-20-020,20,delay_sensitive,1.095,0.0,8.354,0.506,0.0,21,3
s-20-021,20,delay_sensitive,1.228,0.0,4.085,0.658,0.0,21,3
s-20-022,20,delay_sensitive,1.064,0.0,5.474,0.688,0.0,21,3
s-20-023,20,delay_sensitive,0.95,0.0,9.586,0.839,0.0,21,3
s-20-024,20,delay_sensitive,0.985,0.0,5.754,0.554,0.0,21,3
s-20-025,20,delay_sensitive,0.981,0.0,6.559,0.837,0.0,21,3
s-20-026,20,delay_sensitive,1.081,0.0,8.591,0.573,0.0,21,3
s-20-027,20,delay_sensitive,1.399,0.0,8.149,0.783,0.0,21,3
s-20-028,20,delay_sensitive,0.938,0.0,4.933,0.473,0.0,21,3
s-20-029,20,delay_sensitive,1.369,0.0,9.722,0.44,0.0,21,3
s-20-030,20,delay_sensitive,1.285,0.0,8.551,0.562,0.0,21,3
s-20-031,20,delay_sensitive,0.989,0.0,8.589,0.603,0.0,21,3
s-20-032,20,delay_sensitive,1.15,0.0,9.011,0.721,0.0,21,3
s-20-033,20,delay_sensitive,1.155,0.0,6.887,0.769,0.0,21,3
s-20-034,20,delay_sensitive,1.293,0.0,6.138,0.455,0.0,21,3
s-20-035,20,delay_sensitive,0.988,0.0,8.84,0.727,0.0,21,3
s-20-036,20,delay_sensitive,1.025,0.0,4.109,0.948,0.0,21,3
s-20-037,20,delay_sensitive,1.302,0.0,8.76,0.452,0.0,21,3
s-20-038,20,delay_sensitive,0.932,0.0,4.875,0.496,0.0,21,3
s-20-039,20,delay_sensitive,1.308,0.0,7.209,0.687,0.0,21,3
s-20-040,20,delay_sensitive,1.362,0.0,7.789,0.418,0.0,21,3
s-20-041,20,delay_sensitive,1.327,0.0,8.756,0.659,0.0,21,3
s-20-042,20,delay_sensitive,1.304,0.0,8.655,0.641,0.0,21,3
s-20-043,20,delay_sensitive,0.984,0.0,7.726,0.69,0.0,21,3
s-20-044,20,delay_sensitive,1.193,0.0,8.184,0.986,0.0,21,3
s-20-045,20,delay_sensitive,1.272,0.0,9.007,0.96,0.0,21,3
s-20-046,20,delay_sensitive,1.29,0.0,7.345,0.675,0.0,21,3
s-20-047,20,delay_sensitive,1.061,0.0,6.213,0.94,0.0,21,3
s-20-048,20,delay_sensitive,0.918,0.0,5.128,0.743,0.0,21,3
s-20-049,20,delay_sensitive,0.909,0.0,7.987,0.624,0.0,21,3
s-20-050,20,delay_sensitive,1.069,0.0,8.498,0.404,0.0,21,3
s-20-051,20,delay_sensitive,1.058,0.0,6.781,0.48,0.0,21,3
s-20-052,20,delay_sensitive,0.948,0.0,7.123,0.86,0.0,21,3
s-20-053,20,delay_sensitive,1.196,0.0,6.841,0.732,0.0,21,3
s-20-054,20,delay_sensitive,1.176,0.0,8.57,0.472,0.0,21,3
s-20-055,20,delay_sensitive,1.305,0.0,8.717,0.783,0.0,21,3
s-20-056,20,delay_sensitive,1.023,0.0,7.222,0.655,0.0,21,3
s-20-057,20,delay_sensitive,0.919,0.0,4.639,0.963,0.0,21,3
s-20-058,20,delay_sensitive,1.232,0.0,9.99,0.818,0.0,21,3
s-20-059,20,delay_sensitive,1.308,0.0,9.996,0.568,0.0,21,3
s-20-060,20,delay_sensitive,1.325,0.0,9.888,0.985,0.0,21,3
s-20-061,20,delay_sensitive,1.082,0.0,6.99,0.843,0.0,21,3
s-20-062,20,delay_sensitive,1.103,0.0,4.157,0.571,0.0,21,3
s-20-063,20,delay_sensitive,0.992,0.0,4.558,0.482,0.0,21,3
s-20-064,20,delay_sensitive,1.162,0.0,7.597,0.46,0.0,21,3
s-20-065,20,delay_sensitive,0.957,0.0,9.848,0.861,0.0,21,3
s-20-066,20,delay_sensitive,1.059,0.0,4.742,0.746,0.0,21,3
s-20-067,20,delay_sensitive,1.191,0.0,4.473,0.429,0.0,21,3
s-20-068,20,delay_sensitive,1.056,0.0,8.564,0.853,0.0,21,3
s-20-069,20,delay_sensitive,1.356,0.0,4.478,0.828,0.0,21,3
s-20-070,20,delay_sensitive,1.368,0.0,9.222,0.728,0.0,21,3
s-20-071,20,delay_sensitive,1.353,0.0,7.947,0.46,0.0,21,3
s-20-072,20,delay_sensitive,1.102,0.0,9.585,0.587,0.0,21,3
s-20-073,20,delay_sensitive,1.339,0.0,4.558,0.6,0.0,21,3
s-20-074,20,delay_sensitive,1.271,0.0,4.821,0.457,0.0,21,3
s-20-075,20,delay_sensitive,1.372,0.0,4.024,0.935,0.0,21,3
s-20-076,20,delay_sensitive,0.921,0.0,8.857,0.644,0.0,21,3
s-20-077,20,delay_sensitive,0.953,0.0,4.953,0.964,0.0,21,3
s-20-078,20,delay_sensitive,1.348,0.0,5.485,0.6,0.0,21,3
s-20-079,20,delay_sensitive,0.993,0.0,9.509,0.82,0.0,21,3
s-20-080,20,delay_sensitive,0.952,0.0,8.873,0.682,0.0,21,3
s-20-081,20,delay_sensitive,1.264,0.0,4.76,0.843,0.0,21,3
s-20-082,20,delay_sensitive,1.311,0.0,8.095,0.543,0.0,21,3
s-20-083,20,delay_sensitive,1.104,0.0,8.088,0.925,0.0,21,3
s-20-084,20,delay_sensitive,1.188,0.0,8.379,0.905,0.0,21,3
s-20-085,20,delay_sensitive,1.146,0.0,5.427,0.658,0.0,21,3
s-20-086,20,delay_sensitive,1.207,0.0,6.331,0.895,0.0,21,3
s-20-087,20,delay_sensitive,1.046,0.0,4.817,0.984,0.0,21,3
s-20-088,20,delay_sensitive,1.106,0.0,7.47,0.562,0.0,21,3
s-20-089,20,delay_sensitive,1.208,0.0,9.337,0.824,0.0,21,3
s-20-090,20,delay_sensitive,1.027,0.0,7.632,0.401,0.0,21,3
s-20-091,20,delay_sensitive,0.957,0.0,7.544,0.848,0.0,21,3
s-20-092,20,delay_sensitive,1.246,0.0,7.46,0.889,0.0,21,3
s-20-093,20,delay_sensitive,1.19,0.0,9.803,0.549,0.0,21,3
s-20-094,20,delay_sensitive,1.256,0.0,5.385,0.55,0.0,21,3
s-20-095,20,delay_sensitive,0.923,0.0,4.433,0.637,0.0,21,3
s-20-096,20,delay_sensitive,1.383,0.0,5.659,0.468,0.0,21,3
s-20-097,20,delay_sensitive,0.901,0.0,5.261,0.466,0.0,21,3
s-20-098,20,delay_sensitive,1.248,0.0,6.48,0.605,0.0,21,3
s-20-099,20,delay_sensitive,1.124,0.0,4.882,0.789,0.0,21,3
s-20-100,20,delay_sensitive,0.962,0.0,6.213,0.986,0.0,21,3
s-20-101,20,delay_sensitive,1.089,0.0,7.113,0.565,0.0,21,3
s-20-102,20,delay_sensitive,1.232,0.0,9.147,0.488,0.0,21,3
s-20-103,20,delay_sensitive,1.095,0.0,5.128,0.8,0.0,21,3
s-20-104,20,delay_sensitive,1.373,0.0,5.457,0.693,0.0,21,3
s-20-105,20,delay_sensitive,1.037,0.0,4.294,0.402,0.0,21,3
s-20-106,20,delay_sensitive,1.132,0.0,4.368,0.933,0.0,21,3
s-20-107,20,delay_sensitive,0.93,0.0,6.752,0.573,0.0,21,3
s-20-108,20,delay_sensitive,1.107,0.0,9.288,0.484,0.0,21,3
s-20-109,20,delay_sensitive,1.04,0.0,6.557,0.408,0.0,21,3
s-20-110,20,delay_sensitive,1.293,0.0,7.178,0.752,0.0,21,3
s-20-111,20,delay_sensitive,1.074,0.0,7.866,0.67,0.0,21,3
s-20-112,20,delay_sensitive,1.244,0.0,5.654,0.686,0.0,21,3
s-20-113,20,delay_sensitive,1.095,0.0,4.963,0.532,0.0,21,3
s-20-114,20,delay_sensitive,1.352,0.0,4.103,0.541,0.0,21,3
s-20-115,20,delay_sensitive,1.143,0.0,5.313,0.969,0.0,21,3
s-20-116,20,delay_sensitive,1.155,0.0,9.604,0.466,0.0,21,3
s-20-117,20,delay_sensitive,1.261,0.0,7.132,0.814,0.0,21,3
s-20-118,20,delay_sensitive,1.036,0.0,7.95,0.88,0.0,21,3
s-20-119,20,delay_sensitive,1.273,0.0,4.122,0.74,0.0,21,3
s-20-120,20,delay_sensitive,1.342,0.0,5.447,0.57,0.0,21,3
s-20-121,20,delay_sensitive,1.305,0.0,8.546,0.801,0.0,21,3
s-20-122,20,delay_sensitive,1.178,0.0,7.682,0.879,0.0,21,3
s-20-123,20,delay_sensitive,1.165,0.0,5.098,0.698,0.0,21,3
s-20-124,20,delay_sensitive,1.164,0.0,4.895,0.412,0.0,21,3
s-20-125,20,delay_sensitive,1.284,0.0,8.618,0.652,0.0,21,3
s-20-126,20,delay_sensitive,1.071,0.0,6.886,0.512,0.0,21,3
s-20-127,20,delay_sensitive,1.266,0.0,8.325,0.655,0.0,21,3
s-20-128,20,delay_sensitive,1.248,0.0,5.632,0.52,0.0,21,3
s-20-129,20,delay_sensitive,1.101,0.0,9.051,0.761,0.0,21,3
s-20-130,20,delay_sensitive,1.182,0.0,4.577,0.683,0.0,21,3
s-20-131,20,delay_sensitive,0.998,0.0,5.469,0.427,0.0,21,3
s-20-132,20,delay_sensitive,1.068,0.0,6.828,0.545,0.0,21,3
s-20-133,20,delay_sensitive,1.067,0.0,5.365,0.975,0.0,21,3
s-20-134,20,delay_sensitive,0.908,0.0,4.458,0.739,0.0,21,3
s-20-135,20,delay_sensitive,0.968,0.0,6.464,0.426,0.0,21,3
t-20-000,20,delay_tolerant,0.965,0.0,8.976,0.344,365.146,23,2
t-20-001,20,delay_tolerant,0.977,0.0,3.814,0.743,198.649,23,2
t-20-002,20,delay_tolerant,0.815,0.0,3.07,0.652,163.3,22,2
t-20-003,20,delay_tolerant,1.057,0.0,8.339,0.836,153.654,23,2
t-20-004,20,delay_tolerant,1.045,0.0,3.561,0.45,335.396,22,2
t-20-005,20,delay_tolerant,1.052,0.0,7.565,0.327,368.039,23,2
t-20-006,20,delay_tolerant,0.867,0.0,7.544,0.737,453.442,23,2
t-20-007,20,delay_tolerant,1.127,0.0,4.298,0.547,239.068,23,2
t-20-008,20,delay_tolerant,1.001,0.0,4.376,0.645,120.033,22,2
t-20-009,20,delay_tolerant,0.94,0.0,5.141,0.571,370.538,23,2
t-20-010,20,delay_tolerant,1.096,0.0,8.884,0.643,360.227,22,2
t-20-011,20,delay_tolerant,0.869,0.0,3.942,0.742,383.678,22,2
t-20-012,20,delay_tolerant,1.131,0.0,4.186,0.477,142.059,22,2
t-20-013,20,delay_tolerant,0.89,0.0,3.807,0.371,448.407,23,2
t-20-014,20,delay_tolerant,0.947,0.0,7.54,0.757,420.509,22,2
t-20-015,20,delay_tolerant,0.862,0.0,3.38,0.841,290.543,23,2
t-20-016,20,delay_tolerant,0.869,0.0,3.211,0.405,423.447,22,2
t-20-017,20,delay_tolerant,0.843,0.0,7.587,0.427,175.346,23,2
t-20-018,20,delay_tolerant,0.974,0.0,7.198,0.4,376.931,22,2
t-20-019,20,delay_tolerant,1.022,0.0,7.063,0.87,455.539,23,2
t-20-020,20,delay_tolerant,1.194,0.0,8.318,0.394,478.998,23,2
t-20-021,20,delay_tolerant,1.064,0.0,4.294,0.569,181.969,23,2
t-20-022,20,delay_tolerant,0.912,0.0,4.561,0.428,384.029,23,2
t-20-023,20,delay_tolerant,0.879,0.0,4.773,0.764,287.353,22,2
t-20-024,20,delay_tolerant,1.15,0.0,3.692,0.717,444.299,22,2
t-20-025,20,delay_tolerant,1.095,0.0,6.201,0.814,321.623,22,2
t-20-026,20,delay_tolerant,1.164,0.0,6.484,0.743,168.679,23,2
t-20-027,20,delay_tolerant,0.872,0.0,8.255,0.779,206.574,23,2
t-20-028,20,delay_tolerant,1.003,0.0,6.641,0.831,206.938,22,2
t-20-029,20,delay_tolerant,0.833,0.0,6.15,0.356,214.01,23,2
t-20-030,20,delay_tolerant,0.854,0.0,4.07,0.557,426.088,23,2
t-20-031,20,delay_tolerant,0.856,0.0,7.74,0.719,152.178,22,2
t-20-032,20,delay_tolerant,1.05,0.0,3.429,0.733,316.821,22,2
t-20-033,20,delay_tolerant,1.104,0.0,5.765,0.709,477.391,23,2
t-20-034,20,delay_tolerant,0.812,0.0,7.593,0.768,399.11,23,2
t-20-035,20,delay_tolerant,0.81,0.0,7.858,0.318,236.099,23,2
t-20-036,20,delay_tolerant,1.123,0.0,6.515,0.35,188.552,23,2
t-20-037,20,delay_tolerant,0.976,0.0,8.366,0.689,140.609,22,2
t-20-038,20,delay_tolerant,1.099,0.0,6.629,0.732,475.825,23,2
t-20-039,20,delay_tolerant,0.952,0.0,3.691,0.849,352.419,23,2
t-20-040,20,delay_tolerant,0.904,0.0,3.51,0.788,336.125,23,2
t-20-041,20,delay_tolerant,1.016,0.0,4.723,0.613,396.475,23,2
t-20-042,20,delay_tolerant,0.87,0.0,7.579,0.601,403.792,22,2
t-20-043,20,delay_tolerant,0.952,0.0,3.242,0.561,129.45,23,2
t-20-044,20,delay_tolerant,0.82,0.0,6.972,0.831,256.042,23,2
t-20-045,20,delay_tolerant,0.937,0.0,5.169,0.61,310.813,23,2
t-20-046,20,delay_tolerant,0.951,0.0,3.738,0.548,407.172,23,2
t-20-047,20,delay_tolerant,0.891,0.0,4.93,0.697,251.836,23,2
t-20-048,20,delay_tolerant,1.114,0.0,5.252,0.325,377.144,22,2
t-20-049,20,delay_tolerant,0.988,0.0,5.44,0.444,336.757,23,2
t-20-050,20,delay_tolerant,1.023,0.0,6.709,0.772,126.118,23,2
t-20-051,20,delay_tolerant,1.111,0.0,8.719,0.814,309.296,23,2
t-20-052,20,delay_tolerant,0.826,0.0,4.607,0.328,164.068,22,2
t-20-053,20,delay_tolerant,0.901,0.0,6.171,0.834,449.485,23,2
t-20-054,20,delay_tolerant,0.802,0.0,6.753,0.455,428.5,23,2
t-20-055,20,delay_tolerant,1.019,0.0,5.842,0.828,209.646,22,2
t-20-056,20,delay_tolerant,0.951,0.0,7.583,0.617,143.1,22,2
t-20-057,20,delay_tolerant,0.897,0.0,7.038,0.385,264.03,23,2
t-20-058,20,delay_tolerant,0.918,0.0,4.025,0.643,361.018,23,2
t-20-059,20,delay_tolerant,0.923,0.0,4.786,0.312,436.601,23,2
t-20-060,20,delay_tolerant,0.852,0.0,7.333,0.807,275.12,23,2
t-20-061,20,delay_tolerant,0.924,0.0,7.67,0.349,434.44,22,2
t-20-062,20,delay_tolerant,0.917,0.0,8.893,0.534,247.683,23,2
t-20-063,20,delay_tolerant,1.103,0.0,8.198,0.325,265.181,23,2
t-20-064,20,delay_tolerant,1.088,0.0,5.214,0.626,187.304,22,2
t-20-065,20,delay_tolerant,1.184,0.0,8.469,0.314,150.458,22,2
t-20-066,20,delay_tolerant,0.923,0.0,7.753,0.818,304.673,23,2
t-20-067,20,delay_tolerant,1.002,0.0,8.508,0.763,383.081,23,2
t-20-068,20,delay_tolerant,0.897,0.0,7.184,0.611,418.95,23,2
t-20-069,20,delay_tolerant,0.933,0.0,8.835,0.579,419.431,23,2
t-20-070,20,delay_tolerant,1.069,0.0,5.04,0.474,350.069,22,2
t-20-071,20,delay_tolerant,0.896,0.0,8.499,0.425,395.417,23,2
t-20-072,20,delay_tolerant,0.878,0.0,6.157,0.652,438.053,23,2
t-20-073,20,delay_tolerant,0.958,0.0,4.331,0.385,156.783,22,2
g-20-000,20,token_batch,0.44,1.116,15.213,1.272,4113.0,22,1
g-20-001,20,token_batch,0.443,0.919,13.933,1.179,1397.0,23,1
g-20-002,20,token_batch,0.287,1.043,11.23,0.935,3217.0,23,1
g-20-003,20,token_batch,0.214,0.846,8.839,1.25,4701.0,23,1
g-20-004,20,token_batch,0.503,0.996,11.893,1.077,3234.0,23,1
g-20-005,20,token_batch,0.363,1.132,16.64,1.335,4715.0,23,1
g-20-006,20,token_batch,0.283,0.816,16.107,1.152,1957.0,22,1
g-20-007,20,token_batch,0.366,1.13,16.376,1.114,4389.0,23,1
g-20-008,20,token_batch,0.475,1.0,14.368,1.098,2201.0,22,1
g-20-009,20,token_batch,0.592,0.872,15.248,1.049,4571.0,23,1
g-20-010,20,token_batch,0.472,1.035,14.097,1.007,3743.0,22,1
g-20-011,20,token_batch,0.324,0.843,9.232,1.116,1512.0,22,1
g-20-012,20,token_batch,0.244,0.975,10.313,1.118,2374.0,23,1
g-20-013,20,token_batch,0.211,0.884,17.969,0.917,4632.0,23,1
g-20-014,20,token_batch,0.443,1.104,8.735,1.071,2083.0,23,1
g-20-015,20,token_batch,0.367,0.855,17.338,1.217,2583.0,23,1
g-20-016,20,token_batch,0.408,1.044,15.471,1.298,1732.0,23,1
g-20-017,20,token_batch,0.517,0.943,17.356,1.057,4386.0,22,1
g-20-018,20,token_batch,0.477,0.87,9.288,1.268,3327.0,22,1
g-20-019,20,token_batch,0.578,1.325,8.554,1.331,1372.0,22,1
g-20-020,20,token_batch,0.359,1.164,16.182,1.258,2799.0,23,1
g-20-021,20,token_batch,0.474,0.844,17.403,0.928,1830.0,23,1
g-20-022,20,token_batch,0.287,1.338,11.558,1.29,4344.0,23,1
g-20-023,20,token_batch,0.273,1.143,12.854,1.308,3453.0,23,1
g-20-024,20,token_batch,0.425,1.341,14.212,1.39,4325.0,23,1
g-20-025,20,token_batch,0.5,0.824,10.421,1.338,2389.0,23,1
g-20-026,20,token_batch,0.411,1.068,9.941,0.979,4451.0,22,1
g-20-027,20,token_batch,0.467,1.13,16.937,0.882,4734.0,23,1
g-20-028,20,token_batch,0.293,1.025,15.239,0.832,2068.0,22,1
g-20-029,20,token_batch,0.476,0.811,16.223,1.104,3049.0,23,1
g-20-030,20,token_batch,0.483,1.282,10.858,0.909,3579.0,23,1
g-20-031,20,token_batch,0.598,1.395,13.829,0.899,4127.0,22,1
g-20-032,20,token_batch,0.429,1.366,12.207,1.175,4092.0,23,1
g-20-033,20,token_batch,0.512,0.978,13.527,1.163,4761.0,23,1
g-20-034,20,token_batch,0.492,1.207,17.812,1.074,4255.0,23,1
g-20-035,20,token_batch,0.258,1.27,13.793,1.182,2410.0,23,1
g-20-036,20,token_batch,0.259,1.139,10.944,1.263,2216.0,23,1
g-20-037,20,token_batch,0.448,1.385,9.945,0.905,3532.0,23,1
s-21-000,21,delay_sensitive,0.995,0.0,5.11,0.868,0.0,22,3
s-21-001,21,delay_sensitive,1.31,0.0,5.767,0.485,0.0,22,3
s-21-002,21,delay_sensitive,1.385,0.0,6.425,0.736,0.0,22,3
s-21-003,21,delay_sensitive,1.369,0.0,6.447,0.82,0.0,22,3
s-21-004,21,delay_sensitive,1.395,0.0,6.838,0.639,0.0,22,3
s-21-005,21,delay_sensitive,0.959,0.0,8.583,0.983,0.0,22,3
s-21-006,21,delay_sensitive,0.915,0.0,6.652,0.85,0.0,22,3
s-21-007,21,delay_sensitive,1.055,0.0,9.658,0.835,0.0,22,3
s-21-008,21,delay_sensitive,1.16,0.0,5.322,0.802,0.0,22,3
s-21-009,21,delay_sensitive,1.201,0.0,6.171,0.546,0.0,22,3
s-21-010,21,delay_sensitive,1.375,0.0,4.831,0.938,0.0,22,3
s-21-011,21,delay_sensitive,1.279,0.0,9.016,0.989,0.0,22,3
s-21-012,21,delay_sensitive,1.314,0.0,9.384,0.976,0.0,22,3
s-21-013,21,delay_sensitive,1.344,0.0,4.707,0.485,0.0,22,3
s-21-014,21,delay_sensitive,1.248,0.0,7.66,0.605,0.0,22,3
s-21-015,21,delay_sensitive,1.175,0.0,9.094,0.488,0.0,22,3
s-21-016,21,delay_sensitive,1.195,0.0,6.152,0.806,0.0,22,3
s-21-017,21,delay_sensitive,1.117,0.0,5.596,0.87,0.0,22,3
s-21-018,21,delay_sensitive,1.091,0.0,6.27,0.644,0.0,22,3
s-21-019,21,delay_sensitive,0.936,0.0,8.975,0.409,0.0,22,3
s-21-020,21,delay_sensitive,1.141,0.0,6.556,0.803,0.0,22,3
s-21-021,21,delay_sensitive,1.243,0.0,4.874,0.514,0.0,22,3
s-21-022,21,delay_sensitive,1.164,0.0,7.429,0.988,0.0,22,3
s-21-023,21,delay_sensitive,1.275,0.0,5.512,0.515,0.0,22,3
s-21-024,21,delay_sensitive,1.034,0.0,7.249,0.544,0.0,22,3
s-21-025,21,delay_sensitive,1.298,0.0,5.864,0.705,0.0,22,3
s-21-026,21,delay_sensitive,1.213,0.0,4.243,0.418,0.0,22,3
s-21-027,21,delay_sensitive,1.38,0.0,6.871,0.534,0.0,22,3
s-21-028,21,delay_sensitive,0.903,0.0,9.113,0.661,0.0,22,3
s-21-029,21,delay_sensitive,1.095,0.0,9.311,0.438,0.0,22,3
s-21-030,21,delay_sensitive,0.928,0.0,9.002,0.858,0.0,22,3
s-21-031,21,delay_sensitive,1.152,0.0,4.45,0.801,0.0,22,3
s-21-032,21,delay_sensitive,1.307,0.0,6.009,0.982,0.0,22,3
s-21-033,21,delay_sensitive,1.327,0.0,4.287,0.44,0.0,22,3
s-21-034,21,delay_sensitive,1.164,0.0,7.672,0.568,0.0,22,3
s-21-035,21,delay_sensitive,1.047,0.0,7.639,0.915,0.0,22,3
s-21-036,21,delay_sensitive,1.061,0.0,6.719,0.864,0.0,22,3
s-21-037,21,delay_sensitive,1.331,0.0,7.131,0.923,0.0,22,3
s-21-038,21,delay_sensitive,1.375,0.0,7.852,0.776,0.0,22,3
s-21-039,21,delay_sensitive,0.925,0.0,6.21,0.783,0.0,22,3
s-21-040,21,delay_sensitive,1.035,0.0,9.374,0.664,0.0,22,3
s-21-041,21,delay_sensitive,1.199,0.0,6.344,0.435,0.0,22,3
s-21-042,21,delay_sensitive,1.371,0.0,9.313,0.836,0.0,22,3
s-21-043,21,delay_sensitive,1.281,0.0,6.47,0.478,0.0,22,3
s-21-044,21,delay_sensitive,0.969,0.0,4.117,0.879,0.0,22,3
s-21-045,21,delay_sensitive,1.273,0.0,6.953,0.775,0.0,22,3
s-21-046,21,delay_sensitive,1.137,0.0,6.307,0.429,0.0,22,3
s-21-047,21,delay_sensitive,0.98,0.0,8.196,0.761,0.0,22,3
s-21-048,21,delay_sensitive,1.285,0.0,5.581,0.638,0.0,22,3
s-21-049,21,delay_sensitive,1.162,0.0,7.201,0.44,0.0,22,3
s-21-050,21,delay_sensitive,0.998,0.0,5.216,0.539,0.0,22,3
s-21-051,21,delay_sensitive,1.369,0.0,9.725,0.589,0.0,22,3
s-21-052,21,delay_sensitive,1.257,0.0,5.027,0.607,0.0,22,3
s-21-053,21,delay_sensitive,1.381,0.0,4.652,0.727,0.0,22,3
s-21-054,21,delay_sensitive,0.94,0.0,4.064,0.91,0.0,22,3
s-21-055,21,delay_sensitive,1.35,0.0,4.986,0.461,0.0,22,3
s-21-056,21,delay_sensitive,1.201,0.0,4.003,0.468,0.0,22,3
s-21-057,21,delay_sensitive,1.275,0.0,5.428,0.708,0.0,22,3
s-21-058,21,delay_sensitive,1.235,0.0,4.794,0.697,0.0,22,3
s-21-059,21,delay_sensitive,1.187,0.0,6.07,0.473,0.0,22,3
s-21-060,21,delay_sensitive,1.009,0.0,4.446,0.801,0.0,22,3
s-21-061,21,delay_sensitive,1.048,0.0,5.588,0.43,0.0,22,3
s-21-062,21,delay_sensitive,1.381,0.0,9.187,0.594,0.0,22,3
s-21-063,21,delay_sensitive,0.97,0.0,6.374,0.706,0.0,22,3
s-21-064,21,delay_sensitive,1.387,0.0,4.567,0.565,0.0,22,3
s-21-065,21,delay_sensitive,1.397,0.0,5.419,0.523,0.0,22,3
s-21-066,21,delay_sensitive,1.025,0.0,4.61,0.682,0.0,22,3
s-21-067,21,delay_sensitive,0.954,0.0,4.851,0.678,0.0,22,3
s-21-068,21,delay_sensitive,1.295,0.0,8.004,0.502,0.0,22,3
s-21-069,21,delay_sensitive,0.993,0.0,4.084,0.497,0.0,22,3
s-21-070,21,delay_sensitive,0.946,0.0,6.949,0.892,0.0,22,3
s-21-071,21,delay_sensitive,1.168,0.0,5.094,0.777,0.0,22,3
s-21-072,21,delay_sensitive,1.031,0.0,9.584,0.652,0.0,22,3
s-21-073,21,delay_sensitive,1.186,0.0,6.041,0.898,0.0,22,3
s-21-074,21,delay_sensitive,1.292,0.0,8.121,0.663,0.0,22,3
s-21-075,21,delay_sensitive,1.279,0.0,9.2,0.539,0.0,22,3
s-21-076,21,delay_sensitive,1.311,0.0,5.458,0.469,0.0,22,3
s-21-077,21,delay_sensitive,1.158,0.0,7.261,0.998,0.0,22,3
s-21-078,21,delay_sensitive,1.104,0.0,6.031,0.743,0.0,22,3
s-21-079,21,delay_sensitive,1.125,0.0,8.433,0.696,0.0,22,3
s-21-080,21,delay_sensitive,1.251,0.0,7.268,0.782,0.0,22,3
s-21-081,21,delay_sensitive,1.101,0.0,9.563,0.471,0.0,22,3
s-21-082,21,delay_sensitive,1.139,0.0,4.367,0.917,0.0,22,3
s-21-083,21,delay_sensitive,1.148,0.0,9.402,0.711,0.0,22,3
s-21-084,21,delay_sensitive,1.304,0.0,9.161,0.409,0.0,22,3
s-21-085,21,delay_sensitive,1.282,0.0,6.257,0.486,0.0,22,3
s-21-086,21,delay_sensitive,1.229,0.0,5.026,0.534,0.0,22,3
s-21-087,21,delay_sensitive,1.075,0.0,8.043,0.452,0.0,22,3
s-21-088,21,delay_sensitive,1.097,0.0,9.241,0.62,0.0,22,3
s-21-089,21,delay_sensitive,1.289,0.0,7.234,0.668,0.0,22,3
s-21-090,21,delay_sensitive,0.952,0.0,5.589,0.742,0.0,22,3
s-21-091,21,delay_sensitive,1.266,0.0,7.137,0.862,0.0,22,3
s-21-092,21,delay_sensitive,0.987,0.0,9.89,0.483,0.0,22,3
s-21-093,21,delay_sensitive,1.184,0.0,9.813,0.853,0.0,22,3
s-21-094,21,delay_sensitive,1.377,0.0,7.345,0.721,0.0,22,3
s-21-095,21,delay_sensitive,1.241,0.0,5.411,0.774,0.0,22,3
s-21-096,21,delay_sensitive,1.171,0.0,8.7,0.921,0.0,22,3
s-21-097,21,delay_sensitive,1.377,0.0,4.761,0.951,0.0,22,3
s-21-098,21,delay_sensitive,1.325,0.0,8.79,0.971,0.0,22,3
s-21-099,21,delay_sensitive,1.246,0.0,5.379,0.905,0.0,22,3
s-21-100,21,delay_sensitive,1.117,0.0,8.315,0.83,0.0,22,3
s-21-101,21,delay_sensitive,1.025,0.0,9.814,0.789,0.0,22,3
s-21-102,21,delay_sensitive,1.049,0.0,7.634,0.908,0.0,22,3
s-21-103,21,delay_sensitive,1.205,0.0,7.321,0.44,0.0,22,3
s-21-104,21,delay_sensitive,0.942,0.0,6.081,0.776,0.0,22,3
s-21-105,21,delay_sensitive,1.154,0.0,9.775,0.851,0.0,22,3
s-21-106,21,delay_sensitive,0.918,0.0,7.929,0.455,0.0,22,3
s-21-107,21,delay_sensitive,1.362,0.0,5.412,0.726,0.0,22,3
s-21-108,21,delay_sensitive,1.124,0.0,6.866,0.724,0.0,22,3
t-21-000,21,delay_tolerant,0.875,0.0,8.603,0.571,256.961,23,2
t-21-001,21,delay_tolerant,1.185,0.0,3.381,0.677,470.409,23,2
t-21-002,21,delay_tolerant,1.044,0.0,5.955,0.625,428.529,23,2
t-21-003,21,delay_tolerant,1.166,0.0,6.035,0.731,175.41,23,2
t-21-004,21,delay_tolerant,0.928,0.0,6.461,0.596,389.915,23,2
t-21-005,21,delay_tolerant,1.013,0.0,7.089,0.3,351.678,23,2
t-21-006,21,delay_tolerant,1.05,0.0,4.425,0.331,216.958,23,2
t-21-007,21,delay_tolerant,1.065,0.0,8.207,0.753,260.456,23,2
t-21-008,21,delay_tolerant,1.048,0.0,7.114,0.642,131.028,23,2
t-21-009,21,delay_tolerant,0.867,0.0,8.399,0.406,388.73,23,2
t-21-010,21,delay_tolerant,0.907,0.0,4.095,0.614,285.847,23,2
t-21-011,21,delay_tolerant,0.878,0.0,5.118,0.789,225.899,23,2
t-21-012,21,delay_tolerant,0.899,0.0,8.71,0.71,386.17,23,2
t-21-013,21,delay_tolerant,1.116,0.0,7.982,0.433,458.618,23,2
t-21-014,21,delay_tolerant,1.184,0.0,8.543,0.861,242.467,23,2
t-21-015,21,delay_tolerant,0.904,0.0,7.107,0.85,187.177,23,2
t-21-016,21,delay_tolerant,1.089,0.0,8.593,0.407,460.209,23,2
t-21-017,21,delay_tolerant,0.867,0.0,6.453,0.542,332.085,23,2
t-21-018,21,delay_tolerant,0.889,0.0,6.178,0.769,253.219,23,2
t-21-019,21,delay_tolerant,1.144,0.0,8.637,0.364,375.822,23,2
t-21-020,21,delay_tolerant,0.946,0.0,8.71,0.594,214.626,23,2
t-21-021,21,delay_tolerant,1.18,0.0,6.352,0.309,235.359,23,2
t-21-022,21,delay_tolerant,1.109,0.0,4.724,0.457,122.737,23,2
t-21-023,21,delay_tolerant,1.051,0.0,3.72,0.705,304.432,23,2
t-21-024,21,delay_tolerant,0.83,0.0,7.994,0.848,335.64,23,2
t-21-025,21,delay_tolerant,0.819,0.0,6.129,0.723,329.512,23,2
t-21-026,21,delay_tolerant,1.117,0.0,3.516,0.519,262.031,23,2
t-21-027,21,delay_tolerant,0.93,0.0,5.722,0.496,237.996,23,2
t-21-028,21,delay_tolerant,0.887,0.0,4.041,0.672,197.208,23,2
t-21-029,21,delay_tolerant,0.99,0.0,8.075,0.615,205.734,23,2
t-21-030,21,delay_tolerant,0.979,0.0,4.904,0.31,343.477,23,2
t-21-031,21,delay_tolerant,1.079,0.0,6.86,0.365,462.139,23,2
t-21-032,21,delay_tolerant,0.814,0.0,5.123,0.574,341.659,23,2
t-21-033,21,delay_tolerant,1.078,0.0,6.142,0.637,337.826,23,2
t-21-034,21,delay_tolerant,1.103,0.0,3.04,0.517,204.604,23,2
t-21-035,21,delay_tolerant,1.011,0.0,8.139,0.509,178.604,23,2
t-21-036,21,delay_tolerant,1.174,0.0,6.344,0.848,399.309,23,2
t-21-037,21,delay_tolerant,0.823,0.0,4.947,0.764,302.318,23,2
t-21-038,21,delay_tolerant,1.016,0.0,4.677,0.818,169.759,23,2
t-21-039,21,delay_tolerant,0.935,0.0,5.024,0.744,360.953,23,2
t-21-040,21,delay_tolerant,1.053,0.0,7.397,0.553,250.936,23,2
t-21-041,21,delay_tolerant,1.115,0.0,8.049,0.473,300.731,23,2
t-21-042,21,delay_tolerant,1.183,0.0,8.463,0.881,412.47,23,2
t-21-043,21,delay_tolerant,1.194,0.0,3.152,0.86,122.253,23,2
t-21-044,21,delay_tolerant,0.817,0.0,7.81,0.524,202.646,23,2
t-21-045,21,delay_tolerant,1.151,0.0,3.436,0.442,351.354,23,2
t-21-046,21,delay_tolerant,1.12,0.0,8.211,0.342,122.005,23,2
t-21-047,21,delay_tolerant,0.992,0.0,6.131,0.68,273.246,23,2
t-21-048,21,delay_tolerant,0.873,0.0,3.602,0.482,426.404,23,2
t-21-049,21,delay_tolerant,1.047,0.0,5.315,0.672,378.026,23,2
t-21-050,21,delay_tolerant,1.0,0.0,8.102,0.894,199.951,23,2
t-21-051,21,delay_tolerant,1.16,0.0,7.733,0.732,225.361,23,2
t-21-052,21,delay_tolerant,0.86,0.0,3.038,0.52,305.513,23,2
t-21-053,21,delay_tolerant,1.081,0.0,8.515,0.473,461.893,23,2
t-21-054,21,delay_tolerant,1.01,0.0,7.832,0.404,315.611,23,2
t-21-055,21,delay_tolerant,1.095,0.0,4.143,0.338,192.065,23,2
t-21-056,21,delay_tolerant,1.151,0.0,6.871,0.676,344.664,23,2
t-21-057,21,delay_tolerant,0.951,0.0,3.049,0.354,208.109,23,2
t-21-058,21,delay_tolerant,0.996,0.0,4.224,0.632,244.203,23,2
g-21-000,21,token_batch,0.507,1.042,15.062,1.199,1876.0,23,1
g-21-001,21,token_batch,0.272,1.01,12.643,0.956,4423.0,23,1
g-21-002,21,token_batch,0.451,1.09,11.789,1.318,3502.0,23,1
g-21-003,21,token_batch,0.257,0.854,16.167,1.313,2532.0,23,1
g-21-004,21,token_batch,0.56,1.132,15.296,1.035,2766.0,23,1
g-21-005,21,token_batch,0.273,1.064,9.209,1.081,4759.0,23,1
g-21-006,21,token_batch,0.475,0.919,15.872,1.237,3072.0,23,1
g-21-007,21,token_batch,0.433,0.912,16.379,0.818,3884.0,23,1
g-21-008,21,token_batch,0.262,1.373,17.096,0.928,1906.0,23,1
g-21-009,21,token_batch,0.582,1.24,15.994,1.194,1901.0,23,1
g-21-010,21,token_batch,0.456,0.942,13.507,0.942,1508.0,23,1
g-21-011,21,token_batch,0.461,1.221,10.445,1.147,2531.0,23,1
g-21-012,21,token_batch,0.328,1.364,10.668,0.873,2032.0,23,1
g-21-013,21,token_batch,0.497,1.096,9.616,1.036,4219.0,23,1
g-21-014,21,token_batch,0.428,0.957,10.539,1.286,1280.0,23,1
g-21-015,21,token_batch,0.486,0.87,16.933,1.162,3703.0,23,1
g-21-016,21,token_batch,0.201,1.143,12.401,0.897,2997.0,23,1
g-21-017,21,token_batch,0.467,1.158,15.597,1.346,2209.0,23,1
g-21-018,21,token_batch,0.396,1.337,11.269,1.148,2077.0,23,1
g-21-019,21,token_batch,0.297,0.89,16.123,1.252,3325.0,23,1
g-21-020,21,token_batch,0.517,1.038,15.906,1.318,1751.0,23,1
g-21-021,21,token_batch,0.269,1.33,10.653,1.133,1971.0,23,1
g-21-022,21,token_batch,0.576,1.331,13.186,1.104,4521.0,23,1
g-21-023,21,token_batch,0.34,0.926,15.4,1.223,2995.0,23,1
g-21-024,21,token_batch,0.406,0.911,14.374,1.037,3933.0,23,1
g-21-025,21,token_batch,0.535,1.25,17.975,1.261,4471.0,23,1
g-21-026,21,token_batch,0.311,0.981,17.225,1.187,1271.0,23,1
g-21-027,21,token_batch,0.518,0.992,12.602,1.008,4702.0,23,1
g-21-028,21,token_batch,0.549,1.142,17.285,0.856,2060.0,23,1
g-21-029,21,token_batch,0.431,1.268,15.298,1.152,3833.0,23,1
s-22-000,22,delay_sensitive,1.074,0.0,4.144,0.582,0.0,23,3
s-22-001,22,delay_sensitive,1.139,0.0,7.923,0.841,0.0,23,3
s-22-002,22,delay_sensitive,0.996,0.0,7.672,0.518,0.0,23,3
s-22-003,22,delay_sensitive,0.902,0.0,6.494,0.682,0.0,23,3
s-22-004,22,delay_sensitive,1.005,0.0,7.561,0.456,0.0,23,3
s-22-005,22,delay_sensitive,1.384,0.0,4.871,0.429,0.0,23,3
s-22-006,22,delay_sensitive,0.975,0.0,4.911,0.524,0.0,23,3
s-22-007,22,delay_sensitive,0.959,0.0,8.121,0.82,0.0,23,3
s-22-008,22,delay_sensitive,1.13,0.0,6.799,0.796,0.0,23,3
s-22-009,22,delay_sensitive,0.927,0.0,7.635,0.848,0.0,23,3
s-22-010,22,delay_sensitive,0.945,0.0,4.676,0.642,0.0,23,3
s-22-011,22,delay_sensitive,0.965,0.0,5.084,0.473,0.0,23,3
s-22-012,22,delay_sensitive,1.261,0.0,6.679,0.834,0.0,23,3
s-22-013,22,delay_sensitive,1.231,0.0,9.553,0.856,0.0,23,3
s-22-014,22,delay_sensitive,1.366,0.0,5.188,0.774,0.0,23,3
s-22-015,22,delay_sensitive,1.265,0.0,4.222,0.743,0.0,23,3
s-22-016,22,delay_sensitive,1.116,0.0,6.024,0.722,0.0,23,3
s-22-017,22,delay_sensitive,1.23,0.0,6.732,0.926,0.0,23,3
s-22-018,22,delay_sensitive,1.306,0.0,8.66,0.462,0.0,23,3
s-22-019,22,delay_sensitive,1.282,0.0,5.692,0.46,0.0,23,3
s-22-020,22,delay_sensitive,1.042,0.0,8.739,0.81,0.0,23,3
s-22-021,22,delay_sensitive,1.213,0.0,4.844,0.602,0.0,23,3
s-22-022,22,delay_sensitive,0.904,0.0,7.99,0.989,0.0,23,3
s-22-023,22,delay_sensitive,0.975,0.0,5.72,0.477,0.0,23,3
s-22-024,22,delay_sensitive,1.32,0.0,7.548,0.82,0.0,23,3
s-22-025,22,delay_sensitive,1.083,0.0,9.806,0.833,0.0,23,3
s-22-026,22,delay_sensitive,1.32,0.0,4.396,0.845,0.0,23,3
s-22-027,22,delay_sensitive,1.228,0.0,8.832,0.529,0.0,23,3
s-22-028,22,delay_sensitive,1.233,0.0,7.577,0.477,0.0,23,3
s-22-029,22,delay_sensitive,1.247,0.0,6.979,0.41,0.0,23,3
s-22-030,22,delay_sensitive,0.949,0.0,9.813,0.471,0.0,23,3
s-22-031,22,delay_sensitive,1.038,0.0,6.543,0.615,0.0,23,3
s-22-032,22,delay_sensitive,1.063,0.0,6.2,0.584,0.0,23,3
s-22-033,22,delay_sensitive,1.362,0.0,5.272,0.416,0.0,23,3
s-22-034,22,delay_sensitive,1.371,0.0,9.329,0.867,0.0,23,3
s-22-035,22,delay_sensitive,0.913,0.0,9.941,0.958,0.0,23,3
s-22-036,22,delay_sensitive,1.111,0.0,6.171,0.497,0.0,23,3
s-22-037,22,delay_sensitive,1.015,0.0,6.969,0.436,0.0,23,3
s-22-038,22,delay_sensitive,1.2,0.0,4.369,0.831,0.0,23,3
s-22-039,22,delay_sensitive,1.382,0.0,6.587,0.917,0.0,23,3
s-22-040,22,delay_sensitive,0.911,0.0,5.369,0.476,0.0,23,3
s-22-041,22,delay_sensitive,1.041,0.0,7.901,0.941,0.0,23,3
s-22-042,22,delay_sensitive,1.071,0.0,5.566,0.918,0.0,23,3
s-22-043,22,delay_sensitive,1.314,0.0,8.107,0.785,0.0,23,3
s-22-044,22,delay_sensitive,1.011,0.0,8.262,0.571,0.0,23,3
s-22-045,22,delay_sensitive,1.025,0.0,4.748,0.77,0.0,23,3
s-22-046,22,delay_sensitive,1.354,0.0,6.433,0.698,0.0,23,3
s-22-047,22,delay_sensitive,1.357,0.0,7.839,0.621,0.0,23,3
s-22-048,22,delay_sensitive,1.347,0.0,5.85,0.439,0.0,23,3
s-22-049,22,delay_sensitive,1.121,0.0,8.062,0.999,0.0,23,3
s-22-050,22,delay_sensitive,1.086,0.0,6.551,0.503,0.0,23,3
s-22-051,22,delay_sensitive,1.023,0.0,6.877,0.464,0.0,23,3
s-22-052,22,delay_sensitive,1.318,0.0,5.507,0.661,0.0,23,3
s-22-053,22,delay_sensitive,0.955,0.0,7.33,0.861,0.0,23,3
s-22-054,22,delay_sensitive,1.299,0.0,7.085,0.423,0.0,23,3
s-22-055,22,delay_sensitive,0.913,0.0,9.469,0.876,0.0,23,3
s-22-056,22,delay_sensitive,1.177,0.0,4.602,0.639,0.0,23,3
s-22-057,22,delay_sensitive,1.282,0.0,4.54,0.497,0.0,23,3
s-22-058,22,delay_sensitive,1.158,0.0,7.266,0.71,0.0,23,3
s-22-059,22,delay_sensitive,1.306,0.0,8.021,0.669,0.0,23,3
s-22-060,22,delay_sensitive,0.974,0.0,4.183,0.832,0.0,23,3
s-22-061,22,delay_sensitive,1.387,0.0,8.226,0.678,0.0,23,3
s-22-062,22,delay_sensitive,0.998,0.0,4.255,0.672,0.0,23,3
s-22-063,22,delay_sensitive,1.023,0.0,6.772,0.538,0.0,23,3
s-22-064,22,delay_sensitive,0.94,0.0,4.287,0.922,0.0,23,3
s-22-065,22,delay_sensitive,1.081,0.0,7.184,0.565,0.0,23,3
s-22-066,22,delay_sensitive,1.05,0.0,8.806,0.505,0.0,23,3
s-22-067,22,delay_sensitive,1.252,0.0,4.149,0.739,0.0,23,3
s-22-068,22,delay_sensitive,0.991,0.0,7.19,0.717,0.0,23,3
s-22-069,22,delay_sensitive,1.078,0.0,6.555,0.658,0.0,23,3
s-22-070,22,delay_sensitive,1.027,0.0,4.178,0.472,0.0,23,3
s-22-071,22,delay_sensitive,0.903,0.0,5.194,0.803,0.0,23,3
s-22-072,22,delay_sensitive,1.336,0.0,5.202,0.642,0.0,23,3
s-22-073,22,delay_sensitive,1.311,0.0,9.517,0.664,0.0,23,3
s-22-074,22,delay_sensitive,1.027,0.0,6.625,0.636,0.0,23,3
s-22-075,22,delay_sensitive,1.312,0.0,4.474,0.751,0.0,23,3
s-22-076,22,delay_sensitive,1.162,0.0,8.984,0.82,0.0,23,3
s-22-077,22,delay_sensitive,1.138,0.0,4.193,0.988,0.0,23,3
s-22-078,22,delay_sensitive,1.101,0.0,6.553,0.586,0.0,23,3
s-22-079,22,delay_sensitive,1.065,0.0,7.536,0.853,0.0,23,3
t-22-000,22,delay_tolerant,0.82,0.0,6.531,0.7,164.756,23,2
t-22-001,22,delay_tolerant,0.815,0.0,7.494,0.458,204.943,23,2
t-22-002,22,delay_tolerant,0.827,0.0,7.289,0.754,428.851,23,2
t-22-003,22,delay_tolerant,1.079,0.0,6.445,0.489,360.375,23,2
t-22-004,22,delay_tolerant,0.826,0.0,7.707,0.325,339.801,23,2
t-22-005,22,delay_tolerant,0.815,0.0,6.538,0.688,335.256,23,2
t-22-006,22,delay_tolerant,1.172,0.0,5.37,0.664,476.291,23,2
t-22-007,22,delay_tolerant,0.889,0.0,3.391,0.578,278.046,23,2
t-22-008,22,delay_tolerant,1.125,0.0,5.293,0.634,225.342,23,2
t-22-009,22,delay_tolerant,1.163,0.0,8.733,0.389,294.584,23,2
t-22-010,22,delay_tolerant,0.994,0.0,6.426,0.449,419.13,23,2
t-22-011,22,delay_tolerant,0.975,0.0,4.266,0.713,305.54,23,2
t-22-012,22,delay_tolerant,1.038,0.0,6.497,0.847,478.441,23,2
t-22-013,22,delay_tolerant,1.123,0.0,3.402,0.794,215.081,23,2
t-22-014,22,delay_tolerant,1.139,0.0,8.735,0.384,197.163,23,2
t-22-015,22,delay_tolerant,1.006,0.0,7.919,0.624,181.75,23,2
t-22-016,22,delay_tolerant,0.964,0.0,8.046,0.696,357.335,23,2
t-22-017,22,delay_tolerant,1.121,0.0,6.767,0.357,455.12,23,2
t-22-018,22,delay_tolerant,1.177,0.0,7.795,0.441,366.365,23,2
t-22-019,22,delay_tolerant,1.029,0.0,6.573,0.831,400.814,23,2
t-22-020,22,delay_tolerant,1.16,0.0,8.385,0.35,280.004,23,2
t-22-021,22,delay_tolerant,1.092,0.0,6.225,0.676,467.25,23,2
t-22-022,22,delay_tolerant,1.003,0.0,7.892,0.811,469.383,23,2
t-22-023,22,delay_tolerant,1.158,0.0,4.825,0.383,392.82,23,2
t-22-024,22,delay_tolerant,1.179,0.0,8.301,0.613,385.48,23,2
t-22-025,22,delay_tolerant,1.028,0.0,5.642,0.604,277.56,23,2
t-22-026,22,delay_tolerant,1.016,0.0,3.37,0.315,314.434,23,2
t-22-027,22,delay_tolerant,0.99,0.0,5.84,0.356,423.333,23,2
t-22-028,22,delay_tolerant,0.952,0.0,3.511,0.657,152.941,23,2
t-22-029,22,delay_tolerant,1.067,0.0,8.605,0.607,299.886,23,2
t-22-030,22,delay_tolerant,0.908,0.0,3.992,0.702,321.488,23,2
t-22-031,22,delay_tolerant,0.86,0.0,7.357,0.535,459.577,23,2
t-22-032,22,delay_tolerant,1.172,0.0,5.863,0.681,216.168,23,2
t-22-033,22,delay_tolerant,0.942,0.0,7.28,0.455,404.57,23,2
t-22-034,22,delay_tolerant,0.969,0.0,5.128,0.326,443.851,23,2
t-22-035,22,delay_tolerant,0.899,0.0,5.925,0.705,411.053,23,2
t-22-036,22,delay_tolerant,1.023,0.0,5.0,0.526,158.523,23,2
t-22-037,22,delay_tolerant,1.032,0.0,8.154,0.695,350.824,23,2
t-22-038,22,delay_tolerant,0.917,0.0,3.271,0.663,271.788,23,2
t-22-039,22,delay_tolerant,0.913,0.0,6.659,0.53,209.516,23,2
t-22-040,22,delay_tolerant,1.174,0.0,5.576,0.459,304.212,23,2
t-22-041,22,delay_tolerant,0.826,0.0,3.07,0.636,156.795,23,2
t-22-042,22,delay_tolerant,0.864,0.0,8.601,0.648,207.537,23,2
t-22-043,22,delay_tolerant,0.963,0.0,6.256,0.375,300.912,23,2
g-22-000,22,token_batch,0.511,0.96,12.001,1.218,4433.0,23,1
g-22-001,22,token_batch,0.216,1.062,17.85,1.037,3715.0,23,1
g-22-002,22,token_batch,0.411,1.161,8.681,0.813,4283.0,23,1
g-22-003,22,token_batch,0.32,0.929,16.297,1.152,1565.0,23,1
g-22-004,22,token_batch,0.464,1.392,14.401,0.898,2665.0,23,1
g-22-005,22,token_batch,0.363,0.94,12.751,1.045,4127.0,23,1
g-22-006,22,token_batch,0.275,0.949,17.184,0.993,2599.0,23,1
g-22-007,22,token_batch,0.36,1.268,15.003,1.346,1586.0,23,1
g-22-008,22,token_batch,0.5,1.097,10.622,1.17,2340.0,23,1
g-22-009,22,token_batch,0.46,1.324,14.97,0.964,2502.0,23,1
g-22-010,22,token_batch,0.361,0.838,15.556,1.091,2905.0,23,1
g-22-011,22,token_batch,0.406,1.22,13.945,1.144,4363.0,23,1
g-22-012,22,token_batch,0.217,1.125,17.076,0.802,3782.0,23,1
g-22-013,22,token_batch,0.533,0.887,10.715,1.066,3091.0,23,1
g-22-014,22,token_batch,0.539,0.863,10.265,0.996,3317.0,23,1
g-22-015,22,token_batch,0.451,1.368,13.459,1.17,2815.0,23,1
g-22-016,22,token_batch,0.522,0.949,17.753,1.037,3728.0,23,1
g-22-017,22,token_batch,0.376,1.358,11.812,0.987,3450.0,23,1
g-22-018,22,token_batch,0.336,0.957,11.136,1.196,2540.0,23,1
g-22-019,22,token_batch,0.445,1.233,14.795,0.835,1708.0,23,1
g-22-020,22,token_batch,0.299,1.357,16.892,0.827,2679.0,23,1
g-22-021,22,token_batch,0.39,1.053,15.282,0.936,1488.0,23,1
s-23-000,23,delay_sensitive,1.198,0.0,8.516,0.733,0.0,23,3
s-23-001,23,delay_sensitive,1.097,0.0,6.527,0.549,0.0,23,3
s-23-002,23,delay_sensitive,1.388,0.0,7.886,0.46,0.0,23,3
s-23-003,23,delay_sensitive,1.19,0.0,5.966,0.76,0.0,23,3
s-23-004,23,delay_sensitive,1.089,0.0,4.046,0.415,0.0,23,3
s-23-005,23,delay_sensitive,1.228,0.0,7.434,0.884,0.0,23,3
s-23-006,23,delay_sensitive,1.049,0.0,9.828,0.55,0.0,23,3
s-23-007,23,delay_sensitive,0.923,0.0,9.523,0.999,0.0,23,3
s-23-008,23,delay_sensitive,1.241,0.0,5.644,0.942,0.0,23,3
s-23-009,23,delay_sensitive,1.331,0.0,7.68,0.659,0.0,23,3
s-23-010,23,delay_sensitive,1.105,0.0,5.961,0.661,0.0,23,3
s-23-011,23,delay_sensitive,0.981,0.0,8.921,0.959,0.0,23,3
s-23-012,23,delay_sensitive,1.057,0.0,9.191,0.694,0.0,23,3
s-23-013,23,delay_sensitive,1.122,0.0,7.225,0.418,0.0,23,3
s-23-014,23,delay_sensitive,1.125,0.0,9.718,0.861,0.0,23,3
s-23-015,23,delay_sensitive,1.382,0.0,5.154,0.704,0.0,23,3
s-23-016,23,delay_sensitive,1.204,0.0,6.551,0.546,0.0,23,3
s-23-017,23,delay_sensitive,1.291,0.0,5.549,0.643,0.0,23,3
s-23-018,23,delay_sensitive,1.091,0.0,4.785,0.78,0.0,23,3
s-23-019,23,delay_sensitive,1.285,0.0,6.019,0.574,0.0,23,3
s-23-020,23,delay_sensitive,0.954,0.0,7.796,0.762,0.0,23,3
s-23-021,23,delay_sensitive,1.074,0.0,9.552,0.405,0.0,23,3
s-23-022,23,delay_sensitive,1.366,0.0,6.553,0.913,0.0,23,3
s-23-023,23,delay_sensitive,0.959,0.0,4.913,0.509,0.0,23,3
s-23-024,23,delay_sensitive,1.281,0.0,6.712,0.979,0.0,23,3
s-23-025,23,delay_sensitive,1.139,0.0,7.94,0.586,0.0,23,3
s-23-026,23,delay_sensitive,0.967,0.0,5.896,0.44,0.0,23,3
s-23-027,23,delay_sensitive,0.914,0.0,4.474,0.569,0.0,23,3
s-23-028,23,delay_sensitive,1.392,0.0,4.554,0.946,0.0,23,3
s-23-029,23,delay_sensitive,1.326,0.0,8.892,0.551,0.0,23,3
s-23-030,23,delay_sensitive,1.298,0.0,7.837,0.996,0.0,23,3
s-23-031,23,delay_sensitive,0.903,0.0,9.427,0.722,0.0,23,3
s-23-032,23,delay_sensitive,0.954,0.0,7.533,0.989,0.0,23,3
s-23-033,23,delay_sensitive,1.141,0.0,6.967,0.735,0.0,23,3
s-23-034,23,delay_sensitive,0.998,0.0,4.475,0.747,0.0,23,3
s-23-035,23,delay_sensitive,1.341,0.0,6.15,0.958,0.0,23,3
s-23-036,23,delay_sensitive,1.349,0.0,9.586,0.564,0.0,23,3
s-23-037,23,delay_sensitive,0.967,0.0,8.31,0.876,0.0,23,3
s-23-038,23,delay_sensitive,1.326,0.0,7.832,0.655,0.0,23,3
s-23-039,23,delay_sensitive,0.974,0.0,4.665,0.499,0.0,23,3
s-23-040,23,delay_sensitive,1.002,0.0,5.507,0.841,0.0,23,3
s-23-041,23,delay_sensitive,1.342,0.0,6.053,0.658,0.0,23,3
s-23-042,23,delay_sensitive,1.248,0.0,8.377,0.92,0.0,23,3
s-23-043,23,delay_sensitive,1.166,0.0,6.767,0.61,0.0,23,3
s-23-044,23,delay_sensitive,1.31,0.0,5.013,0.99,0.0,23,3
s-23-045,23,delay_sensitive,1.374,0.0,5.049,0.477,0.0,23,3
s-23-046,23,delay_sensitive,1.236,0.0,8.168,0.54,0.0,23,3
s-23-047,23,delay_sensitive,1.062,0.0,5.519,0.878,0.0,23,3
s-23-048,23,delay_sensitive,1.39,0.0,5.61,0.419,0.0,23,3
s-23-049,23,delay_sensitive,1.372,0.0,5.527,0.792,0.0,23,3
s-23-050,23,delay_sensitive,1.043,0.0,6.803,0.844,0.0,23,3
s-23-051,23,delay_sensitive,1.335,0.0,9.073,0.446,0.0,23,3
s-23-052,23,delay_sensitive,0.97,0.0,5.161,0.961,0.0,23,3
s-23-053,23,delay_sensitive,1.392,0.0,5.713,0.722,0.0,23,3
s-23-054,23,delay_sensitive,1.283,0.0,8.386,0.695,0.0,23,3
s-23-055,23,delay_sensitive,1.37,0.0,8.401,0.99,0.0,23,3
s-23-056,23,delay_sensitive,1.125,0.0,9.407,0.639,0.0,23,3
s-23-057,23,delay_sensitive,1.003,0.0,7.987,0.787,0.0,23,3
s-23-058,23,delay_sensitive,1.239,0.0,4.998,0.502,0.0,23,3
t-23-000,23,delay_tolerant,1.147,0.0,6.331,0.528,181.098,23,2
t-23-001,23,delay_tolerant,1.159,0.0,5.122,0.308,315.445,23,2
t-23-002,23,delay_tolerant,1.043,0.0,5.322,0.448,135.013,23,2
t-23-003,23,delay_tolerant,1.086,0.0,4.166,0.532,477.959,23,2
t-23-004,23,delay_tolerant,0.93,0.0,6.272,0.798,216.036,23,2
t-23-005,23,delay_tolerant,0.932,0.0,4.377,0.483,132.875,23,2
t-23-006,23,delay_tolerant,1.115,0.0,7.442,0.609,377.456,23,2
t-23-007,23,delay_tolerant,0.976,0.0,6.031,0.609,144.106,23,2
t-23-008,23,delay_tolerant,0.938,0.0,4.033,0.452,450.044,23,2
t-23-009,23,delay_tolerant,0.905,0.0,5.565,0.796,195.696,23,2
t-23-010,23,delay_tolerant,1.152,0.0,7.131,0.585,343.035,23,2
t-23-011,23,delay_tolerant,1.082,0.0,6.315,0.309,367.047,23,2
t-23-012,23,delay_tolerant,1.068,0.0,4.446,0.657,172.95,23,2
t-23-013,23,delay_tolerant,1.184,0.0,6.075,0.453,313.992,23,2
t-23-014,23,delay_tolerant,1.122,0.0,6.407,0.555,331.077,23,2
t-23-015,23,delay_tolerant,1.111,0.0,8.309,0.759,335.586,23,2
t-23-016,23,delay_tolerant,1.197,0.0,4.887,0.647,167.824,23,2
t-23-017,23,delay_tolerant,0.842,0.0,8.038,0.709,211.366,23,2
t-23-018,23,delay_tolerant,0.815,0.0,3.537,0.737,335.358,23,2
t-23-019,23,delay_tolerant,1.185,0.0,7.263,0.405,167.592,23,2
t-23-020,23,delay_tolerant,1.133,0.0,6.892,0.655,178.584,23,2
t-23-021,23,delay_tolerant,0.895,0.0,7.754,0.391,160.583,23,2
t-23-022,23,delay_tolerant,1.064,0.0,6.0,0.535,414.088,23,2
t-23-023,23,delay_tolerant,0.884,0.0,4.034,0.82,452.695,23,2
t-23-024,23,delay_tolerant,1.031,0.0,8.545,0.401,163.606,23,2
t-23-025,23,delay_tolerant,0.806,0.0,4.38,0.833,125.86,23,2
t-23-026,23,delay_tolerant,1.009,0.0,5.768,0.528,136.311,23,2
t-23-027,23,delay_tolerant,1.003,0.0,6.788,0.703,320.919,23,2
t-23-028,23,delay_tolerant,0.992,0.0,5.317,0.307,150.1,23,2
t-23-029,23,delay_tolerant,0.876,0.0,5.302,0.356,142.216,23,2
t-23-030,23,delay_tolerant,0.894,0.0,6.318,0.857,353.955,23,2
t-23-031,23,delay_tolerant,1.177,0.0,6.538,0.753,403.021,23,2
g-23-000,23,token_batch,0.513,1.26,13.503,0.883,2924.0,23,1
g-23-001,23,token_batch,0.363,1.389,11.164,1.206,2467.0,23,1
g-23-002,23,token_batch,0.201,1.24,17.946,1.074,1342.0,23,1
g-23-003,23,token_batch,0.201,1.29,10.789,0.998,1947.0,23,1
g-23-004,23,token_batch,0.375,0.845,8.195,1.213,2753.0,23,1
g-23-005,23,token_batch,0.589,1.201,12.221,0.855,2972.0,23,1
g-23-006,23,token_batch,0.357,1.023,16.675,1.225,3851.0,23,1
g-23-007,23,token_batch,0.201,1.068,11.239,1.039,2355.0,23,1
g-23-008,23,token_batch,0.509,1.082,13.228,0.809,2301.0,23,1
g-23-009,23,token_batch,0.278,1.052,10.023,1.132,4313.0,23,1
g-23-010,23,token_batch,0.49,1.139,12.053,1.033,3388.0,23,1
g-23-011,23,token_batch,0.206,0.94,12.334,1.133,4414.0,23,1
g-23-012,23,token_batch,0.389,1.397,14.604,1.091,1684.0,23,1
g-23-013,23,token_batch,0.346,1.023,13.914,0.908,1497.0,23,1
g-23-014,23,token_batch,0.231,1.073,11.771,1.216,4656.0,23,1
g-23-015,23,token_batch,0.209,0.852,12.316,1.221,1718.0,23,1
g-23-016,23,token_batch,0.54,1.179,13.773,1.299,3061.0,23,1
