task_id,arrival_time,task_type,cpu_demand,gpu_demand,memory_demand,bandwidth_demand,token_amount,deadline,priority,migratable,migration_cost_weight,migration_delay_penalty
s-00-000,0,delay_sensitive,0.913,0.0,5.65,0.534,0.0,1,3,False,1.5,0.0
s-00-001,0,delay_sensitive,1.238,0.0,9.353,0.452,0.0,1,3,False,1.5,0.0
s-00-002,0,delay_sensitive,0.915,0.0,5.312,0.703,0.0,1,3,False,1.5,0.0
s-00-003,0,delay_sensitive,0.999,0.0,7.899,0.727,0.0,1,3,True,1.5,0.18
s-00-004,0,delay_sensitive,1.195,0.0,8.857,0.404,0.0,1,3,False,1.5,0.0
s-00-005,0,delay_sensitive,1.249,0.0,6.042,0.493,0.0,1,3,False,1.5,0.0
s-00-006,0,delay_sensitive,1.068,0.0,4.556,0.458,0.0,1,3,False,1.5,0.0
s-00-007,0,delay_sensitive,1.202,0.0,8.843,0.838,0.0,1,3,False,1.5,0.0
s-00-008,0,delay_sensitive,1.387,0.0,6.271,0.731,0.0,1,3,False,1.5,0.0
s-00-009,0,delay_sensitive,1.209,0.0,9.17,0.746,0.0,1,3,False,1.5,0.0
s-00-010,0,delay_sensitive,0.923,0.0,5.367,0.574,0.0,1,3,False,1.5,0.0
s-00-011,0,delay_sensitive,1.016,0.0,4.606,0.567,0.0,1,3,False,1.5,0.0
s-00-012,0,delay_sensitive,1.082,0.0,6.221,0.526,0.0,1,3,False,1.5,0.0
s-00-013,0,delay_sensitive,1.368,0.0,7.888,0.765,0.0,1,3,False,1.5,0.0
s-00-014,0,delay_sensitive,1.265,0.0,4.98,0.628,0.0,1,3,False,1.5,0.0
s-00-015,0,delay_sensitive,1.22,0.0,7.342,0.811,0.0,1,3,False,1.5,0.0
s-00-016,0,delay_sensitive,1.288,0.0,5.374,0.419,0.0,1,3,False,1.5,0.0
s-00-017,0,delay_sensitive,1.034,0.0,5.266,0.966,0.0,1,3,False,1.5,0.0
s-00-018,0,delay_sensitive,1.057,0.0,7.933,0.637,0.0,1,3,False,1.5,0.0
s-00-019,0,delay_sensitive,1.129,0.0,5.589,0.548,0.0,1,3,False,1.5,0.0
s-00-020,0,delay_sensitive,1.031,0.0,7.508,0.939,0.0,1,3,False,1.5,0.0
s-00-021,0,delay_sensitive,1.01,0.0,9.985,0.706,0.0,1,3,False,1.5,0.0
s-00-022,0,delay_sensitive,0.924,0.0,4.658,0.776,0.0,1,3,False,1.5,0.0
s-00-023,0,delay_sensitive,1.111,0.0,4.381,0.629,0.0,1,3,False,1.5,0.0
s-00-024,0,delay_sensitive,1.165,0.0,9.826,0.916,0.0,1,3,False,1.5,0.0
s-00-025,0,delay_sensitive,1.26,0.0,8.09,0.722,0.0,1,3,True,1.5,0.18
s-00-026,0,delay_sensitive,1.22,0.0,4.669,0.661,0.0,1,3,False,1.5,0.0
s-00-027,0,delay_sensitive,1.377,0.0,9.255,0.558,0.0,1,3,False,1.5,0.0
s-00-028,0,delay_sensitive,0.989,0.0,9.476,0.922,0.0,1,3,False,1.5,0.0
s-00-029,0,delay_sensitive,1.219,0.0,7.654,0.492,0.0,1,3,False,1.5,0.0
s-00-030,0,delay_sensitive,1.17,0.0,8.672,0.718,0.0,1,3,False,1.5,0.0
s-00-031,0,delay_sensitive,1.062,0.0,4.117,0.957,0.0,1,3,True,1.5,0.18
s-00-032,0,delay_sensitive,1.316,0.0,5.845,0.435,0.0,1,3,False,1.5,0.0
s-00-033,0,delay_sensitive,1.373,0.0,4.514,0.692,0.0,1,3,False,1.5,0.0
s-00-034,0,delay_sensitive,1.28,0.0,8.595,0.477,0.0,1,3,False,1.5,0.0
s-00-035,0,delay_sensitive,1.175,0.0,5.59,0.923,0.0,1,3,False,1.5,0.0
s-00-036,0,delay_sensitive,1.006,0.0,7.236,0.838,0.0,1,3,False,1.5,0.0
s-00-037,0,delay_sensitive,1.056,0.0,9.971,0.79,0.0,1,3,False,1.5,0.0
s-00-038,0,delay_sensitive,1.159,0.0,4.726,0.535,0.0,1,3,False,1.5,0.0
s-00-039,0,delay_sensitive,1.194,0.0,5.381,0.532,0.0,1,3,False,1.5,0.0
s-00-040,0,delay_sensitive,1.216,0.0,5.374,0.943,0.0,1,3,False,1.5,0.0
s-00-041,0,delay_sensitive,0.935,0.0,5.428,0.801,0.0,1,3,False,1.5,0.0
s-00-042,0,delay_sensitive,0.966,0.0,9.613,0.743,0.0,1,3,False,1.5,0.0
s-00-043,0,delay_sensitive,1.292,0.0,8.845,0.514,0.0,1,3,False,1.5,0.0
s-00-044,0,delay_sensitive,1.116,0.0,6.541,0.68,0.0,1,3,False,1.5,0.0
s-00-045,0,delay_sensitive,1.237,0.0,9.905,0.459,0.0,1,3,False,1.5,0.0
t-00-000,0,delay_tolerant,1.12,0.0,3.656,0.415,313.063,3,2,False,0.9,0.0
t-00-001,0,delay_tolerant,0.911,0.0,4.499,0.854,279.527,2,2,True,0.9,0.06
t-00-002,0,delay_tolerant,1.061,0.0,6.244,0.309,153.575,4,2,True,0.9,0.06
t-00-003,0,delay_tolerant,0.994,0.0,4.282,0.541,141.109,2,2,True,0.9,0.06
t-00-004,0,delay_tolerant,0.956,0.0,8.559,0.771,222.69,3,2,True,0.9,0.06
t-00-005,0,delay_tolerant,1.198,0.0,6.335,0.731,175.727,4,2,False,0.9,0.0
t-00-006,0,delay_tolerant,0.823,0.0,7.414,0.337,232.898,3,2,True,0.9,0.06
t-00-007,0,delay_tolerant,1.001,0.0,8.116,0.394,465.88,2,2,True,0.9,0.06
t-00-008,0,delay_tolerant,0.827,0.0,3.408,0.817,265.359,2,2,False,0.9,0.0
t-00-009,0,delay_tolerant,1.038,0.0,6.716,0.552,330.122,4,2,True,0.9,0.06
t-00-010,0,delay_tolerant,0.904,0.0,7.018,0.489,215.621,4,2,True,0.9,0.06
t-00-011,0,delay_tolerant,0.92,0.0,4.897,0.751,146.116,2,2,False,0.9,0.0
t-00-012,0,delay_tolerant,1.025,0.0,3.6,0.623,302.118,3,2,False,0.9,0.0
t-00-013,0,delay_tolerant,1.152,0.0,8.276,0.522,176.789,2,2,False,0.9,0.0
t-00-014,0,delay_tolerant,1.045,0.0,8.923,0.692,122.816,4,2,False,0.9,0.0
t-00-015,0,delay_tolerant,1.065,0.0,8.634,0.381,161.554,4,2,True,0.9,0.06
t-00-016,0,delay_tolerant,0.862,0.0,4.691,0.426,243.437,2,2,False,0.9,0.0
t-00-017,0,delay_tolerant,0.906,0.0,5.931,0.843,424.597,4,2,False,0.9,0.0
t-00-018,0,delay_tolerant,1.132,0.0,3.265,0.5,167.095,2,2,False,0.9,0.0
t-00-019,0,delay_tolerant,0.977,0.0,7.234,0.637,160.275,3,2,True,0.9,0.06
t-00-020,0,delay_tolerant,1.018,0.0,8.008,0.65,173.314,4,2,False,0.9,0.0
t-00-021,0,delay_tolerant,0.946,0.0,8.599,0.883,134.362,2,2,True,0.9,0.06
t-00-022,0,delay_tolerant,0.9,0.0,3.617,0.768,438.288,3,2,True,0.9,0.06
t-00-023,0,delay_tolerant,1.1,0.0,8.555,0.442,178.501,3,2,False,0.9,0.0
t-00-024,0,delay_tolerant,0.81,0.0,7.419,0.499,455.094,2,2,False,0.9,0.0
t-00-025,0,delay_tolerant,1.124,0.0,4.601,0.772,158.914,4,2,False,0.9,0.0
g-00-000,0,token_batch,0.388,0.92,17.185,1.01,4716.0,2,1,True,0.95,0.06
g-00-001,0,token_batch,0.209,0.916,11.283,1.319,2113.0,3,1,True,0.95,0.06
g-00-002,0,token_batch,0.457,1.04,17.811,1.122,2638.0,4,1,True,0.95,0.06
g-00-003,0,token_batch,0.551,0.957,13.806,1.39,1672.0,2,1,True,0.95,0.06
g-00-004,0,token_batch,0.439,1.007,15.864,1.062,1644.0,2,1,True,0.95,0.06
g-00-005,0,token_batch,0.354,1.146,10.547,1.225,1673.0,6,1,True,0.95,0.06
g-00-006,0,token_batch,0.57,1.123,15.194,1.245,3329.0,2,1,True,0.95,0.06
g-00-007,0,token_batch,0.373,1.369,17.208,1.174,2691.0,3,1,True,0.95,0.06
g-00-008,0,token_batch,0.56,1.104,14.669,0.996,4148.0,2,1,True,0.95,0.06
g-00-009,0,token_batch,0.251,1.052,17.404,1.206,3470.0,4,1,True,0.95,0.06
g-00-010,0,token_batch,0.428,1.044,16.337,0.982,3721.0,3,1,True,0.95,0.06
g-00-011,0,token_batch,0.514,1.164,11.222,1.065,2960.0,3,1,True,0.95,0.06
g-00-012,0,token_batch,0.389,1.341,15.96,0.902,3293.0,3,1,True,0.95,0.06
g-00-013,0,token_batch,0.406,1.18,11.352,1.291,2362.0,2,1,True,0.95,0.06
g-00-014,0,token_batch,0.324,1.284,9.474,0.828,3955.0,3,1,True,0.95,0.06
g-00-015,0,token_batch,0.54,0.844,12.144,1.178,3703.0,5,1,True,0.95,0.06
g-00-016,0,token_batch,0.479,1.097,10.44,1.194,4142.0,3,1,True,0.95,0.06
g-00-017,0,token_batch,0.544,1.331,15.784,0.931,4275.0,2,1,True,0.95,0.06
g-00-018,0,token_batch,0.22,0.95,16.483,1.074,3102.0,6,1,True,0.95,0.06
g-00-019,0,token_batch,0.412,1.135,11.173,1.253,3934.0,5,1,True,0.95,0.06
s-01-000,1,delay_sensitive,1.308,0.0,9.352,0.656,0.0,2,3,False,1.5,0.0
s-01-001,1,delay_sensitive,1.123,0.0,4.955,0.917,0.0,2,3,False,1.5,0.0
s-01-002,1,delay_sensitive,1.276,0.0,9.039,0.566,0.0,2,3,False,1.5,0.0
s-01-003,1,delay_sensitive,1.142,0.0,5.435,0.664,0.0,2,3,False,1.5,0.0
s-01-004,1,delay_sensitive,1.017,0.0,6.015,0.936,0.0,2,3,False,1.5,0.0
s-01-005,1,delay_sensitive,0.975,0.0,6.298,0.492,0.0,2,3,False,1.5,0.0
s-01-006,1,delay_sensitive,1.107,0.0,5.985,0.68,0.0,2,3,False,1.5,0.0
s-01-007,1,delay_sensitive,1.316,0.0,6.337,0.862,0.0,2,3,False,1.5,0.0
s-01-008,1,delay_sensitive,0.91,0.0,9.284,0.745,0.0,2,3,False,1.5,0.0
s-01-009,1,delay_sensitive,1.371,0.0,5.792,0.634,0.0,2,3,False,1.5,0.0
s-01-010,1,delay_sensitive,1.318,0.0,7.229,0.841,0.0,2,3,False,1.5,0.0
s-01-011,1,delay_sensitive,1.349,0.0,6.929,0.564,0.0,2,3,False,1.5,0.0
s-01-012,1,delay_sensitive,1.094,0.0,8.013,0.879,0.0,2,3,False,1.5,0.0
s-01-013,1,delay_sensitive,1.32,0.0,9.517,0.988,0.0,2,3,False,1.5,0.0
s-01-014,1,delay_sensitive,1.353,0.0,7.551,0.798,0.0,2,3,False,1.5,0.0
s-01-015,1,delay_sensitive,1.114,0.0,9.201,0.509,0.0,2,3,False,1.5,0.0
s-01-016,1,delay_sensitive,1.064,0.0,6.728,0.603,0.0,2,3,False,1.5,0.0
s-01-017,1,delay_sensitive,1.039,0.0,9.707,0.653,0.0,2,3,False,1.5,0.0
s-01-018,1,delay_sensitive,1.135,0.0,8.494,0.431,0.0,2,3,False,1.5,0.0
s-01-019,1,delay_sensitive,1.012,0.0,4.412,0.974,0.0,2,3,False,1.5,0.0
s-01-020,1,delay_sensitive,0.916,0.0,5.484,0.904,0.0,2,3,False,1.5,0.0
s-01-021,1,delay_sensitive,1.019,0.0,6.841,0.469,0.0,2,3,False,1.5,0.0
s-01-022,1,delay_sensitive,1.133,0.0,5.537,0.621,0.0,2,3,False,1.5,0.0
s-01-023,1,delay_sensitive,1.382,0.0,8.31,0.867,0.0,2,3,False,1.5,0.0
s-01-024,1,delay_sensitive,1.056,0.0,7.472,0.957,0.0,2,3,False,1.5,0.0
s-01-025,1,delay_sensitive,1.354,0.0,6.252,0.965,0.0,2,3,False,1.5,0.0
s-01-026,1,delay_sensitive,1.196,0.0,8.983,0.546,0.0,2,3,False,1.5,0.0
s-01-027,1,delay_sensitive,1.051,0.0,8.106,0.883,0.0,2,3,False,1.5,0.0
s-01-028,1,delay_sensitive,1.183,0.0,4.246,0.72,0.0,2,3,False,1.5,0.0
s-01-029,1,delay_sensitive,0.934,0.0,7.885,0.408,0.0,2,3,False,1.5,0.0
s-01-030,1,delay_sensitive,1.145,0.0,6.601,0.617,0.0,2,3,False,1.5,0.0
s-01-031,1,delay_sensitive,1.13,0.0,4.918,0.506,0.0,2,3,False,1.5,0.0
s-01-032,1,delay_sensitive,1.225,0.0,7.695,0.952,0.0,2,3,False,1.5,0.0
s-01-033,1,delay_sensitive,1.132,0.0,8.954,0.755,0.0,2,3,False,1.5,0.0
s-01-034,1,delay_sensitive,1.023,0.0,9.608,0.567,0.0,2,3,False,1.5,0.0
s-01-035,1,delay_sensitive,1.275,0.0,7.419,0.801,0.0,2,3,False,1.5,0.0
s-01-036,1,delay_sensitive,1.147,0.0,5.95,0.693,0.0,2,3,False,1.5,0.0
s-01-037,1,delay_sensitive,1.029,0.0,5.678,0.758,0.0,2,3,False,1.5,0.0
s-01-038,1,delay_sensitive,1.178,0.0,7.1,0.515,0.0,2,3,False,1.5,0.0
s-01-039,1,delay_sensitive,1.103,0.0,7.331,0.544,0.0,2,3,False,1.5,0.0
s-01-040,1,delay_sensitive,1.256,0.0,6.689,0.41,0.0,2,3,False,1.5,0.0
s-01-041,1,delay_sensitive,1.102,0.0,5.46,0.798,0.0,2,3,False,1.5,0.0
s-01-042,1,delay_sensitive,1.177,0.0,6.063,0.998,0.0,2,3,False,1.5,0.0
t-01-000,1,delay_tolerant,1.081,0.0,4.625,0.451,163.436,5,2,True,0.9,0.06
t-01-001,1,delay_tolerant,1.097,0.0,8.705,0.714,188.955,3,2,True,0.9,0.06
t-01-002,1,delay_tolerant,1.09,0.0,8.86,0.615,221.88,5,2,True,0.9,0.06
t-01-003,1,delay_tolerant,0.918,0.0,5.165,0.481,374.887,3,2,False,0.9,0.0
t-01-004,1,delay_tolerant,1.19,0.0,6.32,0.718,165.461,3,2,True,0.9,0.06
t-01-005,1,delay_tolerant,0.805,0.0,4.706,0.587,242.654,4,2,True,0.9,0.06
t-01-006,1,delay_tolerant,1.145,0.0,3.685,0.339,297.029,3,2,True,0.9,0.06
t-01-007,1,delay_tolerant,0.821,0.0,3.895,0.638,229.381,5,2,False,0.9,0.0
t-01-008,1,delay_tolerant,1.106,0.0,6.638,0.774,201.247,3,2,True,0.9,0.06
t-01-009,1,delay_tolerant,1.163,0.0,4.784,0.653,274.379,5,2,True,0.9,0.06
t-01-010,1,delay_tolerant,1.044,0.0,7.441,0.869,194.804,5,2,False,0.9,0.0
t-01-011,1,delay_tolerant,0.832,0.0,4.439,0.631,176.352,3,2,True,0.9,0.06
t-01-012,1,delay_tolerant,1.038,0.0,4.748,0.439,374.504,4,2,True,0.9,0.06
t-01-013,1,delay_tolerant,0.828,0.0,4.401,0.459,404.849,5,2,False,0.9,0.0
t-01-014,1,delay_tolerant,1.173,0.0,5.551,0.627,353.149,5,2,False,0.9,0.0
t-01-015,1,delay_tolerant,0.829,0.0,3.996,0.485,389.625,4,2,False,0.9,0.0
t-01-016,1,delay_tolerant,0.976,0.0,5.812,0.482,264.903,5,2,False,0.9,0.0
t-01-017,1,delay_tolerant,0.998,0.0,3.483,0.324,275.53,4,2,True,0.9,0.06
t-01-018,1,delay_tolerant,0.81,0.0,4.374,0.705,429.786,4,2,True,0.9,0.06
t-01-019,1,delay_tolerant,1.2,0.0,7.034,0.462,134.483,5,2,False,0.9,0.0
t-01-020,1,delay_tolerant,1.061,0.0,8.496,0.409,330.719,3,2,True,0.9,0.06
t-01-021,1,delay_tolerant,1.188,0.0,5.82,0.545,235.581,5,2,False,0.9,0.0
t-01-022,1,delay_tolerant,0.932,0.0,7.162,0.473,460.27,3,2,False,0.9,0.0
t-01-023,1,delay_tolerant,0.835,0.0,4.514,0.37,398.117,5,2,True,0.9,0.06
g-01-000,1,token_batch,0.595,1.195,13.426,1.048,4578.0,7,1,True,0.95,0.06
g-01-001,1,token_batch,0.345,1.254,14.254,1.256,3323.0,4,1,True,0.95,0.06
g-01-002,1,token_batch,0.42,1.357,12.381,1.219,2293.0,4,1,True,0.95,0.06
g-01-003,1,token_batch,0.589,1.165,10.393,0.895,1318.0,3,1,True,0.95,0.06
g-01-004,1,token_batch,0.421,0.856,17.923,1.348,1256.0,7,1,True,0.95,0.06
g-01-005,1,token_batch,0.459,0.892,17.327,0.975,1681.0,6,1,True,0.95,0.06
g-01-006,1,token_batch,0.534,1.388,10.437,1.131,2901.0,5,1,True,0.95,0.06
g-01-007,1,token_batch,0.569,1.105,16.793,1.318,1980.0,6,1,True,0.95,0.06
g-01-008,1,token_batch,0.516,1.049,17.342,1.105,4364.0,5,1,True,0.95,0.06
g-01-009,1,token_batch,0.49,1.302,13.799,1.196,2358.0,3,1,True,0.95,0.06
g-01-010,1,token_batch,0.415,1.007,13.519,1.126,3029.0,4,1,True,0.95,0.06
g-01-011,1,token_batch,0.548,1.388,10.388,1.03,2518.0,6,1,True,0.95,0.06
g-01-012,1,token_batch,0.327,1.084,17.134,1.029,1378.0,6,1,True,0.95,0.06
g-01-013,1,token_batch,0.586,0.876,17.654,0.999,3228.0,4,1,True,0.95,0.06
g-01-014,1,token_batch,0.538,0.86,17.104,0.809,4780.0,3,1,True,0.95,0.06
g-01-015,1,token_batch,0.548,1.382,8.748,1.269,2879.0,4,1,True,0.95,0.06
g-01-016,1,token_batch,0.449,1.038,8.803,0.997,2586.0,5,1,True,0.95,0.06
g-01-017,1,token_batch,0.582,1.176,16.874,1.093,2756.0,7,1,True,0.95,0.06
g-01-018,1,token_batch,0.447,0.941,14.844,0.972,1347.0,7,1,True,0.95,0.06
s-02-000,2,delay_sensitive,0.945,0.0,9.87,0.856,0.0,3,3,False,1.5,0.0
s-02-001,2,delay_sensitive,0.95,0.0,4.998,0.58,0.0,3,3,False,1.5,0.0
s-02-002,2,delay_sensitive,1.062,0.0,4.337,0.615,0.0,3,3,True,1.5,0.18
s-02-003,2,delay_sensitive,1.022,0.0,6.472,0.809,0.0,3,3,False,1.5,0.0
s-02-004,2,delay_sensitive,0.988,0.0,7.657,0.63,0.0,3,3,False,1.5,0.0
s-02-005,2,delay_sensitive,1.149,0.0,7.499,0.539,0.0,3,3,False,1.5,0.0
s-02-006,2,delay_sensitive,1.13,0.0,8.001,0.939,0.0,3,3,False,1.5,0.0
s-02-007,2,delay_sensitive,1.044,0.0,7.28,0.444,0.0,3,3,False,1.5,0.0
s-02-008,2,delay_sensitive,1.394,0.0,5.795,0.977,0.0,3,3,False,1.5,0.0
s-02-009,2,delay_sensitive,1.128,0.0,5.813,1.0,0.0,3,3,False,1.5,0.0
s-02-010,2,delay_sensitive,0.953,0.0,6.288,0.615,0.0,3,3,False,1.5,0.0
s-02-011,2,delay_sensitive,1.25,0.0,4.132,0.898,0.0,3,3,False,1.5,0.0
s-02-012,2,delay_sensitive,0.904,0.0,9.19,0.867,0.0,3,3,False,1.5,0.0
s-02-013,2,delay_sensitive,1.355,0.0,8.471,0.9,0.0,3,3,False,1.5,0.0
s-02-014,2,delay_sensitive,1.288,0.0,5.381,0.881,0.0,3,3,False,1.5,0.0
s-02-015,2,delay_sensitive,0.995,0.0,5.504,0.853,0.0,3,3,False,1.5,0.0
s-02-016,2,delay_sensitive,1.24,0.0,4.821,0.458,0.0,3,3,False,1.5,0.0
s-02-017,2,delay_sensitive,0.92,0.0,8.732,0.42,0.0,3,3,False,1.5,0.0
s-02-018,2,delay_sensitive,0.966,0.0,9.458,0.596,0.0,3,3,False,1.5,0.0
s-02-019,2,delay_sensitive,1.0,0.0,8.719,0.926,0.0,3,3,False,1.5,0.0
s-02-020,2,delay_sensitive,1.151,0.0,5.635,0.499,0.0,3,3,False,1.5,0.0
s-02-021,2,delay_sensitive,1.372,0.0,9.804,0.577,0.0,3,3,False,1.5,0.0
s-02-022,2,delay_sensitive,1.302,0.0,6.81,0.445,0.0,3,3,False,1.5,0.0
s-02-023,2,delay_sensitive,1.013,0.0,8.058,0.805,0.0,3,3,False,1.5,0.0
s-02-024,2,delay_sensitive,1.323,0.0,7.344,0.454,0.0,3,3,False,1.5,0.0
s-02-025,2,delay_sensitive,1.032,0.0,4.742,0.621,0.0,3,3,False,1.5,0.0
s-02-026,2,delay_sensitive,1.031,0.0,6.286,0.783,0.0,3,3,False,1.5,0.0
s-02-027,2,delay_sensitive,1.237,0.0,6.829,0.772,0.0,3,3,False,1.5,0.0
s-02-028,2,delay_sensitive,1.064,0.0,7.66,0.789,0.0,3,3,False,1.5,0.0
s-02-029,2,delay_sensitive,1.132,0.0,8.206,0.79,0.0,3,3,False,1.5,0.0
s-02-030,2,delay_sensitive,0.923,0.0,4.223,0.998,0.0,3,3,False,1.5,0.0
s-02-031,2,delay_sensitive,1.017,0.0,7.225,0.633,0.0,3,3,False,1.5,0.0
s-02-032,2,delay_sensitive,1.375,0.0,8.179,0.724,0.0,3,3,False,1.5,0.0
s-02-033,2,delay_sensitive,1.263,0.0,9.312,0.793,0.0,3,3,False,1.5,0.0
s-02-034,2,delay_sensitive,1.208,0.0,9.634,0.568,0.0,3,3,False,1.5,0.0
s-02-035,2,delay_sensitive,1.009,0.0,6.668,0.542,0.0,3,3,False,1.5,0.0
s-02-036,2,delay_sensitive,1.39,0.0,6.204,0.941,0.0,3,3,False,1.5,0.0
s-02-037,2,delay_sensitive,0.93,0.0,5.655,0.981,0.0,3,3,False,1.5,0.0
s-02-038,2,delay_sensitive,1.312,0.0,4.55,0.527,0.0,3,3,False,1.5,0.0
s-02-039,2,delay_sensitive,1.386,0.0,4.303,0.6,0.0,3,3,False,1.5,0.0
t-02-000,2,delay_tolerant,0.882,0.0,7.979,0.633,331.098,4,2,False,0.9,0.0
t-02-001,2,delay_tolerant,0.859,0.0,8.403,0.302,429.026,4,2,True,0.9,0.06
t-02-002,2,delay_tolerant,1.016,0.0,7.791,0.366,431.921,4,2,False,0.9,0.0
t-02-003,2,delay_tolerant,1.116,0.0,4.428,0.494,182.729,4,2,True,0.9,0.06
t-02-004,2,delay_tolerant,0.968,0.0,3.682,0.338,281.379,4,2,True,0.9,0.06
t-02-005,2,delay_tolerant,0.844,0.0,6.023,0.867,135.611,5,2,True,0.9,0.06
t-02-006,2,delay_tolerant,0.983,0.0,8.784,0.336,292.433,6,2,True,0.9,0.06
t-02-007,2,delay_tolerant,0.843,0.0,7.274,0.566,443.736,5,2,True,0.9,0.06
t-02-008,2,delay_tolerant,0.826,0.0,4.65,0.68,317.408,5,2,True,0.9,0.06
t-02-009,2,delay_tolerant,1.039,0.0,4.769,0.603,274.872,5,2,True,0.9,0.06
t-02-010,2,delay_tolerant,1.062,0.0,8.266,0.631,431.577,6,2,True,0.9,0.06
t-02-011,2,delay_tolerant,0.891,0.0,5.034,0.572,269.756,5,2,True,0.9,0.06
t-02-012,2,delay_tolerant,0.925,0.0,4.529,0.872,367.256,4,2,True,0.9,0.06
t-02-013,2,delay_tolerant,1.133,0.0,3.559,0.358,385.967,5,2,True,0.9,0.06
t-02-014,2,delay_tolerant,1.035,0.0,6.37,0.498,164.003,4,2,True,0.9,0.06
t-02-015,2,delay_tolerant,1.176,0.0,5.538,0.85,138.521,5,2,False,0.9,0.0
t-02-016,2,delay_tolerant,0.941,0.0,6.468,0.428,356.425,5,2,True,0.9,0.06
t-02-017,2,delay_tolerant,0.94,0.0,6.338,0.369,220.285,4,2,False,0.9,0.0
t-02-018,2,delay_tolerant,1.138,0.0,8.847,0.791,340.886,4,2,False,0.9,0.0
t-02-019,2,delay_tolerant,1.044,0.0,6.947,0.716,130.423,6,2,True,0.9,0.06
t-02-020,2,delay_tolerant,0.924,0.0,5.039,0.304,433.151,5,2,False,0.9,0.0
t-02-021,2,delay_tolerant,0.828,0.0,7.446,0.883,153.033,6,2,False,0.9,0.0
t-02-022,2,delay_tolerant,0.968,0.0,5.045,0.522,379.775,6,2,True,0.9,0.06
g-02-000,2,token_batch,0.234,0.832,9.574,1.171,3642.0,8,1,True,0.95,0.06
g-02-001,2,token_batch,0.377,1.054,14.071,1.049,2314.0,4,1,True,0.95,0.06
g-02-002,2,token_batch,0.405,1.007,9.109,1.207,4292.0,5,1,True,0.95,0.06
g-02-003,2,token_batch,0.411,0.985,10.205,1.391,3193.0,8,1,True,0.95,0.06
g-02-004,2,token_batch,0.282,1.367,15.673,1.258,1231.0,4,1,True,0.95,0.06
g-02-005,2,token_batch,0.248,1.098,12.307,0.878,2543.0,6,1,True,0.95,0.06
g-02-006,2,token_batch,0.292,1.135,14.68,1.013,4082.0,8,1,True,0.95,0.06
g-02-007,2,token_batch,0.497,1.062,12.598,0.847,4729.0,7,1,True,0.95,0.06
g-02-008,2,token_batch,0.372,1.043,14.401,0.974,3558.0,6,1,True,0.95,0.06
g-02-009,2,token_batch,0.586,0.903,17.476,1.076,1285.0,7,1,True,0.95,0.06
g-02-010,2,token_batch,0.375,0.864,12.357,1.04,1560.0,6,1,True,0.95,0.06
g-02-011,2,token_batch,0.548,1.247,10.216,1.267,2821.0,4,1,True,0.95,0.06
g-02-012,2,token_batch,0.453,1.118,9.939,1.266,3290.0,4,1,True,0.95,0.06
g-02-013,2,token_batch,0.583,1.187,9.477,0.862,4179.0,6,1,True,0.95,0.06
g-02-014,2,token_batch,0.269,0.892,15.592,0.845,2008.0,6,1,True,0.95,0.06
g-02-015,2,token_batch,0.502,1.256,12.489,1.354,3100.0,7,1,True,0.95,0.06
g-02-016,2,token_batch,0.454,1.175,16.642,1.176,3833.0,8,1,True,0.95,0.06
g-02-017,2,token_batch,0.227,1.065,11.028,0.965,3001.0,5,1,True,0.95,0.06
s-03-000,3,delay_sensitive,1.154,0.0,5.862,0.671,0.0,4,3,False,1.5,0.0
s-03-001,3,delay_sensitive,1.316,0.0,4.46,0.919,0.0,4,3,False,1.5,0.0
s-03-002,3,delay_sensitive,1.208,0.0,7.042,0.678,0.0,4,3,False,1.5,0.0
s-03-003,3,delay_sensitive,1.296,0.0,9.375,0.67,0.0,4,3,False,1.5,0.0
s-03-004,3,delay_sensitive,1.226,0.0,5.929,0.685,0.0,4,3,False,1.5,0.0
s-03-005,3,delay_sensitive,0.931,0.0,4.621,0.939,0.0,4,3,False,1.5,0.0
s-03-006,3,delay_sensitive,1.257,0.0,7.027,0.504,0.0,4,3,False,1.5,0.0
s-03-007,3,delay_sensitive,1.119,0.0,6.637,0.714,0.0,4,3,False,1.5,0.0
s-03-008,3,delay_sensitive,1.086,0.0,5.697,0.645,0.0,4,3,False,1.5,0.0
s-03-009,3,delay_sensitive,1.199,0.0,8.735,0.788,0.0,4,3,False,1.5,0.0
s-03-010,3,delay_sensitive,0.947,0.0,8.07,0.57,0.0,4,3,False,1.5,0.0
s-03-011,3,delay_sensitive,1.228,0.0,9.438,0.924,0.0,4,3,False,1.5,0.0
s-03-012,3,delay_sensitive,1.191,0.0,4.849,0.61,0.0,4,3,False,1.5,0.0
s-03-013,3,delay_sensitive,1.249,0.0,6.352,0.757,0.0,4,3,False,1.5,0.0
s-03-014,3,delay_sensitive,1.055,0.0,6.26,0.875,0.0,4,3,False,1.5,0.0
s-03-015,3,delay_sensitive,1.235,0.0,8.974,0.843,0.0,4,3,False,1.5,0.0
s-03-016,3,delay_sensitive,1.163,0.0,7.876,0.654,0.0,4,3,False,1.5,0.0
s-03-017,3,delay_sensitive,1.081,0.0,5.082,0.529,0.0,4,3,False,1.5,0.0
s-03-018,3,delay_sensitive,1.143,0.0,5.359,0.483,0.0,4,3,False,1.5,0.0
s-03-019,3,delay_sensitive,1.322,0.0,4.607,0.863,0.0,4,3,False,1.5,0.0
s-03-020,3,delay_sensitive,1.342,0.0,4.226,0.602,0.0,4,3,False,1.5,0.0
s-03-021,3,delay_sensitive,0.966,0.0,6.26,0.497,0.0,4,3,False,1.5,0.0
s-03-022,3,delay_sensitive,1.286,0.0,8.854,0.499,0.0,4,3,False,1.5,0.0
s-03-023,3,delay_sensitive,1.105,0.0,8.058,0.543,0.0,4,3,False,1.5,0.0
s-03-024,3,delay_sensitive,1.042,0.0,8.491,0.669,0.0,4,3,False,1.5,0.0
s-03-025,3,delay_sensitive,1.055,0.0,8.852,0.681,0.0,4,3,False,1.5,0.0
s-03-026,3,delay_sensitive,1.084,0.0,9.683,0.991,0.0,4,3,False,1.5,0.0
s-03-027,3,delay_sensitive,1.041,0.0,6.291,0.716,0.0,4,3,False,1.5,0.0
s-03-028,3,delay_sensitive,1.308,0.0,8.808,0.483,0.0,4,3,False,1.5,0.0
s-03-029,3,delay_sensitive,1.221,0.0,9.245,0.733,0.0,4,3,False,1.5,0.0
s-03-030,3,delay_sensitive,1.323,0.0,9.107,0.571,0.0,4,3,False,1.5,0.0
s-03-031,3,delay_sensitive,1.036,0.0,9.432,0.488,0.0,4,3,False,1.5,0.0
s-03-032,3,delay_sensitive,1.373,0.0,5.332,0.671,0.0,4,3,False,1.5,0.0
s-03-033,3,delay_sensitive,0.913,0.0,4.32,0.701,0.0,4,3,False,1.5,0.0
s-03-034,3,delay_sensitive,1.397,0.0,6.249,0.417,0.0,4,3,False,1.5,0.0
s-03-035,3,delay_sensitive,1.32,0.0,7.9,0.875,0.0,4,3,False,1.5,0.0
s-03-036,3,delay_sensitive,1.043,0.0,8.979,0.818,0.0,4,3,False,1.5,0.0
s-03-037,3,delay_sensitive,1.253,0.0,6.692,0.403,0.0,4,3,False,1.5,0.0
s-03-038,3,delay_sensitive,1.028,0.0,9.01,0.729,0.0,4,3,False,1.5,0.0
t-03-000,3,delay_tolerant,0.969,0.0,7.657,0.443,163.865,7,2,True,0.9,0.06
t-03-001,3,delay_tolerant,1.118,0.0,5.743,0.367,445.853,5,2,True,0.9,0.06
t-03-002,3,delay_tolerant,1.053,0.0,6.45,0.731,224.858,7,2,True,0.9,0.06
t-03-003,3,delay_tolerant,0.896,0.0,5.499,0.699,150.821,5,2,True,0.9,0.06
t-03-004,3,delay_tolerant,1.01,0.0,6.044,0.893,319.495,6,2,True,0.9,0.06
t-03-005,3,delay_tolerant,0.817,0.0,5.321,0.524,389.034,6,2,False,0.9,0.0
t-03-006,3,delay_tolerant,0.938,0.0,7.398,0.677,397.74,6,2,False,0.9,0.0
t-03-007,3,delay_tolerant,0.853,0.0,5.114,0.503,351.406,7,2,False,0.9,0.0
t-03-008,3,delay_tolerant,1.078,0.0,6.79,0.787,142.716,7,2,True,0.9,0.06
t-03-009,3,delay_tolerant,0.881,0.0,7.747,0.831,233.614,6,2,True,0.9,0.06
t-03-010,3,delay_tolerant,1.196,0.0,6.258,0.452,391.185,6,2,True,0.9,0.06
t-03-011,3,delay_tolerant,1.145,0.0,3.287,0.693,218.358,5,2,True,0.9,0.06
t-03-012,3,delay_tolerant,0.96,0.0,5.638,0.874,242.053,6,2,True,0.9,0.06
t-03-013,3,delay_tolerant,0.999,0.0,8.546,0.612,408.413,5,2,True,0.9,0.06
t-03-014,3,delay_tolerant,0.972,0.0,8.971,0.408,225.756,7,2,True,0.9,0.06
t-03-015,3,delay_tolerant,1.064,0.0,4.839,0.662,273.402,5,2,True,0.9,0.06
t-03-016,3,delay_tolerant,0.979,0.0,7.361,0.847,341.347,7,2,True,0.9,0.06
t-03-017,3,delay_tolerant,1.192,0.0,8.687,0.345,349.505,6,2,True,0.9,0.06
t-03-018,3,delay_tolerant,1.1,0.0,3.96,0.319,425.521,6,2,True,0.9,0.06
t-03-019,3,delay_tolerant,0.814,0.0,3.403,0.767,251.878,7,2,False,0.9,0.0
t-03-020,3,delay_tolerant,0.813,0.0,3.921,0.57,253.547,6,2,False,0.9,0.0
t-03-021,3,delay_tolerant,1.03,0.0,6.177,0.539,353.842,6,2,False,0.9,0.0
g-03-000,3,token_batch,0.21,0.912,13.177,1.348,1664.0,6,1,True,0.95,0.06
g-03-001,3,token_batch,0.51,1.222,10.146,1.167,2272.0,5,1,True,0.95,0.06
g-03-002,3,token_batch,0.249,1.312,12.52,1.339,2019.0,8,1,True,0.95,0.06
g-03-003,3,token_batch,0.524,1.381,17.866,1.201,1559.0,8,1,True,0.95,0.06
g-03-004,3,token_batch,0.417,1.335,16.514,1.227,3452.0,5,1,True,0.95,0.06
g-03-005,3,token_batch,0.345,0.935,17.851,1.275,4450.0,6,1,True,0.95,0.06
g-03-006,3,token_batch,0.398,1.017,13.723,1.08,4437.0,6,1,True,0.95,0.06
g-03-007,3,token_batch,0.445,0.852,11.093,1.4,1731.0,9,1,True,0.95,0.06
g-03-008,3,token_batch,0.364,1.046,13.749,0.875,3353.0,8,1,True,0.95,0.06
g-03-009,3,token_batch,0.23,1.079,13.174,0.877,3831.0,7,1,True,0.95,0.06
g-03-010,3,token_batch,0.435,1.261,9.29,1.102,3820.0,9,1,True,0.95,0.06
g-03-011,3,token_batch,0.25,0.892,9.647,0.994,4605.0,5,1,True,0.95,0.06
g-03-012,3,token_batch,0.579,1.111,10.84,0.847,2617.0,6,1,True,0.95,0.06
g-03-013,3,token_batch,0.583,0.965,14.25,1.169,3801.0,6,1,True,0.95,0.06
g-03-014,3,token_batch,0.456,1.155,13.806,0.903,3258.0,5,1,True,0.95,0.06
g-03-015,3,token_batch,0.561,1.003,17.239,0.825,4151.0,9,1,True,0.95,0.06
g-03-016,3,token_batch,0.218,1.185,13.768,1.191,1532.0,5,1,True,0.95,0.06
s-04-000,4,delay_sensitive,1.108,0.0,7.834,0.699,0.0,5,3,False,1.5,0.0
s-04-001,4,delay_sensitive,1.045,0.0,9.74,0.69,0.0,5,3,False,1.5,0.0
s-04-002,4,delay_sensitive,1.242,0.0,5.785,0.444,0.0,5,3,False,1.5,0.0
s-04-003,4,delay_sensitive,1.12,0.0,6.906,0.522,0.0,5,3,False,1.5,0.0
s-04-004,4,delay_sensitive,1.056,0.0,8.31,0.841,0.0,5,3,False,1.5,0.0
s-04-005,4,delay_sensitive,1.388,0.0,4.785,0.622,0.0,5,3,False,1.5,0.0
s-04-006,4,delay_sensitive,1.06,0.0,6.799,0.56,0.0,5,3,False,1.5,0.0
s-04-007,4,delay_sensitive,0.948,0.0,5.741,0.63,0.0,5,3,False,1.5,0.0
s-04-008,4,delay_sensitive,1.024,0.0,9.192,0.496,0.0,5,3,False,1.5,0.0
s-04-009,4,delay_sensitive,1.189,0.0,5.876,0.858,0.0,5,3,False,1.5,0.0
s-04-010,4,delay_sensitive,1.157,0.0,6.993,0.585,0.0,5,3,False,1.5,0.0
s-04-011,4,delay_sensitive,1.373,0.0,7.033,0.98,0.0,5,3,True,1.5,0.18
s-04-012,4,delay_sensitive,1.076,0.0,4.303,0.697,0.0,5,3,False,1.5,0.0
s-04-013,4,delay_sensitive,1.227,0.0,6.824,0.722,0.0,5,3,False,1.5,0.0
s-04-014,4,delay_sensitive,1.115,0.0,9.295,0.837,0.0,5,3,False,1.5,0.0
s-04-015,4,delay_sensitive,1.083,0.0,6.403,0.742,0.0,5,3,False,1.5,0.0
s-04-016,4,delay_sensitive,1.177,0.0,4.441,0.703,0.0,5,3,False,1.5,0.0
s-04-017,4,delay_sensitive,1.04,0.0,9.935,0.808,0.0,5,3,False,1.5,0.0
s-04-018,4,delay_sensitive,1.388,0.0,6.363,0.877,0.0,5,3,False,1.5,0.0
s-04-019,4,delay_sensitive,1.369,0.0,8.53,0.519,0.0,5,3,False,1.5,0.0
s-04-020,4,delay_sensitive,1.15,0.0,4.272,0.482,0.0,5,3,False,1.5,0.0
s-04-021,4,delay_sensitive,1.137,0.0,6.742,0.764,0.0,5,3,False,1.5,0.0
s-04-022,4,delay_sensitive,1.064,0.0,7.678,0.498,0.0,5,3,False,1.5,0.0
s-04-023,4,delay_sensitive,1.27,0.0,5.795,0.602,0.0,5,3,False,1.5,0.0
s-04-024,4,delay_sensitive,1.166,0.0,8.252,0.58,0.0,5,3,False,1.5,0.0
s-04-025,4,delay_sensitive,1.084,0.0,8.043,0.988,0.0,5,3,False,1.5,0.0
s-04-026,4,delay_sensitive,1.298,0.0,8.352,0.813,0.0,5,3,False,1.5,0.0
s-04-027,4,delay_sensitive,1.137,0.0,9.802,0.87,0.0,5,3,True,1.5,0.18
s-04-028,4,delay_sensitive,1.189,0.0,8.328,0.75,0.0,5,3,False,1.5,0.0
s-04-029,4,delay_sensitive,1.215,0.0,7.718,0.905,0.0,5,3,False,1.5,0.0
s-04-030,4,delay_sensitive,1.24,0.0,4.189,0.969,0.0,5,3,False,1.5,0.0
s-04-031,4,delay_sensitive,0.909,0.0,5.882,0.491,0.0,5,3,False,1.5,0.0
s-04-032,4,delay_sensitive,1.105,0.0,8.65,0.952,0.0,5,3,False,1.5,0.0
s-04-033,4,delay_sensitive,1.268,0.0,4.374,0.483,0.0,5,3,False,1.5,0.0
s-04-034,4,delay_sensitive,1.063,0.0,7.973,0.715,0.0,5,3,False,1.5,0.0
s-04-035,4,delay_sensitive,0.987,0.0,9.473,0.605,0.0,5,3,False,1.5,0.0
s-04-036,4,delay_sensitive,1.286,0.0,8.326,0.786,0.0,5,3,False,1.5,0.0
s-04-037,4,delay_sensitive,1.205,0.0,5.154,0.548,0.0,5,3,False,1.5,0.0
t-04-000,4,delay_tolerant,1.177,0.0,8.894,0.763,373.764,8,2,True,0.9,0.06
t-04-001,4,delay_tolerant,0.927,0.0,5.093,0.86,406.346,8,2,False,0.9,0.0
t-04-002,4,delay_tolerant,1.029,0.0,6.259,0.837,262.032,7,2,True,0.9,0.06
t-04-003,4,delay_tolerant,1.122,0.0,4.743,0.473,377.091,7,2,False,0.9,0.0
t-04-004,4,delay_tolerant,1.062,0.0,7.484,0.428,418.063,7,2,False,0.9,0.0
t-04-005,4,delay_tolerant,1.078,0.0,3.824,0.669,331.259,7,2,False,0.9,0.0
t-04-006,4,delay_tolerant,1.162,0.0,4.354,0.44,156.071,6,2,True,0.9,0.06
t-04-007,4,delay_tolerant,0.84,0.0,7.625,0.303,318.127,7,2,False,0.9,0.0
t-04-008,4,delay_tolerant,1.174,0.0,8.27,0.586,191.804,6,2,True,0.9,0.06
t-04-009,4,delay_tolerant,1.058,0.0,8.448,0.354,326.688,7,2,True,0.9,0.06
t-04-010,4,delay_tolerant,1.14,0.0,3.224,0.853,270.439,8,2,False,0.9,0.0
t-04-011,4,delay_tolerant,0.815,0.0,8.017,0.773,187.072,6,2,False,0.9,0.0
t-04-012,4,delay_tolerant,1.17,0.0,8.26,0.306,324.466,8,2,False,0.9,0.0
t-04-013,4,delay_tolerant,0.934,0.0,5.726,0.685,308.755,6,2,False,0.9,0.0
t-04-014,4,delay_tolerant,0.987,0.0,4.157,0.368,178.498,6,2,False,0.9,0.0
t-04-015,4,delay_tolerant,1.087,0.0,3.085,0.502,226.209,7,2,False,0.9,0.0
t-04-016,4,delay_tolerant,0.87,0.0,8.137,0.838,417.716,8,2,False,0.9,0.0
t-04-017,4,delay_tolerant,0.96,0.0,3.572,0.889,291.883,8,2,True,0.9,0.06
t-04-018,4,delay_tolerant,0.953,0.0,5.68,0.46,238.665,6,2,True,0.9,0.06
t-04-019,4,delay_tolerant,0.805,0.0,6.922,0.716,142.365,8,2,False,0.9,0.0
t-04-020,4,delay_tolerant,0.864,0.0,7.116,0.854,439.609,6,2,True,0.9,0.06
g-04-000,4,token_batch,0.247,1.35,10.95,1.169,4027.0,8,1,True,0.95,0.06
g-04-001,4,token_batch,0.391,1.073,17.888,1.024,1747.0,7,1,True,0.95,0.06
g-04-002,4,token_batch,0.503,1.281,16.256,1.257,3128.0,10,1,True,0.95,0.06
g-04-003,4,token_batch,0.515,1.115,13.282,1.017,4776.0,10,1,True,0.95,0.06
g-04-004,4,token_batch,0.225,1.129,13.055,1.144,1659.0,10,1,True,0.95,0.06
g-04-005,4,token_batch,0.331,1.112,9.162,0.923,1873.0,7,1,True,0.95,0.06
g-04-006,4,token_batch,0.236,1.106,16.087,1.072,3202.0,10,1,True,0.95,0.06
g-04-007,4,token_batch,0.383,0.835,12.624,1.284,2901.0,10,1,True,0.95,0.06
g-04-008,4,token_batch,0.302,0.802,10.179,0.844,2821.0,6,1,True,0.95,0.06
g-04-009,4,token_batch,0.48,1.125,8.603,1.337,2611.0,9,1,True,0.95,0.06
g-04-010,4,token_batch,0.315,0.908,9.354,1.185,1329.0,9,1,True,0.95,0.06
g-04-011,4,token_batch,0.597,1.029,16.696,1.344,2733.0,9,1,True,0.95,0.06
g-04-012,4,token_batch,0.473,1.197,13.393,1.192,1528.0,9,1,True,0.95,0.06
g-04-013,4,token_batch,0.271,1.122,13.288,1.237,1685.0,8,1,True,0.95,0.06
g-04-014,4,token_batch,0.201,0.814,10.984,1.204,4619.0,7,1,True,0.95,0.06
g-04-015,4,token_batch,0.413,1.294,10.475,1.008,2937.0,10,1,True,0.95,0.06
g-04-016,4,token_batch,0.575,1.235,9.128,1.286,1972.0,8,1,True,0.95,0.06
s-05-000,5,delay_sensitive,1.283,0.0,9.303,0.409,0.0,6,3,False,1.5,0.0
s-05-001,5,delay_sensitive,0.95,0.0,4.201,0.759,0.0,6,3,False,1.5,0.0
s-05-002,5,delay_sensitive,0.924,0.0,8.443,0.641,0.0,6,3,False,1.5,0.0
s-05-003,5,delay_sensitive,1.009,0.0,9.182,0.434,0.0,6,3,False,1.5,0.0
s-05-004,5,delay_sensitive,1.045,0.0,8.895,0.839,0.0,6,3,False,1.5,0.0
s-05-005,5,delay_sensitive,1.199,0.0,8.035,0.592,0.0,6,3,False,1.5,0.0
s-05-006,5,delay_sensitive,0.972,0.0,7.961,0.533,0.0,6,3,False,1.5,0.0
s-05-007,5,delay_sensitive,0.93,0.0,9.691,0.928,0.0,6,3,False,1.5,0.0
s-05-008,5,delay_sensitive,1.213,0.0,6.563,0.697,0.0,6,3,False,1.5,0.0
s-05-009,5,delay_sensitive,1.371,0.0,8.028,0.871,0.0,6,3,False,1.5,0.0
s-05-010,5,delay_sensitive,1.108,0.0,4.895,0.626,0.0,6,3,False,1.5,0.0
s-05-011,5,delay_sensitive,1.137,0.0,9.096,0.58,0.0,6,3,False,1.5,0.0
s-05-012,5,delay_sensitive,1.303,0.0,9.488,0.737,0.0,6,3,False,1.5,0.0
s-05-013,5,delay_sensitive,1.179,0.0,4.805,0.546,0.0,6,3,False,1.5,0.0
s-05-014,5,delay_sensitive,1.223,0.0,9.533,0.908,0.0,6,3,False,1.5,0.0
s-05-015,5,delay_sensitive,1.262,0.0,5.143,0.561,0.0,6,3,False,1.5,0.0
s-05-016,5,delay_sensitive,1.201,0.0,9.242,0.513,0.0,6,3,False,1.5,0.0
s-05-017,5,delay_sensitive,1.262,0.0,7.353,0.688,0.0,6,3,False,1.5,0.0
s-05-018,5,delay_sensitive,1.066,0.0,9.742,0.409,0.0,6,3,False,1.5,0.0
s-05-019,5,delay_sensitive,1.381,0.0,4.704,1.0,0.0,6,3,False,1.5,0.0
s-05-020,5,delay_sensitive,1.021,0.0,7.626,0.523,0.0,6,3,False,1.5,0.0
s-05-021,5,delay_sensitive,1.176,0.0,8.653,0.628,0.0,6,3,False,1.5,0.0
s-05-022,5,delay_sensitive,1.08,0.0,5.569,0.708,0.0,6,3,False,1.5,0.0
s-05-023,5,delay_sensitive,0.949,0.0,9.888,0.682,0.0,6,3,False,1.5,0.0
s-05-024,5,delay_sensitive,1.357,0.0,6.224,0.648,0.0,6,3,False,1.5,0.0
s-05-025,5,delay_sensitive,1.011,0.0,4.876,0.556,0.0,6,3,False,1.5,0.0
s-05-026,5,delay_sensitive,1.19,0.0,6.505,0.491,0.0,6,3,False,1.5,0.0
s-05-027,5,delay_sensitive,1.09,0.0,9.0,0.7,0.0,6,3,False,1.5,0.0
s-05-028,5,delay_sensitive,1.242,0.0,5.544,0.893,0.0,6,3,False,1.5,0.0
s-05-029,5,delay_sensitive,1.221,0.0,6.944,0.501,0.0,6,3,False,1.5,0.0
s-05-030,5,delay_sensitive,0.985,0.0,8.322,0.693,0.0,6,3,False,1.5,0.0
s-05-031,5,delay_sensitive,1.171,0.0,7.851,0.435,0.0,6,3,False,1.5,0.0
s-05-032,5,delay_sensitive,1.323,0.0,9.671,0.801,0.0,6,3,False,1.5,0.0
s-05-033,5,delay_sensitive,1.106,0.0,9.055,0.539,0.0,6,3,False,1.5,0.0
s-05-034,5,delay_sensitive,0.905,0.0,7.034,0.624,0.0,6,3,False,1.5,0.0
s-05-035,5,delay_sensitive,1.233,0.0,7.699,0.69,0.0,6,3,False,1.5,0.0
s-05-036,5,delay_sensitive,0.903,0.0,7.31,0.407,0.0,6,3,False,1.5,0.0
s-05-037,5,delay_sensitive,1.037,0.0,9.865,0.41,0.0,6,3,False,1.5,0.0
s-05-038,5,delay_sensitive,1.237,0.0,8.837,0.946,0.0,6,3,False,1.5,0.0
s-05-039,5,delay_sensitive,0.948,0.0,4.893,0.515,0.0,6,3,False,1.5,0.0
s-05-040,5,delay_sensitive,1.308,0.0,5.604,0.638,0.0,6,3,False,1.5,0.0
s-05-041,5,delay_sensitive,1.103,0.0,7.39,0.994,0.0,6,3,False,1.5,0.0
t-05-000,5,delay_tolerant,1.131,0.0,3.484,0.895,353.962,7,2,True,0.9,0.06
t-05-001,5,delay_tolerant,0.952,0.0,6.316,0.334,123.402,7,2,True,0.9,0.06
t-05-002,5,delay_tolerant,1.138,0.0,6.869,0.499,471.839,7,2,True,0.9,0.06
t-05-003,5,delay_tolerant,1.168,0.0,4.379,0.841,369.224,7,2,False,0.9,0.0
t-05-004,5,delay_tolerant,0.819,0.0,3.446,0.855,443.752,9,2,True,0.9,0.06
t-05-005,5,delay_tolerant,0.872,0.0,8.103,0.309,194.577,9,2,False,0.9,0.0
t-05-006,5,delay_tolerant,1.085,0.0,5.39,0.346,178.482,7,2,False,0.9,0.0
t-05-007,5,delay_tolerant,1.14,0.0,7.062,0.624,258.185,7,2,True,0.9,0.06
t-05-008,5,delay_tolerant,1.195,0.0,7.345,0.6,470.756,9,2,True,0.9,0.06
t-05-009,5,delay_tolerant,0.893,0.0,3.456,0.663,340.991,7,2,True,0.9,0.06
t-05-010,5,delay_tolerant,1.109,0.0,3.178,0.464,477.331,9,2,True,0.9,0.06
t-05-011,5,delay_tolerant,1.021,0.0,5.253,0.411,330.915,8,2,True,0.9,0.06
t-05-012,5,delay_tolerant,1.047,0.0,7.788,0.728,149.534,8,2,True,0.9,0.06
t-05-013,5,delay_tolerant,1.114,0.0,3.926,0.534,249.852,7,2,True,0.9,0.06
t-05-014,5,delay_tolerant,0.923,0.0,5.16,0.462,167.703,7,2,True,0.9,0.06
t-05-015,5,delay_tolerant,1.023,0.0,6.075,0.362,152.263,7,2,True,0.9,0.06
t-05-016,5,delay_tolerant,1.039,0.0,4.947,0.531,225.065,9,2,True,0.9,0.06
t-05-017,5,delay_tolerant,1.09,0.0,6.357,0.896,207.387,8,2,False,0.9,0.0
t-05-018,5,delay_tolerant,0.952,0.0,3.833,0.481,297.525,9,2,True,0.9,0.06
t-05-019,5,delay_tolerant,0.91,0.0,4.799,0.77,250.005,7,2,True,0.9,0.06
t-05-020,5,delay_tolerant,0.998,0.0,6.7,0.575,168.776,7,2,False,0.9,0.0
t-05-021,5,delay_tolerant,0.933,0.0,6.721,0.782,238.635,7,2,False,0.9,0.0
t-05-022,5,delay_tolerant,1.129,0.0,6.906,0.657,228.157,8,2,True,0.9,0.06
t-05-023,5,delay_tolerant,0.88,0.0,4.885,0.879,468.741,9,2,False,0.9,0.0
g-05-000,5,token_batch,0.478,1.095,13.759,0.945,4210.0,9,1,True,0.95,0.06
g-05-001,5,token_batch,0.527,1.036,9.139,1.138,2348.0,10,1,True,0.95,0.06
g-05-002,5,token_batch,0.272,1.261,8.269,1.236,3434.0,11,1,True,0.95,0.06
g-05-003,5,token_batch,0.519,1.299,8.692,1.309,2995.0,8,1,True,0.95,0.06
g-05-004,5,token_batch,0.4,1.18,10.42,1.195,3956.0,10,1,True,0.95,0.06
g-05-005,5,token_batch,0.351,1.069,13.979,1.149,4432.0,10,1,True,0.95,0.06
g-05-006,5,token_batch,0.569,1.322,12.183,0.822,3275.0,11,1,True,0.95,0.06
g-05-007,5,token_batch,0.558,1.122,14.382,0.851,4073.0,9,1,True,0.95,0.06
g-05-008,5,token_batch,0.466,0.9,14.127,1.138,3893.0,8,1,True,0.95,0.06
g-05-009,5,token_batch,0.333,1.278,9.059,0.859,4282.0,10,1,True,0.95,0.06
g-05-010,5,token_batch,0.499,1.135,14.877,0.933,3291.0,8,1,True,0.95,0.06
g-05-011,5,token_batch,0.385,1.208,14.904,0.89,2802.0,9,1,True,0.95,0.06
g-05-012,5,token_batch,0.242,1.05,17.617,0.87,3177.0,7,1,True,0.95,0.06
g-05-013,5,token_batch,0.325,1.073,10.069,1.09,2626.0,8,1,True,0.95,0.06
g-05-014,5,token_batch,0.375,1.218,11.189,0.98,1599.0,10,1,True,0.95,0.06
g-05-015,5,token_batch,0.54,1.189,14.771,0.899,1292.0,7,1,True,0.95,0.06
g-05-016,5,token_batch,0.27,0.896,13.598,1.375,3313.0,8,1,True,0.95,0.06
g-05-017,5,token_batch,0.362,0.911,14.405,1.059,4467.0,8,1,True,0.95,0.06
s-06-000,6,delay_sensitive,1.207,0.0,5.184,0.755,0.0,7,3,True,1.5,0.18
s-06-001,6,delay_sensitive,1.252,0.0,5.235,0.851,0.0,7,3,False,1.5,0.0
s-06-002,6,delay_sensitive,0.931,0.0,4.611,0.923,0.0,7,3,False,1.5,0.0
s-06-003,6,delay_sensitive,1.063,0.0,6.745,0.557,0.0,7,3,False,1.5,0.0
s-06-004,6,delay_sensitive,1.164,0.0,7.835,0.758,0.0,7,3,False,1.5,0.0
s-06-005,6,delay_sensitive,1.194,0.0,6.088,0.907,0.0,7,3,False,1.5,0.0
s-06-006,6,delay_sensitive,1.307,0.0,8.236,0.578,0.0,7,3,False,1.5,0.0
s-06-007,6,delay_sensitive,0.942,0.0,4.804,0.471,0.0,7,3,False,1.5,0.0
s-06-008,6,delay_sensitive,0.992,0.0,8.161,0.706,0.0,7,3,False,1.5,0.0
s-06-009,6,delay_sensitive,0.969,0.0,6.302,0.511,0.0,7,3,False,1.5,0.0
s-06-010,6,delay_sensitive,1.247,0.0,7.872,1.0,0.0,7,3,False,1.5,0.0
s-06-011,6,delay_sensitive,1.145,0.0,4.842,0.589,0.0,7,3,False,1.5,0.0
s-06-012,6,delay_sensitive,0.927,0.0,6.154,0.406,0.0,7,3,False,1.5,0.0
s-06-013,6,delay_sensitive,1.308,0.0,9.783,0.703,0.0,7,3,False,1.5,0.0
s-06-014,6,delay_sensitive,1.242,0.0,6.494,0.904,0.0,7,3,False,1.5,0.0
s-06-015,6,delay_sensitive,0.941,0.0,4.185,0.857,0.0,7,3,False,1.5,0.0
s-06-016,6,delay_sensitive,1.037,0.0,7.226,0.501,0.0,7,3,False,1.5,0.0
s-06-017,6,delay_sensitive,1.271,0.0,8.596,0.73,0.0,7,3,False,1.5,0.0
s-06-018,6,delay_sensitive,0.957,0.0,8.651,0.894,0.0,7,3,False,1.5,0.0
s-06-019,6,delay_sensitive,1.311,0.0,4.25,0.831,0.0,7,3,False,1.5,0.0
s-06-020,6,delay_sensitive,1.395,0.0,4.614,0.898,0.0,7,3,False,1.5,0.0
s-06-021,6,delay_sensitive,1.049,0.0,9.996,0.67,0.0,7,3,False,1.5,0.0
s-06-022,6,delay_sensitive,1.308,0.0,6.634,0.996,0.0,7,3,False,1.5,0.0
s-06-023,6,delay_sensitive,1.018,0.0,8.864,0.753,0.0,7,3,False,1.5,0.0
s-06-024,6,delay_sensitive,1.255,0.0,7.797,0.5,0.0,7,3,False,1.5,0.0
s-06-025,6,delay_sensitive,1.003,0.0,5.242,0.436,0.0,7,3,False,1.5,0.0
s-06-026,6,delay_sensitive,1.041,0.0,7.233,0.594,0.0,7,3,False,1.5,0.0
s-06-027,6,delay_sensitive,1.045,0.0,5.604,0.915,0.0,7,3,False,1.5,0.0
s-06-028,6,delay_sensitive,1.24,0.0,4.571,0.978,0.0,7,3,False,1.5,0.0
s-06-029,6,delay_sensitive,1.359,0.0,9.955,0.92,0.0,7,3,False,1.5,0.0
s-06-030,6,delay_sensitive,1.333,0.0,5.498,0.827,0.0,7,3,False,1.5,0.0
s-06-031,6,delay_sensitive,1.281,0.0,8.057,0.694,0.0,7,3,False,1.5,0.0
s-06-032,6,delay_sensitive,1.034,0.0,6.485,0.671,0.0,7,3,False,1.5,0.0
s-06-033,6,delay_sensitive,1.34,0.0,4.559,0.709,0.0,7,3,False,1.5,0.0
s-06-034,6,delay_sensitive,1.368,0.0,6.214,0.97,0.0,7,3,False,1.5,0.0
s-06-035,6,delay_sensitive,0.901,0.0,8.645,0.84,0.0,7,3,False,1.5,0.0
s-06-036,6,delay_sensitive,1.129,0.0,7.985,0.615,0.0,7,3,False,1.5,0.0
s-06-037,6,delay_sensitive,1.167,0.0,5.307,0.658,0.0,7,3,False,1.5,0.0
s-06-038,6,delay_sensitive,1.034,0.0,8.97,0.603,0.0,7,3,False,1.5,0.0
s-06-039,6,delay_sensitive,1.183,0.0,6.912,0.606,0.0,7,3,False,1.5,0.0
s-06-040,6,delay_sensitive,0.924,0.0,4.597,0.87,0.0,7,3,False,1.5,0.0
s-06-041,6,delay_sensitive,0.962,0.0,9.146,0.665,0.0,7,3,False,1.5,0.0
s-06-042,6,delay_sensitive,1.379,0.0,5.214,0.813,0.0,7,3,True,1.5,0.18
s-06-043,6,delay_sensitive,1.225,0.0,4.954,0.96,0.0,7,3,False,1.5,0.0
s-06-044,6,delay_sensitive,1.227,0.0,5.502,0.623,0.0,7,3,False,1.5,0.0
s-06-045,6,delay_sensitive,0.983,0.0,6.378,0.583,0.0,7,3,False,1.5,0.0
s-06-046,6,delay_sensitive,1.017,0.0,7.933,0.822,0.0,7,3,False,1.5,0.0
s-06-047,6,delay_sensitive,1.138,0.0,4.796,0.536,0.0,7,3,True,1.5,0.18
s-06-048,6,delay_sensitive,0.905,0.0,8.174,0.89,0.0,7,3,False,1.5,0.0
s-06-049,6,delay_sensitive,1.111,0.0,4.793,0.442,0.0,7,3,False,1.5,0.0
s-06-050,6,delay_sensitive,1.265,0.0,4.615,0.588,0.0,7,3,False,1.5,0.0
t-06-000,6,delay_tolerant,1.109,0.0,7.519,0.38,477.458,9,2,True,0.9,0.06
t-06-001,6,delay_tolerant,1.025,0.0,6.662,0.398,246.428,8,2,True,0.9,0.06
t-06-002,6,delay_tolerant,0.861,0.0,5.47,0.712,429.587,8,2,False,0.9,0.0
t-06-003,6,delay_tolerant,0.856,0.0,3.739,0.738,246.553,8,2,False,0.9,0.0
t-06-004,6,delay_tolerant,0.856,0.0,4.662,0.351,319.223,9,2,True,0.9,0.06
t-06-005,6,delay_tolerant,0.914,0.0,8.648,0.316,424.945,10,2,False,0.9,0.0
t-06-006,6,delay_tolerant,1.043,0.0,4.132,0.535,352.621,9,2,True,0.9,0.06
t-06-007,6,delay_tolerant,0.845,0.0,5.997,0.656,310.183,8,2,True,0.9,0.06
t-06-008,6,delay_tolerant,1.174,0.0,3.792,0.816,324.617,8,2,False,0.9,0.0
t-06-009,6,delay_tolerant,0.869,0.0,5.826,0.892,146.277,9,2,True,0.9,0.06
t-06-010,6,delay_tolerant,0.905,0.0,3.239,0.336,404.144,10,2,True,0.9,0.06
t-06-011,6,delay_tolerant,1.085,0.0,7.603,0.554,264.82,10,2,True,0.9,0.06
t-06-012,6,delay_tolerant,1.046,0.0,4.665,0.486,304.07,10,2,True,0.9,0.06
t-06-013,6,delay_tolerant,0.862,0.0,4.961,0.652,394.761,8,2,False,0.9,0.0
t-06-014,6,delay_tolerant,0.826,0.0,7.192,0.738,424.729,10,2,False,0.9,0.0
t-06-015,6,delay_tolerant,1.17,0.0,3.696,0.667,139.81,8,2,True,0.9,0.06
t-06-016,6,delay_tolerant,1.096,0.0,3.717,0.725,372.54,10,2,False,0.9,0.0
t-06-017,6,delay_tolerant,0.939,0.0,6.103,0.794,213.329,8,2,True,0.9,0.06
t-06-018,6,delay_tolerant,1.112,0.0,4.613,0.832,397.715,9,2,True,0.9,0.06
t-06-019,6,delay_tolerant,0.972,0.0,6.143,0.458,471.018,8,2,True,0.9,0.06
t-06-020,6,delay_tolerant,0.982,0.0,5.161,0.6,324.079,10,2,True,0.9,0.06
t-06-021,6,delay_tolerant,1.109,0.0,8.366,0.704,161.52,9,2,True,0.9,0.06
t-06-022,6,delay_tolerant,0.818,0.0,8.178,0.447,289.835,10,2,True,0.9,0.06
t-06-023,6,delay_tolerant,0.872,0.0,8.762,0.321,409.122,9,2,False,0.9,0.0
t-06-024,6,delay_tolerant,0.968,0.0,4.931,0.55,379.304,10,2,False,0.9,0.0
t-06-025,6,delay_tolerant,1.029,0.0,3.716,0.704,138.962,9,2,False,0.9,0.0
t-06-026,6,delay_tolerant,1.193,0.0,8.724,0.341,287.434,8,2,False,0.9,0.0
t-06-027,6,delay_tolerant,0.924,0.0,3.518,0.574,252.811,9,2,False,0.9,0.0
t-06-028,6,delay_tolerant,0.922,0.0,6.736,0.578,333.009,9,2,True,0.9,0.06
g-06-000,6,token_batch,0.51,1.239,13.466,1.278,4364.0,11,1,True,0.95,0.06
g-06-001,6,token_batch,0.573,0.814,13.415,1.182,1226.0,9,1,True,0.95,0.06
g-06-002,6,token_batch,0.201,1.194,16.49,1.236,2572.0,8,1,True,0.95,0.06
g-06-003,6,token_batch,0.412,0.943,12.92,0.836,2040.0,8,1,True,0.95,0.06
g-06-004,6,token_batch,0.312,0.826,10.315,1.307,4114.0,9,1,True,0.95,0.06
g-06-005,6,token_batch,0.558,1.075,15.479,1.148,4070.0,11,1,True,0.95,0.06
g-06-006,6,token_batch,0.455,1.037,13.919,0.837,1746.0,12,1,True,0.95,0.06
g-06-007,6,token_batch,0.317,1.311,17.26,1.036,2169.0,9,1,True,0.95,0.06
g-06-008,6,token_batch,0.381,0.94,17.436,0.882,2502.0,10,1,True,0.95,0.06
g-06-009,6,token_batch,0.262,0.899,12.661,1.044,1646.0,12,1,True,0.95,0.06
g-06-010,6,token_batch,0.586,0.925,11.083,0.959,2667.0,12,1,True,0.95,0.06
g-06-011,6,token_batch,0.263,1.212,16.264,1.218,1570.0,8,1,True,0.95,0.06
g-06-012,6,token_batch,0.534,0.997,8.912,0.949,2080.0,8,1,True,0.95,0.06
g-06-013,6,token_batch,0.405,1.206,10.602,1.394,2823.0,10,1,True,0.95,0.06
g-06-014,6,token_batch,0.542,1.134,13.501,0.857,2856.0,8,1,True,0.95,0.06
g-06-015,6,token_batch,0.518,0.873,8.617,1.269,4492.0,8,1,True,0.95,0.06
g-06-016,6,token_batch,0.279,1.04,14.863,1.363,1735.0,9,1,True,0.95,0.06
g-06-017,6,token_batch,0.434,1.35,8.75,1.398,3585.0,8,1,True,0.95,0.06
g-06-018,6,token_batch,0.377,0.877,17.051,1.298,3845.0,9,1,True,0.95,0.06
g-06-019,6,token_batch,0.217,1.077,9.68,1.144,1701.0,10,1,True,0.95,0.06
g-06-020,6,token_batch,0.212,1.21,9.728,0.929,3232.0,11,1,True,0.95,0.06
g-06-021,6,token_batch,0.312,1.33,8.346,1.172,2326.0,9,1,True,0.95,0.06
s-07-000,7,delay_sensitive,1.048,0.0,6.472,0.73,0.0,8,3,False,1.5,0.0
s-07-001,7,delay_sensitive,1.04,0.0,4.823,0.52,0.0,8,3,False,1.5,0.0
s-07-002,7,delay_sensitive,1.163,0.0,7.785,0.881,0.0,8,3,False,1.5,0.0
s-07-003,7,delay_sensitive,1.395,0.0,8.691,0.615,0.0,8,3,False,1.5,0.0
s-07-004,7,delay_sensitive,1.142,0.0,9.476,0.701,0.0,8,3,False,1.5,0.0
s-07-005,7,delay_sensitive,0.99,0.0,5.913,0.531,0.0,8,3,False,1.5,0.0
s-07-006,7,delay_sensitive,1.289,0.0,4.352,0.995,0.0,8,3,False,1.5,0.0
s-07-007,7,delay_sensitive,1.283,0.0,9.998,0.984,0.0,8,3,False,1.5,0.0
s-07-008,7,delay_sensitive,1.228,0.0,5.599,0.89,0.0,8,3,False,1.5,0.0
s-07-009,7,delay_sensitive,0.928,0.0,9.978,0.532,0.0,8,3,False,1.5,0.0
s-07-010,7,delay_sensitive,1.299,0.0,6.129,0.904,0.0,8,3,False,1.5,0.0
s-07-011,7,delay_sensitive,0.988,0.0,7.555,0.884,0.0,8,3,False,1.5,0.0
s-07-012,7,delay_sensitive,1.357,0.0,4.169,0.82,0.0,8,3,False,1.5,0.0
s-07-013,7,delay_sensitive,1.182,0.0,7.379,0.513,0.0,8,3,False,1.5,0.0
s-07-014,7,delay_sensitive,1.341,0.0,6.953,0.585,0.0,8,3,False,1.5,0.0
s-07-015,7,delay_sensitive,0.945,0.0,5.396,0.531,0.0,8,3,False,1.5,0.0
s-07-016,7,delay_sensitive,0.9,0.0,9.507,0.521,0.0,8,3,False,1.5,0.0
s-07-017,7,delay_sensitive,1.258,0.0,9.513,0.907,0.0,8,3,False,1.5,0.0
s-07-018,7,delay_sensitive,0.911,0.0,7.52,0.95,0.0,8,3,False,1.5,0.0
s-07-019,7,delay_sensitive,1.323,0.0,9.164,0.976,0.0,8,3,False,1.5,0.0
s-07-020,7,delay_sensitive,1.371,0.0,6.374,0.461,0.0,8,3,False,1.5,0.0
s-07-021,7,delay_sensitive,0.968,0.0,4.945,0.969,0.0,8,3,False,1.5,0.0
s-07-022,7,delay_sensitive,1.38,0.0,7.895,0.505,0.0,8,3,False,1.5,0.0
s-07-023,7,delay_sensitive,1.247,0.0,9.573,0.872,0.0,8,3,False,1.5,0.0
s-07-024,7,delay_sensitive,1.194,0.0,5.052,0.584,0.0,8,3,False,1.5,0.0
s-07-025,7,delay_sensitive,0.964,0.0,8.373,0.969,0.0,8,3,False,1.5,0.0
s-07-026,7,delay_sensitive,1.096,0.0,9.966,0.979,0.0,8,3,False,1.5,0.0
s-07-027,7,delay_sensitive,1.201,0.0,9.526,0.981,0.0,8,3,False,1.5,0.0
s-07-028,7,delay_sensitive,1.183,0.0,9.62,0.484,0.0,8,3,False,1.5,0.0
s-07-029,7,delay_sensitive,1.019,0.0,9.894,0.501,0.0,8,3,False,1.5,0.0
s-07-030,7,delay_sensitive,0.944,0.0,8.254,0.783,0.0,8,3,False,1.5,0.0
s-07-031,7,delay_sensitive,1.123,0.0,5.591,0.55,0.0,8,3,False,1.5,0.0
s-07-032,7,delay_sensitive,1.028,0.0,4.648,0.401,0.0,8,3,False,1.5,0.0
s-07-033,7,delay_sensitive,1.266,0.0,9.815,0.931,0.0,8,3,False,1.5,0.0
s-07-034,7,delay_sensitive,1.089,0.0,7.276,0.461,0.0,8,3,False,1.5,0.0
s-07-035,7,delay_sensitive,1.332,0.0,7.906,0.812,0.0,8,3,False,1.5,0.0
s-07-036,7,delay_sensitive,0.937,0.0,9.075,0.577,0.0,8,3,False,1.5,0.0
s-07-037,7,delay_sensitive,1.376,0.0,4.445,0.502,0.0,8,3,False,1.5,0.0
s-07-038,7,delay_sensitive,1.266,0.0,7.282,0.939,0.0,8,3,False,1.5,0.0
s-07-039,7,delay_sensitive,1.197,0.0,7.682,0.69,0.0,8,3,False,1.5,0.0
s-07-040,7,delay_sensitive,1.371,0.0,4.99,0.934,0.0,8,3,False,1.5,0.0
s-07-041,7,delay_sensitive,0.951,0.0,5.233,0.514,0.0,8,3,False,1.5,0.0
s-07-042,7,delay_sensitive,1.261,0.0,8.38,0.559,0.0,8,3,False,1.5,0.0
s-07-043,7,delay_sensitive,1.019,0.0,4.298,0.743,0.0,8,3,False,1.5,0.0
s-07-044,7,delay_sensitive,0.977,0.0,6.165,0.657,0.0,8,3,False,1.5,0.0
s-07-045,7,delay_sensitive,1.231,0.0,7.601,0.52,0.0,8,3,False,1.5,0.0
s-07-046,7,delay_sensitive,0.985,0.0,5.751,0.449,0.0,8,3,True,1.5,0.18
s-07-047,7,delay_sensitive,1.054,0.0,6.385,0.693,0.0,8,3,False,1.5,0.0
s-07-048,7,delay_sensitive,0.946,0.0,7.265,0.511,0.0,8,3,False,1.5,0.0
s-07-049,7,delay_sensitive,1.085,0.0,6.675,0.558,0.0,8,3,False,1.5,0.0
s-07-050,7,delay_sensitive,1.013,0.0,5.611,0.437,0.0,8,3,False,1.5,0.0
s-07-051,7,delay_sensitive,1.234,0.0,4.514,0.606,0.0,8,3,False,1.5,0.0
s-07-052,7,delay_sensitive,1.385,0.0,7.538,0.732,0.0,8,3,False,1.5,0.0
s-07-053,7,delay_sensitive,1.309,0.0,6.512,0.721,0.0,8,3,False,1.5,0.0
s-07-054,7,delay_sensitive,1.137,0.0,9.29,0.686,0.0,8,3,False,1.5,0.0
s-07-055,7,delay_sensitive,1.351,0.0,8.286,0.701,0.0,8,3,False,1.5,0.0
s-07-056,7,delay_sensitive,1.3,0.0,8.065,0.772,0.0,8,3,False,1.5,0.0
s-07-057,7,delay_sensitive,1.279,0.0,5.037,0.991,0.0,8,3,False,1.5,0.0
s-07-058,7,delay_sensitive,1.304,0.0,4.757,0.654,0.0,8,3,False,1.5,0.0
s-07-059,7,delay_sensitive,1.118,0.0,9.984,0.776,0.0,8,3,False,1.5,0.0
s-07-060,7,delay_sensitive,1.029,0.0,9.465,0.949,0.0,8,3,False,1.5,0.0
s-07-061,7,delay_sensitive,1.094,0.0,6.384,0.596,0.0,8,3,False,1.5,0.0
s-07-062,7,delay_sensitive,1.129,0.0,9.241,0.872,0.0,8,3,False,1.5,0.0
s-07-063,7,delay_sensitive,1.161,0.0,6.518,0.649,0.0,8,3,False,1.5,0.0
s-07-064,7,delay_sensitive,1.194,0.0,8.55,0.964,0.0,8,3,False,1.5,0.0
s-07-065,7,delay_sensitive,1.181,0.0,4.606,0.572,0.0,8,3,False,1.5,0.0
s-07-066,7,delay_sensitive,1.072,0.0,6.465,0.63,0.0,8,3,False,1.5,0.0
s-07-067,7,delay_sensitive,1.204,0.0,4.225,0.565,0.0,8,3,False,1.5,0.0
s-07-068,7,delay_sensitive,1.204,0.0,8.162,0.423,0.0,8,3,False,1.5,0.0
t-07-000,7,delay_tolerant,0.82,0.0,5.851,0.461,254.079,10,2,False,0.9,0.0
t-07-001,7,delay_tolerant,0.921,0.0,4.682,0.595,370.626,10,2,False,0.9,0.0
t-07-002,7,delay_tolerant,0.891,0.0,4.803,0.746,398.651,9,2,False,0.9,0.0
t-07-003,7,delay_tolerant,0.967,0.0,6.873,0.413,196.101,10,2,True,0.9,0.06
t-07-004,7,delay_tolerant,1.104,0.0,8.203,0.793,305.497,10,2,False,0.9,0.0
t-07-005,7,delay_tolerant,1.084,0.0,5.42,0.768,308.743,9,2,True,0.9,0.06
t-07-006,7,delay_tolerant,0.877,0.0,7.998,0.802,209.816,11,2,True,0.9,0.06
t-07-007,7,delay_tolerant,0.944,0.0,4.195,0.521,287.119,10,2,True,0.9,0.06
t-07-008,7,delay_tolerant,0.85,0.0,3.183,0.523,333.856,10,2,False,0.9,0.0
t-07-009,7,delay_tolerant,0.99,0.0,6.308,0.507,421.555,9,2,False,0.9,0.0
t-07-010,7,delay_tolerant,1.076,0.0,4.71,0.532,178.647,10,2,False,0.9,0.0
t-07-011,7,delay_tolerant,0.886,0.0,4.328,0.435,194.423,11,2,False,0.9,0.0
t-07-012,7,delay_tolerant,0.808,0.0,7.682,0.761,123.203,11,2,True,0.9,0.06
t-07-013,7,delay_tolerant,1.04,0.0,3.051,0.451,409.831,9,2,False,0.9,0.0
t-07-014,7,delay_tolerant,1.084,0.0,4.652,0.837,426.571,10,2,False,0.9,0.0
t-07-015,7,delay_tolerant,0.987,0.0,7.063,0.795,262.975,10,2,True,0.9,0.06
t-07-016,7,delay_tolerant,1.2,0.0,8.799,0.804,322.125,9,2,True,0.9,0.06
t-07-017,7,delay_tolerant,0.919,0.0,3.649,0.338,475.81,11,2,True,0.9,0.06
t-07-018,7,delay_tolerant,0.911,0.0,6.937,0.871,354.528,11,2,True,0.9,0.06
t-07-019,7,delay_tolerant,1.106,0.0,8.398,0.783,408.851,9,2,True,0.9,0.06
t-07-020,7,delay_tolerant,0.928,0.0,3.84,0.315,299.054,11,2,True,0.9,0.06
t-07-021,7,delay_tolerant,0.967,0.0,5.33,0.321,374.905,10,2,True,0.9,0.06
t-07-022,7,delay_tolerant,0.937,0.0,7.28,0.712,349.793,11,2,False,0.9,0.0
t-07-023,7,delay_tolerant,1.069,0.0,6.044,0.807,422.63,10,2,False,0.9,0.0
t-07-024,7,delay_tolerant,0.839,0.0,3.768,0.455,411.004,11,2,True,0.9,0.06
t-07-025,7,delay_tolerant,1.16,0.0,6.927,0.433,200.398,9,2,False,0.9,0.0
t-07-026,7,delay_tolerant,1.155,0.0,5.23,0.651,286.954,10,2,True,0.9,0.06
t-07-027,7,delay_tolerant,1.147,0.0,6.501,0.867,145.638,9,2,True,0.9,0.06
t-07-028,7,delay_tolerant,1.147,0.0,5.29,0.479,139.462,9,2,True,0.9,0.06
t-07-029,7,delay_tolerant,0.88,0.0,5.455,0.642,446.384,9,2,True,0.9,0.06
t-07-030,7,delay_tolerant,1.145,0.0,4.082,0.348,239.747,10,2,True,0.9,0.06
t-07-031,7,delay_tolerant,0.823,0.0,5.712,0.426,398.475,9,2,True,0.9,0.06
t-07-032,7,delay_tolerant,0.996,0.0,7.581,0.353,341.213,11,2,False,0.9,0.0
t-07-033,7,delay_tolerant,0.972,0.0,5.864,0.303,312.162,11,2,True,0.9,0.06
t-07-034,7,delay_tolerant,0.806,0.0,4.933,0.8,188.608,11,2,True,0.9,0.06
t-07-035,7,delay_tolerant,1.093,0.0,4.358,0.826,232.353,11,2,True,0.9,0.06
t-07-036,7,delay_tolerant,1.035,0.0,4.002,0.794,227.353,9,2,True,0.9,0.06
t-07-037,7,delay_tolerant,1.008,0.0,6.145,0.56,367.241,10,2,True,0.9,0.06
t-07-038,7,delay_tolerant,1.161,0.0,5.156,0.413,461.31,9,2,True,0.9,0.06
g-07-000,7,token_batch,0.291,1.236,9.312,1.24,1278.0,12,1,True,0.95,0.06
g-07-001,7,token_batch,0.268,1.02,14.505,0.822,3266.0,13,1,True,0.95,0.06
g-07-002,7,token_batch,0.414,0.829,17.947,1.197,4359.0,11,1,True,0.95,0.06
g-07-003,7,token_batch,0.476,1.05,11.803,1.128,1397.0,9,1,True,0.95,0.06
g-07-004,7,token_batch,0.261,1.217,14.303,0.981,4074.0,12,1,True,0.95,0.06
g-07-005,7,token_batch,0.408,1.174,15.007,1.051,3913.0,9,1,True,0.95,0.06
g-07-006,7,token_batch,0.488,0.871,9.14,0.864,3295.0,9,1,True,0.95,0.06
g-07-007,7,token_batch,0.28,0.958,13.231,0.921,3694.0,10,1,True,0.95,0.06
g-07-008,7,token_batch,0.264,1.129,17.104,1.213,2409.0,12,1,True,0.95,0.06
g-07-009,7,token_batch,0.294,0.808,8.89,0.866,2554.0,12,1,True,0.95,0.06
g-07-010,7,token_batch,0.398,1.37,15.795,0.845,3940.0,13,1,True,0.95,0.06
g-07-011,7,token_batch,0.458,1.074,17.773,0.958,2248.0,9,1,True,0.95,0.06
g-07-012,7,token_batch,0.525,1.324,16.522,1.016,1608.0,9,1,True,0.95,0.06
g-07-013,7,token_batch,0.495,0.857,15.582,0.828,2944.0,11,1,True,0.95,0.06
g-07-014,7,token_batch,0.459,0.997,16.945,1.373,3917.0,10,1,True,0.95,0.06
g-07-015,7,token_batch,0.493,1.024,11.427,0.868,4798.0,11,1,True,0.95,0.06
g-07-016,7,token_batch,0.309,1.031,16.507,1.28,3069.0,12,1,True,0.95,0.06
g-07-017,7,token_batch,0.253,1.236,17.816,1.307,1663.0,10,1,True,0.95,0.06
g-07-018,7,token_batch,0.564,1.09,13.689,1.063,2904.0,9,1,True,0.95,0.06
g-07-019,7,token_batch,0.512,1.167,16.626,1.328,2755.0,13,1,True,0.95,0.06
g-07-020,7,token_batch,0.568,0.868,12.113,0.828,3178.0,10,1,True,0.95,0.06
g-07-021,7,token_batch,0.326,1.223,14.779,1.261,3882.0,11,1,True,0.95,0.06
g-07-022,7,token_batch,0.426,1.387,14.698,1.003,4164.0,13,1,True,0.95,0.06
g-07-023,7,token_batch,0.48,0.857,14.617,0.949,4019.0,13,1,True,0.95,0.06
g-07-024,7,token_batch,0.471,1.031,16.39,1.135,3918.0,11,1,True,0.95,0.06
g-07-025,7,token_batch,0.205,1.361,13.056,1.082,1423.0,13,1,True,0.95,0.06
g-07-026,7,token_batch,0.266,1.251,11.206,0.999,4761.0,12,1,True,0.95,0.06
g-07-027,7,token_batch,0.403,1.13,11.786,1.29,1406.0,11,1,True,0.95,0.06
g-07-028,7,token_batch,0.378,1.144,8.88,1.099,3080.0,9,1,True,0.95,0.06
g-07-029,7,token_batch,0.592,1.247,8.178,1.042,1686.0,11,1,True,0.95,0.06
s-08-000,8,delay_sensitive,1.175,0.0,8.955,0.875,0.0,9,3,False,1.5,0.0
s-08-001,8,delay_sensitive,1.219,0.0,9.341,0.737,0.0,9,3,False,1.5,0.0
s-08-002,8,delay_sensitive,1.128,0.0,6.045,0.895,0.0,9,3,False,1.5,0.0
s-08-003,8,delay_sensitive,1.322,0.0,5.992,0.86,0.0,9,3,False,1.5,0.0
s-08-004,8,delay_sensitive,1.258,0.0,6.18,0.672,0.0,9,3,False,1.5,0.0
s-08-005,8,delay_sensitive,1.229,0.0,4.013,0.613,0.0,9,3,False,1.5,0.0
s-08-006,8,delay_sensitive,1.3,0.0,7.286,0.624,0.0,9,3,False,1.5,0.0
s-08-007,8,delay_sensitive,1.348,0.0,6.955,0.893,0.0,9,3,False,1.5,0.0
s-08-008,8,delay_sensitive,1.105,0.0,5.526,0.518,0.0,9,3,False,1.5,0.0
s-08-009,8,delay_sensitive,1.326,0.0,5.294,0.895,0.0,9,3,False,1.5,0.0
s-08-010,8,delay_sensitive,1.069,0.0,8.543,0.428,0.0,9,3,False,1.5,0.0
s-08-011,8,delay_sensitive,1.236,0.0,4.739,0.935,0.0,9,3,False,1.5,0.0
s-08-012,8,delay_sensitive,1.195,0.0,7.025,0.978,0.0,9,3,False,1.5,0.0
s-08-013,8,delay_sensitive,1.268,0.0,7.319,0.66,0.0,9,3,True,1.5,0.18
s-08-014,8,delay_sensitive,1.362,0.0,8.686,0.946,0.0,9,3,False,1.5,0.0
s-08-015,8,delay_sensitive,0.987,0.0,8.891,0.462,0.0,9,3,False,1.5,0.0
s-08-016,8,delay_sensitive,1.203,0.0,5.931,0.929,0.0,9,3,False,1.5,0.0
s-08-017,8,delay_sensitive,1.204,0.0,8.155,0.549,0.0,9,3,False,1.5,0.0
s-08-018,8,delay_sensitive,1.071,0.0,5.765,0.883,0.0,9,3,False,1.5,0.0
s-08-019,8,delay_sensitive,1.201,0.0,9.319,0.707,0.0,9,3,False,1.5,0.0
s-08-020,8,delay_sensitive,1.174,0.0,5.883,0.842,0.0,9,3,False,1.5,0.0
s-08-021,8,delay_sensitive,1.009,0.0,5.258,0.829,0.0,9,3,False,1.5,0.0
s-08-022,8,delay_sensitive,1.361,0.0,4.796,0.826,0.0,9,3,False,1.5,0.0
s-08-023,8,delay_sensitive,0.989,0.0,7.255,0.782,0.0,9,3,False,1.5,0.0
s-08-024,8,delay_sensitive,1.28,0.0,7.374,0.75,0.0,9,3,False,1.5,0.0
s-08-025,8,delay_sensitive,1.255,0.0,8.045,0.936,0.0,9,3,False,1.5,0.0
s-08-026,8,delay_sensitive,1.339,0.0,6.534,0.408,0.0,9,3,False,1.5,0.0
s-08-027,8,delay_sensitive,1.09,0.0,4.318,0.434,0.0,9,3,False,1.5,0.0
s-08-028,8,delay_sensitive,1.293,0.0,9.901,0.81,0.0,9,3,False,1.5,0.0
s-08-029,8,delay_sensitive,0.931,0.0,8.706,0.522,0.0,9,3,False,1.5,0.0
s-08-030,8,delay_sensitive,1.079,0.0,6.716,0.77,0.0,9,3,False,1.5,0.0
s-08-031,8,delay_sensitive,1.181,0.0,5.346,0.788,0.0,9,3,False,1.5,0.0
s-08-032,8,delay_sensitive,1.155,0.0,8.781,0.818,0.0,9,3,False,1.5,0.0
s-08-033,8,delay_sensitive,0.923,0.0,6.289,0.65,0.0,9,3,False,1.5,0.0
s-08-034,8,delay_sensitive,1.243,0.0,9.795,0.432,0.0,9,3,False,1.5,0.0
s-08-035,8,delay_sensitive,1.002,0.0,9.213,0.916,0.0,9,3,False,1.5,0.0
s-08-036,8,delay_sensitive,1.013,0.0,7.803,0.826,0.0,9,3,False,1.5,0.0
s-08-037,8,delay_sensitive,1.194,0.0,8.431,0.518,0.0,9,3,False,1.5,0.0
s-08-038,8,delay_sensitive,0.997,0.0,6.693,0.99,0.0,9,3,False,1.5,0.0
s-08-039,8,delay_sensitive,1.381,0.0,8.41,0.472,0.0,9,3,False,1.5,0.0
s-08-040,8,delay_sensitive,1.04,0.0,5.585,0.497,0.0,9,3,False,1.5,0.0
s-08-041,8,delay_sensitive,0.903,0.0,6.798,0.962,0.0,9,3,False,1.5,0.0
s-08-042,8,delay_sensitive,1.364,0.0,7.581,0.864,0.0,9,3,False,1.5,0.0
s-08-043,8,delay_sensitive,1.322,0.0,5.807,0.874,0.0,9,3,False,1.5,0.0
s-08-044,8,delay_sensitive,0.936,0.0,8.246,0.715,0.0,9,3,False,1.5,0.0
s-08-045,8,delay_sensitive,1.16,0.0,8.718,0.496,0.0,9,3,False,1.5,0.0
s-08-046,8,delay_sensitive,1.102,0.0,6.096,0.93,0.0,9,3,False,1.5,0.0
s-08-047,8,delay_sensitive,1.066,0.0,5.761,0.97,0.0,9,3,False,1.5,0.0
s-08-048,8,delay_sensitive,1.137,0.0,7.368,0.851,0.0,9,3,False,1.5,0.0
s-08-049,8,delay_sensitive,0.957,0.0,6.076,0.544,0.0,9,3,False,1.5,0.0
s-08-050,8,delay_sensitive,1.359,0.0,5.463,0.424,0.0,9,3,False,1.5,0.0
s-08-051,8,delay_sensitive,1.091,0.0,8.777,0.468,0.0,9,3,False,1.5,0.0
s-08-052,8,delay_sensitive,1.262,0.0,4.148,0.71,0.0,9,3,False,1.5,0.0
s-08-053,8,delay_sensitive,1.157,0.0,7.052,0.692,0.0,9,3,False,1.5,0.0
s-08-054,8,delay_sensitive,1.226,0.0,5.922,0.449,0.0,9,3,False,1.5,0.0
s-08-055,8,delay_sensitive,1.386,0.0,8.64,0.72,0.0,9,3,False,1.5,0.0
s-08-056,8,delay_sensitive,1.005,0.0,7.777,0.528,0.0,9,3,False,1.5,0.0
s-08-057,8,delay_sensitive,1.318,0.0,5.233,0.897,0.0,9,3,False,1.5,0.0
s-08-058,8,delay_sensitive,1.271,0.0,6.611,0.89,0.0,9,3,False,1.5,0.0
s-08-059,8,delay_sensitive,1.243,0.0,4.143,0.83,0.0,9,3,False,1.5,0.0
s-08-060,8,delay_sensitive,0.937,0.0,5.068,0.551,0.0,9,3,False,1.5,0.0
s-08-061,8,delay_sensitive,1.311,0.0,9.466,0.645,0.0,9,3,False,1.5,0.0
s-08-062,8,delay_sensitive,1.102,0.0,5.898,0.634,0.0,9,3,False,1.5,0.0
s-08-063,8,delay_sensitive,0.903,0.0,8.322,0.438,0.0,9,3,False,1.5,0.0
s-08-064,8,delay_sensitive,0.923,0.0,9.09,0.615,0.0,9,3,False,1.5,0.0
s-08-065,8,delay_sensitive,1.045,0.0,8.115,0.764,0.0,9,3,False,1.5,0.0
s-08-066,8,delay_sensitive,1.363,0.0,6.288,0.893,0.0,9,3,False,1.5,0.0
s-08-067,8,delay_sensitive,0.978,0.0,5.319,0.848,0.0,9,3,False,1.5,0.0
s-08-068,8,delay_sensitive,1.325,0.0,5.77,0.78,0.0,9,3,False,1.5,0.0
s-08-069,8,delay_sensitive,1.343,0.0,9.792,0.92,0.0,9,3,False,1.5,0.0
s-08-070,8,delay_sensitive,1.379,0.0,4.067,0.925,0.0,9,3,False,1.5,0.0
s-08-071,8,delay_sensitive,0.921,0.0,7.436,0.636,0.0,9,3,False,1.5,0.0
s-08-072,8,delay_sensitive,0.943,0.0,5.26,0.845,0.0,9,3,False,1.5,0.0
s-08-073,8,delay_sensitive,1.006,0.0,9.434,0.911,0.0,9,3,False,1.5,0.0
s-08-074,8,delay_sensitive,0.992,0.0,7.701,0.552,0.0,9,3,False,1.5,0.0
s-08-075,8,delay_sensitive,1.235,0.0,7.404,0.433,0.0,9,3,False,1.5,0.0
s-08-076,8,delay_sensitive,1.395,0.0,7.293,0.787,0.0,9,3,False,1.5,0.0
s-08-077,8,delay_sensitive,1.236,0.0,5.504,0.518,0.0,9,3,False,1.5,0.0
s-08-078,8,delay_sensitive,1.376,0.0,6.143,0.803,0.0,9,3,False,1.5,0.0
s-08-079,8,delay_sensitive,1.043,0.0,4.419,0.516,0.0,9,3,False,1.5,0.0
s-08-080,8,delay_sensitive,1.064,0.0,7.957,0.816,0.0,9,3,False,1.5,0.0
s-08-081,8,delay_sensitive,1.183,0.0,8.846,0.975,0.0,9,3,False,1.5,0.0
s-08-082,8,delay_sensitive,1.057,0.0,8.714,0.827,0.0,9,3,False,1.5,0.0
s-08-083,8,delay_sensitive,1.038,0.0,6.157,0.808,0.0,9,3,False,1.5,0.0
s-08-084,8,delay_sensitive,1.14,0.0,6.672,0.865,0.0,9,3,False,1.5,0.0
s-08-085,8,delay_sensitive,0.954,0.0,7.873,0.449,0.0,9,3,False,1.5,0.0
s-08-086,8,delay_sensitive,1.313,0.0,9.348,0.518,0.0,9,3,False,1.5,0.0
s-08-087,8,delay_sensitive,1.213,0.0,8.365,0.935,0.0,9,3,False,1.5,0.0
s-08-088,8,delay_sensitive,1.216,0.0,8.876,0.747,0.0,9,3,False,1.5,0.0
s-08-089,8,delay_sensitive,1.006,0.0,4.22,0.556,0.0,9,3,False,1.5,0.0
s-08-090,8,delay_sensitive,1.17,0.0,7.923,0.489,0.0,9,3,False,1.5,0.0
s-08-091,8,delay_sensitive,1.346,0.0,7.538,0.914,0.0,9,3,False,1.5,0.0
s-08-092,8,delay_sensitive,1.151,0.0,4.543,0.618,0.0,9,3,False,1.5,0.0
s-08-093,8,delay_sensitive,1.019,0.0,9.784,0.989,0.0,9,3,True,1.5,0.18
s-08-094,8,delay_sensitive,1.279,0.0,4.842,0.496,0.0,9,3,False,1.5,0.0
s-08-095,8,delay_sensitive,1.183,0.0,9.233,0.488,0.0,9,3,False,1.5,0.0
s-08-096,8,delay_sensitive,1.37,0.0,4.243,0.857,0.0,9,3,False,1.5,0.0
s-08-097,8,delay_sensitive,1.032,0.0,5.404,0.801,0.0,9,3,False,1.5,0.0
t-08-000,8,delay_tolerant,0.945,0.0,5.818,0.573,136.717,12,2,False,0.9,0.0
t-08-001,8,delay_tolerant,1.081,0.0,6.128,0.798,420.554,12,2,True,0.9,0.06
t-08-002,8,delay_tolerant,1.028,0.0,5.26,0.527,331.564,11,2,True,0.9,0.06
t-08-003,8,delay_tolerant,0.951,0.0,8.443,0.61,247.043,10,2,True,0.9,0.06
t-08-004,8,delay_tolerant,0.993,0.0,6.625,0.601,170.029,11,2,True,0.9,0.06
t-08-005,8,delay_tolerant,1.006,0.0,4.685,0.39,176.649,10,2,True,0.9,0.06
t-08-006,8,delay_tolerant,0.847,0.0,4.382,0.787,379.292,12,2,False,0.9,0.0
t-08-007,8,delay_tolerant,0.992,0.0,6.545,0.688,267.924,11,2,False,0.9,0.0
t-08-008,8,delay_tolerant,1.029,0.0,3.967,0.678,134.109,10,2,True,0.9,0.06
t-08-009,8,delay_tolerant,0.867,0.0,8.535,0.61,265.964,12,2,True,0.9,0.06
t-08-010,8,delay_tolerant,1.151,0.0,7.368,0.793,461.011,12,2,False,0.9,0.0
t-08-011,8,delay_tolerant,1.197,0.0,8.204,0.402,418.931,10,2,True,0.9,0.06
t-08-012,8,delay_tolerant,1.033,0.0,7.605,0.674,303.89,12,2,True,0.9,0.06
t-08-013,8,delay_tolerant,0.937,0.0,5.721,0.654,202.733,10,2,False,0.9,0.0
t-08-014,8,delay_tolerant,0.807,0.0,6.136,0.846,366.372,11,2,True,0.9,0.06
t-08-015,8,delay_tolerant,0.871,0.0,8.41,0.66,435.991,10,2,True,0.9,0.06
t-08-016,8,delay_tolerant,0.847,0.0,5.893,0.378,337.251,12,2,True,0.9,0.06
t-08-017,8,delay_tolerant,1.11,0.0,6.895,0.613,253.336,10,2,False,0.9,0.0
t-08-018,8,delay_tolerant,0.972,0.0,8.631,0.589,396.722,10,2,False,0.9,0.0
t-08-019,8,delay_tolerant,1.097,0.0,7.569,0.718,155.178,11,2,True,0.9,0.06
t-08-020,8,delay_tolerant,1.106,0.0,8.461,0.35,335.385,10,2,True,0.9,0.06
t-08-021,8,delay_tolerant,0.876,0.0,7.255,0.774,328.075,12,2,True,0.9,0.06
t-08-022,8,delay_tolerant,0.95,0.0,4.233,0.783,267.184,10,2,True,0.9,0.06
t-08-023,8,delay_tolerant,1.061,0.0,4.522,0.813,272.482,10,2,True,0.9,0.06
t-08-024,8,delay_tolerant,1.197,0.0,5.385,0.422,318.758,11,2,True,0.9,0.06
t-08-025,8,delay_tolerant,0.948,0.0,6.329,0.452,230.395,12,2,True,0.9,0.06
t-08-026,8,delay_tolerant,0.959,0.0,3.828,0.818,162.871,11,2,False,0.9,0.0
t-08-027,8,delay_tolerant,1.08,0.0,3.971,0.429,264.202,10,2,True,0.9,0.06
t-08-028,8,delay_tolerant,1.046,0.0,7.107,0.331,260.077,11,2,False,0.9,0.0
t-08-029,8,delay_tolerant,0.836,0.0,3.872,0.856,276.736,12,2,True,0.9,0.06
t-08-030,8,delay_tolerant,0.948,0.0,6.654,0.735,455.047,10,2,True,0.9,0.06
t-08-031,8,delay_tolerant,1.008,0.0,7.27,0.658,460.458,11,2,True,0.9,0.06
t-08-032,8,delay_tolerant,0.976,0.0,4.21,0.694,409.408,10,2,False,0.9,0.0
t-08-033,8,delay_tolerant,1.114,0.0,6.063,0.719,341.468,11,2,True,0.9,0.06
t-08-034,8,delay_tolerant,0.896,0.0,3.002,0.394,478.854,12,2,True,0.9,0.06
t-08-035,8,delay_tolerant,0.958,0.0,6.516,0.611,385.293,11,2,True,0.9,0.06
t-08-036,8,delay_tolerant,1.02,0.0,7.357,0.635,329.856,10,2,False,0.9,0.0
t-08-037,8,delay_tolerant,0.911,0.0,6.638,0.417,454.697,11,2,False,0.9,0.0
t-08-038,8,delay_tolerant,0.87,0.0,6.037,0.635,301.141,12,2,True,0.9,0.06
t-08-039,8,delay_tolerant,1.121,0.0,8.74,0.826,412.733,11,2,False,0.9,0.0
t-08-040,8,delay_tolerant,0.977,0.0,5.262,0.59,207.578,12,2,True,0.9,0.06
t-08-041,8,delay_tolerant,0.984,0.0,5.764,0.652,129.846,11,2,False,0.9,0.0
t-08-042,8,delay_tolerant,0.953,0.0,7.732,0.432,372.423,10,2,True,0.9,0.06
t-08-043,8,delay_tolerant,0.941,0.0,6.214,0.72,214.806,11,2,True,0.9,0.06
t-08-044,8,delay_tolerant,1.069,0.0,7.926,0.346,455.303,11,2,True,0.9,0.06
t-08-045,8,delay_tolerant,0.887,0.0,6.442,0.41,388.616,11,2,True,0.9,0.06
t-08-046,8,delay_tolerant,0.88,0.0,7.413,0.824,194.44,10,2,True,0.9,0.06
t-08-047,8,delay_tolerant,1.135,0.0,5.136,0.767,163.156,10,2,False,0.9,0.0
t-08-048,8,delay_tolerant,1.065,0.0,6.683,0.759,314.931,10,2,False,0.9,0.0
t-08-049,8,delay_tolerant,0.948,0.0,4.893,0.839,437.155,10,2,False,0.9,0.0
t-08-050,8,delay_tolerant,0.996,0.0,8.906,0.85,220.896,12,2,False,0.9,0.0
t-08-051,8,delay_tolerant,0.851,0.0,6.154,0.554,458.276,10,2,False,0.9,0.0
t-08-052,8,delay_tolerant,0.957,0.0,7.118,0.405,471.543,10,2,True,0.9,0.06
t-08-053,8,delay_tolerant,0.926,0.0,3.051,0.704,256.594,12,2,True,0.9,0.06
t-08-054,8,delay_tolerant,1.045,0.0,4.558,0.629,205.37,10,2,True,0.9,0.06
g-08-000,8,token_batch,0.337,0.91,12.239,1.051,3711.0,13,1,True,0.95,0.06
g-08-001,8,token_batch,0.542,0.968,9.799,0.879,2695.0,12,1,True,0.95,0.06
g-08-002,8,token_batch,0.291,0.86,10.699,0.941,4009.0,14,1,True,0.95,0.06
g-08-003,8,token_batch,0.352,0.888,17.591,0.89,4707.0,13,1,True,0.95,0.06
g-08-004,8,token_batch,0.369,0.881,16.933,1.178,1923.0,10,1,True,0.95,0.06
g-08-005,8,token_batch,0.326,1.092,10.51,1.315,4151.0,14,1,True,0.95,0.06
g-08-006,8,token_batch,0.24,0.898,10.155,0.953,2831.0,10,1,True,0.95,0.06
g-08-007,8,token_batch,0.498,0.956,11.603,1.134,3042.0,10,1,True,0.95,0.06
g-08-008,8,token_batch,0.208,0.873,16.674,1.378,2609.0,12,1,True,0.95,0.06
g-08-009,8,token_batch,0.43,1.189,9.745,1.268,3562.0,11,1,True,0.95,0.06
g-08-010,8,token_batch,0.469,1.092,15.365,1.334,2531.0,12,1,True,0.95,0.06
g-08-011,8,token_batch,0.315,1.179,9.448,0.901,3713.0,13,1,True,0.95,0.06
g-08-012,8,token_batch,0.453,1.143,16.489,0.843,2927.0,12,1,True,0.95,0.06
g-08-013,8,token_batch,0.291,0.99,10.914,0.96,2607.0,11,1,True,0.95,0.06
g-08-014,8,token_batch,0.555,1.269,17.388,1.249,2311.0,13,1,True,0.95,0.06
g-08-015,8,token_batch,0.366,0.91,8.231,1.237,3044.0,14,1,True,0.95,0.06
g-08-016,8,token_batch,0.48,0.848,9.669,0.862,4246.0,12,1,True,0.95,0.06
g-08-017,8,token_batch,0.389,0.832,15.709,1.114,4799.0,10,1,True,0.95,0.06
g-08-018,8,token_batch,0.305,0.893,14.548,1.331,1625.0,10,1,True,0.95,0.06
g-08-019,8,token_batch,0.299,0.971,14.265,0.879,2139.0,12,1,True,0.95,0.06
g-08-020,8,token_batch,0.214,1.014,17.153,1.319,1317.0,11,1,True,0.95,0.06
g-08-021,8,token_batch,0.416,0.963,12.448,1.382,4767.0,13,1,True,0.95,0.06
g-08-022,8,token_batch,0.436,1.074,15.489,1.326,1925.0,14,1,True,0.95,0.06
g-08-023,8,token_batch,0.456,1.12,17.089,1.089,3344.0,13,1,True,0.95,0.06
g-08-024,8,token_batch,0.236,0.985,12.122,0.893,4496.0,11,1,True,0.95,0.06
g-08-025,8,token_batch,0.409,1.255,9.363,0.972,1200.0,10,1,True,0.95,0.06
g-08-026,8,token_batch,0.475,1.095,15.555,0.98,1234.0,14,1,True,0.95,0.06
g-08-027,8,token_batch,0.317,0.939,8.072,1.024,4468.0,13,1,True,0.95,0.06
g-08-028,8,token_batch,0.375,0.95,15.149,1.188,3496.0,13,1,True,0.95,0.06
g-08-029,8,token_batch,0.305,1.053,10.396,1.259,2103.0,13,1,True,0.95,0.06
g-08-030,8,token_batch,0.478,0.963,14.485,1.119,4507.0,14,1,True,0.95,0.06
g-08-031,8,token_batch,0.275,0.841,9.366,0.866,2891.0,12,1,True,0.95,0.06
g-08-032,8,token_batch,0.381,1.22,12.92,0.992,3730.0,13,1,True,0.95,0.06
g-08-033,8,token_batch,0.588,0.813,17.723,0.969,1403.0,11,1,True,0.95,0.06
g-08-034,8,token_batch,0.375,0.805,8.902,0.809,4129.0,11,1,True,0.95,0.06
g-08-035,8,token_batch,0.368,1.271,12.984,1.023,2600.0,11,1,True,0.95,0.06
g-08-036,8,token_batch,0.232,1.25,9.461,0.96,2552.0,10,1,True,0.95,0.06
g-08-037,8,token_batch,0.417,0.909,16.957,0.95,1492.0,13,1,True,0.95,0.06
g-08-038,8,token_batch,0.205,1.385,15.147,1.031,4592.0,13,1,True,0.95,0.06
g-08-039,8,token_batch,0.495,0.82,12.608,1.263,2212.0,13,1,True,0.95,0.06
g-08-040,8,token_batch,0.593,1.084,14.814,0.987,3927.0,14,1,True,0.95,0.06
g-08-041,8,token_batch,0.452,0.825,17.374,1.113,1849.0,12,1,True,0.95,0.06
s-09-000,9,delay_sensitive,1.219,0.0,5.192,0.933,0.0,10,3,False,1.5,0.0
s-09-001,9,delay_sensitive,1.009,0.0,4.678,0.78,0.0,10,3,False,1.5,0.0
s-09-002,9,delay_sensitive,0.984,0.0,5.657,0.472,0.0,10,3,False,1.5,0.0
s-09-003,9,delay_sensitive,0.904,0.0,4.252,0.87,0.0,10,3,False,1.5,0.0
s-09-004,9,delay_sensitive,1.198,0.0,6.228,0.454,0.0,10,3,False,1.5,0.0
s-09-005,9,delay_sensitive,0.946,0.0,7.712,0.959,0.0,10,3,False,1.5,0.0
s-09-006,9,delay_sensitive,1.213,0.0,4.359,0.787,0.0,10,3,False,1.5,0.0
s-09-007,9,delay_sensitive,1.296,0.0,4.755,0.54,0.0,10,3,False,1.5,0.0
s-09-008,9,delay_sensitive,1.294,0.0,8.54,0.883,0.0,10,3,False,1.5,0.0
s-09-009,9,delay_sensitive,0.996,0.0,8.135,0.615,0.0,10,3,False,1.5,0.0
s-09-010,9,delay_sensitive,1.349,0.0,6.912,0.663,0.0,10,3,False,1.5,0.0
s-09-011,9,delay_sensitive,1.249,0.0,5.139,0.512,0.0,10,3,False,1.5,0.0
s-09-012,9,delay_sensitive,1.266,0.0,5.652,0.899,0.0,10,3,False,1.5,0.0
s-09-013,9,delay_sensitive,1.177,0.0,4.413,0.493,0.0,10,3,False,1.5,0.0
s-09-014,9,delay_sensitive,1.032,0.0,6.203,0.4,0.0,10,3,False,1.5,0.0
s-09-015,9,delay_sensitive,1.09,0.0,5.113,0.411,0.0,10,3,False,1.5,0.0
s-09-016,9,delay_sensitive,1.288,0.0,5.433,0.833,0.0,10,3,False,1.5,0.0
s-09-017,9,delay_sensitive,1.169,0.0,6.325,0.714,0.0,10,3,False,1.5,0.0
s-09-018,9,delay_sensitive,1.176,0.0,7.678,0.594,0.0,10,3,False,1.5,0.0
s-09-019,9,delay_sensitive,0.955,0.0,7.139,0.44,0.0,10,3,False,1.5,0.0
s-09-020,9,delay_sensitive,0.965,0.0,9.241,0.521,0.0,10,3,False,1.5,0.0
s-09-021,9,delay_sensitive,0.949,0.0,7.426,0.902,0.0,10,3,False,1.5,0.0
s-09-022,9,delay_sensitive,1.163,0.0,8.208,0.554,0.0,10,3,False,1.5,0.0
s-09-023,9,delay_sensitive,1.203,0.0,4.425,0.958,0.0,10,3,False,1.5,0.0
s-09-024,9,delay_sensitive,1.146,0.0,9.339,0.448,0.0,10,3,False,1.5,0.0
s-09-025,9,delay_sensitive,0.93,0.0,7.348,0.963,0.0,10,3,False,1.5,0.0
s-09-026,9,delay_sensitive,1.085,0.0,8.251,0.894,0.0,10,3,False,1.5,0.0
s-09-027,9,delay_sensitive,0.92,0.0,4.422,0.582,0.0,10,3,False,1.5,0.0
s-09-028,9,delay_sensitive,1.38,0.0,4.583,0.835,0.0,10,3,False,1.5,0.0
s-09-029,9,delay_sensitive,0.995,0.0,7.157,0.549,0.0,10,3,False,1.5,0.0
s-09-030,9,delay_sensitive,0.989,0.0,8.495,0.649,0.0,10,3,False,1.5,0.0
s-09-031,9,delay_sensitive,1.219,0.0,6.148,0.675,0.0,10,3,False,1.5,0.0
s-09-032,9,delay_sensitive,1.341,0.0,5.001,0.508,0.0,10,3,False,1.5,0.0
s-09-033,9,delay_sensitive,1.069,0.0,4.949,0.999,0.0,10,3,False,1.5,0.0
s-09-034,9,delay_sensitive,1.076,0.0,5.891,0.995,0.0,10,3,False,1.5,0.0
s-09-035,9,delay_sensitive,1.086,0.0,8.585,0.658,0.0,10,3,False,1.5,0.0
s-09-036,9,delay_sensitive,1.204,0.0,7.379,0.528,0.0,10,3,False,1.5,0.0
s-09-037,9,delay_sensitive,1.363,0.0,5.525,0.977,0.0,10,3,False,1.5,0.0
s-09-038,9,delay_sensitive,1.099,0.0,8.358,0.99,0.0,10,3,False,1.5,0.0
s-09-039,9,delay_sensitive,1.159,0.0,9.96,0.581,0.0,10,3,False,1.5,0.0
s-09-040,9,delay_sensitive,1.011,0.0,9.134,0.413,0.0,10,3,False,1.5,0.0
s-09-041,9,delay_sensitive,1.245,0.0,5.656,0.732,0.0,10,3,False,1.5,0.0
s-09-042,9,delay_sensitive,1.363,0.0,4.928,0.423,0.0,10,3,False,1.5,0.0
s-09-043,9,delay_sensitive,0.969,0.0,6.202,0.749,0.0,10,3,False,1.5,0.0
s-09-044,9,delay_sensitive,1.306,0.0,4.551,0.64,0.0,10,3,False,1.5,0.0
s-09-045,9,delay_sensitive,1.267,0.0,8.341,0.876,0.0,10,3,False,1.5,0.0
s-09-046,9,delay_sensitive,1.313,0.0,8.138,0.746,0.0,10,3,False,1.5,0.0
s-09-047,9,delay_sensitive,1.198,0.0,5.802,0.838,0.0,10,3,False,1.5,0.0
s-09-048,9,delay_sensitive,0.939,0.0,4.336,0.863,0.0,10,3,False,1.5,0.0
s-09-049,9,delay_sensitive,1.309,0.0,6.499,0.921,0.0,10,3,False,1.5,0.0
s-09-050,9,delay_sensitive,1.013,0.0,7.917,0.761,0.0,10,3,False,1.5,0.0
s-09-051,9,delay_sensitive,1.289,0.0,6.295,0.583,0.0,10,3,True,1.5,0.18
s-09-052,9,delay_sensitive,1.17,0.0,4.897,0.701,0.0,10,3,False,1.5,0.0
s-09-053,9,delay_sensitive,0.925,0.0,8.389,0.636,0.0,10,3,False,1.5,0.0
s-09-054,9,delay_sensitive,1.198,0.0,7.028,0.533,0.0,10,3,False,1.5,0.0
s-09-055,9,delay_sensitive,1.097,0.0,4.793,0.45,0.0,10,3,False,1.5,0.0
s-09-056,9,delay_sensitive,0.925,0.0,6.395,0.451,0.0,10,3,False,1.5,0.0
s-09-057,9,delay_sensitive,1.287,0.0,4.782,0.481,0.0,10,3,False,1.5,0.0
s-09-058,9,delay_sensitive,1.144,0.0,7.913,0.518,0.0,10,3,False,1.5,0.0
s-09-059,9,delay_sensitive,1.268,0.0,5.477,0.443,0.0,10,3,False,1.5,0.0
s-09-060,9,delay_sensitive,1.062,0.0,9.545,0.454,0.0,10,3,False,1.5,0.0
s-09-061,9,delay_sensitive,1.112,0.0,6.09,0.592,0.0,10,3,False,1.5,0.0
s-09-062,9,delay_sensitive,0.912,0.0,5.829,0.993,0.0,10,3,False,1.5,0.0
s-09-063,9,delay_sensitive,1.395,0.0,6.653,0.487,0.0,10,3,False,1.5,0.0
s-09-064,9,delay_sensitive,1.309,0.0,5.198,0.624,0.0,10,3,False,1.5,0.0
s-09-065,9,delay_sensitive,1.326,0.0,4.674,0.433,0.0,10,3,False,1.5,0.0
s-09-066,9,delay_sensitive,1.363,0.0,9.213,0.892,0.0,10,3,False,1.5,0.0
s-09-067,9,delay_sensitive,1.247,0.0,4.668,0.67,0.0,10,3,True,1.5,0.18
s-09-068,9,delay_sensitive,1.005,0.0,7.228,0.522,0.0,10,3,True,1.5,0.18
s-09-069,9,delay_sensitive,1.029,0.0,6.898,0.838,0.0,10,3,False,1.5,0.0
s-09-070,9,delay_sensitive,1.249,0.0,4.11,0.75,0.0,10,3,False,1.5,0.0
s-09-071,9,delay_sensitive,0.922,0.0,5.022,0.57,0.0,10,3,False,1.5,0.0
s-09-072,9,delay_sensitive,1.209,0.0,4.319,0.793,0.0,10,3,False,1.5,0.0
s-09-073,9,delay_sensitive,1.094,0.0,5.628,0.911,0.0,10,3,True,1.5,0.18
s-09-074,9,delay_sensitive,1.332,0.0,4.114,0.92,0.0,10,3,False,1.5,0.0
s-09-075,9,delay_sensitive,1.016,0.0,6.284,0.986,0.0,10,3,False,1.5,0.0
s-09-076,9,delay_sensitive,1.058,0.0,9.201,0.719,0.0,10,3,False,1.5,0.0
s-09-077,9,delay_sensitive,1.15,0.0,6.748,0.956,0.0,10,3,False,1.5,0.0
s-09-078,9,delay_sensitive,1.024,0.0,7.176,0.6,0.0,10,3,True,1.5,0.18
s-09-079,9,delay_sensitive,0.979,0.0,6.081,0.611,0.0,10,3,False,1.5,0.0
s-09-080,9,delay_sensitive,1.018,0.0,9.869,0.701,0.0,10,3,False,1.5,0.0
s-09-081,9,delay_sensitive,1.213,0.0,9.272,0.934,0.0,10,3,False,1.5,0.0
s-09-082,9,delay_sensitive,0.915,0.0,7.33,0.568,0.0,10,3,False,1.5,0.0
s-09-083,9,delay_sensitive,1.349,0.0,7.942,0.453,0.0,10,3,False,1.5,0.0
s-09-084,9,delay_sensitive,1.38,0.0,7.675,0.775,0.0,10,3,False,1.5,0.0
s-09-085,9,delay_sensitive,1.02,0.0,4.916,0.982,0.0,10,3,False,1.5,0.0
s-09-086,9,delay_sensitive,1.065,0.0,7.253,0.524,0.0,10,3,False,1.5,0.0
s-09-087,9,delay_sensitive,1.171,0.0,8.801,0.918,0.0,10,3,False,1.5,0.0
s-09-088,9,delay_sensitive,1.253,0.0,7.143,0.481,0.0,10,3,False,1.5,0.0
s-09-089,9,delay_sensitive,1.388,0.0,4.871,0.96,0.0,10,3,False,1.5,0.0
s-09-090,9,delay_sensitive,1.059,0.0,7.344,0.969,0.0,10,3,False,1.5,0.0
s-09-091,9,delay_sensitive,1.059,0.0,9.278,0.836,0.0,10,3,False,1.5,0.0
s-09-092,9,delay_sensitive,1.34,0.0,6.484,0.647,0.0,10,3,False,1.5,0.0
s-09-093,9,delay_sensitive,1.367,0.0,9.365,0.96,0.0,10,3,False,1.5,0.0
s-09-094,9,delay_sensitive,1.29,0.0,4.641,0.511,0.0,10,3,False,1.5,0.0
s-09-095,9,delay_sensitive,1.206,0.0,5.601,0.74,0.0,10,3,False,1.5,0.0
s-09-096,9,delay_sensitive,1.016,0.0,8.124,0.616,0.0,10,3,False,1.5,0.0
s-09-097,9,delay_sensitive,1.138,0.0,7.014,0.763,0.0,10,3,False,1.5,0.0
s-09-098,9,delay_sensitive,1.087,0.0,9.113,0.695,0.0,10,3,False,1.5,0.0
s-09-099,9,delay_sensitive,0.997,0.0,4.193,0.859,0.0,10,3,False,1.5,0.0
s-09-100,9,delay_sensitive,1.035,0.0,6.478,0.845,0.0,10,3,True,1.5,0.18
s-09-101,9,delay_sensitive,1.279,0.0,4.397,0.956,0.0,10,3,False,1.5,0.0
s-09-102,9,delay_sensitive,1.334,0.0,6.94,0.595,0.0,10,3,False,1.5,0.0
s-09-103,9,delay_sensitive,1.023,0.0,6.429,0.425,0.0,10,3,False,1.5,0.0
s-09-104,9,delay_sensitive,1.09,0.0,5.877,0.767,0.0,10,3,False,1.5,0.0
s-09-105,9,delay_sensitive,1.197,0.0,7.151,0.925,0.0,10,3,False,1.5,0.0
s-09-106,9,delay_sensitive,1.16,0.0,6.71,0.896,0.0,10,3,False,1.5,0.0
s-09-107,9,delay_sensitive,1.398,0.0,7.112,0.637,0.0,10,3,False,1.5,0.0
s-09-108,9,delay_sensitive,1.179,0.0,7.097,0.778,0.0,10,3,False,1.5,0.0
s-09-109,9,delay_sensitive,1.046,0.0,6.388,0.583,0.0,10,3,False,1.5,0.0
s-09-110,9,delay_sensitive,1.131,0.0,6.535,0.768,0.0,10,3,False,1.5,0.0
s-09-111,9,delay_sensitive,1.158,0.0,4.853,0.898,0.0,10,3,False,1.5,0.0
s-09-112,9,delay_sensitive,1.261,0.0,4.679,0.867,0.0,10,3,False,1.5,0.0
s-09-113,9,delay_sensitive,1.248,0.0,4.812,0.648,0.0,10,3,False,1.5,0.0
t-09-000,9,delay_tolerant,0.981,0.0,8.38,0.837,437.717,12,2,True,0.9,0.06
t-09-001,9,delay_tolerant,1.077,0.0,8.443,0.778,378.615,11,2,True,0.9,0.06
t-09-002,9,delay_tolerant,1.082,0.0,6.804,0.351,374.62,11,2,True,0.9,0.06
t-09-003,9,delay_tolerant,1.005,0.0,8.699,0.527,257.019,13,2,False,0.9,0.0
t-09-004,9,delay_tolerant,1.026,0.0,6.957,0.39,432.775,11,2,False,0.9,0.0
t-09-005,9,delay_tolerant,0.821,0.0,4.848,0.738,465.948,11,2,False,0.9,0.0
t-09-006,9,delay_tolerant,0.847,0.0,3.789,0.422,344.122,12,2,False,0.9,0.0
t-09-007,9,delay_tolerant,0.999,0.0,5.992,0.784,338.874,12,2,True,0.9,0.06
t-09-008,9,delay_tolerant,1.036,0.0,5.854,0.546,148.586,12,2,True,0.9,0.06
t-09-009,9,delay_tolerant,1.153,0.0,4.669,0.677,415.244,13,2,True,0.9,0.06
t-09-010,9,delay_tolerant,0.859,0.0,6.92,0.322,427.379,11,2,True,0.9,0.06
t-09-011,9,delay_tolerant,1.041,0.0,4.987,0.353,159.2,13,2,True,0.9,0.06
t-09-012,9,delay_tolerant,0.914,0.0,6.966,0.72,326.022,11,2,True,0.9,0.06
t-09-013,9,delay_tolerant,0.982,0.0,6.474,0.859,153.525,13,2,True,0.9,0.06
t-09-014,9,delay_tolerant,1.159,0.0,7.922,0.755,423.591,12,2,True,0.9,0.06
t-09-015,9,delay_tolerant,0.854,0.0,7.168,0.465,309.739,11,2,True,0.9,0.06
t-09-016,9,delay_tolerant,0.884,0.0,3.349,0.643,472.566,13,2,True,0.9,0.06
t-09-017,9,delay_tolerant,0.993,0.0,7.132,0.86,475.06,13,2,False,0.9,0.0
t-09-018,9,delay_tolerant,1.139,0.0,4.558,0.645,344.368,12,2,True,0.9,0.06
t-09-019,9,delay_tolerant,0.999,0.0,7.375,0.599,410.873,11,2,True,0.9,0.06
t-09-020,9,delay_tolerant,0.916,0.0,4.161,0.371,287.359,13,2,True,0.9,0.06
t-09-021,9,delay_tolerant,0.883,0.0,6.692,0.549,136.377,11,2,False,0.9,0.0
t-09-022,9,delay_tolerant,1.055,0.0,3.068,0.421,221.386,12,2,True,0.9,0.06
t-09-023,9,delay_tolerant,1.003,0.0,4.944,0.304,366.901,11,2,True,0.9,0.06
t-09-024,9,delay_tolerant,1.028,0.0,8.761,0.799,189.846,12,2,True,0.9,0.06
t-09-025,9,delay_tolerant,0.992,0.0,5.847,0.321,168.871,12,2,False,0.9,0.0
t-09-026,9,delay_tolerant,1.157,0.0,6.222,0.501,402.236,11,2,False,0.9,0.0
t-09-027,9,delay_tolerant,0.822,0.0,6.126,0.639,364.151,12,2,False,0.9,0.0
t-09-028,9,delay_tolerant,0.883,0.0,7.113,0.78,439.691,13,2,True,0.9,0.06
t-09-029,9,delay_tolerant,0.86,0.0,8.044,0.503,255.087,12,2,True,0.9,0.06
t-09-030,9,delay_tolerant,1.028,0.0,5.337,0.657,431.254,13,2,False,0.9,0.0
t-09-031,9,delay_tolerant,0.926,0.0,3.19,0.548,298.94,12,2,False,0.9,0.0
t-09-032,9,delay_tolerant,1.132,0.0,4.816,0.615,183.005,11,2,True,0.9,0.06
t-09-033,9,delay_tolerant,1.111,0.0,8.48,0.566,128.977,12,2,False,0.9,0.0
t-09-034,9,delay_tolerant,0.862,0.0,5.041,0.59,434.596,12,2,False,0.9,0.0
t-09-035,9,delay_tolerant,0.857,0.0,8.231,0.793,457.689,12,2,False,0.9,0.0
t-09-036,9,delay_tolerant,0.882,0.0,3.219,0.533,431.332,13,2,False,0.9,0.0
t-09-037,9,delay_tolerant,1.173,0.0,7.122,0.657,151.347,11,2,True,0.9,0.06
t-09-038,9,delay_tolerant,0.841,0.0,7.597,0.747,128.093,12,2,False,0.9,0.0
t-09-039,9,delay_tolerant,0.884,0.0,4.203,0.472,311.619,12,2,False,0.9,0.0
t-09-040,9,delay_tolerant,0.909,0.0,3.945,0.369,464.987,12,2,False,0.9,0.0
t-09-041,9,delay_tolerant,0.883,0.0,5.102,0.491,170.96,13,2,True,0.9,0.06
t-09-042,9,delay_tolerant,1.03,0.0,4.028,0.487,441.208,13,2,False,0.9,0.0
t-09-043,9,delay_tolerant,0.852,0.0,5.824,0.705,158.134,13,2,True,0.9,0.06
t-09-044,9,delay_tolerant,0.957,0.0,7.228,0.835,346.609,11,2,True,0.9,0.06
t-09-045,9,delay_tolerant,1.047,0.0,4.875,0.79,376.644,13,2,False,0.9,0.0
t-09-046,9,delay_tolerant,0.831,0.0,8.537,0.759,324.404,13,2,False,0.9,0.0
t-09-047,9,delay_tolerant,1.168,0.0,5.81,0.573,366.412,11,2,False,0.9,0.0
t-09-048,9,delay_tolerant,0.988,0.0,8.685,0.386,442.452,13,2,False,0.9,0.0
t-09-049,9,delay_tolerant,0.957,0.0,7.198,0.699,403.96,12,2,False,0.9,0.0
t-09-050,9,delay_tolerant,0.812,0.0,5.852,0.511,286.047,12,2,True,0.9,0.06
t-09-051,9,delay_tolerant,0.939,0.0,6.448,0.605,266.047,11,2,True,0.9,0.06
t-09-052,9,delay_tolerant,0.93,0.0,6.897,0.775,311.788,13,2,False,0.9,0.0
t-09-053,9,delay_tolerant,0.895,0.0,4.462,0.395,293.655,12,2,True,0.9,0.06
t-09-054,9,delay_tolerant,1.126,0.0,6.546,0.771,276.727,11,2,True,0.9,0.06
t-09-055,9,delay_tolerant,0.894,0.0,6.976,0.347,455.111,12,2,True,0.9,0.06
t-09-056,9,delay_tolerant,0.846,0.0,6.576,0.495,155.155,13,2,False,0.9,0.0
t-09-057,9,delay_tolerant,1.182,0.0,3.418,0.365,413.064,12,2,True,0.9,0.06
t-09-058,9,delay_tolerant,1.058,0.0,3.369,0.431,170.01,12,2,True,0.9,0.06
t-09-059,9,delay_tolerant,1.054,0.0,3.001,0.388,173.718,13,2,False,0.9,0.0
t-09-060,9,delay_tolerant,1.046,0.0,5.683,0.423,435.873,13,2,True,0.9,0.06
t-09-061,9,delay_tolerant,1.165,0.0,4.827,0.866,276.502,12,2,True,0.9,0.06
t-09-062,9,delay_tolerant,1.033,0.0,6.669,0.606,425.149,12,2,False,0.9,0.0
t-09-063,9,delay_tolerant,1.16,0.0,8.807,0.301,321.611,12,2,True,0.9,0.06
g-09-000,9,token_batch,0.544,1.319,10.352,1.221,1649.0,13,1,True,0.95,0.06
g-09-001,9,token_batch,0.327,1.03,11.816,1.127,3760.0,14,1,True,0.95,0.06
g-09-002,9,token_batch,0.256,1.133,16.433,1.016,3145.0,12,1,True,0.95,0.06
g-09-003,9,token_batch,0.315,1.324,9.255,0.807,1831.0,14,1,True,0.95,0.06
g-09-004,9,token_batch,0.489,1.092,12.367,1.394,1789.0,11,1,True,0.95,0.06
g-09-005,9,token_batch,0.457,1.05,12.56,1.273,1762.0,11,1,True,0.95,0.06
g-09-006,9,token_batch,0.449,1.073,12.241,1.292,2943.0,15,1,True,0.95,0.06
g-09-007,9,token_batch,0.29,1.055,8.074,1.099,2655.0,14,1,True,0.95,0.06
g-09-008,9,token_batch,0.401,1.047,13.462,1.02,4116.0,12,1,True,0.95,0.06
g-09-009,9,token_batch,0.393,1.021,13.803,1.377,3527.0,11,1,True,0.95,0.06
g-09-010,9,token_batch,0.492,1.116,16.594,1.25,1781.0,11,1,True,0.95,0.06
g-09-011,9,token_batch,0.407,1.114,14.101,0.947,3104.0,13,1,True,0.95,0.06
g-09-012,9,token_batch,0.453,1.279,11.125,0.832,4001.0,11,1,True,0.95,0.06
g-09-013,9,token_batch,0.511,1.081,13.127,1.082,3391.0,13,1,True,0.95,0.06
g-09-014,9,token_batch,0.341,1.387,10.946,0.901,2924.0,13,1,True,0.95,0.06
g-09-015,9,token_batch,0.322,1.271,10.604,1.178,4269.0,15,1,True,0.95,0.06
g-09-016,9,token_batch,0.429,1.194,10.918,1.242,1892.0,15,1,True,0.95,0.06
g-09-017,9,token_batch,0.394,0.876,8.769,1.27,2374.0,11,1,True,0.95,0.06
g-09-018,9,token_batch,0.446,0.965,10.57,1.245,1742.0,13,1,True,0.95,0.06
g-09-019,9,token_batch,0.564,1.243,14.592,1.022,1915.0,15,1,True,0.95,0.06
g-09-020,9,token_batch,0.513,0.942,9.808,1.116,2270.0,12,1,True,0.95,0.06
g-09-021,9,token_batch,0.594,1.38,13.955,1.293,2604.0,11,1,True,0.95,0.06
g-09-022,9,token_batch,0.597,1.262,10.379,1.064,4283.0,14,1,True,0.95,0.06
g-09-023,9,token_batch,0.431,1.305,8.543,0.959,2063.0,12,1,True,0.95,0.06
g-09-024,9,token_batch,0.267,1.039,11.014,1.248,1415.0,11,1,True,0.95,0.06
g-09-025,9,token_batch,0.352,1.223,12.746,0.887,2157.0,15,1,True,0.95,0.06
g-09-026,9,token_batch,0.316,1.278,11.82,0.989,1248.0,14,1,True,0.95,0.06
g-09-027,9,token_batch,0.582,0.858,13.313,1.012,3997.0,15,1,True,0.95,0.06
g-09-028,9,token_batch,0.567,1.315,11.35,0.96,3700.0,14,1,True,0.95,0.06
g-09-029,9,token_batch,0.462,1.035,15.732,1.249,2245.0,11,1,True,0.95,0.06
g-09-030,9,token_batch,0.278,1.002,14.903,0.908,4355.0,15,1,True,0.95,0.06
g-09-031,9,token_batch,0.469,1.299,8.12,0.859,1243.0,15,1,True,0.95,0.06
g-09-032,9,token_batch,0.378,0.932,10.833,0.916,4007.0,11,1,True,0.95,0.06
g-09-033,9,token_batch,0.237,1.363,14.566,1.301,3737.0,11,1,True,0.95,0.06
g-09-034,9,token_batch,0.249,1.375,8.864,1.163,3813.0,15,1,True,0.95,0.06
g-09-035,9,token_batch,0.506,1.189,16.032,0.911,3888.0,14,1,True,0.95,0.06
g-09-036,9,token_batch,0.274,0.977,14.605,0.845,4049.0,11,1,True,0.95,0.06
g-09-037,9,token_batch,0.508,1.215,14.676,1.262,2332.0,14,1,True,0.95,0.06
g-09-038,9,token_batch,0.512,0.966,8.624,1.033,1863.0,13,1,True,0.95,0.06
g-09-039,9,token_batch,0.582,0.959,12.406,1.095,2257.0,11,1,True,0.95,0.06
g-09-040,9,token_batch,0.357,1.187,9.084,1.124,3699.0,12,1,True,0.95,0.06
g-09-041,9,token_batch,0.446,0.864,12.416,0.955,2094.0,14,1,True,0.95,0.06
g-09-042,9,token_batch,0.228,1.237,15.772,0.811,1498.0,11,1,True,0.95,0.06
g-09-043,9,token_batch,0.461,0.801,8.378,1.034,1809.0,14,1,True,0.95,0.06
g-09-044,9,token_batch,0.332,1.035,8.037,1.225,4067.0,12,1,True,0.95,0.06
g-09-045,9,token_batch,0.374,1.306,15.809,1.271,3158.0,14,1,True,0.95,0.06
g-09-046,9,token_batch,0.201,1.372,16.18,1.089,2125.0,15,1,True,0.95,0.06
g-09-047,9,token_batch,0.574,1.015,14.818,1.04,3392.0,15,1,True,0.95,0.06
g-09-048,9,token_batch,0.414,1.377,8.805,1.076,2696.0,11,1,True,0.95,0.06
g-09-049,9,token_batch,0.281,1.133,17.675,1.196,3853.0,13,1,True,0.95,0.06
s-10-000,10,delay_sensitive,1.095,0.0,4.641,0.813,0.0,11,3,False,1.5,0.0
s-10-001,10,delay_sensitive,1.343,0.0,6.628,0.514,0.0,11,3,False,1.5,0.0
s-10-002,10,delay_sensitive,0.913,0.0,9.978,0.543,0.0,11,3,False,1.5,0.0
s-10-003,10,delay_sensitive,1.296,0.0,7.86,0.7,0.0,11,3,False,1.5,0.0
s-10-004,10,delay_sensitive,1.306,0.0,9.799,0.41,0.0,11,3,False,1.5,0.0
s-10-005,10,delay_sensitive,1.069,0.0,8.326,0.643,0.0,11,3,False,1.5,0.0
s-10-006,10,delay_sensitive,1.227,0.0,7.139,0.964,0.0,11,3,False,1.5,0.0
s-10-007,10,delay_sensitive,1.168,0.0,8.446,0.54,0.0,11,3,False,1.5,0.0
s-10-008,10,delay_sensitive,1.268,0.0,6.933,0.411,0.0,11,3,False,1.5,0.0
s-10-009,10,delay_sensitive,1.209,0.0,5.456,0.789,0.0,11,3,False,1.5,0.0
s-10-010,10,delay_sensitive,1.216,0.0,9.428,0.892,0.0,11,3,True,1.5,0.18
s-10-011,10,delay_sensitive,1.206,0.0,9.012,0.438,0.0,11,3,False,1.5,0.0
s-10-012,10,delay_sensitive,0.957,0.0,7.57,0.769,0.0,11,3,False,1.5,0.0
s-10-013,10,delay_sensitive,1.001,0.0,6.024,0.902,0.0,11,3,False,1.5,0.0
s-10-014,10,delay_sensitive,1.101,0.0,4.725,0.81,0.0,11,3,False,1.5,0.0
s-10-015,10,delay_sensitive,1.061,0.0,9.788,0.528,0.0,11,3,False,1.5,0.0
s-10-016,10,delay_sensitive,0.987,0.0,4.379,0.564,0.0,11,3,False,1.5,0.0
s-10-017,10,delay_sensitive,0.984,0.0,6.22,0.499,0.0,11,3,False,1.5,0.0
s-10-018,10,delay_sensitive,1.191,0.0,4.8,0.875,0.0,11,3,False,1.5,0.0
s-10-019,10,delay_sensitive,1.088,0.0,4.947,0.928,0.0,11,3,False,1.5,0.0
s-10-020,10,delay_sensitive,0.904,0.0,9.557,0.824,0.0,11,3,False,1.5,0.0
s-10-021,10,delay_sensitive,1.042,0.0,8.161,0.875,0.0,11,3,False,1.5,0.0
s-10-022,10,delay_sensitive,0.963,0.0,4.859,0.563,0.0,11,3,False,1.5,0.0
s-10-023,10,delay_sensitive,1.02,0.0,5.047,0.815,0.0,11,3,False,1.5,0.0
s-10-024,10,delay_sensitive,1.259,0.0,7.672,0.453,0.0,11,3,False,1.5,0.0
s-10-025,10,delay_sensitive,1.051,0.0,6.513,0.735,0.0,11,3,False,1.5,0.0
s-10-026,10,delay_sensitive,1.393,0.0,9.861,0.771,0.0,11,3,False,1.5,0.0
s-10-027,10,delay_sensitive,1.393,0.0,7.045,0.679,0.0,11,3,False,1.5,0.0
s-10-028,10,delay_sensitive,1.004,0.0,4.318,0.468,0.0,11,3,False,1.5,0.0
s-10-029,10,delay_sensitive,1.322,0.0,9.469,0.699,0.0,11,3,False,1.5,0.0
s-10-030,10,delay_sensitive,1.361,0.0,4.324,0.619,0.0,11,3,False,1.5,0.0
s-10-031,10,delay_sensitive,1.026,0.0,7.701,0.934,0.0,11,3,False,1.5,0.0
s-10-032,10,delay_sensitive,0.952,0.0,4.315,0.722,0.0,11,3,False,1.5,0.0
s-10-033,10,delay_sensitive,0.915,0.0,7.089,0.443,0.0,11,3,False,1.5,0.0
s-10-034,10,delay_sensitive,1.122,0.0,7.479,0.651,0.0,11,3,False,1.5,0.0
s-10-035,10,delay_sensitive,1.349,0.0,5.38,0.466,0.0,11,3,False,1.5,0.0
s-10-036,10,delay_sensitive,1.019,0.0,6.476,0.52,0.0,11,3,False,1.5,0.0
s-10-037,10,delay_sensitive,0.937,0.0,7.511,0.433,0.0,11,3,False,1.5,0.0
s-10-038,10,delay_sensitive,1.008,0.0,7.657,0.507,0.0,11,3,False,1.5,0.0
s-10-039,10,delay_sensitive,1.129,0.0,5.165,0.615,0.0,11,3,False,1.5,0.0
s-10-040,10,delay_sensitive,1.068,0.0,4.193,0.741,0.0,11,3,False,1.5,0.0
s-10-041,10,delay_sensitive,0.956,0.0,6.793,0.651,0.0,11,3,False,1.5,0.0
s-10-042,10,delay_sensitive,1.01,0.0,5.771,0.494,0.0,11,3,False,1.5,0.0
s-10-043,10,delay_sensitive,1.376,0.0,9.433,0.747,0.0,11,3,False,1.5,0.0
s-10-044,10,delay_sensitive,1.015,0.0,6.47,0.713,0.0,11,3,False,1.5,0.0
s-10-045,10,delay_sensitive,1.008,0.0,6.841,0.678,0.0,11,3,False,1.5,0.0
s-10-046,10,delay_sensitive,1.114,0.0,9.236,0.549,0.0,11,3,True,1.5,0.18
s-10-047,10,delay_sensitive,1.011,0.0,9.565,0.968,0.0,11,3,False,1.5,0.0
s-10-048,10,delay_sensitive,1.349,0.0,6.507,0.427,0.0,11,3,False,1.5,0.0
s-10-049,10,delay_sensitive,1.267,0.0,7.025,0.655,0.0,11,3,False,1.5,0.0
s-10-050,10,delay_sensitive,1.305,0.0,8.18,0.459,0.0,11,3,False,1.5,0.0
s-10-051,10,delay_sensitive,0.942,0.0,8.518,0.816,0.0,11,3,False,1.5,0.0
s-10-052,10,delay_sensitive,1.009,0.0,6.15,0.543,0.0,11,3,False,1.5,0.0
s-10-053,10,delay_sensitive,0.908,0.0,8.014,0.497,0.0,11,3,False,1.5,0.0
s-10-054,10,delay_sensitive,1.185,0.0,7.502,0.986,0.0,11,3,False,1.5,0.0
s-10-055,10,delay_sensitive,0.969,0.0,8.219,0.511,0.0,11,3,False,1.5,0.0
s-10-056,10,delay_sensitive,1.213,0.0,8.223,0.401,0.0,11,3,False,1.5,0.0
s-10-057,10,delay_sensitive,1.092,0.0,8.145,0.719,0.0,11,3,False,1.5,0.0
s-10-058,10,delay_sensitive,1.276,0.0,8.188,0.768,0.0,11,3,False,1.5,0.0
s-10-059,10,delay_sensitive,1.004,0.0,8.108,0.772,0.0,11,3,False,1.5,0.0
s-10-060,10,delay_sensitive,1.366,0.0,7.088,0.946,0.0,11,3,False,1.5,0.0
s-10-061,10,delay_sensitive,0.926,0.0,6.298,0.679,0.0,11,3,False,1.5,0.0
s-10-062,10,delay_sensitive,1.083,0.0,7.889,0.823,0.0,11,3,False,1.5,0.0
s-10-063,10,delay_sensitive,1.287,0.0,4.83,0.601,0.0,11,3,False,1.5,0.0
s-10-064,10,delay_sensitive,1.225,0.0,8.424,0.851,0.0,11,3,False,1.5,0.0
s-10-065,10,delay_sensitive,1.251,0.0,8.519,0.857,0.0,11,3,False,1.5,0.0
s-10-066,10,delay_sensitive,1.349,0.0,7.021,0.654,0.0,11,3,False,1.5,0.0
s-10-067,10,delay_sensitive,1.086,0.0,6.714,0.701,0.0,11,3,False,1.5,0.0
s-10-068,10,delay_sensitive,1.135,0.0,7.191,0.895,0.0,11,3,False,1.5,0.0
s-10-069,10,delay_sensitive,1.126,0.0,6.209,0.804,0.0,11,3,False,1.5,0.0
s-10-070,10,delay_sensitive,1.389,0.0,9.299,0.513,0.0,11,3,False,1.5,0.0
s-10-071,10,delay_sensitive,0.944,0.0,6.344,0.507,0.0,11,3,False,1.5,0.0
s-10-072,10,delay_sensitive,0.938,0.0,4.989,0.467,0.0,11,3,False,1.5,0.0
s-10-073,10,delay_sensitive,0.975,0.0,5.226,0.971,0.0,11,3,False,1.5,0.0
s-10-074,10,delay_sensitive,1.108,0.0,8.094,0.959,0.0,11,3,True,1.5,0.18
s-10-075,10,delay_sensitive,1.11,0.0,8.426,0.413,0.0,11,3,False,1.5,0.0
s-10-076,10,delay_sensitive,0.911,0.0,8.812,0.901,0.0,11,3,False,1.5,0.0
s-10-077,10,delay_sensitive,1.068,0.0,7.472,0.793,0.0,11,3,False,1.5,0.0
s-10-078,10,delay_sensitive,1.143,0.0,7.995,0.718,0.0,11,3,False,1.5,0.0
s-10-079,10,delay_sensitive,1.129,0.0,7.404,0.939,0.0,11,3,False,1.5,0.0
s-10-080,10,delay_sensitive,1.295,0.0,5.361,0.623,0.0,11,3,False,1.5,0.0
s-10-081,10,delay_sensitive,1.323,0.0,4.89,0.571,0.0,11,3,False,1.5,0.0
s-10-082,10,delay_sensitive,1.209,0.0,4.965,0.721,0.0,11,3,False,1.5,0.0
s-10-083,10,delay_sensitive,0.988,0.0,8.249,0.943,0.0,11,3,False,1.5,0.0
s-10-084,10,delay_sensitive,0.981,0.0,4.702,0.996,0.0,11,3,False,1.5,0.0
s-10-085,10,delay_sensitive,1.12,0.0,6.218,0.523,0.0,11,3,False,1.5,0.0
s-10-086,10,delay_sensitive,1.233,0.0,9.868,0.489,0.0,11,3,False,1.5,0.0
s-10-087,10,delay_sensitive,1.388,0.0,7.202,0.473,0.0,11,3,False,1.5,0.0
s-10-088,10,delay_sensitive,1.366,0.0,8.611,0.969,0.0,11,3,True,1.5,0.18
s-10-089,10,delay_sensitive,0.978,0.0,9.821,0.728,0.0,11,3,False,1.5,0.0
s-10-090,10,delay_sensitive,1.224,0.0,5.773,0.938,0.0,11,3,False,1.5,0.0
s-10-091,10,delay_sensitive,1.277,0.0,9.964,0.8,0.0,11,3,False,1.5,0.0
s-10-092,10,delay_sensitive,1.264,0.0,9.534,0.603,0.0,11,3,False,1.5,0.0
s-10-093,10,delay_sensitive,1.139,0.0,4.24,0.807,0.0,11,3,False,1.5,0.0
s-10-094,10,delay_sensitive,0.912,0.0,7.705,0.532,0.0,11,3,False,1.5,0.0
s-10-095,10,delay_sensitive,1.063,0.0,7.649,0.517,0.0,11,3,False,1.5,0.0
s-10-096,10,delay_sensitive,1.291,0.0,8.603,0.517,0.0,11,3,False,1.5,0.0
s-10-097,10,delay_sensitive,1.325,0.0,8.062,0.975,0.0,11,3,False,1.5,0.0
s-10-098,10,delay_sensitive,1.097,0.0,6.943,0.762,0.0,11,3,False,1.5,0.0
s-10-099,10,delay_sensitive,0.928,0.0,8.001,0.639,0.0,11,3,False,1.5,0.0
s-10-100,10,delay_sensitive,1.114,0.0,6.317,0.407,0.0,11,3,False,1.5,0.0
s-10-101,10,delay_sensitive,1.054,0.0,6.673,0.737,0.0,11,3,False,1.5,0.0
s-10-102,10,delay_sensitive,1.344,0.0,8.449,0.649,0.0,11,3,False,1.5,0.0
s-10-103,10,delay_sensitive,0.982,0.0,8.368,0.939,0.0,11,3,False,1.5,0.0
s-10-104,10,delay_sensitive,1.107,0.0,9.013,0.759,0.0,11,3,False,1.5,0.0
s-10-105,10,delay_sensitive,1.052,0.0,9.93,0.715,0.0,11,3,False,1.5,0.0
s-10-106,10,delay_sensitive,1.367,0.0,7.544,0.625,0.0,11,3,False,1.5,0.0
s-10-107,10,delay_sensitive,1.219,0.0,5.64,0.505,0.0,11,3,True,1.5,0.18
s-10-108,10,delay_sensitive,1.184,0.0,9.489,0.52,0.0,11,3,False,1.5,0.0
s-10-109,10,delay_sensitive,1.045,0.0,6.944,0.894,0.0,11,3,False,1.5,0.0
s-10-110,10,delay_sensitive,1.193,0.0,6.965,0.844,0.0,11,3,False,1.5,0.0
s-10-111,10,delay_sensitive,1.296,0.0,4.924,0.58,0.0,11,3,False,1.5,0.0
s-10-112,10,delay_sensitive,1.218,0.0,4.745,0.8,0.0,11,3,False,1.5,0.0
s-10-113,10,delay_sensitive,0.99,0.0,9.441,0.787,0.0,11,3,False,1.5,0.0
s-10-114,10,delay_sensitive,1.282,0.0,6.958,0.982,0.0,11,3,True,1.5,0.18
s-10-115,10,delay_sensitive,1.081,0.0,6.883,0.662,0.0,11,3,False,1.5,0.0
s-10-116,10,delay_sensitive,1.243,0.0,9.846,0.891,0.0,11,3,False,1.5,0.0
s-10-117,10,delay_sensitive,1.266,0.0,4.105,0.556,0.0,11,3,False,1.5,0.0
s-10-118,10,delay_sensitive,0.973,0.0,6.766,0.816,0.0,11,3,False,1.5,0.0
s-10-119,10,delay_sensitive,0.926,0.0,6.167,0.782,0.0,11,3,False,1.5,0.0
s-10-120,10,delay_sensitive,0.924,0.0,5.75,0.783,0.0,11,3,False,1.5,0.0
s-10-121,10,delay_sensitive,0.997,0.0,7.768,0.859,0.0,11,3,False,1.5,0.0
s-10-122,10,delay_sensitive,0.984,0.0,5.936,0.59,0.0,11,3,False,1.5,0.0
s-10-123,10,delay_sensitive,1.3,0.0,5.629,0.819,0.0,11,3,False,1.5,0.0
s-10-124,10,delay_sensitive,1.167,0.0,6.11,0.486,0.0,11,3,False,1.5,0.0
s-10-125,10,delay_sensitive,1.041,0.0,8.673,0.647,0.0,11,3,False,1.5,0.0
t-10-000,10,delay_tolerant,0.862,0.0,4.327,0.413,442.94,12,2,True,0.9,0.06
t-10-001,10,delay_tolerant,1.181,0.0,8.076,0.728,372.815,14,2,False,0.9,0.0
t-10-002,10,delay_tolerant,1.166,0.0,3.699,0.379,126.257,12,2,True,0.9,0.06
t-10-003,10,delay_tolerant,0.945,0.0,7.902,0.834,335.154,13,2,True,0.9,0.06
t-10-004,10,delay_tolerant,0.922,0.0,7.467,0.371,166.337,13,2,True,0.9,0.06
t-10-005,10,delay_tolerant,0.891,0.0,3.752,0.378,148.298,14,2,True,0.9,0.06
t-10-006,10,delay_tolerant,0.845,0.0,3.113,0.591,275.249,14,2,False,0.9,0.0
t-10-007,10,delay_tolerant,1.117,0.0,6.081,0.336,162.812,12,2,True,0.9,0.06
t-10-008,10,delay_tolerant,0.921,0.0,3.062,0.358,164.566,13,2,True,0.9,0.06
t-10-009,10,delay_tolerant,1.16,0.0,4.109,0.511,152.681,14,2,True,0.9,0.06
t-10-010,10,delay_tolerant,1.18,0.0,5.087,0.396,300.228,14,2,False,0.9,0.0
t-10-011,10,delay_tolerant,1.002,0.0,3.41,0.792,394.768,14,2,True,0.9,0.06
t-10-012,10,delay_tolerant,0.877,0.0,4.691,0.841,313.366,14,2,True,0.9,0.06
t-10-013,10,delay_tolerant,0.886,0.0,6.025,0.725,251.927,14,2,True,0.9,0.06
t-10-014,10,delay_tolerant,1.069,0.0,3.644,0.801,473.268,14,2,True,0.9,0.06
t-10-015,10,delay_tolerant,0.891,0.0,3.677,0.891,164.502,13,2,True,0.9,0.06
t-10-016,10,delay_tolerant,0.998,0.0,5.168,0.473,379.969,12,2,True,0.9,0.06
t-10-017,10,delay_tolerant,0.846,0.0,4.702,0.66,232.322,12,2,True,0.9,0.06
t-10-018,10,delay_tolerant,0.963,0.0,8.91,0.557,428.439,13,2,True,0.9,0.06
t-10-019,10,delay_tolerant,0.947,0.0,3.077,0.704,361.954,13,2,False,0.9,0.0
t-10-020,10,delay_tolerant,1.063,0.0,3.51,0.386,264.225,13,2,True,0.9,0.06
t-10-021,10,delay_tolerant,1.097,0.0,8.355,0.401,250.936,14,2,False,0.9,0.0
t-10-022,10,delay_tolerant,1.038,0.0,8.944,0.374,421.719,12,2,True,0.9,0.06
t-10-023,10,delay_tolerant,1.106,0.0,7.596,0.656,392.269,14,2,True,0.9,0.06
t-10-024,10,delay_tolerant,0.942,0.0,7.0,0.87,475.508,14,2,False,0.9,0.0
t-10-025,10,delay_tolerant,1.107,0.0,3.648,0.45,299.019,14,2,True,0.9,0.06
t-10-026,10,delay_tolerant,0.812,0.0,7.427,0.798,299.329,14,2,False,0.9,0.0
t-10-027,10,delay_tolerant,0.953,0.0,7.075,0.392,343.908,12,2,False,0.9,0.0
t-10-028,10,delay_tolerant,1.064,0.0,6.12,0.595,287.768,12,2,False,0.9,0.0
t-10-029,10,delay_tolerant,0.996,0.0,4.57,0.506,429.482,13,2,False,0.9,0.0
t-10-030,10,delay_tolerant,1.106,0.0,8.944,0.828,162.888,14,2,True,0.9,0.06
t-10-031,10,delay_tolerant,0.951,0.0,5.758,0.32,320.4,13,2,True,0.9,0.06
t-10-032,10,delay_tolerant,0.866,0.0,5.584,0.487,260.069,13,2,False,0.9,0.0
t-10-033,10,delay_tolerant,0.996,0.0,6.323,0.624,289.135,12,2,True,0.9,0.06
t-10-034,10,delay_tolerant,1.003,0.0,5.348,0.597,469.513,14,2,False,0.9,0.0
t-10-035,10,delay_tolerant,1.107,0.0,4.707,0.337,332.567,14,2,False,0.9,0.0
t-10-036,10,delay_tolerant,0.94,0.0,7.452,0.316,440.883,12,2,False,0.9,0.0
t-10-037,10,delay_tolerant,0.971,0.0,8.952,0.547,140.322,13,2,True,0.9,0.06
t-10-038,10,delay_tolerant,1.059,0.0,6.555,0.846,143.58,12,2,True,0.9,0.06
t-10-039,10,delay_tolerant,0.868,0.0,6.231,0.322,356.796,13,2,True,0.9,0.06
t-10-040,10,delay_tolerant,1.161,0.0,4.6,0.718,331.676,13,2,True,0.9,0.06
t-10-041,10,delay_tolerant,0.956,0.0,6.435,0.785,156.02,13,2,True,0.9,0.06
t-10-042,10,delay_tolerant,0.999,0.0,7.869,0.7,179.986,14,2,True,0.9,0.06
t-10-043,10,delay_tolerant,0.974,0.0,5.982,0.808,403.374,13,2,True,0.9,0.06
t-10-044,10,delay_tolerant,0.906,0.0,4.784,0.644,409.657,14,2,True,0.9,0.06
t-10-045,10,delay_tolerant,0.837,0.0,8.065,0.357,241.262,14,2,False,0.9,0.0
t-10-046,10,delay_tolerant,1.012,0.0,5.563,0.508,147.598,12,2,True,0.9,0.06
t-10-047,10,delay_tolerant,0.92,0.0,6.981,0.488,269.153,13,2,True,0.9,0.06
t-10-048,10,delay_tolerant,0.981,0.0,7.581,0.408,126.697,13,2,False,0.9,0.0
t-10-049,10,delay_tolerant,0.875,0.0,5.995,0.696,416.607,14,2,True,0.9,0.06
t-10-050,10,delay_tolerant,1.055,0.0,7.854,0.812,446.461,13,2,True,0.9,0.06
t-10-051,10,delay_tolerant,0.824,0.0,4.204,0.577,206.535,14,2,False,0.9,0.0
t-10-052,10,delay_tolerant,0.92,0.0,5.612,0.491,418.877,14,2,False,0.9,0.0
t-10-053,10,delay_tolerant,1.138,0.0,4.602,0.472,177.81,12,2,False,0.9,0.0
t-10-054,10,delay_tolerant,0.962,0.0,3.681,0.415,208.411,14,2,True,0.9,0.06
t-10-055,10,delay_tolerant,1.024,0.0,5.617,0.688,133.321,13,2,True,0.9,0.06
t-10-056,10,delay_tolerant,0.812,0.0,7.738,0.467,318.254,12,2,True,0.9,0.06
t-10-057,10,delay_tolerant,1.186,0.0,5.915,0.312,429.45,14,2,False,0.9,0.0
t-10-058,10,delay_tolerant,0.919,0.0,3.381,0.873,442.838,12,2,True,0.9,0.06
t-10-059,10,delay_tolerant,0.836,0.0,8.659,0.735,170.602,14,2,False,0.9,0.0
t-10-060,10,delay_tolerant,1.0,0.0,3.724,0.699,328.951,12,2,True,0.9,0.06
t-10-061,10,delay_tolerant,1.154,0.0,4.428,0.373,410.407,14,2,True,0.9,0.06
t-10-062,10,delay_tolerant,1.095,0.0,7.835,0.746,456.78,13,2,False,0.9,0.0
t-10-063,10,delay_tolerant,0.87,0.0,8.82,0.564,211.55,12,2,True,0.9,0.06
t-10-064,10,delay_tolerant,1.013,0.0,7.198,0.368,316.468,14,2,True,0.9,0.06
t-10-065,10,delay_tolerant,1.185,0.0,8.277,0.862,250.679,13,2,False,0.9,0.0
t-10-066,10,delay_tolerant,0.923,0.0,6.872,0.843,132.531,14,2,True,0.9,0.06
t-10-067,10,delay_tolerant,1.176,0.0,7.144,0.773,206.283,14,2,False,0.9,0.0
t-10-068,10,delay_tolerant,1.056,0.0,7.204,0.842,366.689,14,2,True,0.9,0.06
t-10-069,10,delay_tolerant,1.143,0.0,5.331,0.846,261.471,14,2,False,0.9,0.0
t-10-070,10,delay_tolerant,1.175,0.0,7.54,0.478,429.39,13,2,True,0.9,0.06
g-10-000,10,token_batch,0.453,1.328,15.667,1.044,2997.0,13,1,True,0.95,0.06
g-10-001,10,token_batch,0.547,1.294,17.405,1.083,2322.0,12,1,True,0.95,0.06
g-10-002,10,token_batch,0.333,1.053,17.185,0.86,4645.0,15,1,True,0.95,0.06
g-10-003,10,token_batch,0.304,0.84,12.209,1.238,4060.0,13,1,True,0.95,0.06
g-10-004,10,token_batch,0.331,1.217,15.62,1.185,4221.0,16,1,True,0.95,0.06
g-10-005,10,token_batch,0.377,1.185,8.031,0.92,3781.0,13,1,True,0.95,0.06
g-10-006,10,token_batch,0.43,0.866,10.496,1.228,2485.0,14,1,True,0.95,0.06
g-10-007,10,token_batch,0.438,1.046,17.394,1.071,4669.0,13,1,True,0.95,0.06
g-10-008,10,token_batch,0.269,1.156,11.276,0.969,2267.0,13,1,True,0.95,0.06
g-10-009,10,token_batch,0.347,1.036,11.773,1.301,2897.0,12,1,True,0.95,0.06
g-10-010,10,token_batch,0.208,0.814,13.585,1.167,2119.0,16,1,True,0.95,0.06
g-10-011,10,token_batch,0.59,0.919,15.013,0.901,1564.0,13,1,True,0.95,0.06
g-10-012,10,token_batch,0.372,0.956,8.891,1.021,3731.0,15,1,True,0.95,0.06
g-10-013,10,token_batch,0.206,1.116,15.734,1.357,1680.0,16,1,True,0.95,0.06
g-10-014,10,token_batch,0.29,0.922,17.461,1.288,1685.0,15,1,True,0.95,0.06
g-10-015,10,token_batch,0.499,1.029,12.313,0.924,2379.0,14,1,True,0.95,0.06
g-10-016,10,token_batch,0.313,1.206,12.183,1.045,4575.0,13,1,True,0.95,0.06
g-10-017,10,token_batch,0.316,0.957,14.177,1.344,1317.0,13,1,True,0.95,0.06
g-10-018,10,token_batch,0.474,1.075,8.103,0.88,3587.0,14,1,True,0.95,0.06
g-10-019,10,token_batch,0.359,0.927,11.835,1.054,4038.0,14,1,True,0.95,0.06
g-10-020,10,token_batch,0.229,1.134,8.521,1.359,2249.0,16,1,True,0.95,0.06
g-10-021,10,token_batch,0.599,1.364,17.672,1.159,2651.0,15,1,True,0.95,0.06
g-10-022,10,token_batch,0.301,1.172,11.025,1.037,1221.0,12,1,True,0.95,0.06
g-10-023,10,token_batch,0.587,1.136,13.805,0.956,1741.0,14,1,True,0.95,0.06
g-10-024,10,token_batch,0.572,1.327,9.319,0.99,3218.0,16,1,True,0.95,0.06
g-10-025,10,token_batch,0.257,0.87,8.442,0.877,2973.0,16,1,True,0.95,0.06
g-10-026,10,token_batch,0.344,1.058,17.028,0.958,4263.0,14,1,True,0.95,0.06
g-10-027,10,token_batch,0.325,1.336,11.155,1.397,3317.0,14,1,True,0.95,0.06
g-10-028,10,token_batch,0.541,1.194,15.982,0.832,3476.0,13,1,True,0.95,0.06
g-10-029,10,token_batch,0.292,0.822,10.602,1.224,1423.0,13,1,True,0.95,0.06
g-10-030,10,token_batch,0.598,1.356,8.408,1.014,1675.0,15,1,True,0.95,0.06
g-10-031,10,token_batch,0.383,0.867,15.198,0.889,3187.0,16,1,True,0.95,0.06
g-10-032,10,token_batch,0.281,0.97,16.35,1.25,1583.0,14,1,True,0.95,0.06
g-10-033,10,token_batch,0.556,1.151,13.835,1.383,3507.0,14,1,True,0.95,0.06
g-10-034,10,token_batch,0.428,1.05,8.768,1.261,4341.0,16,1,True,0.95,0.06
g-10-035,10,token_batch,0.21,1.209,14.806,1.037,2546.0,12,1,True,0.95,0.06
g-10-036,10,token_batch,0.535,0.892,8.811,1.298,1634.0,16,1,True,0.95,0.06
g-10-037,10,token_batch,0.451,0.962,14.58,0.998,3059.0,15,1,True,0.95,0.06
g-10-038,10,token_batch,0.449,1.072,17.474,1.4,3887.0,12,1,True,0.95,0.06
g-10-039,10,token_batch,0.285,0.829,14.436,0.994,1729.0,16,1,True,0.95,0.06
g-10-040,10,token_batch,0.228,1.371,11.814,1.039,4246.0,12,1,True,0.95,0.06
g-10-041,10,token_batch,0.586,1.319,8.892,1.311,2183.0,13,1,True,0.95,0.06
g-10-042,10,token_batch,0.512,0.971,15.526,1.192,2791.0,13,1,True,0.95,0.06
g-10-043,10,token_batch,0.396,1.059,16.064,0.986,2422.0,12,1,True,0.95,0.06
g-10-044,10,token_batch,0.344,0.858,11.675,0.92,1737.0,16,1,True,0.95,0.06
g-10-045,10,token_batch,0.391,1.138,12.231,1.254,2789.0,15,1,True,0.95,0.06
g-10-046,10,token_batch,0.275,1.178,8.929,1.108,3714.0,14,1,True,0.95,0.06
g-10-047,10,token_batch,0.29,1.212,9.551,1.097,3970.0,15,1,True,0.95,0.06
g-10-048,10,token_batch,0.316,1.062,17.072,1.087,1543.0,16,1,True,0.95,0.06
g-10-049,10,token_batch,0.474,0.98,10.487,1.057,1723.0,13,1,True,0.95,0.06
g-10-050,10,token_batch,0.42,1.35,13.134,1.106,1395.0,16,1,True,0.95,0.06
g-10-051,10,token_batch,0.386,1.232,16.128,1.013,1587.0,15,1,True,0.95,0.06
g-10-052,10,token_batch,0.507,0.81,15.405,1.078,1534.0,16,1,True,0.95,0.06
g-10-053,10,token_batch,0.357,0.85,16.768,0.979,4652.0,13,1,True,0.95,0.06
g-10-054,10,token_batch,0.382,1.202,14.238,0.959,4165.0,16,1,True,0.95,0.06
s-11-000,11,delay_sensitive,1.336,0.0,5.123,0.511,0.0,12,3,False,1.5,0.0
s-11-001,11,delay_sensitive,1.202,0.0,9.23,0.464,0.0,12,3,False,1.5,0.0
s-11-002,11,delay_sensitive,0.903,0.0,4.7,0.503,0.0,12,3,False,1.5,0.0
s-11-003,11,delay_sensitive,1.246,0.0,9.213,0.979,0.0,12,3,False,1.5,0.0
s-11-004,11,delay_sensitive,1.143,0.0,7.711,0.984,0.0,12,3,False,1.5,0.0
s-11-005,11,delay_sensitive,1.237,0.0,8.142,0.637,0.0,12,3,False,1.5,0.0
s-11-006,11,delay_sensitive,0.963,0.0,4.083,0.467,0.0,12,3,False,1.5,0.0
s-11-007,11,delay_sensitive,1.385,0.0,9.154,0.526,0.0,12,3,True,1.5,0.18
s-11-008,11,delay_sensitive,1.225,0.0,6.615,0.776,0.0,12,3,False,1.5,0.0
s-11-009,11,delay_sensitive,0.995,0.0,5.806,0.678,0.0,12,3,False,1.5,0.0
s-11-010,11,delay_sensitive,0.911,0.0,4.997,0.491,0.0,12,3,False,1.5,0.0
s-11-011,11,delay_sensitive,1.382,0.0,6.829,0.916,0.0,12,3,False,1.5,0.0
s-11-012,11,delay_sensitive,1.001,0.0,7.417,0.9,0.0,12,3,False,1.5,0.0
s-11-013,11,delay_sensitive,0.904,0.0,7.782,0.828,0.0,12,3,False,1.5,0.0
s-11-014,11,delay_sensitive,1.324,0.0,8.422,0.758,0.0,12,3,False,1.5,0.0
s-11-015,11,delay_sensitive,1.045,0.0,6.925,0.692,0.0,12,3,False,1.5,0.0
s-11-016,11,delay_sensitive,1.206,0.0,8.072,0.89,0.0,12,3,False,1.5,0.0
s-11-017,11,delay_sensitive,1.257,0.0,7.17,0.653,0.0,12,3,False,1.5,0.0
s-11-018,11,delay_sensitive,0.932,0.0,9.357,0.65,0.0,12,3,False,1.5,0.0
s-11-019,11,delay_sensitive,1.147,0.0,9.634,0.608,0.0,12,3,False,1.5,0.0
s-11-020,11,delay_sensitive,0.91,0.0,5.728,0.515,0.0,12,3,False,1.5,0.0
s-11-021,11,delay_sensitive,1.016,0.0,5.318,0.945,0.0,12,3,False,1.5,0.0
s-11-022,11,delay_sensitive,1.201,0.0,9.055,0.794,0.0,12,3,False,1.5,0.0
s-11-023,11,delay_sensitive,1.047,0.0,8.268,0.976,0.0,12,3,False,1.5,0.0
s-11-024,11,delay_sensitive,1.237,0.0,8.408,0.878,0.0,12,3,False,1.5,0.0
s-11-025,11,delay_sensitive,1.322,0.0,7.731,0.569,0.0,12,3,False,1.5,0.0
s-11-026,11,delay_sensitive,1.234,0.0,4.775,0.52,0.0,12,3,False,1.5,0.0
s-11-027,11,delay_sensitive,0.95,0.0,6.496,0.996,0.0,12,3,False,1.5,0.0
s-11-028,11,delay_sensitive,1.005,0.0,4.282,0.411,0.0,12,3,False,1.5,0.0
s-11-029,11,delay_sensitive,1.079,0.0,4.952,0.897,0.0,12,3,False,1.5,0.0
s-11-030,11,delay_sensitive,0.916,0.0,4.382,0.658,0.0,12,3,False,1.5,0.0
s-11-031,11,delay_sensitive,0.96,0.0,5.345,0.555,0.0,12,3,False,1.5,0.0
s-11-032,11,delay_sensitive,1.078,0.0,4.28,0.927,0.0,12,3,False,1.5,0.0
s-11-033,11,delay_sensitive,0.976,0.0,8.141,0.709,0.0,12,3,False,1.5,0.0
s-11-034,11,delay_sensitive,1.253,0.0,9.56,0.663,0.0,12,3,False,1.5,0.0
s-11-035,11,delay_sensitive,1.321,0.0,4.666,0.464,0.0,12,3,False,1.5,0.0
s-11-036,11,delay_sensitive,1.291,0.0,9.684,0.894,0.0,12,3,False,1.5,0.0
s-11-037,11,delay_sensitive,0.953,0.0,7.78,0.923,0.0,12,3,False,1.5,0.0
s-11-038,11,delay_sensitive,0.979,0.0,5.753,0.665,0.0,12,3,False,1.5,0.0
s-11-039,11,delay_sensitive,1.266,0.0,4.596,0.788,0.0,12,3,False,1.5,0.0
s-11-040,11,delay_sensitive,0.969,0.0,9.092,0.663,0.0,12,3,False,1.5,0.0
s-11-041,11,delay_sensitive,1.285,0.0,5.472,0.885,0.0,12,3,False,1.5,0.0
s-11-042,11,delay_sensitive,1.153,0.0,4.511,0.623,0.0,12,3,False,1.5,0.0
s-11-043,11,delay_sensitive,1.08,0.0,7.99,0.491,0.0,12,3,False,1.5,0.0
s-11-044,11,delay_sensitive,1.111,0.0,5.369,0.881,0.0,12,3,False,1.5,0.0
s-11-045,11,delay_sensitive,1.105,0.0,6.753,0.911,0.0,12,3,False,1.5,0.0
s-11-046,11,delay_sensitive,1.081,0.0,4.179,0.487,0.0,12,3,False,1.5,0.0
s-11-047,11,delay_sensitive,1.303,0.0,9.662,0.451,0.0,12,3,True,1.5,0.18
s-11-048,11,delay_sensitive,1.391,0.0,4.986,0.437,0.0,12,3,False,1.5,0.0
s-11-049,11,delay_sensitive,1.23,0.0,7.849,0.942,0.0,12,3,False,1.5,0.0
s-11-050,11,delay_sensitive,1.216,0.0,8.28,0.796,0.0,12,3,False,1.5,0.0
s-11-051,11,delay_sensitive,1.048,0.0,6.412,0.809,0.0,12,3,False,1.5,0.0
s-11-052,11,delay_sensitive,1.052,0.0,8.456,0.946,0.0,12,3,False,1.5,0.0
s-11-053,11,delay_sensitive,1.04,0.0,7.167,0.952,0.0,12,3,True,1.5,0.18
s-11-054,11,delay_sensitive,1.123,0.0,5.231,0.727,0.0,12,3,False,1.5,0.0
s-11-055,11,delay_sensitive,1.226,0.0,8.185,0.933,0.0,12,3,False,1.5,0.0
s-11-056,11,delay_sensitive,1.102,0.0,5.184,0.581,0.0,12,3,False,1.5,0.0
s-11-057,11,delay_sensitive,1.067,0.0,8.351,0.844,0.0,12,3,False,1.5,0.0
s-11-058,11,delay_sensitive,1.396,0.0,5.704,0.456,0.0,12,3,False,1.5,0.0
s-11-059,11,delay_sensitive,1.161,0.0,8.542,0.496,0.0,12,3,False,1.5,0.0
s-11-060,11,delay_sensitive,1.298,0.0,7.555,0.545,0.0,12,3,True,1.5,0.18
s-11-061,11,delay_sensitive,1.263,0.0,9.922,0.466,0.0,12,3,False,1.5,0.0
s-11-062,11,delay_sensitive,1.086,0.0,7.762,0.613,0.0,12,3,False,1.5,0.0
s-11-063,11,delay_sensitive,1.225,0.0,4.748,0.579,0.0,12,3,False,1.5,0.0
s-11-064,11,delay_sensitive,1.127,0.0,9.898,0.883,0.0,12,3,False,1.5,0.0
s-11-065,11,delay_sensitive,1.183,0.0,9.366,0.777,0.0,12,3,False,1.5,0.0
s-11-066,11,delay_sensitive,1.198,0.0,6.102,0.571,0.0,12,3,False,1.5,0.0
s-11-067,11,delay_sensitive,1.257,0.0,8.035,0.829,0.0,12,3,False,1.5,0.0
s-11-068,11,delay_sensitive,1.024,0.0,5.967,0.749,0.0,12,3,False,1.5,0.0
s-11-069,11,delay_sensitive,1.081,0.0,4.588,0.827,0.0,12,3,False,1.5,0.0
s-11-070,11,delay_sensitive,0.941,0.0,4.373,0.933,0.0,12,3,False,1.5,0.0
s-11-071,11,delay_sensitive,1.123,0.0,6.216,0.716,0.0,12,3,False,1.5,0.0
s-11-072,11,delay_sensitive,1.159,0.0,6.369,0.558,0.0,12,3,False,1.5,0.0
s-11-073,11,delay_sensitive,1.112,0.0,6.64,0.959,0.0,12,3,False,1.5,0.0
s-11-074,11,delay_sensitive,1.387,0.0,8.943,0.487,0.0,12,3,False,1.5,0.0
s-11-075,11,delay_sensitive,1.256,0.0,4.776,0.823,0.0,12,3,False,1.5,0.0
s-11-076,11,delay_sensitive,0.959,0.0,5.276,0.684,0.0,12,3,False,1.5,0.0
s-11-077,11,delay_sensitive,1.372,0.0,6.216,0.971,0.0,12,3,False,1.5,0.0
s-11-078,11,delay_sensitive,1.104,0.0,4.725,0.743,0.0,12,3,False,1.5,0.0
s-11-079,11,delay_sensitive,0.977,0.0,6.229,0.995,0.0,12,3,False,1.5,0.0
s-11-080,11,delay_sensitive,1.143,0.0,8.747,0.485,0.0,12,3,False,1.5,0.0
s-11-081,11,delay_sensitive,0.924,0.0,9.366,0.933,0.0,12,3,False,1.5,0.0
s-11-082,11,delay_sensitive,1.31,0.0,6.933,0.473,0.0,12,3,False,1.5,0.0
s-11-083,11,delay_sensitive,1.335,0.0,6.505,0.744,0.0,12,3,False,1.5,0.0
s-11-084,11,delay_sensitive,1.35,0.0,8.688,0.685,0.0,12,3,False,1.5,0.0
s-11-085,11,delay_sensitive,1.203,0.0,8.572,0.703,0.0,12,3,False,1.5,0.0
s-11-086,11,delay_sensitive,1.125,0.0,6.694,0.92,0.0,12,3,False,1.5,0.0
s-11-087,11,delay_sensitive,1.3,0.0,7.987,0.646,0.0,12,3,False,1.5,0.0
s-11-088,11,delay_sensitive,1.098,0.0,7.246,0.975,0.0,12,3,False,1.5,0.0
s-11-089,11,delay_sensitive,1.268,0.0,7.875,0.92,0.0,12,3,False,1.5,0.0
s-11-090,11,delay_sensitive,1.186,0.0,8.777,0.824,0.0,12,3,False,1.5,0.0
s-11-091,11,delay_sensitive,0.962,0.0,7.356,0.515,0.0,12,3,False,1.5,0.0
s-11-092,11,delay_sensitive,1.188,0.0,4.317,0.742,0.0,12,3,False,1.5,0.0
s-11-093,11,delay_sensitive,1.138,0.0,9.381,0.472,0.0,12,3,False,1.5,0.0
s-11-094,11,delay_sensitive,0.99,0.0,4.114,0.872,0.0,12,3,False,1.5,0.0
s-11-095,11,delay_sensitive,1.253,0.0,9.326,0.667,0.0,12,3,False,1.5,0.0
s-11-096,11,delay_sensitive,1.203,0.0,6.411,0.427,0.0,12,3,False,1.5,0.0
s-11-097,11,delay_sensitive,0.912,0.0,6.622,0.649,0.0,12,3,False,1.5,0.0
s-11-098,11,delay_sensitive,1.059,0.0,5.543,0.469,0.0,12,3,False,1.5,0.0
s-11-099,11,delay_sensitive,0.984,0.0,4.864,0.553,0.0,12,3,False,1.5,0.0
s-11-100,11,delay_sensitive,1.053,0.0,6.444,0.502,0.0,12,3,False,1.5,0.0
s-11-101,11,delay_sensitive,1.063,0.0,4.163,0.435,0.0,12,3,False,1.5,0.0
s-11-102,11,delay_sensitive,1.06,0.0,6.477,0.595,0.0,12,3,False,1.5,0.0
s-11-103,11,delay_sensitive,1.314,0.0,4.726,0.522,0.0,12,3,False,1.5,0.0
s-11-104,11,delay_sensitive,1.193,0.0,6.958,0.851,0.0,12,3,False,1.5,0.0
s-11-105,11,delay_sensitive,0.958,0.0,4.364,0.679,0.0,12,3,False,1.5,0.0
s-11-106,11,delay_sensitive,1.142,0.0,6.445,0.54,0.0,12,3,False,1.5,0.0
s-11-107,11,delay_sensitive,1.035,0.0,9.781,0.805,0.0,12,3,False,1.5,0.0
s-11-108,11,delay_sensitive,1.177,0.0,8.711,0.583,0.0,12,3,False,1.5,0.0
s-11-109,11,delay_sensitive,0.942,0.0,7.815,0.522,0.0,12,3,False,1.5,0.0
s-11-110,11,delay_sensitive,1.087,0.0,9.912,0.869,0.0,12,3,False,1.5,0.0
s-11-111,11,delay_sensitive,1.112,0.0,9.469,0.671,0.0,12,3,False,1.5,0.0
s-11-112,11,delay_sensitive,1.132,0.0,8.976,0.574,0.0,12,3,True,1.5,0.18
s-11-113,11,delay_sensitive,0.9,0.0,9.601,0.689,0.0,12,3,False,1.5,0.0
s-11-114,11,delay_sensitive,1.32,0.0,6.281,0.611,0.0,12,3,False,1.5,0.0
s-11-115,11,delay_sensitive,1.193,0.0,7.062,0.427,0.0,12,3,False,1.5,0.0
s-11-116,11,delay_sensitive,1.182,0.0,5.804,0.637,0.0,12,3,False,1.5,0.0
s-11-117,11,delay_sensitive,0.97,0.0,7.339,0.568,0.0,12,3,False,1.5,0.0
s-11-118,11,delay_sensitive,1.205,0.0,9.745,0.591,0.0,12,3,False,1.5,0.0
s-11-119,11,delay_sensitive,1.071,0.0,5.568,0.852,0.0,12,3,False,1.5,0.0
s-11-120,11,delay_sensitive,1.023,0.0,9.898,0.605,0.0,12,3,False,1.5,0.0
s-11-121,11,delay_sensitive,1.2,0.0,4.095,0.815,0.0,12,3,False,1.5,0.0
s-11-122,11,delay_sensitive,0.901,0.0,6.859,0.941,0.0,12,3,False,1.5,0.0
s-11-123,11,delay_sensitive,1.107,0.0,9.372,0.822,0.0,12,3,False,1.5,0.0
s-11-124,11,delay_sensitive,1.169,0.0,8.724,0.789,0.0,12,3,False,1.5,0.0
s-11-125,11,delay_sensitive,0.915,0.0,8.993,0.803,0.0,12,3,False,1.5,0.0
s-11-126,11,delay_sensitive,1.076,0.0,8.877,0.896,0.0,12,3,False,1.5,0.0
s-11-127,11,delay_sensitive,0.989,0.0,8.608,0.818,0.0,12,3,False,1.5,0.0
s-11-128,11,delay_sensitive,1.131,0.0,9.617,0.667,0.0,12,3,True,1.5,0.18
s-11-129,11,delay_sensitive,0.91,0.0,5.687,0.953,0.0,12,3,False,1.5,0.0
s-11-130,11,delay_sensitive,0.945,0.0,7.681,0.582,0.0,12,3,False,1.5,0.0
s-11-131,11,delay_sensitive,1.017,0.0,6.963,0.618,0.0,12,3,False,1.5,0.0
s-11-132,11,delay_sensitive,1.352,0.0,8.242,0.525,0.0,12,3,False,1.5,0.0
t-11-000,11,delay_tolerant,1.055,0.0,3.666,0.466,300.117,13,2,False,0.9,0.0
t-11-001,11,delay_tolerant,1.064,0.0,6.394,0.709,323.45,13,2,True,0.9,0.06
t-11-002,11,delay_tolerant,1.098,0.0,3.765,0.86,427.972,13,2,True,0.9,0.06
t-11-003,11,delay_tolerant,0.91,0.0,8.086,0.314,469.132,15,2,False,0.9,0.0
t-11-004,11,delay_tolerant,0.901,0.0,6.361,0.572,457.641,15,2,True,0.9,0.06
t-11-005,11,delay_tolerant,1.06,0.0,8.123,0.494,423.963,15,2,False,0.9,0.0
t-11-006,11,delay_tolerant,1.072,0.0,5.8,0.517,393.248,14,2,True,0.9,0.06
t-11-007,11,delay_tolerant,0.911,0.0,5.52,0.569,121.857,15,2,True,0.9,0.06
t-11-008,11,delay_tolerant,1.152,0.0,7.846,0.894,201.226,13,2,True,0.9,0.06
t-11-009,11,delay_tolerant,0.83,0.0,4.5,0.399,231.89,15,2,True,0.9,0.06
t-11-010,11,delay_tolerant,0.811,0.0,5.592,0.314,407.0,15,2,False,0.9,0.0
t-11-011,11,delay_tolerant,0.899,0.0,5.841,0.875,419.706,14,2,False,0.9,0.0
t-11-012,11,delay_tolerant,0.895,0.0,3.437,0.66,277.871,14,2,True,0.9,0.06
t-11-013,11,delay_tolerant,1.032,0.0,3.513,0.336,132.004,13,2,False,0.9,0.0
t-11-014,11,delay_tolerant,1.077,0.0,7.696,0.337,408.859,14,2,False,0.9,0.0
t-11-015,11,delay_tolerant,1.05,0.0,3.395,0.707,321.333,13,2,True,0.9,0.06
t-11-016,11,delay_tolerant,0.961,0.0,6.704,0.547,431.25,14,2,False,0.9,0.0
t-11-017,11,delay_tolerant,0.981,0.0,5.785,0.557,343.276,15,2,False,0.9,0.0
t-11-018,11,delay_tolerant,1.175,0.0,7.698,0.572,238.15,13,2,True,0.9,0.06
t-11-019,11,delay_tolerant,0.805,0.0,7.28,0.656,422.681,13,2,True,0.9,0.06
t-11-020,11,delay_tolerant,1.004,0.0,5.132,0.589,343.506,15,2,True,0.9,0.06
t-11-021,11,delay_tolerant,1.119,0.0,3.363,0.487,276.905,13,2,True,0.9,0.06
t-11-022,11,delay_tolerant,0.924,0.0,8.311,0.765,173.067,15,2,False,0.9,0.0
t-11-023,11,delay_tolerant,0.916,0.0,8.822,0.611,356.764,14,2,True,0.9,0.06
t-11-024,11,delay_tolerant,1.003,0.0,8.011,0.815,271.942,13,2,True,0.9,0.06
t-11-025,11,delay_tolerant,1.056,0.0,4.208,0.341,188.168,13,2,False,0.9,0.0
t-11-026,11,delay_tolerant,1.193,0.0,6.599,0.499,328.228,14,2,False,0.9,0.0
t-11-027,11,delay_tolerant,0.967,0.0,3.974,0.573,404.109,14,2,True,0.9,0.06
t-11-028,11,delay_tolerant,1.168,0.0,6.833,0.716,287.953,13,2,True,0.9,0.06
t-11-029,11,delay_tolerant,1.094,0.0,8.716,0.499,386.429,13,2,True,0.9,0.06
t-11-030,11,delay_tolerant,1.13,0.0,3.04,0.306,248.839,13,2,True,0.9,0.06
t-11-031,11,delay_tolerant,0.916,0.0,4.166,0.651,395.592,15,2,True,0.9,0.06
t-11-032,11,delay_tolerant,0.88,0.0,4.705,0.431,214.32,13,2,False,0.9,0.0
t-11-033,11,delay_tolerant,1.022,0.0,4.071,0.313,423.437,13,2,True,0.9,0.06
t-11-034,11,delay_tolerant,1.071,0.0,5.274,0.772,159.949,13,2,True,0.9,0.06
t-11-035,11,delay_tolerant,0.896,0.0,7.857,0.697,458.818,13,2,True,0.9,0.06
t-11-036,11,delay_tolerant,1.151,0.0,3.392,0.387,452.696,15,2,False,0.9,0.0
t-11-037,11,delay_tolerant,0.951,0.0,5.246,0.66,471.713,13,2,True,0.9,0.06
t-11-038,11,delay_tolerant,1.105,0.0,6.524,0.813,225.906,13,2,False,0.9,0.0
t-11-039,11,delay_tolerant,0.821,0.0,7.774,0.824,426.541,13,2,True,0.9,0.06
t-11-040,11,delay_tolerant,0.884,0.0,3.488,0.582,358.861,15,2,False,0.9,0.0
t-11-041,11,delay_tolerant,0.955,0.0,8.295,0.751,254.736,13,2,True,0.9,0.06
t-11-042,11,delay_tolerant,0.929,0.0,5.243,0.717,377.634,15,2,True,0.9,0.06
t-11-043,11,delay_tolerant,1.032,0.0,6.829,0.774,353.905,14,2,True,0.9,0.06
t-11-044,11,delay_tolerant,0.881,0.0,8.179,0.538,230.16,13,2,True,0.9,0.06
t-11-045,11,delay_tolerant,1.174,0.0,5.245,0.63,168.359,14,2,True,0.9,0.06
t-11-046,11,delay_tolerant,1.008,0.0,4.381,0.325,304.414,13,2,True,0.9,0.06
t-11-047,11,delay_tolerant,0.987,0.0,5.454,0.783,234.127,14,2,True,0.9,0.06
t-11-048,11,delay_tolerant,0.977,0.0,4.594,0.346,444.531,14,2,True,0.9,0.06
t-11-049,11,delay_tolerant,1.005,0.0,6.862,0.772,453.578,14,2,False,0.9,0.0
t-11-050,11,delay_tolerant,0.944,0.0,6.276,0.5,363.039,13,2,True,0.9,0.06
t-11-051,11,delay_tolerant,1.126,0.0,7.101,0.465,374.031,14,2,True,0.9,0.06
t-11-052,11,delay_tolerant,1.101,0.0,7.439,0.847,123.072,13,2,False,0.9,0.0
t-11-053,11,delay_tolerant,0.939,0.0,8.981,0.867,415.87,14,2,True,0.9,0.06
t-11-054,11,delay_tolerant,1.062,0.0,8.936,0.871,431.568,15,2,True,0.9,0.06
t-11-055,11,delay_tolerant,1.1,0.0,5.847,0.609,402.951,13,2,True,0.9,0.06
t-11-056,11,delay_tolerant,0.985,0.0,7.751,0.488,187.625,14,2,False,0.9,0.0
t-11-057,11,delay_tolerant,0.975,0.0,8.118,0.318,170.022,15,2,True,0.9,0.06
t-11-058,11,delay_tolerant,1.095,0.0,5.999,0.695,247.678,13,2,True,0.9,0.06
t-11-059,11,delay_tolerant,1.074,0.0,5.42,0.767,313.537,13,2,True,0.9,0.06
t-11-060,11,delay_tolerant,1.027,0.0,3.193,0.383,471.808,14,2,True,0.9,0.06
t-11-061,11,delay_tolerant,1.12,0.0,8.483,0.644,260.719,14,2,True,0.9,0.06
t-11-062,11,delay_tolerant,0.956,0.0,6.207,0.413,159.11,14,2,True,0.9,0.06
t-11-063,11,delay_tolerant,1.056,0.0,4.828,0.403,362.959,15,2,False,0.9,0.0
t-11-064,11,delay_tolerant,1.076,0.0,5.932,0.412,145.017,13,2,True,0.9,0.06
t-11-065,11,delay_tolerant,0.893,0.0,6.957,0.342,140.683,14,2,True,0.9,0.06
t-11-066,11,delay_tolerant,0.931,0.0,8.459,0.535,476.254,15,2,True,0.9,0.06
t-11-067,11,delay_tolerant,0.991,0.0,3.413,0.873,431.652,13,2,True,0.9,0.06
t-11-068,11,delay_tolerant,0.924,0.0,7.907,0.699,177.161,13,2,False,0.9,0.0
t-11-069,11,delay_tolerant,1.035,0.0,6.015,0.711,219.159,15,2,False,0.9,0.0
t-11-070,11,delay_tolerant,0.978,0.0,7.947,0.663,208.862,13,2,False,0.9,0.0
t-11-071,11,delay_tolerant,1.152,0.0,5.761,0.646,385.425,14,2,False,0.9,0.0
t-11-072,11,delay_tolerant,1.168,0.0,5.081,0.806,405.245,14,2,False,0.9,0.0
t-11-073,11,delay_tolerant,1.124,0.0,4.051,0.449,443.987,14,2,True,0.9,0.06
g-11-000,11,token_batch,0.354,1.195,14.985,0.857,3075.0,16,1,True,0.95,0.06
g-11-001,11,token_batch,0.554,0.895,16.826,1.123,2181.0,13,1,True,0.95,0.06
g-11-002,11,token_batch,0.491,1.341,17.087,1.047,4059.0,13,1,True,0.95,0.06
g-11-003,11,token_batch,0.598,0.846,9.052,1.26,1696.0,17,1,True,0.95,0.06
g-11-004,11,token_batch,0.38,0.952,13.061,1.077,2879.0,15,1,True,0.95,0.06
g-11-005,11,token_batch,0.478,1.25,11.812,1.248,3816.0,13,1,True,0.95,0.06
g-11-006,11,token_batch,0.215,0.95,15.091,0.882,2824.0,14,1,True,0.95,0.06
g-11-007,11,token_batch,0.385,0.85,14.57,1.228,3185.0,16,1,True,0.95,0.06
g-11-008,11,token_batch,0.388,0.967,9.614,1.303,1774.0,16,1,True,0.95,0.06
g-11-009,11,token_batch,0.271,0.874,15.414,0.901,1611.0,17,1,True,0.95,0.06
g-11-010,11,token_batch,0.309,1.064,9.779,1.229,3974.0,13,1,True,0.95,0.06
g-11-011,11,token_batch,0.377,0.829,14.348,1.114,2085.0,17,1,True,0.95,0.06
g-11-012,11,token_batch,0.476,1.066,13.982,0.829,2799.0,13,1,True,0.95,0.06
g-11-013,11,token_batch,0.281,0.95,17.088,0.92,4342.0,16,1,True,0.95,0.06
g-11-014,11,token_batch,0.211,0.809,16.205,1.208,2927.0,13,1,True,0.95,0.06
g-11-015,11,token_batch,0.583,0.858,16.354,1.198,2103.0,13,1,True,0.95,0.06
g-11-016,11,token_batch,0.366,0.865,11.271,1.137,1380.0,14,1,True,0.95,0.06
g-11-017,11,token_batch,0.283,1.125,17.389,0.872,3758.0,14,1,True,0.95,0.06
g-11-018,11,token_batch,0.343,0.904,12.021,0.99,1633.0,14,1,True,0.95,0.06
g-11-019,11,token_batch,0.384,0.84,16.151,1.19,2071.0,16,1,True,0.95,0.06
g-11-020,11,token_batch,0.227,0.931,11.015,1.159,1379.0,15,1,True,0.95,0.06
g-11-021,11,token_batch,0.414,1.394,16.505,0.903,4118.0,13,1,True,0.95,0.06
g-11-022,11,token_batch,0.33,1.179,11.886,1.355,3657.0,13,1,True,0.95,0.06
g-11-023,11,token_batch,0.27,1.257,14.876,1.387,2560.0,14,1,True,0.95,0.06
g-11-024,11,token_batch,0.334,1.165,13.85,1.029,1476.0,16,1,True,0.95,0.06
g-11-025,11,token_batch,0.435,1.393,10.326,1.17,3262.0,14,1,True,0.95,0.06
g-11-026,11,token_batch,0.295,1.057,10.435,0.848,2465.0,13,1,True,0.95,0.06
g-11-027,11,token_batch,0.399,0.921,11.757,1.185,2734.0,14,1,True,0.95,0.06
g-11-028,11,token_batch,0.439,1.368,15.393,0.997,4170.0,14,1,True,0.95,0.06
g-11-029,11,token_batch,0.457,1.256,13.209,1.387,2500.0,15,1,True,0.95,0.06
g-11-030,11,token_batch,0.209,1.308,11.313,0.945,4274.0,15,1,True,0.95,0.06
g-11-031,11,token_batch,0.563,1.199,10.483,1.212,1421.0,17,1,True,0.95,0.06
g-11-032,11,token_batch,0.549,1.113,9.835,1.178,3690.0,14,1,True,0.95,0.06
g-11-033,11,token_batch,0.397,1.372,8.521,1.395,4762.0,13,1,True,0.95,0.06
g-11-034,11,token_batch,0.237,1.156,16.312,1.359,1714.0,14,1,True,0.95,0.06
g-11-035,11,token_batch,0.231,1.235,11.115,1.233,3278.0,14,1,True,0.95,0.06
g-11-036,11,token_batch,0.271,0.949,10.854,1.069,2936.0,14,1,True,0.95,0.06
g-11-037,11,token_batch,0.545,1.089,17.51,1.016,2313.0,14,1,True,0.95,0.06
g-11-038,11,token_batch,0.388,1.054,14.094,1.06,1887.0,16,1,True,0.95,0.06
g-11-039,11,token_batch,0.582,1.089,15.619,1.056,4557.0,14,1,True,0.95,0.06
g-11-040,11,token_batch,0.563,0.98,13.372,1.132,4308.0,13,1,True,0.95,0.06
g-11-041,11,token_batch,0.352,0.984,10.832,1.137,2253.0,14,1,True,0.95,0.06
g-11-042,11,token_batch,0.333,1.229,9.957,1.35,1494.0,16,1,True,0.95,0.06
g-11-043,11,token_batch,0.545,1.238,11.743,1.043,1252.0,13,1,True,0.95,0.06
g-11-044,11,token_batch,0.588,1.024,12.896,1.185,2816.0,16,1,True,0.95,0.06
g-11-045,11,token_batch,0.364,0.823,17.216,1.031,1491.0,17,1,True,0.95,0.06
g-11-046,11,token_batch,0.278,1.062,10.553,1.348,1865.0,17,1,True,0.95,0.06
g-11-047,11,token_batch,0.484,1.181,11.682,0.835,3287.0,15,1,True,0.95,0.06
g-11-048,11,token_batch,0.494,0.945,8.345,1.288,2936.0,16,1,True,0.95,0.06
g-11-049,11,token_batch,0.466,0.889,14.054,1.367,4056.0,13,1,True,0.95,0.06
g-11-050,11,token_batch,0.299,1.147,14.626,0.897,2241.0,14,1,True,0.95,0.06
g-11-051,11,token_batch,0.237,1.227,11.843,1.224,4357.0,13,1,True,0.95,0.06
g-11-052,11,token_batch,0.564,1.326,9.658,1.056,3323.0,13,1,True,0.95,0.06
g-11-053,11,token_batch,0.587,1.195,11.828,0.985,3250.0,15,1,True,0.95,0.06
g-11-054,11,token_batch,0.551,1.237,8.889,1.182,4282.0,16,1,True,0.95,0.06
g-11-055,11,token_batch,0.257,1.249,17.3,1.039,4535.0,15,1,True,0.95,0.06
g-11-056,11,token_batch,0.595,1.29,8.016,0.842,1226.0,15,1,True,0.95,0.06
g-11-057,11,token_batch,0.367,0.973,12.309,0.906,3350.0,16,1,True,0.95,0.06
g-11-058,11,token_batch,0.254,1.092,13.026,0.866,4083.0,14,1,True,0.95,0.06
s-12-000,12,delay_sensitive,1.006,0.0,5.206,0.85,0.0,13,3,False,1.5,0.0
s-12-001,12,delay_sensitive,0.996,0.0,9.898,0.923,0.0,13,3,False,1.5,0.0
s-12-002,12,delay_sensitive,1.356,0.0,4.655,0.782,0.0,13,3,False,1.5,0.0
s-12-003,12,delay_sensitive,0.943,0.0,4.748,0.439,0.0,13,3,False,1.5,0.0
s-12-004,12,delay_sensitive,1.017,0.0,6.911,0.856,0.0,13,3,True,1.5,0.18
s-12-005,12,delay_sensitive,1.033,0.0,9.731,0.799,0.0,13,3,True,1.5,0.18
s-12-006,12,delay_sensitive,0.921,0.0,5.266,0.875,0.0,13,3,False,1.5,0.0
s-12-007,12,delay_sensitive,1.16,0.0,9.772,0.56,0.0,13,3,False,1.5,0.0
s-12-008,12,delay_sensitive,1.278,0.0,7.626,0.602,0.0,13,3,False,1.5,0.0
s-12-009,12,delay_sensitive,1.072,0.0,5.891,0.544,0.0,13,3,False,1.5,0.0
s-12-010,12,delay_sensitive,1.099,0.0,7.665,0.985,0.0,13,3,False,1.5,0.0
s-12-011,12,delay_sensitive,1.303,0.0,4.019,0.922,0.0,13,3,False,1.5,0.0
s-12-012,12,delay_sensitive,1.318,0.0,9.55,0.415,0.0,13,3,False,1.5,0.0
s-12-013,12,delay_sensitive,1.165,0.0,9.706,0.851,0.0,13,3,False,1.5,0.0
s-12-014,12,delay_sensitive,1.126,0.0,8.117,0.922,0.0,13,3,False,1.5,0.0
s-12-015,12,delay_sensitive,1.23,0.0,4.019,0.783,0.0,13,3,False,1.5,0.0
s-12-016,12,delay_sensitive,1.061,0.0,7.803,0.924,0.0,13,3,False,1.5,0.0
s-12-017,12,delay_sensitive,1.268,0.0,8.068,0.54,0.0,13,3,False,1.5,0.0
s-12-018,12,delay_sensitive,1.27,0.0,8.764,0.609,0.0,13,3,False,1.5,0.0
s-12-019,12,delay_sensitive,1.371,0.0,6.857,0.795,0.0,13,3,False,1.5,0.0
s-12-020,12,delay_sensitive,0.95,0.0,6.309,0.764,0.0,13,3,False,1.5,0.0
s-12-021,12,delay_sensitive,1.335,0.0,9.257,0.871,0.0,13,3,False,1.5,0.0
s-12-022,12,delay_sensitive,0.916,0.0,6.988,0.452,0.0,13,3,False,1.5,0.0
s-12-023,12,delay_sensitive,1.398,0.0,9.923,0.68,0.0,13,3,False,1.5,0.0
s-12-024,12,delay_sensitive,1.378,0.0,6.893,0.724,0.0,13,3,False,1.5,0.0
s-12-025,12,delay_sensitive,0.985,0.0,9.665,0.82,0.0,13,3,False,1.5,0.0
s-12-026,12,delay_sensitive,1.397,0.0,4.175,0.957,0.0,13,3,False,1.5,0.0
s-12-027,12,delay_sensitive,1.092,0.0,5.682,0.832,0.0,13,3,False,1.5,0.0
s-12-028,12,delay_sensitive,1.376,0.0,8.024,0.799,0.0,13,3,False,1.5,0.0
s-12-029,12,delay_sensitive,1.217,0.0,6.952,0.877,0.0,13,3,False,1.5,0.0
s-12-030,12,delay_sensitive,1.012,0.0,7.456,0.954,0.0,13,3,False,1.5,0.0
s-12-031,12,delay_sensitive,1.072,0.0,9.461,0.846,0.0,13,3,False,1.5,0.0
s-12-032,12,delay_sensitive,1.227,0.0,8.71,0.98,0.0,13,3,False,1.5,0.0
s-12-033,12,delay_sensitive,1.017,0.0,5.555,0.575,0.0,13,3,False,1.5,0.0
s-12-034,12,delay_sensitive,1.07,0.0,7.553,0.513,0.0,13,3,False,1.5,0.0
s-12-035,12,delay_sensitive,1.186,0.0,4.765,0.588,0.0,13,3,False,1.5,0.0
s-12-036,12,delay_sensitive,1.268,0.0,5.865,0.754,0.0,13,3,False,1.5,0.0
s-12-037,12,delay_sensitive,1.094,0.0,6.542,0.863,0.0,13,3,False,1.5,0.0
s-12-038,12,delay_sensitive,1.367,0.0,4.758,0.798,0.0,13,3,False,1.5,0.0
s-12-039,12,delay_sensitive,0.953,0.0,4.055,0.911,0.0,13,3,False,1.5,0.0
s-12-040,12,delay_sensitive,1.308,0.0,5.781,0.531,0.0,13,3,False,1.5,0.0
s-12-041,12,delay_sensitive,0.974,0.0,5.7,0.848,0.0,13,3,False,1.5,0.0
s-12-042,12,delay_sensitive,1.314,0.0,4.206,0.592,0.0,13,3,False,1.5,0.0
s-12-043,12,delay_sensitive,1.244,0.0,5.641,0.909,0.0,13,3,False,1.5,0.0
s-12-044,12,delay_sensitive,1.216,0.0,5.294,0.575,0.0,13,3,False,1.5,0.0
s-12-045,12,delay_sensitive,0.929,0.0,8.861,0.492,0.0,13,3,False,1.5,0.0
s-12-046,12,delay_sensitive,1.324,0.0,9.607,0.535,0.0,13,3,False,1.5,0.0
s-12-047,12,delay_sensitive,1.362,0.0,8.656,0.914,0.0,13,3,False,1.5,0.0
s-12-048,12,delay_sensitive,1.05,0.0,8.89,0.947,0.0,13,3,False,1.5,0.0
s-12-049,12,delay_sensitive,0.911,0.0,6.354,0.653,0.0,13,3,False,1.5,0.0
s-12-050,12,delay_sensitive,1.074,0.0,6.348,0.443,0.0,13,3,False,1.5,0.0
s-12-051,12,delay_sensitive,1.041,0.0,9.538,0.821,0.0,13,3,False,1.5,0.0
s-12-052,12,delay_sensitive,0.949,0.0,5.941,0.875,0.0,13,3,False,1.5,0.0
s-12-053,12,delay_sensitive,0.927,0.0,9.607,0.582,0.0,13,3,False,1.5,0.0
s-12-054,12,delay_sensitive,1.189,0.0,6.651,0.689,0.0,13,3,False,1.5,0.0
s-12-055,12,delay_sensitive,1.005,0.0,8.826,0.517,0.0,13,3,False,1.5,0.0
s-12-056,12,delay_sensitive,1.081,0.0,9.137,0.461,0.0,13,3,False,1.5,0.0
s-12-057,12,delay_sensitive,1.329,0.0,6.259,0.99,0.0,13,3,False,1.5,0.0
s-12-058,12,delay_sensitive,0.984,0.0,4.338,0.613,0.0,13,3,False,1.5,0.0
s-12-059,12,delay_sensitive,1.373,0.0,4.704,0.709,0.0,13,3,False,1.5,0.0
s-12-060,12,delay_sensitive,1.117,0.0,4.891,0.834,0.0,13,3,False,1.5,0.0
s-12-061,12,delay_sensitive,0.959,0.0,6.38,0.582,0.0,13,3,False,1.5,0.0
s-12-062,12,delay_sensitive,0.986,0.0,8.471,0.866,0.0,13,3,False,1.5,0.0
s-12-063,12,delay_sensitive,1.235,0.0,4.538,0.678,0.0,13,3,False,1.5,0.0
s-12-064,12,delay_sensitive,1.091,0.0,7.794,0.667,0.0,13,3,False,1.5,0.0
s-12-065,12,delay_sensitive,0.958,0.0,4.732,0.785,0.0,13,3,True,1.5,0.18
s-12-066,12,delay_sensitive,1.012,0.0,7.521,0.992,0.0,13,3,False,1.5,0.0
s-12-067,12,delay_sensitive,1.247,0.0,4.567,0.756,0.0,13,3,False,1.5,0.0
s-12-068,12,delay_sensitive,1.4,0.0,8.216,0.579,0.0,13,3,False,1.5,0.0
s-12-069,12,delay_sensitive,1.063,0.0,8.283,0.917,0.0,13,3,False,1.5,0.0
s-12-070,12,delay_sensitive,1.103,0.0,8.204,0.636,0.0,13,3,False,1.5,0.0
s-12-071,12,delay_sensitive,1.292,0.0,7.181,0.438,0.0,13,3,False,1.5,0.0
s-12-072,12,delay_sensitive,1.169,0.0,8.913,0.791,0.0,13,3,False,1.5,0.0
s-12-073,12,delay_sensitive,1.004,0.0,7.951,0.47,0.0,13,3,False,1.5,0.0
s-12-074,12,delay_sensitive,1.248,0.0,4.032,0.668,0.0,13,3,False,1.5,0.0
s-12-075,12,delay_sensitive,0.92,0.0,7.45,0.792,0.0,13,3,False,1.5,0.0
s-12-076,12,delay_sensitive,1.028,0.0,8.518,0.451,0.0,13,3,False,1.5,0.0
s-12-077,12,delay_sensitive,1.049,0.0,9.798,0.503,0.0,13,3,False,1.5,0.0
s-12-078,12,delay_sensitive,1.229,0.0,5.49,0.428,0.0,13,3,False,1.5,0.0
s-12-079,12,delay_sensitive,1.352,0.0,5.76,0.72,0.0,13,3,False,1.5,0.0
s-12-080,12,delay_sensitive,1.145,0.0,5.878,0.946,0.0,13,3,False,1.5,0.0
s-12-081,12,delay_sensitive,1.203,0.0,7.064,0.813,0.0,13,3,False,1.5,0.0
s-12-082,12,delay_sensitive,0.922,0.0,4.22,0.485,0.0,13,3,False,1.5,0.0
s-12-083,12,delay_sensitive,1.008,0.0,4.805,0.731,0.0,13,3,False,1.5,0.0
s-12-084,12,delay_sensitive,1.039,0.0,8.375,0.653,0.0,13,3,False,1.5,0.0
s-12-085,12,delay_sensitive,1.03,0.0,7.899,0.498,0.0,13,3,False,1.5,0.0
s-12-086,12,delay_sensitive,1.372,0.0,8.059,0.964,0.0,13,3,False,1.5,0.0
s-12-087,12,delay_sensitive,1.002,0.0,7.777,0.562,0.0,13,3,False,1.5,0.0
s-12-088,12,delay_sensitive,1.223,0.0,8.287,0.738,0.0,13,3,False,1.5,0.0
s-12-089,12,delay_sensitive,1.156,0.0,4.984,0.893,0.0,13,3,False,1.5,0.0
s-12-090,12,delay_sensitive,1.294,0.0,6.274,0.978,0.0,13,3,False,1.5,0.0
s-12-091,12,delay_sensitive,1.035,0.0,7.189,0.81,0.0,13,3,False,1.5,0.0
s-12-092,12,delay_sensitive,1.065,0.0,4.534,0.946,0.0,13,3,False,1.5,0.0
s-12-093,12,delay_sensitive,0.973,0.0,8.789,0.564,0.0,13,3,False,1.5,0.0
s-12-094,12,delay_sensitive,1.39,0.0,5.333,0.971,0.0,13,3,False,1.5,0.0
s-12-095,12,delay_sensitive,0.962,0.0,7.159,0.925,0.0,13,3,False,1.5,0.0
s-12-096,12,delay_sensitive,1.303,0.0,4.573,0.609,0.0,13,3,False,1.5,0.0
s-12-097,12,delay_sensitive,1.041,0.0,5.626,0.459,0.0,13,3,False,1.5,0.0
s-12-098,12,delay_sensitive,1.059,0.0,8.511,0.508,0.0,13,3,False,1.5,0.0
s-12-099,12,delay_sensitive,1.239,0.0,8.732,0.731,0.0,13,3,False,1.5,0.0
s-12-100,12,delay_sensitive,1.101,0.0,7.554,0.555,0.0,13,3,False,1.5,0.0
s-12-101,12,delay_sensitive,1.257,0.0,7.945,0.486,0.0,13,3,False,1.5,0.0
s-12-102,12,delay_sensitive,1.034,0.0,9.511,0.784,0.0,13,3,False,1.5,0.0
s-12-103,12,delay_sensitive,1.289,0.0,8.069,0.651,0.0,13,3,False,1.5,0.0
s-12-104,12,delay_sensitive,1.119,0.0,6.124,0.681,0.0,13,3,False,1.5,0.0
s-12-105,12,delay_sensitive,1.376,0.0,7.124,0.831,0.0,13,3,False,1.5,0.0
s-12-106,12,delay_sensitive,1.014,0.0,7.814,0.452,0.0,13,3,False,1.5,0.0
s-12-107,12,delay_sensitive,1.285,0.0,9.071,0.781,0.0,13,3,False,1.5,0.0
s-12-108,12,delay_sensitive,1.02,0.0,4.562,0.745,0.0,13,3,False,1.5,0.0
s-12-109,12,delay_sensitive,1.043,0.0,9.578,0.885,0.0,13,3,False,1.5,0.0
s-12-110,12,delay_sensitive,1.374,0.0,8.062,0.959,0.0,13,3,True,1.5,0.18
s-12-111,12,delay_sensitive,1.149,0.0,8.111,0.806,0.0,13,3,False,1.5,0.0
s-12-112,12,delay_sensitive,0.962,0.0,4.083,0.514,0.0,13,3,False,1.5,0.0
s-12-113,12,delay_sensitive,0.904,0.0,6.55,0.721,0.0,13,3,False,1.5,0.0
s-12-114,12,delay_sensitive,1.397,0.0,7.967,0.952,0.0,13,3,False,1.5,0.0
s-12-115,12,delay_sensitive,1.372,0.0,8.104,0.425,0.0,13,3,False,1.5,0.0
s-12-116,12,delay_sensitive,0.984,0.0,9.581,0.858,0.0,13,3,False,1.5,0.0
s-12-117,12,delay_sensitive,0.987,0.0,6.202,0.48,0.0,13,3,False,1.5,0.0
s-12-118,12,delay_sensitive,0.925,0.0,6.973,0.502,0.0,13,3,False,1.5,0.0
s-12-119,12,delay_sensitive,1.069,0.0,8.074,0.899,0.0,13,3,False,1.5,0.0
s-12-120,12,delay_sensitive,1.329,0.0,5.74,0.69,0.0,13,3,False,1.5,0.0
t-12-000,12,delay_tolerant,1.095,0.0,6.413,0.43,229.735,15,2,True,0.9,0.06
t-12-001,12,delay_tolerant,1.157,0.0,8.612,0.835,425.407,16,2,True,0.9,0.06
t-12-002,12,delay_tolerant,1.046,0.0,4.971,0.512,121.856,14,2,True,0.9,0.06
t-12-003,12,delay_tolerant,0.942,0.0,3.608,0.595,150.508,16,2,True,0.9,0.06
t-12-004,12,delay_tolerant,0.964,0.0,8.479,0.304,397.001,16,2,False,0.9,0.0
t-12-005,12,delay_tolerant,0.958,0.0,4.796,0.557,185.586,15,2,True,0.9,0.06
t-12-006,12,delay_tolerant,0.975,0.0,8.036,0.397,247.346,15,2,True,0.9,0.06
t-12-007,12,delay_tolerant,1.153,0.0,7.255,0.366,222.564,15,2,True,0.9,0.06
t-12-008,12,delay_tolerant,1.098,0.0,8.406,0.396,191.637,14,2,True,0.9,0.06
t-12-009,12,delay_tolerant,1.193,0.0,3.713,0.593,298.404,15,2,False,0.9,0.0
t-12-010,12,delay_tolerant,0.93,0.0,7.586,0.829,300.669,16,2,False,0.9,0.0
t-12-011,12,delay_tolerant,0.956,0.0,3.658,0.365,127.615,16,2,False,0.9,0.0
t-12-012,12,delay_tolerant,0.805,0.0,7.107,0.331,418.741,14,2,True,0.9,0.06
t-12-013,12,delay_tolerant,1.095,0.0,5.606,0.474,294.935,15,2,False,0.9,0.0
t-12-014,12,delay_tolerant,0.861,0.0,6.067,0.45,396.022,15,2,True,0.9,0.06
t-12-015,12,delay_tolerant,0.899,0.0,7.924,0.419,374.326,15,2,False,0.9,0.0
t-12-016,12,delay_tolerant,1.001,0.0,4.087,0.896,332.831,14,2,False,0.9,0.0
t-12-017,12,delay_tolerant,0.848,0.0,5.408,0.464,189.184,16,2,True,0.9,0.06
t-12-018,12,delay_tolerant,1.047,0.0,3.546,0.331,266.627,14,2,True,0.9,0.06
t-12-019,12,delay_tolerant,1.192,0.0,4.331,0.556,142.086,15,2,False,0.9,0.0
t-12-020,12,delay_tolerant,0.922,0.0,4.615,0.468,246.369,15,2,False,0.9,0.0
t-12-021,12,delay_tolerant,1.158,0.0,4.091,0.3,357.755,15,2,True,0.9,0.06
t-12-022,12,delay_tolerant,0.989,0.0,8.451,0.36,186.542,15,2,True,0.9,0.06
t-12-023,12,delay_tolerant,0.922,0.0,3.581,0.308,318.637,15,2,True,0.9,0.06
t-12-024,12,delay_tolerant,1.097,0.0,5.168,0.767,310.39,14,2,True,0.9,0.06
t-12-025,12,delay_tolerant,0.91,0.0,6.506,0.352,158.292,15,2,True,0.9,0.06
t-12-026,12,delay_tolerant,0.848,0.0,6.519,0.847,355.568,16,2,False,0.9,0.0
t-12-027,12,delay_tolerant,0.978,0.0,3.592,0.865,342.844,14,2,True,0.9,0.06
t-12-028,12,delay_tolerant,1.196,0.0,4.212,0.732,135.772,15,2,False,0.9,0.0
t-12-029,12,delay_tolerant,1.085,0.0,8.35,0.756,424.592,14,2,True,0.9,0.06
t-12-030,12,delay_tolerant,1.158,0.0,5.691,0.73,447.906,16,2,False,0.9,0.0
t-12-031,12,delay_tolerant,1.01,0.0,8.715,0.775,180.097,14,2,True,0.9,0.06
t-12-032,12,delay_tolerant,0.852,0.0,3.273,0.64,405.981,15,2,False,0.9,0.0
t-12-033,12,delay_tolerant,1.126,0.0,5.97,0.619,304.856,16,2,True,0.9,0.06
t-12-034,12,delay_tolerant,1.1,0.0,5.305,0.768,264.306,14,2,True,0.9,0.06
t-12-035,12,delay_tolerant,0.801,0.0,6.431,0.655,123.19,15,2,True,0.9,0.06
t-12-036,12,delay_tolerant,1.083,0.0,6.15,0.482,199.321,16,2,True,0.9,0.06
t-12-037,12,delay_tolerant,0.848,0.0,4.344,0.62,225.064,16,2,True,0.9,0.06
t-12-038,12,delay_tolerant,1.153,0.0,8.563,0.462,404.624,16,2,True,0.9,0.06
t-12-039,12,delay_tolerant,1.196,0.0,4.26,0.37,353.512,16,2,False,0.9,0.0
t-12-040,12,delay_tolerant,0.948,0.0,3.499,0.723,317.739,16,2,True,0.9,0.06
t-12-041,12,delay_tolerant,1.159,0.0,4.769,0.891,345.344,16,2,True,0.9,0.06
t-12-042,12,delay_tolerant,0.888,0.0,8.791,0.406,469.778,14,2,False,0.9,0.0
t-12-043,12,delay_tolerant,1.147,0.0,8.634,0.65,380.137,16,2,False,0.9,0.0
t-12-044,12,delay_tolerant,1.062,0.0,8.22,0.681,318.316,16,2,True,0.9,0.06
t-12-045,12,delay_tolerant,0.908,0.0,6.49,0.785,391.043,15,2,True,0.9,0.06
t-12-046,12,delay_tolerant,1.092,0.0,5.603,0.389,292.442,14,2,True,0.9,0.06
t-12-047,12,delay_tolerant,0.874,0.0,8.174,0.413,296.587,15,2,True,0.9,0.06
t-12-048,12,delay_tolerant,0.913,0.0,4.861,0.831,414.3,16,2,True,0.9,0.06
t-12-049,12,delay_tolerant,0.828,0.0,3.432,0.447,447.287,16,2,True,0.9,0.06
t-12-050,12,delay_tolerant,1.011,0.0,7.361,0.785,337.186,15,2,True,0.9,0.06
t-12-051,12,delay_tolerant,0.844,0.0,3.081,0.798,456.484,15,2,True,0.9,0.06
t-12-052,12,delay_tolerant,0.833,0.0,3.856,0.676,124.859,14,2,True,0.9,0.06
t-12-053,12,delay_tolerant,0.843,0.0,7.417,0.503,374.684,14,2,False,0.9,0.0
t-12-054,12,delay_tolerant,1.104,0.0,8.354,0.789,230.659,14,2,True,0.9,0.06
t-12-055,12,delay_tolerant,0.822,0.0,7.152,0.676,164.307,15,2,True,0.9,0.06
t-12-056,12,delay_tolerant,0.919,0.0,6.069,0.802,171.061,14,2,True,0.9,0.06
t-12-057,12,delay_tolerant,0.971,0.0,3.884,0.693,201.318,14,2,True,0.9,0.06
t-12-058,12,delay_tolerant,1.154,0.0,7.937,0.367,181.041,16,2,True,0.9,0.06
t-12-059,12,delay_tolerant,1.183,0.0,4.691,0.346,240.141,14,2,True,0.9,0.06
t-12-060,12,delay_tolerant,1.168,0.0,8.374,0.663,184.104,15,2,False,0.9,0.0
t-12-061,12,delay_tolerant,0.873,0.0,5.551,0.836,367.378,16,2,True,0.9,0.06
t-12-062,12,delay_tolerant,0.939,0.0,3.624,0.85,358.223,16,2,False,0.9,0.0
t-12-063,12,delay_tolerant,1.085,0.0,3.458,0.301,455.914,15,2,False,0.9,0.0
t-12-064,12,delay_tolerant,0.859,0.0,3.887,0.568,406.866,14,2,False,0.9,0.0
t-12-065,12,delay_tolerant,0.845,0.0,5.565,0.736,172.08,15,2,False,0.9,0.0
t-12-066,12,delay_tolerant,0.873,0.0,5.31,0.492,272.58,15,2,False,0.9,0.0
t-12-067,12,delay_tolerant,1.041,0.0,6.82,0.383,459.851,16,2,False,0.9,0.0
g-12-000,12,token_batch,0.367,1.098,13.338,1.119,2769.0,15,1,True,0.95,0.06
g-12-001,12,token_batch,0.233,1.229,13.269,1.266,2775.0,15,1,True,0.95,0.06
g-12-002,12,token_batch,0.235,1.017,10.033,1.31,4079.0,15,1,True,0.95,0.06
g-12-003,12,token_batch,0.39,0.88,9.102,1.347,3487.0,16,1,True,0.95,0.06
g-12-004,12,token_batch,0.54,1.267,9.393,1.076,4676.0,16,1,True,0.95,0.06
g-12-005,12,token_batch,0.297,1.297,8.559,0.883,2924.0,18,1,True,0.95,0.06
g-12-006,12,token_batch,0.493,1.218,12.247,0.832,2746.0,15,1,True,0.95,0.06
g-12-007,12,token_batch,0.433,1.086,13.939,0.895,3914.0,14,1,True,0.95,0.06
g-12-008,12,token_batch,0.257,0.947,8.125,1.299,2696.0,15,1,True,0.95,0.06
g-12-009,12,token_batch,0.506,1.082,9.401,1.116,1813.0,17,1,True,0.95,0.06
g-12-010,12,token_batch,0.365,1.002,15.814,1.217,3125.0,16,1,True,0.95,0.06
g-12-011,12,token_batch,0.262,1.329,8.321,1.251,1655.0,16,1,True,0.95,0.06
g-12-012,12,token_batch,0.204,1.3,14.799,1.326,1856.0,18,1,True,0.95,0.06
g-12-013,12,token_batch,0.532,1.351,13.019,1.226,4113.0,18,1,True,0.95,0.06
g-12-014,12,token_batch,0.309,0.855,11.776,1.371,1842.0,17,1,True,0.95,0.06
g-12-015,12,token_batch,0.448,0.931,9.837,1.248,2840.0,15,1,True,0.95,0.06
g-12-016,12,token_batch,0.537,1.29,12.684,0.988,3678.0,18,1,True,0.95,0.06
g-12-017,12,token_batch,0.352,0.833,11.715,1.055,4588.0,17,1,True,0.95,0.06
g-12-018,12,token_batch,0.242,1.018,15.788,1.001,1644.0,16,1,True,0.95,0.06
g-12-019,12,token_batch,0.265,0.864,10.119,0.807,2355.0,15,1,True,0.95,0.06
g-12-020,12,token_batch,0.421,1.183,8.324,0.962,1968.0,16,1,True,0.95,0.06
g-12-021,12,token_batch,0.218,1.392,12.838,0.829,3513.0,18,1,True,0.95,0.06
g-12-022,12,token_batch,0.203,1.014,10.824,1.039,2464.0,14,1,True,0.95,0.06
g-12-023,12,token_batch,0.501,1.235,17.739,1.222,2488.0,15,1,True,0.95,0.06
g-12-024,12,token_batch,0.363,1.245,9.01,1.284,2557.0,14,1,True,0.95,0.06
g-12-025,12,token_batch,0.435,1.029,13.864,1.311,1297.0,15,1,True,0.95,0.06
g-12-026,12,token_batch,0.261,1.078,16.852,0.856,1860.0,16,1,True,0.95,0.06
g-12-027,12,token_batch,0.523,1.193,15.688,0.897,2083.0,15,1,True,0.95,0.06
g-12-028,12,token_batch,0.597,1.165,13.233,1.261,3314.0,18,1,True,0.95,0.06
g-12-029,12,token_batch,0.252,0.975,14.235,1.364,4416.0,17,1,True,0.95,0.06
g-12-030,12,token_batch,0.51,1.033,10.088,1.166,4119.0,14,1,True,0.95,0.06
g-12-031,12,token_batch,0.427,1.397,8.974,0.809,1824.0,14,1,True,0.95,0.06
g-12-032,12,token_batch,0.547,1.278,16.951,1.099,3441.0,16,1,True,0.95,0.06
g-12-033,12,token_batch,0.268,0.977,8.682,1.146,2484.0,17,1,True,0.95,0.06
g-12-034,12,token_batch,0.228,1.226,12.607,1.392,1565.0,16,1,True,0.95,0.06
g-12-035,12,token_batch,0.551,1.19,9.404,0.874,4325.0,16,1,True,0.95,0.06
g-12-036,12,token_batch,0.216,1.315,12.009,1.314,3199.0,18,1,True,0.95,0.06
g-12-037,12,token_batch,0.347,1.307,17.52,1.024,3005.0,15,1,True,0.95,0.06
g-12-038,12,token_batch,0.38,1.326,17.912,0.826,3272.0,17,1,True,0.95,0.06
g-12-039,12,token_batch,0.516,1.22,13.608,0.893,4235.0,14,1,True,0.95,0.06
g-12-040,12,token_batch,0.35,1.142,16.538,0.934,2390.0,14,1,True,0.95,0.06
g-12-041,12,token_batch,0.237,1.08,14.425,1.34,3940.0,17,1,True,0.95,0.06
g-12-042,12,token_batch,0.234,1.239,17.175,1.353,1646.0,17,1,True,0.95,0.06
g-12-043,12,token_batch,0.361,0.839,11.424,1.163,2017.0,17,1,True,0.95,0.06
g-12-044,12,token_batch,0.497,0.869,12.546,1.127,4076.0,15,1,True,0.95,0.06
g-12-045,12,token_batch,0.456,0.992,8.313,1.161,1796.0,17,1,True,0.95,0.06
g-12-046,12,token_batch,0.575,1.017,12.301,1.084,1455.0,17,1,True,0.95,0.06
g-12-047,12,token_batch,0.547,1.372,14.837,0.962,2066.0,14,1,True,0.95,0.06
g-12-048,12,token_batch,0.257,0.964,8.817,1.324,1542.0,15,1,True,0.95,0.06
g-12-049,12,token_batch,0.368,0.928,16.931,0.91,4768.0,17,1,True,0.95,0.06
g-12-050,12,token_batch,0.558,1.057,17.634,0.978,1578.0,14,1,True,0.95,0.06
g-12-051,12,token_batch,0.577,1.089,13.355,1.27,2630.0,15,1,True,0.95,0.06
g-12-052,12,token_batch,0.565,1.142,16.23,1.137,2652.0,17,1,True,0.95,0.06
s-13-000,13,delay_sensitive,0.999,0.0,8.336,0.747,0.0,14,3,False,1.5,0.0
s-13-001,13,delay_sensitive,1.232,0.0,8.941,0.841,0.0,14,3,False,1.5,0.0
s-13-002,13,delay_sensitive,1.267,0.0,4.085,0.938,0.0,14,3,False,1.5,0.0
s-13-003,13,delay_sensitive,1.15,0.0,5.898,0.875,0.0,14,3,False,1.5,0.0
s-13-004,13,delay_sensitive,1.031,0.0,8.334,0.993,0.0,14,3,False,1.5,0.0
s-13-005,13,delay_sensitive,1.329,0.0,7.806,0.783,0.0,14,3,False,1.5,0.0
s-13-006,13,delay_sensitive,0.918,0.0,8.474,0.513,0.0,14,3,False,1.5,0.0
s-13-007,13,delay_sensitive,1.287,0.0,7.606,0.53,0.0,14,3,False,1.5,0.0
s-13-008,13,delay_sensitive,0.996,0.0,8.078,0.973,0.0,14,3,False,1.5,0.0
s-13-009,13,delay_sensitive,1.082,0.0,5.812,0.584,0.0,14,3,False,1.5,0.0
s-13-010,13,delay_sensitive,0.962,0.0,6.995,0.999,0.0,14,3,False,1.5,0.0
s-13-011,13,delay_sensitive,1.076,0.0,8.969,0.656,0.0,14,3,False,1.5,0.0
s-13-012,13,delay_sensitive,1.068,0.0,9.558,0.675,0.0,14,3,False,1.5,0.0
s-13-013,13,delay_sensitive,1.176,0.0,4.976,0.662,0.0,14,3,False,1.5,0.0
s-13-014,13,delay_sensitive,1.23,0.0,8.082,0.78,0.0,14,3,False,1.5,0.0
s-13-015,13,delay_sensitive,1.369,0.0,9.435,0.46,0.0,14,3,False,1.5,0.0
s-13-016,13,delay_sensitive,1.319,0.0,4.538,0.41,0.0,14,3,False,1.5,0.0
s-13-017,13,delay_sensitive,0.952,0.0,8.5,0.774,0.0,14,3,False,1.5,0.0
s-13-018,13,delay_sensitive,1.217,0.0,7.02,0.884,0.0,14,3,False,1.5,0.0
s-13-019,13,delay_sensitive,1.326,0.0,5.271,0.866,0.0,14,3,False,1.5,0.0
s-13-020,13,delay_sensitive,0.957,0.0,9.138,0.97,0.0,14,3,False,1.5,0.0
s-13-021,13,delay_sensitive,1.297,0.0,6.784,0.945,0.0,14,3,False,1.5,0.0
s-13-022,13,delay_sensitive,1.292,0.0,6.375,0.964,0.0,14,3,False,1.5,0.0
s-13-023,13,delay_sensitive,1.154,0.0,5.606,0.795,0.0,14,3,False,1.5,0.0
s-13-024,13,delay_sensitive,1.351,0.0,9.456,0.804,0.0,14,3,False,1.5,0.0
s-13-025,13,delay_sensitive,1.355,0.0,4.196,0.416,0.0,14,3,True,1.5,0.18
s-13-026,13,delay_sensitive,1.32,0.0,7.114,0.845,0.0,14,3,False,1.5,0.0
s-13-027,13,delay_sensitive,0.985,0.0,7.433,0.658,0.0,14,3,False,1.5,0.0
s-13-028,13,delay_sensitive,1.096,0.0,7.698,0.636,0.0,14,3,False,1.5,0.0
s-13-029,13,delay_sensitive,1.366,0.0,6.575,0.964,0.0,14,3,False,1.5,0.0
s-13-030,13,delay_sensitive,1.264,0.0,6.419,0.591,0.0,14,3,False,1.5,0.0
s-13-031,13,delay_sensitive,1.015,0.0,8.26,0.476,0.0,14,3,False,1.5,0.0
s-13-032,13,delay_sensitive,1.188,0.0,6.352,0.857,0.0,14,3,False,1.5,0.0
s-13-033,13,delay_sensitive,1.319,0.0,4.954,0.593,0.0,14,3,False,1.5,0.0
s-13-034,13,delay_sensitive,0.913,0.0,4.069,0.862,0.0,14,3,False,1.5,0.0
s-13-035,13,delay_sensitive,1.209,0.0,7.262,0.983,0.0,14,3,False,1.5,0.0
s-13-036,13,delay_sensitive,0.913,0.0,8.405,0.99,0.0,14,3,False,1.5,0.0
s-13-037,13,delay_sensitive,1.289,0.0,5.119,0.792,0.0,14,3,False,1.5,0.0
s-13-038,13,delay_sensitive,0.997,0.0,9.043,0.836,0.0,14,3,False,1.5,0.0
s-13-039,13,delay_sensitive,1.089,0.0,5.563,0.431,0.0,14,3,False,1.5,0.0
s-13-040,13,delay_sensitive,0.972,0.0,4.139,0.991,0.0,14,3,False,1.5,0.0
s-13-041,13,delay_sensitive,0.955,0.0,9.563,0.474,0.0,14,3,False,1.5,0.0
s-13-042,13,delay_sensitive,1.031,0.0,5.084,0.446,0.0,14,3,False,1.5,0.0
s-13-043,13,delay_sensitive,1.356,0.0,5.248,0.46,0.0,14,3,False,1.5,0.0
s-13-044,13,delay_sensitive,1.107,0.0,6.919,0.775,0.0,14,3,False,1.5,0.0
s-13-045,13,delay_sensitive,1.11,0.0,9.338,0.78,0.0,14,3,False,1.5,0.0
s-13-046,13,delay_sensitive,0.981,0.0,5.793,0.942,0.0,14,3,False,1.5,0.0
s-13-047,13,delay_sensitive,1.216,0.0,9.129,0.47,0.0,14,3,False,1.5,0.0
s-13-048,13,delay_sensitive,1.073,0.0,9.969,0.76,0.0,14,3,False,1.5,0.0
s-13-049,13,delay_sensitive,1.161,0.0,5.527,0.473,0.0,14,3,True,1.5,0.18
s-13-050,13,delay_sensitive,1.168,0.0,7.108,0.857,0.0,14,3,False,1.5,0.0
s-13-051,13,delay_sensitive,1.082,0.0,9.391,0.418,0.0,14,3,False,1.5,0.0
s-13-052,13,delay_sensitive,0.942,0.0,8.15,0.476,0.0,14,3,False,1.5,0.0
s-13-053,13,delay_sensitive,1.0,0.0,4.552,0.825,0.0,14,3,False,1.5,0.0
s-13-054,13,delay_sensitive,1.134,0.0,8.854,0.662,0.0,14,3,False,1.5,0.0
s-13-055,13,delay_sensitive,1.361,0.0,5.501,0.519,0.0,14,3,False,1.5,0.0
s-13-056,13,delay_sensitive,1.259,0.0,9.771,0.462,0.0,14,3,False,1.5,0.0
s-13-057,13,delay_sensitive,1.194,0.0,4.994,0.523,0.0,14,3,False,1.5,0.0
s-13-058,13,delay_sensitive,1.117,0.0,6.677,0.758,0.0,14,3,False,1.5,0.0
s-13-059,13,delay_sensitive,1.059,0.0,4.645,0.63,0.0,14,3,False,1.5,0.0
s-13-060,13,delay_sensitive,1.076,0.0,9.387,0.892,0.0,14,3,False,1.5,0.0
s-13-061,13,delay_sensitive,1.345,0.0,9.749,0.552,0.0,14,3,False,1.5,0.0
s-13-062,13,delay_sensitive,1.202,0.0,9.264,0.97,0.0,14,3,False,1.5,0.0
s-13-063,13,delay_sensitive,1.099,0.0,4.688,0.885,0.0,14,3,False,1.5,0.0
s-13-064,13,delay_sensitive,0.993,0.0,5.472,0.529,0.0,14,3,False,1.5,0.0
s-13-065,13,delay_sensitive,0.973,0.0,5.887,0.406,0.0,14,3,False,1.5,0.0
s-13-066,13,delay_sensitive,1.258,0.0,5.283,0.74,0.0,14,3,False,1.5,0.0
s-13-067,13,delay_sensitive,1.016,0.0,4.397,0.57,0.0,14,3,False,1.5,0.0
s-13-068,13,delay_sensitive,1.009,0.0,7.366,0.83,0.0,14,3,False,1.5,0.0
s-13-069,13,delay_sensitive,1.304,0.0,8.028,0.744,0.0,14,3,False,1.5,0.0
s-13-070,13,delay_sensitive,1.241,0.0,6.611,0.888,0.0,14,3,False,1.5,0.0
s-13-071,13,delay_sensitive,0.925,0.0,6.964,0.428,0.0,14,3,False,1.5,0.0
s-13-072,13,delay_sensitive,0.96,0.0,6.717,0.761,0.0,14,3,False,1.5,0.0
s-13-073,13,delay_sensitive,1.018,0.0,4.128,0.411,0.0,14,3,False,1.5,0.0
s-13-074,13,delay_sensitive,1.188,0.0,4.028,0.677,0.0,14,3,False,1.5,0.0
s-13-075,13,delay_sensitive,1.383,0.0,4.222,0.72,0.0,14,3,False,1.5,0.0
s-13-076,13,delay_sensitive,1.069,0.0,4.098,0.682,0.0,14,3,False,1.5,0.0
s-13-077,13,delay_sensitive,1.108,0.0,5.806,0.59,0.0,14,3,False,1.5,0.0
s-13-078,13,delay_sensitive,0.94,0.0,8.648,0.696,0.0,14,3,False,1.5,0.0
s-13-079,13,delay_sensitive,1.049,0.0,9.904,0.696,0.0,14,3,False,1.5,0.0
s-13-080,13,delay_sensitive,1.355,0.0,9.058,0.963,0.0,14,3,False,1.5,0.0
s-13-081,13,delay_sensitive,1.012,0.0,8.953,0.483,0.0,14,3,False,1.5,0.0
s-13-082,13,delay_sensitive,1.331,0.0,8.346,0.536,0.0,14,3,False,1.5,0.0
s-13-083,13,delay_sensitive,1.262,0.0,8.874,0.89,0.0,14,3,False,1.5,0.0
s-13-084,13,delay_sensitive,0.902,0.0,8.129,0.431,0.0,14,3,False,1.5,0.0
s-13-085,13,delay_sensitive,0.922,0.0,4.288,0.583,0.0,14,3,False,1.5,0.0
s-13-086,13,delay_sensitive,1.244,0.0,8.75,0.628,0.0,14,3,False,1.5,0.0
s-13-087,13,delay_sensitive,1.362,0.0,7.501,0.472,0.0,14,3,False,1.5,0.0
s-13-088,13,delay_sensitive,0.974,0.0,7.505,0.91,0.0,14,3,False,1.5,0.0
s-13-089,13,delay_sensitive,1.218,0.0,8.009,0.713,0.0,14,3,False,1.5,0.0
s-13-090,13,delay_sensitive,1.139,0.0,6.941,0.568,0.0,14,3,False,1.5,0.0
s-13-091,13,delay_sensitive,1.141,0.0,4.551,0.86,0.0,14,3,False,1.5,0.0
s-13-092,13,delay_sensitive,1.077,0.0,9.013,0.545,0.0,14,3,False,1.5,0.0
s-13-093,13,delay_sensitive,1.328,0.0,8.17,0.445,0.0,14,3,False,1.5,0.0
s-13-094,13,delay_sensitive,1.006,0.0,8.023,0.681,0.0,14,3,False,1.5,0.0
s-13-095,13,delay_sensitive,1.144,0.0,6.043,0.888,0.0,14,3,False,1.5,0.0
s-13-096,13,delay_sensitive,1.157,0.0,5.88,0.967,0.0,14,3,False,1.5,0.0
s-13-097,13,delay_sensitive,1.228,0.0,9.087,0.463,0.0,14,3,False,1.5,0.0
s-13-098,13,delay_sensitive,1.358,0.0,6.313,0.671,0.0,14,3,False,1.5,0.0
s-13-099,13,delay_sensitive,1.002,0.0,6.401,0.441,0.0,14,3,False,1.5,0.0
s-13-100,13,delay_sensitive,1.243,0.0,9.709,0.746,0.0,14,3,False,1.5,0.0
s-13-101,13,delay_sensitive,1.13,0.0,4.643,0.466,0.0,14,3,False,1.5,0.0
s-13-102,13,delay_sensitive,1.13,0.0,5.601,0.686,0.0,14,3,True,1.5,0.18
s-13-103,13,delay_sensitive,1.076,0.0,4.71,0.73,0.0,14,3,False,1.5,0.0
s-13-104,13,delay_sensitive,1.006,0.0,6.382,0.659,0.0,14,3,False,1.5,0.0
s-13-105,13,delay_sensitive,1.121,0.0,6.219,0.429,0.0,14,3,False,1.5,0.0
s-13-106,13,delay_sensitive,1.364,0.0,5.164,0.514,0.0,14,3,False,1.5,0.0
s-13-107,13,delay_sensitive,1.038,0.0,7.645,0.711,0.0,14,3,False,1.5,0.0
s-13-108,13,delay_sensitive,0.925,0.0,5.494,0.467,0.0,14,3,False,1.5,0.0
s-13-109,13,delay_sensitive,1.348,0.0,7.451,0.543,0.0,14,3,False,1.5,0.0
s-13-110,13,delay_sensitive,1.038,0.0,9.296,0.82,0.0,14,3,False,1.5,0.0
s-13-111,13,delay_sensitive,1.096,0.0,5.319,0.894,0.0,14,3,False,1.5,0.0
s-13-112,13,delay_sensitive,1.148,0.0,5.026,0.522,0.0,14,3,False,1.5,0.0
s-13-113,13,delay_sensitive,1.253,0.0,5.728,0.402,0.0,14,3,False,1.5,0.0
t-13-000,13,delay_tolerant,1.08,0.0,5.861,0.483,446.4,15,2,True,0.9,0.06
t-13-001,13,delay_tolerant,1.073,0.0,4.0,0.499,283.878,15,2,True,0.9,0.06
t-13-002,13,delay_tolerant,0.971,0.0,3.125,0.885,437.253,15,2,False,0.9,0.0
t-13-003,13,delay_tolerant,1.141,0.0,6.564,0.882,329.937,15,2,False,0.9,0.0
t-13-004,13,delay_tolerant,0.989,0.0,3.271,0.31,364.817,16,2,False,0.9,0.0
t-13-005,13,delay_tolerant,1.01,0.0,4.004,0.388,153.808,16,2,False,0.9,0.0
t-13-006,13,delay_tolerant,0.934,0.0,5.944,0.51,316.457,16,2,False,0.9,0.0
t-13-007,13,delay_tolerant,0.946,0.0,3.081,0.512,375.657,17,2,True,0.9,0.06
t-13-008,13,delay_tolerant,1.143,0.0,8.413,0.657,160.594,17,2,False,0.9,0.0
t-13-009,13,delay_tolerant,1.056,0.0,3.887,0.546,199.292,17,2,True,0.9,0.06
t-13-010,13,delay_tolerant,0.812,0.0,6.466,0.717,275.059,15,2,True,0.9,0.06
t-13-011,13,delay_tolerant,0.878,0.0,8.729,0.683,467.563,15,2,False,0.9,0.0
t-13-012,13,delay_tolerant,1.16,0.0,5.696,0.875,309.686,17,2,False,0.9,0.0
t-13-013,13,delay_tolerant,0.94,0.0,4.987,0.653,460.296,16,2,False,0.9,0.0
t-13-014,13,delay_tolerant,0.816,0.0,6.12,0.506,340.452,16,2,True,0.9,0.06
t-13-015,13,delay_tolerant,1.027,0.0,7.755,0.508,159.669,16,2,False,0.9,0.0
t-13-016,13,delay_tolerant,1.074,0.0,5.798,0.39,468.002,15,2,True,0.9,0.06
t-13-017,13,delay_tolerant,0.865,0.0,5.921,0.339,226.102,17,2,True,0.9,0.06
t-13-018,13,delay_tolerant,0.913,0.0,6.558,0.332,230.096,16,2,True,0.9,0.06
t-13-019,13,delay_tolerant,1.134,0.0,3.299,0.383,436.34,16,2,True,0.9,0.06
t-13-020,13,delay_tolerant,1.108,0.0,3.93,0.352,217.441,17,2,False,0.9,0.0
t-13-021,13,delay_tolerant,1.034,0.0,3.484,0.431,290.344,17,2,True,0.9,0.06
t-13-022,13,delay_tolerant,1.071,0.0,5.317,0.539,445.499,16,2,True,0.9,0.06
t-13-023,13,delay_tolerant,1.039,0.0,4.04,0.561,435.336,16,2,False,0.9,0.0
t-13-024,13,delay_tolerant,1.107,0.0,4.5,0.55,191.828,17,2,True,0.9,0.06
t-13-025,13,delay_tolerant,1.027,0.0,6.77,0.627,255.348,16,2,True,0.9,0.06
t-13-026,13,delay_tolerant,1.011,0.0,7.165,0.602,366.659,16,2,True,0.9,0.06
t-13-027,13,delay_tolerant,0.971,0.0,5.523,0.546,129.962,16,2,True,0.9,0.06
t-13-028,13,delay_tolerant,1.107,0.0,3.531,0.384,446.466,17,2,True,0.9,0.06
t-13-029,13,delay_tolerant,0.949,0.0,6.725,0.84,436.01,15,2,True,0.9,0.06
t-13-030,13,delay_tolerant,0.957,0.0,5.418,0.304,410.693,15,2,False,0.9,0.0
t-13-031,13,delay_tolerant,0.822,0.0,3.328,0.798,353.957,17,2,True,0.9,0.06
t-13-032,13,delay_tolerant,1.129,0.0,6.393,0.714,431.153,16,2,True,0.9,0.06
t-13-033,13,delay_tolerant,1.07,0.0,7.436,0.332,193.823,15,2,False,0.9,0.0
t-13-034,13,delay_tolerant,1.187,0.0,3.818,0.837,350.281,15,2,True,0.9,0.06
t-13-035,13,delay_tolerant,0.924,0.0,8.935,0.304,294.584,15,2,True,0.9,0.06
t-13-036,13,delay_tolerant,0.827,0.0,3.918,0.828,307.136,17,2,True,0.9,0.06
t-13-037,13,delay_tolerant,0.989,0.0,7.996,0.566,140.035,15,2,True,0.9,0.06
t-13-038,13,delay_tolerant,0.993,0.0,4.104,0.441,425.182,15,2,True,0.9,0.06
t-13-039,13,delay_tolerant,1.073,0.0,8.156,0.67,275.647,16,2,False,0.9,0.0
t-13-040,13,delay_tolerant,0.857,0.0,7.468,0.444,304.145,17,2,True,0.9,0.06
t-13-041,13,delay_tolerant,0.99,0.0,4.74,0.701,465.273,17,2,True,0.9,0.06
t-13-042,13,delay_tolerant,0.91,0.0,5.315,0.78,287.027,16,2,True,0.9,0.06
t-13-043,13,delay_tolerant,0.913,0.0,3.721,0.534,328.994,16,2,True,0.9,0.06
t-13-044,13,delay_tolerant,1.157,0.0,6.719,0.326,446.541,15,2,False,0.9,0.0
t-13-045,13,delay_tolerant,1.089,0.0,4.661,0.889,248.789,15,2,True,0.9,0.06
t-13-046,13,delay_tolerant,1.161,0.0,6.15,0.608,182.819,17,2,True,0.9,0.06
t-13-047,13,delay_tolerant,1.088,0.0,5.036,0.729,403.211,15,2,True,0.9,0.06
t-13-048,13,delay_tolerant,1.063,0.0,8.541,0.341,422.157,16,2,False,0.9,0.0
t-13-049,13,delay_tolerant,0.989,0.0,6.954,0.646,453.868,16,2,True,0.9,0.06
t-13-050,13,delay_tolerant,0.852,0.0,4.944,0.873,245.314,17,2,True,0.9,0.06
t-13-051,13,delay_tolerant,0.827,0.0,3.177,0.74,203.414,17,2,False,0.9,0.0
t-13-052,13,delay_tolerant,1.174,0.0,5.858,0.756,473.278,17,2,True,0.9,0.06
t-13-053,13,delay_tolerant,0.842,0.0,8.285,0.737,258.27,17,2,False,0.9,0.0
t-13-054,13,delay_tolerant,0.825,0.0,4.503,0.322,389.977,16,2,False,0.9,0.0
t-13-055,13,delay_tolerant,1.043,0.0,8.044,0.854,235.617,16,2,False,0.9,0.0
t-13-056,13,delay_tolerant,0.853,0.0,6.824,0.634,190.458,17,2,True,0.9,0.06
t-13-057,13,delay_tolerant,0.914,0.0,4.207,0.397,412.982,16,2,True,0.9,0.06
t-13-058,13,delay_tolerant,0.81,0.0,8.759,0.358,131.966,15,2,True,0.9,0.06
t-13-059,13,delay_tolerant,0.944,0.0,5.448,0.628,145.907,15,2,False,0.9,0.0
t-13-060,13,delay_tolerant,1.183,0.0,7.37,0.617,188.449,15,2,False,0.9,0.0
t-13-061,13,delay_tolerant,0.989,0.0,5.113,0.671,321.131,15,2,True,0.9,0.06
t-13-062,13,delay_tolerant,0.976,0.0,6.753,0.824,324.895,15,2,False,0.9,0.0
t-13-063,13,delay_tolerant,0.919,0.0,3.708,0.438,336.536,15,2,False,0.9,0.0
g-13-000,13,token_batch,0.29,1.364,17.223,0.951,1292.0,17,1,True,0.95,0.06
g-13-001,13,token_batch,0.549,0.895,10.881,1.121,1478.0,17,1,True,0.95,0.06
g-13-002,13,token_batch,0.407,1.167,11.122,1.171,4694.0,16,1,True,0.95,0.06
g-13-003,13,token_batch,0.557,1.15,17.369,1.391,4057.0,19,1,True,0.95,0.06
g-13-004,13,token_batch,0.335,0.957,11.345,1.259,1332.0,15,1,True,0.95,0.06
g-13-005,13,token_batch,0.419,1.24,17.242,1.198,2036.0,16,1,True,0.95,0.06
g-13-006,13,token_batch,0.397,1.283,13.639,1.166,2165.0,15,1,True,0.95,0.06
g-13-007,13,token_batch,0.592,1.37,13.981,1.167,2616.0,15,1,True,0.95,0.06
g-13-008,13,token_batch,0.392,0.878,15.233,0.862,3458.0,15,1,True,0.95,0.06
g-13-009,13,token_batch,0.29,1.01,12.776,1.269,3279.0,18,1,True,0.95,0.06
g-13-010,13,token_batch,0.572,0.816,15.818,0.918,1287.0,16,1,True,0.95,0.06
g-13-011,13,token_batch,0.352,1.21,8.181,1.089,4723.0,19,1,True,0.95,0.06
g-13-012,13,token_batch,0.351,0.875,15.013,1.13,4336.0,18,1,True,0.95,0.06
g-13-013,13,token_batch,0.247,1.169,17.036,1.011,2993.0,15,1,True,0.95,0.06
g-13-014,13,token_batch,0.567,0.943,8.92,0.806,2988.0,17,1,True,0.95,0.06
g-13-015,13,token_batch,0.501,1.285,13.362,0.827,4261.0,18,1,True,0.95,0.06
g-13-016,13,token_batch,0.488,1.288,8.766,0.876,4776.0,15,1,True,0.95,0.06
g-13-017,13,token_batch,0.217,1.01,14.552,0.947,2357.0,16,1,True,0.95,0.06
g-13-018,13,token_batch,0.442,1.087,9.224,0.846,1731.0,17,1,True,0.95,0.06
g-13-019,13,token_batch,0.282,1.223,16.134,1.339,3426.0,17,1,True,0.95,0.06
g-13-020,13,token_batch,0.485,1.365,15.802,0.976,3016.0,16,1,True,0.95,0.06
g-13-021,13,token_batch,0.557,0.991,13.414,0.863,3357.0,16,1,True,0.95,0.06
g-13-022,13,token_batch,0.482,1.173,10.798,0.922,2882.0,17,1,True,0.95,0.06
g-13-023,13,token_batch,0.59,0.938,15.419,0.926,4646.0,16,1,True,0.95,0.06
g-13-024,13,token_batch,0.527,0.885,17.779,1.219,4169.0,17,1,True,0.95,0.06
g-13-025,13,token_batch,0.209,1.302,10.703,1.153,1667.0,18,1,True,0.95,0.06
g-13-026,13,token_batch,0.586,0.836,16.546,1.03,4588.0,17,1,True,0.95,0.06
g-13-027,13,token_batch,0.353,1.066,10.244,1.028,4733.0,15,1,True,0.95,0.06
g-13-028,13,token_batch,0.221,0.983,13.415,1.009,3381.0,18,1,True,0.95,0.06
g-13-029,13,token_batch,0.502,1.002,16.282,0.958,3693.0,15,1,True,0.95,0.06
g-13-030,13,token_batch,0.503,1.005,16.292,1.06,2086.0,19,1,True,0.95,0.06
g-13-031,13,token_batch,0.492,1.241,8.571,0.866,4405.0,18,1,True,0.95,0.06
g-13-032,13,token_batch,0.573,0.972,17.909,1.121,4154.0,18,1,True,0.95,0.06
g-13-033,13,token_batch,0.488,1.261,10.601,1.376,3545.0,18,1,True,0.95,0.06
g-13-034,13,token_batch,0.597,0.943,17.077,0.968,4254.0,18,1,True,0.95,0.06
g-13-035,13,token_batch,0.6,1.263,10.958,1.143,1550.0,17,1,True,0.95,0.06
g-13-036,13,token_batch,0.31,0.961,10.505,1.192,3721.0,15,1,True,0.95,0.06
g-13-037,13,token_batch,0.25,1.141,11.21,0.959,1250.0,19,1,True,0.95,0.06
g-13-038,13,token_batch,0.385,1.064,12.664,1.38,3017.0,16,1,True,0.95,0.06
g-13-039,13,token_batch,0.538,0.931,8.586,1.363,3812.0,18,1,True,0.95,0.06
g-13-040,13,token_batch,0.421,1.372,12.404,0.955,3699.0,17,1,True,0.95,0.06
g-13-041,13,token_batch,0.548,0.876,14.303,0.888,2263.0,17,1,True,0.95,0.06
g-13-042,13,token_batch,0.22,0.869,8.385,1.211,3886.0,19,1,True,0.95,0.06
g-13-043,13,token_batch,0.327,1.132,10.28,1.371,3575.0,18,1,True,0.95,0.06
g-13-044,13,token_batch,0.206,1.307,16.494,1.124,2254.0,17,1,True,0.95,0.06
g-13-045,13,token_batch,0.294,0.865,13.069,0.868,3659.0,15,1,True,0.95,0.06
g-13-046,13,token_batch,0.282,1.142,16.291,1.209,2170.0,15,1,True,0.95,0.06
g-13-047,13,token_batch,0.371,0.97,8.247,1.164,3829.0,15,1,True,0.95,0.06
g-13-048,13,token_batch,0.59,1.338,11.747,1.365,2572.0,17,1,True,0.95,0.06
g-13-049,13,token_batch,0.212,1.021,10.909,0.89,3747.0,17,1,True,0.95,0.06
g-13-050,13,token_batch,0.242,0.927,11.131,1.229,1304.0,19,1,True,0.95,0.06
s-14-000,14,delay_sensitive,1.292,0.0,8.277,0.964,0.0,15,3,False,1.5,0.0
s-14-001,14,delay_sensitive,1.191,0.0,7.942,0.49,0.0,15,3,False,1.5,0.0
s-14-002,14,delay_sensitive,1.225,0.0,9.731,0.975,0.0,15,3,False,1.5,0.0
s-14-003,14,delay_sensitive,1.183,0.0,9.987,0.778,0.0,15,3,False,1.5,0.0
s-14-004,14,delay_sensitive,1.169,0.0,4.727,0.927,0.0,15,3,False,1.5,0.0
s-14-005,14,delay_sensitive,1.204,0.0,7.955,0.712,0.0,15,3,False,1.5,0.0
s-14-006,14,delay_sensitive,0.998,0.0,7.451,0.947,0.0,15,3,False,1.5,0.0
s-14-007,14,delay_sensitive,1.3,0.0,9.865,0.539,0.0,15,3,False,1.5,0.0
s-14-008,14,delay_sensitive,1.386,0.0,8.158,0.667,0.0,15,3,False,1.5,0.0
s-14-009,14,delay_sensitive,1.105,0.0,4.478,0.736,0.0,15,3,False,1.5,0.0
s-14-010,14,delay_sensitive,1.081,0.0,6.905,0.538,0.0,15,3,False,1.5,0.0
s-14-011,14,delay_sensitive,1.015,0.0,8.967,0.992,0.0,15,3,False,1.5,0.0
s-14-012,14,delay_sensitive,1.022,0.0,9.456,0.804,0.0,15,3,False,1.5,0.0
s-14-013,14,delay_sensitive,1.203,0.0,8.775,0.605,0.0,15,3,False,1.5,0.0
s-14-014,14,delay_sensitive,1.104,0.0,7.03,0.489,0.0,15,3,False,1.5,0.0
s-14-015,14,delay_sensitive,1.341,0.0,5.189,0.508,0.0,15,3,False,1.5,0.0
s-14-016,14,delay_sensitive,0.983,0.0,6.512,0.859,0.0,15,3,False,1.5,0.0
s-14-017,14,delay_sensitive,1.135,0.0,4.606,0.922,0.0,15,3,False,1.5,0.0
s-14-018,14,delay_sensitive,0.912,0.0,5.002,0.444,0.0,15,3,False,1.5,0.0
s-14-019,14,delay_sensitive,1.165,0.0,6.329,0.653,0.0,15,3,False,1.5,0.0
s-14-020,14,delay_sensitive,1.248,0.0,5.449,0.576,0.0,15,3,False,1.5,0.0
s-14-021,14,delay_sensitive,1.312,0.0,6.02,0.765,0.0,15,3,False,1.5,0.0
s-14-022,14,delay_sensitive,1.261,0.0,4.443,0.952,0.0,15,3,False,1.5,0.0
s-14-023,14,delay_sensitive,1.355,0.0,7.785,0.844,0.0,15,3,False,1.5,0.0
s-14-024,14,delay_sensitive,1.279,0.0,8.201,0.84,0.0,15,3,False,1.5,0.0
s-14-025,14,delay_sensitive,1.195,0.0,8.921,0.706,0.0,15,3,False,1.5,0.0
s-14-026,14,delay_sensitive,0.904,0.0,7.558,0.804,0.0,15,3,False,1.5,0.0
s-14-027,14,delay_sensitive,1.06,0.0,5.06,0.834,0.0,15,3,False,1.5,0.0
s-14-028,14,delay_sensitive,1.287,0.0,5.394,0.696,0.0,15,3,False,1.5,0.0
s-14-029,14,delay_sensitive,1.159,0.0,7.151,0.705,0.0,15,3,False,1.5,0.0
s-14-030,14,delay_sensitive,1.043,0.0,6.304,0.854,0.0,15,3,False,1.5,0.0
s-14-031,14,delay_sensitive,0.921,0.0,9.67,0.929,0.0,15,3,False,1.5,0.0
s-14-032,14,delay_sensitive,1.115,0.0,5.67,0.928,0.0,15,3,False,1.5,0.0
s-14-033,14,delay_sensitive,1.074,0.0,4.994,0.573,0.0,15,3,False,1.5,0.0
s-14-034,14,delay_sensitive,1.012,0.0,5.016,0.964,0.0,15,3,False,1.5,0.0
s-14-035,14,delay_sensitive,1.203,0.0,4.637,0.539,0.0,15,3,False,1.5,0.0
s-14-036,14,delay_sensitive,0.948,0.0,7.313,0.705,0.0,15,3,False,1.5,0.0
s-14-037,14,delay_sensitive,1.199,0.0,4.238,0.934,0.0,15,3,False,1.5,0.0
s-14-038,14,delay_sensitive,0.998,0.0,6.93,0.893,0.0,15,3,False,1.5,0.0
s-14-039,14,delay_sensitive,1.041,0.0,9.687,0.656,0.0,15,3,False,1.5,0.0
s-14-040,14,delay_sensitive,0.963,0.0,6.723,0.951,0.0,15,3,False,1.5,0.0
s-14-041,14,delay_sensitive,1.36,0.0,4.72,0.933,0.0,15,3,False,1.5,0.0
s-14-042,14,delay_sensitive,0.943,0.0,4.821,0.567,0.0,15,3,False,1.5,0.0
s-14-043,14,delay_sensitive,1.384,0.0,8.822,0.847,0.0,15,3,False,1.5,0.0
s-14-044,14,delay_sensitive,0.937,0.0,4.94,0.601,0.0,15,3,False,1.5,0.0
s-14-045,14,delay_sensitive,1.268,0.0,8.032,0.444,0.0,15,3,False,1.5,0.0
s-14-046,14,delay_sensitive,1.346,0.0,4.23,0.46,0.0,15,3,False,1.5,0.0
s-14-047,14,delay_sensitive,1.161,0.0,5.142,0.735,0.0,15,3,False,1.5,0.0
s-14-048,14,delay_sensitive,1.213,0.0,9.695,0.776,0.0,15,3,False,1.5,0.0
s-14-049,14,delay_sensitive,1.193,0.0,9.233,0.532,0.0,15,3,False,1.5,0.0
s-14-050,14,delay_sensitive,1.135,0.0,6.907,0.512,0.0,15,3,False,1.5,0.0
s-14-051,14,delay_sensitive,0.966,0.0,7.809,0.453,0.0,15,3,False,1.5,0.0
s-14-052,14,delay_sensitive,1.262,0.0,5.285,0.661,0.0,15,3,False,1.5,0.0
s-14-053,14,delay_sensitive,1.206,0.0,8.26,0.423,0.0,15,3,False,1.5,0.0
s-14-054,14,delay_sensitive,1.207,0.0,7.786,0.541,0.0,15,3,False,1.5,0.0
s-14-055,14,delay_sensitive,1.165,0.0,9.726,0.927,0.0,15,3,False,1.5,0.0
s-14-056,14,delay_sensitive,1.338,0.0,8.008,0.694,0.0,15,3,False,1.5,0.0
s-14-057,14,delay_sensitive,1.199,0.0,7.26,0.577,0.0,15,3,False,1.5,0.0
s-14-058,14,delay_sensitive,1.381,0.0,9.381,0.858,0.0,15,3,False,1.5,0.0
s-14-059,14,delay_sensitive,1.124,0.0,5.484,0.655,0.0,15,3,False,1.5,0.0
s-14-060,14,delay_sensitive,1.378,0.0,7.964,0.609,0.0,15,3,False,1.5,0.0
s-14-061,14,delay_sensitive,0.964,0.0,9.293,0.904,0.0,15,3,False,1.5,0.0
s-14-062,14,delay_sensitive,1.201,0.0,8.123,0.417,0.0,15,3,False,1.5,0.0
s-14-063,14,delay_sensitive,1.008,0.0,9.106,0.645,0.0,15,3,False,1.5,0.0
s-14-064,14,delay_sensitive,1.062,0.0,8.05,0.647,0.0,15,3,False,1.5,0.0
s-14-065,14,delay_sensitive,1.113,0.0,5.564,0.433,0.0,15,3,False,1.5,0.0
s-14-066,14,delay_sensitive,1.009,0.0,7.818,0.427,0.0,15,3,False,1.5,0.0
s-14-067,14,delay_sensitive,1.011,0.0,9.254,0.722,0.0,15,3,False,1.5,0.0
s-14-068,14,delay_sensitive,0.955,0.0,9.81,0.766,0.0,15,3,False,1.5,0.0
s-14-069,14,delay_sensitive,1.17,0.0,9.702,0.413,0.0,15,3,False,1.5,0.0
s-14-070,14,delay_sensitive,1.29,0.0,6.0,0.612,0.0,15,3,False,1.5,0.0
s-14-071,14,delay_sensitive,0.932,0.0,4.295,0.526,0.0,15,3,False,1.5,0.0
s-14-072,14,delay_sensitive,1.393,0.0,9.029,0.637,0.0,15,3,False,1.5,0.0
s-14-073,14,delay_sensitive,1.045,0.0,4.968,0.624,0.0,15,3,False,1.5,0.0
s-14-074,14,delay_sensitive,1.176,0.0,5.492,0.408,0.0,15,3,False,1.5,0.0
s-14-075,14,delay_sensitive,1.278,0.0,7.159,0.701,0.0,15,3,False,1.5,0.0
s-14-076,14,delay_sensitive,0.921,0.0,5.699,0.415,0.0,15,3,False,1.5,0.0
s-14-077,14,delay_sensitive,1.244,0.0,4.203,0.85,0.0,15,3,False,1.5,0.0
s-14-078,14,delay_sensitive,1.089,0.0,6.405,0.891,0.0,15,3,False,1.5,0.0
s-14-079,14,delay_sensitive,1.331,0.0,4.459,0.703,0.0,15,3,False,1.5,0.0
s-14-080,14,delay_sensitive,1.266,0.0,4.121,0.846,0.0,15,3,False,1.5,0.0
s-14-081,14,delay_sensitive,1.359,0.0,4.573,0.753,0.0,15,3,False,1.5,0.0
s-14-082,14,delay_sensitive,1.316,0.0,9.156,0.871,0.0,15,3,False,1.5,0.0
s-14-083,14,delay_sensitive,1.272,0.0,5.813,0.675,0.0,15,3,False,1.5,0.0
s-14-084,14,delay_sensitive,1.385,0.0,7.457,0.626,0.0,15,3,False,1.5,0.0
s-14-085,14,delay_sensitive,1.011,0.0,6.438,0.567,0.0,15,3,False,1.5,0.0
s-14-086,14,delay_sensitive,1.251,0.0,7.04,0.629,0.0,15,3,False,1.5,0.0
s-14-087,14,delay_sensitive,1.264,0.0,9.709,0.858,0.0,15,3,False,1.5,0.0
s-14-088,14,delay_sensitive,1.126,0.0,7.467,0.415,0.0,15,3,False,1.5,0.0
s-14-089,14,delay_sensitive,1.124,0.0,6.861,0.465,0.0,15,3,False,1.5,0.0
s-14-090,14,delay_sensitive,0.972,0.0,7.779,0.45,0.0,15,3,False,1.5,0.0
s-14-091,14,delay_sensitive,1.004,0.0,9.653,0.756,0.0,15,3,False,1.5,0.0
s-14-092,14,delay_sensitive,1.102,0.0,9.028,0.714,0.0,15,3,False,1.5,0.0
s-14-093,14,delay_sensitive,1.28,0.0,4.354,0.696,0.0,15,3,False,1.5,0.0
s-14-094,14,delay_sensitive,1.27,0.0,9.006,0.422,0.0,15,3,False,1.5,0.0
s-14-095,14,delay_sensitive,1.199,0.0,9.229,0.561,0.0,15,3,False,1.5,0.0
s-14-096,14,delay_sensitive,1.181,0.0,6.932,0.7,0.0,15,3,False,1.5,0.0
s-14-097,14,delay_sensitive,1.018,0.0,6.768,0.69,0.0,15,3,False,1.5,0.0
s-14-098,14,delay_sensitive,1.27,0.0,8.398,0.953,0.0,15,3,False,1.5,0.0
s-14-099,14,delay_sensitive,0.939,0.0,4.764,0.408,0.0,15,3,False,1.5,0.0
s-14-100,14,delay_sensitive,0.961,0.0,5.184,0.922,0.0,15,3,False,1.5,0.0
s-14-101,14,delay_sensitive,1.343,0.0,6.971,0.776,0.0,15,3,False,1.5,0.0
s-14-102,14,delay_sensitive,0.97,0.0,9.245,0.651,0.0,15,3,False,1.5,0.0
s-14-103,14,delay_sensitive,0.959,0.0,9.974,0.832,0.0,15,3,True,1.5,0.18
s-14-104,14,delay_sensitive,1.036,0.0,5.934,0.934,0.0,15,3,False,1.5,0.0
s-14-105,14,delay_sensitive,0.983,0.0,5.741,0.811,0.0,15,3,False,1.5,0.0
s-14-106,14,delay_sensitive,1.376,0.0,6.228,0.763,0.0,15,3,False,1.5,0.0
s-14-107,14,delay_sensitive,1.005,0.0,5.981,0.848,0.0,15,3,False,1.5,0.0
s-14-108,14,delay_sensitive,1.364,0.0,4.985,0.829,0.0,15,3,False,1.5,0.0
s-14-109,14,delay_sensitive,1.059,0.0,5.075,0.682,0.0,15,3,False,1.5,0.0
t-14-000,14,delay_tolerant,0.875,0.0,7.164,0.623,239.173,16,2,True,0.9,0.06
t-14-001,14,delay_tolerant,1.038,0.0,3.401,0.682,438.004,16,2,False,0.9,0.0
t-14-002,14,delay_tolerant,1.171,0.0,4.647,0.792,432.514,17,2,False,0.9,0.0
t-14-003,14,delay_tolerant,0.947,0.0,7.602,0.861,322.0,18,2,False,0.9,0.0
t-14-004,14,delay_tolerant,0.831,0.0,3.915,0.738,220.795,18,2,False,0.9,0.0
t-14-005,14,delay_tolerant,0.851,0.0,6.134,0.687,257.861,17,2,True,0.9,0.06
t-14-006,14,delay_tolerant,1.037,0.0,4.663,0.784,433.681,18,2,False,0.9,0.0
t-14-007,14,delay_tolerant,0.884,0.0,3.016,0.439,197.92,18,2,False,0.9,0.0
t-14-008,14,delay_tolerant,0.866,0.0,8.248,0.494,442.543,18,2,True,0.9,0.06
t-14-009,14,delay_tolerant,1.123,0.0,5.552,0.583,228.921,16,2,True,0.9,0.06
t-14-010,14,delay_tolerant,0.957,0.0,7.644,0.724,247.797,16,2,True,0.9,0.06
t-14-011,14,delay_tolerant,0.831,0.0,6.632,0.428,179.802,18,2,True,0.9,0.06
t-14-012,14,delay_tolerant,1.085,0.0,8.039,0.636,296.434,18,2,False,0.9,0.0
t-14-013,14,delay_tolerant,1.023,0.0,5.612,0.509,129.106,17,2,False,0.9,0.0
t-14-014,14,delay_tolerant,1.108,0.0,5.076,0.554,342.111,17,2,False,0.9,0.0
t-14-015,14,delay_tolerant,0.872,0.0,7.486,0.306,279.149,16,2,True,0.9,0.06
t-14-016,14,delay_tolerant,1.034,0.0,4.971,0.847,449.691,18,2,True,0.9,0.06
t-14-017,14,delay_tolerant,1.043,0.0,3.201,0.465,292.345,18,2,False,0.9,0.0
t-14-018,14,delay_tolerant,1.082,0.0,4.645,0.334,325.985,16,2,False,0.9,0.0
t-14-019,14,delay_tolerant,1.171,0.0,8.983,0.679,296.508,16,2,False,0.9,0.0
t-14-020,14,delay_tolerant,1.059,0.0,6.274,0.362,253.032,17,2,False,0.9,0.0
t-14-021,14,delay_tolerant,0.861,0.0,7.417,0.823,167.393,18,2,False,0.9,0.0
t-14-022,14,delay_tolerant,0.848,0.0,5.66,0.726,233.125,17,2,False,0.9,0.0
t-14-023,14,delay_tolerant,1.141,0.0,6.931,0.742,239.759,18,2,True,0.9,0.06
t-14-024,14,delay_tolerant,0.927,0.0,7.256,0.843,331.265,18,2,False,0.9,0.0
t-14-025,14,delay_tolerant,1.176,0.0,5.419,0.803,361.071,17,2,True,0.9,0.06
t-14-026,14,delay_tolerant,1.105,0.0,3.885,0.46,182.131,16,2,True,0.9,0.06
t-14-027,14,delay_tolerant,0.879,0.0,6.033,0.404,388.858,16,2,True,0.9,0.06
t-14-028,14,delay_tolerant,1.024,0.0,3.706,0.58,420.998,16,2,True,0.9,0.06
t-14-029,14,delay_tolerant,0.985,0.0,3.698,0.354,382.638,16,2,True,0.9,0.06
t-14-030,14,delay_tolerant,1.051,0.0,3.121,0.402,123.758,16,2,True,0.9,0.06
t-14-031,14,delay_tolerant,0.833,0.0,7.346,0.448,421.431,18,2,True,0.9,0.06
t-14-032,14,delay_tolerant,1.146,0.0,7.484,0.743,231.775,18,2,False,0.9,0.0
t-14-033,14,delay_tolerant,0.871,0.0,3.843,0.489,201.346,17,2,False,0.9,0.0
t-14-034,14,delay_tolerant,0.88,0.0,8.876,0.456,278.255,16,2,True,0.9,0.06
t-14-035,14,delay_tolerant,1.031,0.0,5.093,0.685,281.882,16,2,True,0.9,0.06
t-14-036,14,delay_tolerant,0.868,0.0,8.698,0.651,176.054,18,2,False,0.9,0.0
t-14-037,14,delay_tolerant,1.081,0.0,5.082,0.787,406.658,18,2,True,0.9,0.06
t-14-038,14,delay_tolerant,1.187,0.0,6.31,0.746,216.822,16,2,True,0.9,0.06
t-14-039,14,delay_tolerant,0.903,0.0,5.806,0.319,161.507,18,2,False,0.9,0.0
t-14-040,14,delay_tolerant,0.99,0.0,5.803,0.494,322.957,18,2,False,0.9,0.0
t-14-041,14,delay_tolerant,0.814,0.0,7.208,0.678,432.958,18,2,True,0.9,0.06
t-14-042,14,delay_tolerant,0.99,0.0,5.02,0.842,187.36,16,2,True,0.9,0.06
t-14-043,14,delay_tolerant,0.987,0.0,4.117,0.313,411.32,17,2,True,0.9,0.06
t-14-044,14,delay_tolerant,1.078,0.0,7.386,0.584,207.692,17,2,True,0.9,0.06
t-14-045,14,delay_tolerant,0.935,0.0,7.071,0.48,469.476,18,2,True,0.9,0.06
t-14-046,14,delay_tolerant,1.16,0.0,6.042,0.553,398.666,16,2,False,0.9,0.0
t-14-047,14,delay_tolerant,0.811,0.0,6.073,0.853,439.174,18,2,True,0.9,0.06
t-14-048,14,delay_tolerant,0.879,0.0,8.835,0.751,166.761,18,2,False,0.9,0.0
t-14-049,14,delay_tolerant,0.822,0.0,3.542,0.776,170.926,17,2,False,0.9,0.0
t-14-050,14,delay_tolerant,0.866,0.0,3.005,0.388,437.864,17,2,True,0.9,0.06
t-14-051,14,delay_tolerant,0.874,0.0,8.147,0.562,380.688,17,2,True,0.9,0.06
t-14-052,14,delay_tolerant,1.138,0.0,5.246,0.586,244.096,16,2,False,0.9,0.0
t-14-053,14,delay_tolerant,0.958,0.0,4.275,0.583,255.465,17,2,True,0.9,0.06
t-14-054,14,delay_tolerant,1.105,0.0,3.575,0.377,394.696,17,2,False,0.9,0.0
t-14-055,14,delay_tolerant,0.931,0.0,4.699,0.705,434.166,16,2,True,0.9,0.06
t-14-056,14,delay_tolerant,0.829,0.0,5.93,0.744,331.114,18,2,True,0.9,0.06
t-14-057,14,delay_tolerant,0.871,0.0,4.411,0.517,300.524,16,2,False,0.9,0.0
t-14-058,14,delay_tolerant,1.101,0.0,8.488,0.687,169.709,16,2,True,0.9,0.06
t-14-059,14,delay_tolerant,0.921,0.0,3.557,0.53,184.755,16,2,True,0.9,0.06
t-14-060,14,delay_tolerant,0.955,0.0,7.928,0.321,465.065,16,2,True,0.9,0.06
t-14-061,14,delay_tolerant,0.959,0.0,6.104,0.364,410.242,17,2,True,0.9,0.06
g-14-000,14,token_batch,0.493,1.194,12.045,1.284,4010.0,18,1,True,0.95,0.06
g-14-001,14,token_batch,0.251,1.104,14.863,0.807,2506.0,17,1,True,0.95,0.06
g-14-002,14,token_batch,0.509,0.982,10.586,1.18,2930.0,19,1,True,0.95,0.06
g-14-003,14,token_batch,0.521,1.07,11.728,1.084,4505.0,20,1,True,0.95,0.06
g-14-004,14,token_batch,0.414,1.019,15.855,1.388,4657.0,18,1,True,0.95,0.06
g-14-005,14,token_batch,0.353,1.205,9.504,1.002,4311.0,20,1,True,0.95,0.06
g-14-006,14,token_batch,0.279,1.288,15.276,1.073,2256.0,20,1,True,0.95,0.06
g-14-007,14,token_batch,0.313,0.873,12.896,1.02,3103.0,16,1,True,0.95,0.06
g-14-008,14,token_batch,0.348,1.055,14.75,1.26,4011.0,20,1,True,0.95,0.06
g-14-009,14,token_batch,0.307,0.976,12.171,1.068,3423.0,16,1,True,0.95,0.06
g-14-010,14,token_batch,0.214,0.867,15.319,1.119,3804.0,18,1,True,0.95,0.06
g-14-011,14,token_batch,0.27,1.121,9.261,0.887,2218.0,19,1,True,0.95,0.06
g-14-012,14,token_batch,0.557,1.007,12.58,1.17,2965.0,19,1,True,0.95,0.06
g-14-013,14,token_batch,0.383,0.846,11.728,0.888,3530.0,20,1,True,0.95,0.06
g-14-014,14,token_batch,0.405,1.235,11.378,1.182,2764.0,16,1,True,0.95,0.06
g-14-015,14,token_batch,0.36,0.91,15.468,1.233,2930.0,18,1,True,0.95,0.06
g-14-016,14,token_batch,0.565,1.379,15.936,1.143,4627.0,16,1,True,0.95,0.06
g-14-017,14,token_batch,0.406,1.313,10.438,1.279,3721.0,18,1,True,0.95,0.06
g-14-018,14,token_batch,0.389,1.256,12.369,1.248,3548.0,18,1,True,0.95,0.06
g-14-019,14,token_batch,0.401,0.827,11.987,0.909,2333.0,17,1,True,0.95,0.06
g-14-020,14,token_batch,0.202,0.924,15.821,1.194,2316.0,18,1,True,0.95,0.06
g-14-021,14,token_batch,0.385,1.274,14.349,0.858,2293.0,18,1,True,0.95,0.06
g-14-022,14,token_batch,0.484,0.933,14.114,1.237,1274.0,17,1,True,0.95,0.06
g-14-023,14,token_batch,0.384,1.052,13.952,1.125,4587.0,20,1,True,0.95,0.06
g-14-024,14,token_batch,0.205,1.004,11.464,1.067,3484.0,19,1,True,0.95,0.06
g-14-025,14,token_batch,0.497,0.926,14.977,1.204,4699.0,19,1,True,0.95,0.06
g-14-026,14,token_batch,0.213,1.311,17.677,1.179,2850.0,18,1,True,0.95,0.06
g-14-027,14,token_batch,0.233,1.249,13.296,0.982,2614.0,20,1,True,0.95,0.06
g-14-028,14,token_batch,0.47,0.818,14.249,0.9,3049.0,18,1,True,0.95,0.06
g-14-029,14,token_batch,0.373,1.397,8.234,1.384,3513.0,18,1,True,0.95,0.06
g-14-030,14,token_batch,0.396,0.941,17.212,0.879,4247.0,20,1,True,0.95,0.06
g-14-031,14,token_batch,0.249,1.037,10.113,0.866,4680.0,20,1,True,0.95,0.06
g-14-032,14,token_batch,0.546,1.26,17.844,1.387,1931.0,18,1,True,0.95,0.06
g-14-033,14,token_batch,0.341,0.931,17.005,0.967,2873.0,20,1,True,0.95,0.06
g-14-034,14,token_batch,0.242,1.331,17.602,1.257,3781.0,18,1,True,0.95,0.06
g-14-035,14,token_batch,0.414,1.035,16.591,1.097,3257.0,18,1,True,0.95,0.06
g-14-036,14,token_batch,0.53,1.07,17.239,0.907,2372.0,19,1,True,0.95,0.06
g-14-037,14,token_batch,0.413,1.0,12.64,0.903,1213.0,18,1,True,0.95,0.06
g-14-038,14,token_batch,0.432,1.051,12.183,0.913,2770.0,16,1,True,0.95,0.06
g-14-039,14,token_batch,0.29,1.166,13.034,0.848,3734.0,16,1,True,0.95,0.06
g-14-040,14,token_batch,0.364,0.814,14.098,0.9,4198.0,20,1,True,0.95,0.06
g-14-041,14,token_batch,0.236,1.022,15.43,1.33,4003.0,19,1,True,0.95,0.06
g-14-042,14,token_batch,0.405,0.916,17.132,1.075,3461.0,19,1,True,0.95,0.06
g-14-043,14,token_batch,0.389,1.228,9.998,0.88,1917.0,17,1,True,0.95,0.06
g-14-044,14,token_batch,0.283,1.077,10.45,1.162,1326.0,16,1,True,0.95,0.06
g-14-045,14,token_batch,0.271,1.077,14.414,1.282,4463.0,17,1,True,0.95,0.06
g-14-046,14,token_batch,0.568,0.896,12.622,1.377,4772.0,18,1,True,0.95,0.06
g-14-047,14,token_batch,0.213,1.206,16.671,1.397,4266.0,16,1,True,0.95,0.06
g-14-048,14,token_batch,0.513,1.375,16.834,1.122,1488.0,19,1,True,0.95,0.06
s-15-000,15,delay_sensitive,1.203,0.0,9.935,0.829,0.0,16,3,False,1.5,0.0
s-15-001,15,delay_sensitive,1.314,0.0,4.359,0.887,0.0,16,3,False,1.5,0.0
s-15-002,15,delay_sensitive,1.263,0.0,4.239,0.64,0.0,16,3,False,1.5,0.0
s-15-003,15,delay_sensitive,1.215,0.0,6.64,0.872,0.0,16,3,False,1.5,0.0
s-15-004,15,delay_sensitive,1.324,0.0,8.548,0.748,0.0,16,3,False,1.5,0.0
s-15-005,15,delay_sensitive,1.261,0.0,6.199,0.794,0.0,16,3,False,1.5,0.0
s-15-006,15,delay_sensitive,1.022,0.0,6.896,0.559,0.0,16,3,False,1.5,0.0
s-15-007,15,delay_sensitive,1.247,0.0,6.749,0.825,0.0,16,3,False,1.5,0.0
s-15-008,15,delay_sensitive,1.278,0.0,6.055,0.814,0.0,16,3,False,1.5,0.0
s-15-009,15,delay_sensitive,1.125,0.0,5.548,0.565,0.0,16,3,False,1.5,0.0
s-15-010,15,delay_sensitive,0.97,0.0,7.131,0.416,0.0,16,3,False,1.5,0.0
s-15-011,15,delay_sensitive,1.182,0.0,8.283,0.584,0.0,16,3,False,1.5,0.0
s-15-012,15,delay_sensitive,1.184,0.0,5.828,0.828,0.0,16,3,False,1.5,0.0
s-15-013,15,delay_sensitive,0.977,0.0,8.831,0.477,0.0,16,3,False,1.5,0.0
s-15-014,15,delay_sensitive,1.33,0.0,5.544,0.537,0.0,16,3,False,1.5,0.0
s-15-015,15,delay_sensitive,1.192,0.0,4.89,0.407,0.0,16,3,False,1.5,0.0
s-15-016,15,delay_sensitive,1.154,0.0,9.221,0.71,0.0,16,3,False,1.5,0.0
s-15-017,15,delay_sensitive,1.35,0.0,9.834,0.786,0.0,16,3,False,1.5,0.0
s-15-018,15,delay_sensitive,1.151,0.0,7.14,0.627,0.0,16,3,False,1.5,0.0
s-15-019,15,delay_sensitive,1.224,0.0,9.225,0.689,0.0,16,3,False,1.5,0.0
s-15-020,15,delay_sensitive,1.09,0.0,8.012,0.439,0.0,16,3,False,1.5,0.0
s-15-021,15,delay_sensitive,1.003,0.0,4.901,0.765,0.0,16,3,False,1.5,0.0
s-15-022,15,delay_sensitive,0.96,0.0,5.182,0.699,0.0,16,3,False,1.5,0.0
s-15-023,15,delay_sensitive,1.219,0.0,4.073,0.848,0.0,16,3,False,1.5,0.0
s-15-024,15,delay_sensitive,1.294,0.0,9.389,0.845,0.0,16,3,False,1.5,0.0
s-15-025,15,delay_sensitive,0.916,0.0,7.758,0.971,0.0,16,3,False,1.5,0.0
s-15-026,15,delay_sensitive,1.036,0.0,9.77,0.908,0.0,16,3,False,1.5,0.0
s-15-027,15,delay_sensitive,0.94,0.0,8.788,0.668,0.0,16,3,False,1.5,0.0
s-15-028,15,delay_sensitive,1.022,0.0,8.784,0.51,0.0,16,3,False,1.5,0.0
s-15-029,15,delay_sensitive,1.329,0.0,5.37,0.83,0.0,16,3,False,1.5,0.0
s-15-030,15,delay_sensitive,1.39,0.0,5.595,0.566,0.0,16,3,False,1.5,0.0
s-15-031,15,delay_sensitive,1.267,0.0,9.505,0.944,0.0,16,3,False,1.5,0.0
s-15-032,15,delay_sensitive,1.051,0.0,5.246,0.546,0.0,16,3,False,1.5,0.0
s-15-033,15,delay_sensitive,1.139,0.0,4.59,0.929,0.0,16,3,False,1.5,0.0
s-15-034,15,delay_sensitive,1.295,0.0,4.438,0.687,0.0,16,3,False,1.5,0.0
s-15-035,15,delay_sensitive,1.138,0.0,4.599,0.754,0.0,16,3,False,1.5,0.0
s-15-036,15,delay_sensitive,1.05,0.0,4.058,0.658,0.0,16,3,False,1.5,0.0
s-15-037,15,delay_sensitive,1.26,0.0,6.656,0.786,0.0,16,3,False,1.5,0.0
s-15-038,15,delay_sensitive,1.217,0.0,8.533,0.995,0.0,16,3,False,1.5,0.0
s-15-039,15,delay_sensitive,1.104,0.0,5.624,0.779,0.0,16,3,False,1.5,0.0
s-15-040,15,delay_sensitive,1.142,0.0,5.703,0.787,0.0,16,3,False,1.5,0.0
s-15-041,15,delay_sensitive,1.166,0.0,6.047,0.807,0.0,16,3,False,1.5,0.0
s-15-042,15,delay_sensitive,1.213,0.0,4.669,0.854,0.0,16,3,False,1.5,0.0
s-15-043,15,delay_sensitive,0.903,0.0,9.36,0.706,0.0,16,3,False,1.5,0.0
s-15-044,15,delay_sensitive,0.989,0.0,8.563,0.804,0.0,16,3,False,1.5,0.0
s-15-045,15,delay_sensitive,1.331,0.0,6.055,0.812,0.0,16,3,False,1.5,0.0
s-15-046,15,delay_sensitive,0.997,0.0,4.652,0.539,0.0,16,3,False,1.5,0.0
s-15-047,15,delay_sensitive,1.053,0.0,8.599,0.683,0.0,16,3,False,1.5,0.0
s-15-048,15,delay_sensitive,1.364,0.0,5.262,0.803,0.0,16,3,False,1.5,0.0
s-15-049,15,delay_sensitive,0.996,0.0,6.377,0.503,0.0,16,3,False,1.5,0.0
s-15-050,15,delay_sensitive,1.231,0.0,5.954,0.71,0.0,16,3,False,1.5,0.0
s-15-051,15,delay_sensitive,1.198,0.0,6.501,0.836,0.0,16,3,False,1.5,0.0
s-15-052,15,delay_sensitive,1.031,0.0,9.606,0.901,0.0,16,3,False,1.5,0.0
s-15-053,15,delay_sensitive,1.053,0.0,8.36,0.898,0.0,16,3,False,1.5,0.0
s-15-054,15,delay_sensitive,1.054,0.0,7.38,0.858,0.0,16,3,False,1.5,0.0
s-15-055,15,delay_sensitive,1.37,0.0,4.332,0.645,0.0,16,3,True,1.5,0.18
s-15-056,15,delay_sensitive,0.97,0.0,6.741,0.565,0.0,16,3,False,1.5,0.0
s-15-057,15,delay_sensitive,1.001,0.0,7.972,0.554,0.0,16,3,False,1.5,0.0
s-15-058,15,delay_sensitive,0.912,0.0,6.565,0.629,0.0,16,3,False,1.5,0.0
s-15-059,15,delay_sensitive,1.27,0.0,8.785,0.771,0.0,16,3,False,1.5,0.0
s-15-060,15,delay_sensitive,1.037,0.0,4.447,0.496,0.0,16,3,False,1.5,0.0
s-15-061,15,delay_sensitive,1.371,0.0,7.558,0.971,0.0,16,3,False,1.5,0.0
s-15-062,15,delay_sensitive,1.291,0.0,6.34,0.976,0.0,16,3,False,1.5,0.0
s-15-063,15,delay_sensitive,1.025,0.0,9.922,0.752,0.0,16,3,False,1.5,0.0
s-15-064,15,delay_sensitive,0.928,0.0,6.056,0.723,0.0,16,3,False,1.5,0.0
s-15-065,15,delay_sensitive,1.042,0.0,6.831,0.929,0.0,16,3,False,1.5,0.0
s-15-066,15,delay_sensitive,1.389,0.0,8.395,0.895,0.0,16,3,False,1.5,0.0
s-15-067,15,delay_sensitive,1.195,0.0,7.445,0.737,0.0,16,3,False,1.5,0.0
s-15-068,15,delay_sensitive,1.064,0.0,7.28,0.796,0.0,16,3,False,1.5,0.0
s-15-069,15,delay_sensitive,1.309,0.0,8.137,0.484,0.0,16,3,False,1.5,0.0
s-15-070,15,delay_sensitive,1.335,0.0,8.196,0.843,0.0,16,3,False,1.5,0.0
s-15-071,15,delay_sensitive,1.081,0.0,8.636,0.848,0.0,16,3,False,1.5,0.0
s-15-072,15,delay_sensitive,1.061,0.0,5.366,0.617,0.0,16,3,False,1.5,0.0
s-15-073,15,delay_sensitive,1.386,0.0,5.554,0.762,0.0,16,3,False,1.5,0.0
s-15-074,15,delay_sensitive,0.97,0.0,7.853,0.656,0.0,16,3,False,1.5,0.0
s-15-075,15,delay_sensitive,1.299,0.0,8.99,0.436,0.0,16,3,False,1.5,0.0
s-15-076,15,delay_sensitive,1.087,0.0,7.394,0.997,0.0,16,3,False,1.5,0.0
s-15-077,15,delay_sensitive,1.337,0.0,5.962,0.723,0.0,16,3,False,1.5,0.0
s-15-078,15,delay_sensitive,1.067,0.0,4.403,0.445,0.0,16,3,False,1.5,0.0
s-15-079,15,delay_sensitive,1.179,0.0,4.674,0.495,0.0,16,3,False,1.5,0.0
s-15-080,15,delay_sensitive,1.326,0.0,7.444,0.681,0.0,16,3,False,1.5,0.0
s-15-081,15,delay_sensitive,0.995,0.0,4.439,0.81,0.0,16,3,False,1.5,0.0
s-15-082,15,delay_sensitive,1.133,0.0,9.336,0.997,0.0,16,3,False,1.5,0.0
s-15-083,15,delay_sensitive,1.065,0.0,5.09,0.745,0.0,16,3,False,1.5,0.0
s-15-084,15,delay_sensitive,1.291,0.0,8.437,0.969,0.0,16,3,False,1.5,0.0
s-15-085,15,delay_sensitive,1.101,0.0,5.763,0.774,0.0,16,3,False,1.5,0.0
s-15-086,15,delay_sensitive,0.904,0.0,5.934,0.49,0.0,16,3,False,1.5,0.0
s-15-087,15,delay_sensitive,1.192,0.0,8.607,0.719,0.0,16,3,False,1.5,0.0
s-15-088,15,delay_sensitive,1.0,0.0,8.929,0.955,0.0,16,3,False,1.5,0.0
s-15-089,15,delay_sensitive,1.257,0.0,7.461,0.513,0.0,16,3,False,1.5,0.0
s-15-090,15,delay_sensitive,1.054,0.0,4.605,0.72,0.0,16,3,False,1.5,0.0
s-15-091,15,delay_sensitive,0.92,0.0,4.764,0.609,0.0,16,3,False,1.5,0.0
s-15-092,15,delay_sensitive,1.335,0.0,9.571,0.795,0.0,16,3,False,1.5,0.0
s-15-093,15,delay_sensitive,0.982,0.0,9.946,0.54,0.0,16,3,False,1.5,0.0
s-15-094,15,delay_sensitive,1.286,0.0,4.164,0.927,0.0,16,3,False,1.5,0.0
s-15-095,15,delay_sensitive,0.962,0.0,9.688,0.415,0.0,16,3,False,1.5,0.0
s-15-096,15,delay_sensitive,1.327,0.0,5.252,0.43,0.0,16,3,False,1.5,0.0
s-15-097,15,delay_sensitive,0.999,0.0,8.626,0.754,0.0,16,3,False,1.5,0.0
s-15-098,15,delay_sensitive,1.385,0.0,7.04,0.747,0.0,16,3,False,1.5,0.0
s-15-099,15,delay_sensitive,0.981,0.0,5.258,0.964,0.0,16,3,False,1.5,0.0
s-15-100,15,delay_sensitive,1.079,0.0,9.972,0.649,0.0,16,3,False,1.5,0.0
s-15-101,15,delay_sensitive,0.945,0.0,7.041,0.687,0.0,16,3,False,1.5,0.0
s-15-102,15,delay_sensitive,1.372,0.0,4.097,0.628,0.0,16,3,False,1.5,0.0
s-15-103,15,delay_sensitive,1.381,0.0,4.6,0.616,0.0,16,3,False,1.5,0.0
s-15-104,15,delay_sensitive,0.933,0.0,9.676,0.791,0.0,16,3,False,1.5,0.0
s-15-105,15,delay_sensitive,1.251,0.0,7.903,0.886,0.0,16,3,False,1.5,0.0
s-15-106,15,delay_sensitive,0.908,0.0,9.785,0.838,0.0,16,3,False,1.5,0.0
s-15-107,15,delay_sensitive,0.923,0.0,9.084,0.506,0.0,16,3,False,1.5,0.0
s-15-108,15,delay_sensitive,1.159,0.0,4.841,0.682,0.0,16,3,True,1.5,0.18
s-15-109,15,delay_sensitive,1.198,0.0,5.259,0.844,0.0,16,3,False,1.5,0.0
s-15-110,15,delay_sensitive,1.209,0.0,8.94,0.652,0.0,16,3,False,1.5,0.0
s-15-111,15,delay_sensitive,1.159,0.0,4.908,0.886,0.0,16,3,False,1.5,0.0
s-15-112,15,delay_sensitive,1.083,0.0,9.55,0.872,0.0,16,3,False,1.5,0.0
s-15-113,15,delay_sensitive,1.002,0.0,6.422,0.624,0.0,16,3,True,1.5,0.18
t-15-000,15,delay_tolerant,0.811,0.0,3.155,0.317,289.381,18,2,False,0.9,0.0
t-15-001,15,delay_tolerant,1.165,0.0,3.279,0.526,335.463,19,2,False,0.9,0.0
t-15-002,15,delay_tolerant,0.84,0.0,5.092,0.434,271.158,19,2,True,0.9,0.06
t-15-003,15,delay_tolerant,0.99,0.0,8.9,0.814,313.222,17,2,True,0.9,0.06
t-15-004,15,delay_tolerant,1.124,0.0,3.004,0.586,443.838,17,2,False,0.9,0.0
t-15-005,15,delay_tolerant,1.063,0.0,5.193,0.668,377.874,18,2,True,0.9,0.06
t-15-006,15,delay_tolerant,1.132,0.0,6.427,0.375,305.304,18,2,True,0.9,0.06
t-15-007,15,delay_tolerant,0.833,0.0,3.569,0.542,439.29,17,2,True,0.9,0.06
t-15-008,15,delay_tolerant,0.9,0.0,7.38,0.481,375.766,17,2,True,0.9,0.06
t-15-009,15,delay_tolerant,1.008,0.0,6.463,0.83,393.562,18,2,False,0.9,0.0
t-15-010,15,delay_tolerant,0.95,0.0,3.871,0.742,426.269,17,2,True,0.9,0.06
t-15-011,15,delay_tolerant,0.954,0.0,3.288,0.419,185.582,19,2,False,0.9,0.0
t-15-012,15,delay_tolerant,1.134,0.0,4.427,0.538,124.217,17,2,False,0.9,0.0
t-15-013,15,delay_tolerant,0.938,0.0,6.772,0.79,327.793,18,2,True,0.9,0.06
t-15-014,15,delay_tolerant,0.981,0.0,4.577,0.564,388.186,18,2,False,0.9,0.0
t-15-015,15,delay_tolerant,1.17,0.0,5.024,0.836,211.902,19,2,False,0.9,0.0
t-15-016,15,delay_tolerant,0.983,0.0,3.579,0.814,394.777,18,2,False,0.9,0.0
t-15-017,15,delay_tolerant,0.946,0.0,6.854,0.879,165.442,18,2,True,0.9,0.06
t-15-018,15,delay_tolerant,1.132,0.0,3.722,0.728,165.468,17,2,False,0.9,0.0
t-15-019,15,delay_tolerant,0.974,0.0,8.906,0.35,432.108,18,2,True,0.9,0.06
t-15-020,15,delay_tolerant,1.128,0.0,8.314,0.607,171.015,19,2,True,0.9,0.06
t-15-021,15,delay_tolerant,0.807,0.0,7.4,0.512,336.337,19,2,True,0.9,0.06
t-15-022,15,delay_tolerant,1.012,0.0,3.282,0.62,314.205,17,2,True,0.9,0.06
t-15-023,15,delay_tolerant,1.012,0.0,5.247,0.36,179.629,19,2,False,0.9,0.0
t-15-024,15,delay_tolerant,0.891,0.0,8.584,0.73,314.696,19,2,False,0.9,0.0
t-15-025,15,delay_tolerant,0.881,0.0,3.293,0.881,264.314,19,2,True,0.9,0.06
t-15-026,15,delay_tolerant,1.189,0.0,8.362,0.581,169.003,18,2,False,0.9,0.0
t-15-027,15,delay_tolerant,0.901,0.0,6.335,0.487,452.299,18,2,True,0.9,0.06
t-15-028,15,delay_tolerant,0.827,0.0,7.531,0.384,293.136,19,2,True,0.9,0.06
t-15-029,15,delay_tolerant,1.123,0.0,8.705,0.445,403.073,17,2,False,0.9,0.0
t-15-030,15,delay_tolerant,1.037,0.0,4.491,0.51,201.47,19,2,True,0.9,0.06
t-15-031,15,delay_tolerant,0.961,0.0,7.356,0.652,362.034,18,2,True,0.9,0.06
t-15-032,15,delay_tolerant,1.069,0.0,7.564,0.306,162.225,17,2,True,0.9,0.06
t-15-033,15,delay_tolerant,1.109,0.0,6.591,0.439,277.778,18,2,True,0.9,0.06
t-15-034,15,delay_tolerant,1.044,0.0,3.922,0.828,391.53,17,2,True,0.9,0.06
t-15-035,15,delay_tolerant,0.909,0.0,8.928,0.529,440.802,19,2,True,0.9,0.06
t-15-036,15,delay_tolerant,0.97,0.0,4.011,0.726,431.582,17,2,False,0.9,0.0
t-15-037,15,delay_tolerant,0.89,0.0,3.618,0.899,337.194,18,2,False,0.9,0.0
t-15-038,15,delay_tolerant,0.897,0.0,8.1,0.597,372.576,19,2,False,0.9,0.0
t-15-039,15,delay_tolerant,1.055,0.0,8.191,0.468,380.659,18,2,True,0.9,0.06
t-15-040,15,delay_tolerant,1.056,0.0,4.973,0.7,210.45,18,2,False,0.9,0.0
t-15-041,15,delay_tolerant,0.84,0.0,7.836,0.446,298.191,18,2,True,0.9,0.06
t-15-042,15,delay_tolerant,0.906,0.0,8.984,0.796,295.63,19,2,True,0.9,0.06
t-15-043,15,delay_tolerant,0.95,0.0,6.114,0.855,257.731,19,2,False,0.9,0.0
t-15-044,15,delay_tolerant,1.135,0.0,6.856,0.359,154.169,19,2,True,0.9,0.06
t-15-045,15,delay_tolerant,1.069,0.0,8.423,0.553,261.748,17,2,True,0.9,0.06
t-15-046,15,delay_tolerant,1.059,0.0,5.641,0.576,430.828,19,2,True,0.9,0.06
t-15-047,15,delay_tolerant,1.125,0.0,6.769,0.767,360.865,17,2,False,0.9,0.0
t-15-048,15,delay_tolerant,0.872,0.0,6.783,0.497,225.22,17,2,True,0.9,0.06
t-15-049,15,delay_tolerant,1.092,0.0,8.097,0.452,414.613,18,2,False,0.9,0.0
t-15-050,15,delay_tolerant,1.186,0.0,4.66,0.77,236.824,18,2,True,0.9,0.06
t-15-051,15,delay_tolerant,0.905,0.0,7.762,0.426,397.491,19,2,False,0.9,0.0
t-15-052,15,delay_tolerant,1.096,0.0,7.52,0.769,181.941,19,2,False,0.9,0.0
t-15-053,15,delay_tolerant,0.934,0.0,6.698,0.744,421.045,18,2,False,0.9,0.0
t-15-054,15,delay_tolerant,0.922,0.0,8.485,0.354,266.183,17,2,True,0.9,0.06
t-15-055,15,delay_tolerant,0.874,0.0,5.296,0.459,374.663,19,2,True,0.9,0.06
t-15-056,15,delay_tolerant,0.975,0.0,5.169,0.396,180.676,18,2,True,0.9,0.06
t-15-057,15,delay_tolerant,1.033,0.0,8.453,0.72,321.775,17,2,True,0.9,0.06
t-15-058,15,delay_tolerant,0.959,0.0,7.174,0.419,152.595,19,2,True,0.9,0.06
t-15-059,15,delay_tolerant,1.065,0.0,8.113,0.387,242.459,19,2,False,0.9,0.0
t-15-060,15,delay_tolerant,1.169,0.0,3.622,0.874,413.246,18,2,True,0.9,0.06
t-15-061,15,delay_tolerant,1.188,0.0,4.943,0.435,417.408,18,2,True,0.9,0.06
t-15-062,15,delay_tolerant,1.067,0.0,4.643,0.597,419.969,17,2,True,0.9,0.06
t-15-063,15,delay_tolerant,0.89,0.0,6.887,0.43,124.471,17,2,True,0.9,0.06
g-15-000,15,token_batch,0.543,1.09,12.389,1.134,1285.0,18,1,True,0.95,0.06
g-15-001,15,token_batch,0.365,1.309,13.809,1.176,1987.0,21,1,True,0.95,0.06
g-15-002,15,token_batch,0.305,1.278,11.64,1.281,4258.0,20,1,True,0.95,0.06
g-15-003,15,token_batch,0.346,1.355,10.347,1.124,2716.0,20,1,True,0.95,0.06
g-15-004,15,token_batch,0.254,1.316,17.863,0.948,4039.0,17,1,True,0.95,0.06
g-15-005,15,token_batch,0.252,1.389,15.842,1.104,3571.0,21,1,True,0.95,0.06
g-15-006,15,token_batch,0.325,1.284,14.041,1.232,3392.0,20,1,True,0.95,0.06
g-15-007,15,token_batch,0.594,1.079,13.743,0.832,4563.0,21,1,True,0.95,0.06
g-15-008,15,token_batch,0.399,1.062,17.532,0.903,2993.0,21,1,True,0.95,0.06
g-15-009,15,token_batch,0.424,0.835,11.476,1.321,3036.0,21,1,True,0.95,0.06
g-15-010,15,token_batch,0.473,0.839,15.189,1.142,1461.0,18,1,True,0.95,0.06
g-15-011,15,token_batch,0.439,1.058,15.644,0.88,4122.0,17,1,True,0.95,0.06
g-15-012,15,token_batch,0.465,0.986,14.972,0.983,2081.0,20,1,True,0.95,0.06
g-15-013,15,token_batch,0.519,1.105,12.071,1.26,3534.0,18,1,True,0.95,0.06
g-15-014,15,token_batch,0.545,1.383,8.53,1.253,2488.0,21,1,True,0.95,0.06
g-15-015,15,token_batch,0.51,0.843,8.636,1.048,1690.0,21,1,True,0.95,0.06
g-15-016,15,token_batch,0.278,1.388,15.737,1.394,4200.0,18,1,True,0.95,0.06
g-15-017,15,token_batch,0.46,1.097,9.195,0.853,1320.0,18,1,True,0.95,0.06
g-15-018,15,token_batch,0.48,1.211,16.049,1.029,3551.0,20,1,True,0.95,0.06
g-15-019,15,token_batch,0.539,0.91,11.112,0.906,1767.0,20,1,True,0.95,0.06
g-15-020,15,token_batch,0.301,0.854,10.605,0.92,4800.0,20,1,True,0.95,0.06
g-15-021,15,token_batch,0.453,1.004,15.518,1.114,3851.0,19,1,True,0.95,0.06
g-15-022,15,token_batch,0.224,1.134,14.827,0.857,3682.0,17,1,True,0.95,0.06
g-15-023,15,token_batch,0.205,0.996,11.063,1.28,3367.0,17,1,True,0.95,0.06
g-15-024,15,token_batch,0.35,0.842,9.724,1.182,3507.0,21,1,True,0.95,0.06
g-15-025,15,token_batch,0.414,1.385,8.97,1.21,1944.0,20,1,True,0.95,0.06
g-15-026,15,token_batch,0.35,0.906,12.407,1.308,3656.0,18,1,True,0.95,0.06
g-15-027,15,token_batch,0.26,1.291,8.303,0.823,3278.0,18,1,True,0.95,0.06
g-15-028,15,token_batch,0.576,1.284,11.117,0.975,4450.0,21,1,True,0.95,0.06
g-15-029,15,token_batch,0.272,1.111,17.002,1.099,3997.0,19,1,True,0.95,0.06
g-15-030,15,token_batch,0.599,1.352,17.378,1.357,1835.0,21,1,True,0.95,0.06
g-15-031,15,token_batch,0.356,1.069,9.164,1.133,4606.0,21,1,True,0.95,0.06
g-15-032,15,token_batch,0.346,0.944,16.176,0.913,2208.0,19,1,True,0.95,0.06
g-15-033,15,token_batch,0.343,1.35,17.211,1.287,1370.0,20,1,True,0.95,0.06
g-15-034,15,token_batch,0.539,0.855,14.548,1.347,1604.0,21,1,True,0.95,0.06
g-15-035,15,token_batch,0.481,1.113,15.569,1.186,3555.0,21,1,True,0.95,0.06
g-15-036,15,token_batch,0.254,1.258,10.93,1.176,2512.0,19,1,True,0.95,0.06
g-15-037,15,token_batch,0.351,1.094,12.912,0.993,2982.0,20,1,True,0.95,0.06
g-15-038,15,token_batch,0.356,1.099,15.864,0.972,3697.0,20,1,True,0.95,0.06
g-15-039,15,token_batch,0.533,0.913,8.892,1.335,3360.0,17,1,True,0.95,0.06
g-15-040,15,token_batch,0.269,0.988,8.48,0.817,3423.0,21,1,True,0.95,0.06
g-15-041,15,token_batch,0.275,1.379,8.524,1.295,2776.0,19,1,True,0.95,0.06
g-15-042,15,token_batch,0.403,1.31,13.087,1.209,4225.0,20,1,True,0.95,0.06
g-15-043,15,token_batch,0.239,1.37,16.924,1.227,2078.0,17,1,True,0.95,0.06
g-15-044,15,token_batch,0.281,0.924,14.404,0.809,4124.0,17,1,True,0.95,0.06
g-15-045,15,token_batch,0.56,0.87,10.904,1.343,2043.0,20,1,True,0.95,0.06
g-15-046,15,token_batch,0.595,1.296,11.718,1.303,1925.0,19,1,True,0.95,0.06
g-15-047,15,token_batch,0.257,0.948,14.685,1.329,1838.0,17,1,True,0.95,0.06
g-15-048,15,token_batch,0.428,1.318,14.262,0.923,3986.0,20,1,True,0.95,0.06
g-15-049,15,token_batch,0.476,1.05,12.136,0.967,2876.0,19,1,True,0.95,0.06
s-16-000,16,delay_sensitive,1.308,0.0,6.929,0.76,0.0,17,3,False,1.5,0.0
s-16-001,16,delay_sensitive,1.098,0.0,8.176,0.669,0.0,17,3,False,1.5,0.0
s-16-002,16,delay_sensitive,1.011,0.0,7.826,0.469,0.0,17,3,False,1.5,0.0
s-16-003,16,delay_sensitive,1.144,0.0,5.1,0.596,0.0,17,3,False,1.5,0.0
s-16-004,16,delay_sensitive,1.028,0.0,8.085,0.958,0.0,17,3,False,1.5,0.0
s-16-005,16,delay_sensitive,1.168,0.0,5.708,0.742,0.0,17,3,False,1.5,0.0
s-16-006,16,delay_sensitive,0.96,0.0,8.937,0.93,0.0,17,3,False,1.5,0.0
s-16-007,16,delay_sensitive,1.177,0.0,6.988,0.476,0.0,17,3,False,1.5,0.0
s-16-008,16,delay_sensitive,1.134,0.0,4.656,0.537,0.0,17,3,False,1.5,0.0
s-16-009,16,delay_sensitive,0.992,0.0,8.575,0.884,0.0,17,3,False,1.5,0.0
s-16-010,16,delay_sensitive,1.208,0.0,6.629,0.486,0.0,17,3,False,1.5,0.0
s-16-011,16,delay_sensitive,0.921,0.0,9.602,0.86,0.0,17,3,False,1.5,0.0
s-16-012,16,delay_sensitive,1.005,0.0,5.908,0.741,0.0,17,3,False,1.5,0.0
s-16-013,16,delay_sensitive,1.071,0.0,9.702,0.953,0.0,17,3,False,1.5,0.0
s-16-014,16,delay_sensitive,1.0,0.0,7.865,0.635,0.0,17,3,False,1.5,0.0
s-16-015,16,delay_sensitive,1.046,0.0,4.382,0.51,0.0,17,3,False,1.5,0.0
s-16-016,16,delay_sensitive,1.229,0.0,6.633,0.923,0.0,17,3,False,1.5,0.0
s-16-017,16,delay_sensitive,1.023,0.0,7.171,0.734,0.0,17,3,False,1.5,0.0
s-16-018,16,delay_sensitive,1.382,0.0,4.34,0.811,0.0,17,3,False,1.5,0.0
s-16-019,16,delay_sensitive,1.167,0.0,7.712,0.502,0.0,17,3,False,1.5,0.0
s-16-020,16,delay_sensitive,1.085,0.0,4.861,0.462,0.0,17,3,False,1.5,0.0
s-16-021,16,delay_sensitive,1.091,0.0,7.376,0.888,0.0,17,3,False,1.5,0.0
s-16-022,16,delay_sensitive,0.96,0.0,5.347,0.777,0.0,17,3,False,1.5,0.0
s-16-023,16,delay_sensitive,0.937,0.0,7.893,0.946,0.0,17,3,False,1.5,0.0
s-16-024,16,delay_sensitive,1.222,0.0,5.695,0.77,0.0,17,3,False,1.5,0.0
s-16-025,16,delay_sensitive,1.274,0.0,8.097,0.768,0.0,17,3,False,1.5,0.0
s-16-026,16,delay_sensitive,1.394,0.0,6.73,0.952,0.0,17,3,False,1.5,0.0
s-16-027,16,delay_sensitive,1.168,0.0,6.161,0.487,0.0,17,3,False,1.5,0.0
s-16-028,16,delay_sensitive,0.987,0.0,9.804,0.999,0.0,17,3,False,1.5,0.0
s-16-029,16,delay_sensitive,1.084,0.0,4.126,0.883,0.0,17,3,False,1.5,0.0
s-16-030,16,delay_sensitive,1.13,0.0,8.264,0.725,0.0,17,3,False,1.5,0.0
s-16-031,16,delay_sensitive,1.101,0.0,9.041,0.612,0.0,17,3,False,1.5,0.0
s-16-032,16,delay_sensitive,1.111,0.0,6.506,0.84,0.0,17,3,False,1.5,0.0
s-16-033,16,delay_sensitive,1.094,0.0,6.181,0.596,0.0,17,3,False,1.5,0.0
s-16-034,16,delay_sensitive,1.262,0.0,5.235,0.53,0.0,17,3,False,1.5,0.0
s-16-035,16,delay_sensitive,0.997,0.0,9.242,0.796,0.0,17,3,False,1.5,0.0
s-16-036,16,delay_sensitive,1.35,0.0,7.289,0.858,0.0,17,3,False,1.5,0.0
s-16-037,16,delay_sensitive,1.222,0.0,5.281,0.485,0.0,17,3,False,1.5,0.0
s-16-038,16,delay_sensitive,1.226,0.0,5.802,0.9,0.0,17,3,False,1.5,0.0
s-16-039,16,delay_sensitive,1.212,0.0,4.305,0.53,0.0,17,3,False,1.5,0.0
s-16-040,16,delay_sensitive,0.978,0.0,6.306,0.711,0.0,17,3,False,1.5,0.0
s-16-041,16,delay_sensitive,1.121,0.0,8.164,0.632,0.0,17,3,False,1.5,0.0
s-16-042,16,delay_sensitive,1.037,0.0,8.476,0.738,0.0,17,3,False,1.5,0.0
s-16-043,16,delay_sensitive,1.101,0.0,8.691,0.519,0.0,17,3,False,1.5,0.0
s-16-044,16,delay_sensitive,1.134,0.0,9.208,0.478,0.0,17,3,False,1.5,0.0
s-16-045,16,delay_sensitive,1.058,0.0,9.598,0.767,0.0,17,3,False,1.5,0.0
s-16-046,16,delay_sensitive,1.338,0.0,8.057,0.872,0.0,17,3,False,1.5,0.0
s-16-047,16,delay_sensitive,0.904,0.0,9.173,0.432,0.0,17,3,False,1.5,0.0
s-16-048,16,delay_sensitive,1.057,0.0,9.411,0.522,0.0,17,3,False,1.5,0.0
s-16-049,16,delay_sensitive,1.007,0.0,9.044,0.618,0.0,17,3,False,1.5,0.0
s-16-050,16,delay_sensitive,1.192,0.0,8.97,0.685,0.0,17,3,False,1.5,0.0
s-16-051,16,delay_sensitive,1.045,0.0,4.609,0.737,0.0,17,3,False,1.5,0.0
s-16-052,16,delay_sensitive,0.976,0.0,6.491,0.719,0.0,17,3,False,1.5,0.0
s-16-053,16,delay_sensitive,0.979,0.0,7.314,0.682,0.0,17,3,False,1.5,0.0
s-16-054,16,delay_sensitive,1.245,0.0,9.422,0.986,0.0,17,3,False,1.5,0.0
s-16-055,16,delay_sensitive,0.973,0.0,6.669,0.853,0.0,17,3,False,1.5,0.0
s-16-056,16,delay_sensitive,1.09,0.0,6.276,0.502,0.0,17,3,False,1.5,0.0
s-16-057,16,delay_sensitive,1.244,0.0,8.908,0.959,0.0,17,3,True,1.5,0.18
s-16-058,16,delay_sensitive,0.991,0.0,9.364,0.982,0.0,17,3,False,1.5,0.0
s-16-059,16,delay_sensitive,1.183,0.0,9.314,0.993,0.0,17,3,False,1.5,0.0
s-16-060,16,delay_sensitive,0.934,0.0,4.81,0.58,0.0,17,3,False,1.5,0.0
s-16-061,16,delay_sensitive,0.975,0.0,9.957,0.875,0.0,17,3,False,1.5,0.0
s-16-062,16,delay_sensitive,1.381,0.0,5.924,0.827,0.0,17,3,False,1.5,0.0
s-16-063,16,delay_sensitive,0.942,0.0,7.617,0.88,0.0,17,3,False,1.5,0.0
s-16-064,16,delay_sensitive,1.346,0.0,6.506,0.501,0.0,17,3,True,1.5,0.18
s-16-065,16,delay_sensitive,0.996,0.0,5.681,0.712,0.0,17,3,False,1.5,0.0
s-16-066,16,delay_sensitive,1.145,0.0,9.435,0.431,0.0,17,3,False,1.5,0.0
s-16-067,16,delay_sensitive,1.053,0.0,6.694,0.66,0.0,17,3,False,1.5,0.0
s-16-068,16,delay_sensitive,1.275,0.0,8.559,0.675,0.0,17,3,False,1.5,0.0
s-16-069,16,delay_sensitive,1.176,0.0,4.784,0.987,0.0,17,3,False,1.5,0.0
s-16-070,16,delay_sensitive,1.267,0.0,4.115,0.628,0.0,17,3,False,1.5,0.0
s-16-071,16,delay_sensitive,1.09,0.0,4.216,0.803,0.0,17,3,False,1.5,0.0
s-16-072,16,delay_sensitive,1.068,0.0,8.819,0.912,0.0,17,3,False,1.5,0.0
s-16-073,16,delay_sensitive,1.104,0.0,6.053,0.966,0.0,17,3,False,1.5,0.0
s-16-074,16,delay_sensitive,1.176,0.0,6.933,0.56,0.0,17,3,False,1.5,0.0
s-16-075,16,delay_sensitive,1.359,0.0,4.509,0.8,0.0,17,3,False,1.5,0.0
s-16-076,16,delay_sensitive,1.154,0.0,4.681,0.886,0.0,17,3,False,1.5,0.0
s-16-077,16,delay_sensitive,0.954,0.0,4.446,0.624,0.0,17,3,False,1.5,0.0
s-16-078,16,delay_sensitive,1.301,0.0,8.673,0.918,0.0,17,3,False,1.5,0.0
s-16-079,16,delay_sensitive,0.907,0.0,8.842,0.922,0.0,17,3,True,1.5,0.18
s-16-080,16,delay_sensitive,0.978,0.0,7.757,0.923,0.0,17,3,False,1.5,0.0
s-16-081,16,delay_sensitive,1.337,0.0,8.717,0.463,0.0,17,3,False,1.5,0.0
s-16-082,16,delay_sensitive,1.252,0.0,5.197,0.848,0.0,17,3,False,1.5,0.0
s-16-083,16,delay_sensitive,0.946,0.0,9.708,0.402,0.0,17,3,False,1.5,0.0
s-16-084,16,delay_sensitive,1.017,0.0,4.3,0.448,0.0,17,3,False,1.5,0.0
s-16-085,16,delay_sensitive,1.165,0.0,6.856,0.518,0.0,17,3,False,1.5,0.0
s-16-086,16,delay_sensitive,1.203,0.0,5.116,0.573,0.0,17,3,False,1.5,0.0
s-16-087,16,delay_sensitive,1.333,0.0,4.368,0.511,0.0,17,3,False,1.5,0.0
s-16-088,16,delay_sensitive,0.988,0.0,5.186,0.486,0.0,17,3,True,1.5,0.18
s-16-089,16,delay_sensitive,1.386,0.0,8.2,0.822,0.0,17,3,False,1.5,0.0
s-16-090,16,delay_sensitive,0.994,0.0,5.928,0.995,0.0,17,3,False,1.5,0.0
s-16-091,16,delay_sensitive,1.218,0.0,7.554,0.761,0.0,17,3,False,1.5,0.0
s-16-092,16,delay_sensitive,1.043,0.0,6.559,0.895,0.0,17,3,False,1.5,0.0
s-16-093,16,delay_sensitive,1.165,0.0,7.929,0.981,0.0,17,3,False,1.5,0.0
s-16-094,16,delay_sensitive,1.277,0.0,4.388,0.438,0.0,17,3,False,1.5,0.0
s-16-095,16,delay_sensitive,1.266,0.0,7.719,0.891,0.0,17,3,False,1.5,0.0
s-16-096,16,delay_sensitive,1.282,0.0,8.297,0.407,0.0,17,3,False,1.5,0.0
s-16-097,16,delay_sensitive,0.944,0.0,7.529,0.95,0.0,17,3,False,1.5,0.0
s-16-098,16,delay_sensitive,1.241,0.0,8.069,0.44,0.0,17,3,False,1.5,0.0
s-16-099,16,delay_sensitive,1.32,0.0,6.705,0.845,0.0,17,3,False,1.5,0.0
s-16-100,16,delay_sensitive,1.15,0.0,8.58,0.588,0.0,17,3,False,1.5,0.0
s-16-101,16,delay_sensitive,0.995,0.0,7.523,0.426,0.0,17,3,False,1.5,0.0
s-16-102,16,delay_sensitive,1.132,0.0,6.77,0.954,0.0,17,3,False,1.5,0.0
s-16-103,16,delay_sensitive,1.386,0.0,6.782,0.939,0.0,17,3,False,1.5,0.0
s-16-104,16,delay_sensitive,0.971,0.0,8.503,0.652,0.0,17,3,False,1.5,0.0
s-16-105,16,delay_sensitive,0.97,0.0,5.9,0.994,0.0,17,3,True,1.5,0.18
s-16-106,16,delay_sensitive,1.1,0.0,4.084,0.875,0.0,17,3,False,1.5,0.0
s-16-107,16,delay_sensitive,0.986,0.0,7.558,0.51,0.0,17,3,False,1.5,0.0
s-16-108,16,delay_sensitive,1.096,0.0,4.899,0.602,0.0,17,3,False,1.5,0.0
s-16-109,16,delay_sensitive,1.096,0.0,5.821,0.973,0.0,17,3,True,1.5,0.18
s-16-110,16,delay_sensitive,1.014,0.0,6.919,0.834,0.0,17,3,False,1.5,0.0
s-16-111,16,delay_sensitive,1.374,0.0,4.959,0.981,0.0,17,3,False,1.5,0.0
s-16-112,16,delay_sensitive,1.381,0.0,4.401,0.594,0.0,17,3,False,1.5,0.0
s-16-113,16,delay_sensitive,1.045,0.0,5.411,0.966,0.0,17,3,False,1.5,0.0
s-16-114,16,delay_sensitive,1.108,0.0,4.078,0.585,0.0,17,3,False,1.5,0.0
s-16-115,16,delay_sensitive,1.215,0.0,8.104,0.657,0.0,17,3,False,1.5,0.0
s-16-116,16,delay_sensitive,0.965,0.0,5.691,0.835,0.0,17,3,False,1.5,0.0
s-16-117,16,delay_sensitive,1.332,0.0,6.217,0.982,0.0,17,3,False,1.5,0.0
s-16-118,16,delay_sensitive,1.124,0.0,6.502,0.526,0.0,17,3,False,1.5,0.0
s-16-119,16,delay_sensitive,1.017,0.0,9.231,0.588,0.0,17,3,False,1.5,0.0
s-16-120,16,delay_sensitive,1.386,0.0,8.721,0.733,0.0,17,3,False,1.5,0.0
s-16-121,16,delay_sensitive,1.066,0.0,5.166,0.476,0.0,17,3,False,1.5,0.0
s-16-122,16,delay_sensitive,1.216,0.0,9.827,0.537,0.0,17,3,False,1.5,0.0
s-16-123,16,delay_sensitive,1.019,0.0,8.918,0.693,0.0,17,3,False,1.5,0.0
s-16-124,16,delay_sensitive,0.91,0.0,7.066,0.457,0.0,17,3,False,1.5,0.0
s-16-125,16,delay_sensitive,1.212,0.0,4.488,0.695,0.0,17,3,False,1.5,0.0
s-16-126,16,delay_sensitive,1.345,0.0,9.75,0.56,0.0,17,3,False,1.5,0.0
s-16-127,16,delay_sensitive,1.289,0.0,8.748,0.566,0.0,17,3,False,1.5,0.0
s-16-128,16,delay_sensitive,1.324,0.0,4.354,0.548,0.0,17,3,False,1.5,0.0
s-16-129,16,delay_sensitive,1.064,0.0,8.949,0.69,0.0,17,3,False,1.5,0.0
s-16-130,16,delay_sensitive,1.036,0.0,5.92,0.991,0.0,17,3,False,1.5,0.0
t-16-000,16,delay_tolerant,0.88,0.0,7.864,0.413,452.535,20,2,False,0.9,0.0
t-16-001,16,delay_tolerant,1.093,0.0,7.413,0.417,407.585,20,2,True,0.9,0.06
t-16-002,16,delay_tolerant,0.95,0.0,7.204,0.812,227.344,19,2,True,0.9,0.06
t-16-003,16,delay_tolerant,0.81,0.0,6.91,0.757,148.335,18,2,True,0.9,0.06
t-16-004,16,delay_tolerant,1.197,0.0,5.68,0.529,176.512,19,2,False,0.9,0.0
t-16-005,16,delay_tolerant,0.843,0.0,4.641,0.466,374.267,19,2,False,0.9,0.0
t-16-006,16,delay_tolerant,1.035,0.0,4.937,0.31,138.872,19,2,True,0.9,0.06
t-16-007,16,delay_tolerant,0.948,0.0,4.892,0.732,318.046,19,2,True,0.9,0.06
t-16-008,16,delay_tolerant,0.93,0.0,4.068,0.668,393.791,20,2,True,0.9,0.06
t-16-009,16,delay_tolerant,1.026,0.0,6.411,0.83,140.109,20,2,True,0.9,0.06
t-16-010,16,delay_tolerant,0.999,0.0,8.562,0.384,156.811,20,2,False,0.9,0.0
t-16-011,16,delay_tolerant,0.894,0.0,7.528,0.883,241.737,18,2,False,0.9,0.0
t-16-012,16,delay_tolerant,0.828,0.0,5.403,0.337,269.887,19,2,True,0.9,0.06
t-16-013,16,delay_tolerant,1.019,0.0,3.537,0.424,177.262,19,2,False,0.9,0.0
t-16-014,16,delay_tolerant,0.823,0.0,7.101,0.315,351.445,19,2,True,0.9,0.06
t-16-015,16,delay_tolerant,0.817,0.0,4.314,0.44,174.947,20,2,True,0.9,0.06
t-16-016,16,delay_tolerant,0.929,0.0,7.536,0.702,126.932,18,2,True,0.9,0.06
t-16-017,16,delay_tolerant,1.068,0.0,7.183,0.63,134.447,19,2,True,0.9,0.06
t-16-018,16,delay_tolerant,0.892,0.0,5.949,0.51,149.026,20,2,True,0.9,0.06
t-16-019,16,delay_tolerant,1.132,0.0,5.383,0.391,122.646,19,2,True,0.9,0.06
t-16-020,16,delay_tolerant,0.913,0.0,6.338,0.607,177.551,20,2,False,0.9,0.0
t-16-021,16,delay_tolerant,0.903,0.0,4.175,0.839,261.348,18,2,False,0.9,0.0
t-16-022,16,delay_tolerant,0.812,0.0,6.62,0.691,304.25,20,2,True,0.9,0.06
t-16-023,16,delay_tolerant,0.845,0.0,5.325,0.364,455.91,19,2,True,0.9,0.06
t-16-024,16,delay_tolerant,1.028,0.0,7.484,0.8,362.714,18,2,True,0.9,0.06
t-16-025,16,delay_tolerant,0.944,0.0,3.326,0.676,324.065,20,2,False,0.9,0.0
t-16-026,16,delay_tolerant,0.81,0.0,3.074,0.798,429.729,19,2,True,0.9,0.06
t-16-027,16,delay_tolerant,1.088,0.0,7.32,0.575,260.672,18,2,True,0.9,0.06
t-16-028,16,delay_tolerant,0.992,0.0,6.58,0.777,360.129,18,2,False,0.9,0.0
t-16-029,16,delay_tolerant,0.843,0.0,3.002,0.319,138.01,18,2,True,0.9,0.06
t-16-030,16,delay_tolerant,1.172,0.0,4.821,0.529,324.52,18,2,False,0.9,0.0
t-16-031,16,delay_tolerant,0.947,0.0,6.875,0.883,387.065,18,2,True,0.9,0.06
t-16-032,16,delay_tolerant,0.967,0.0,3.134,0.762,443.468,19,2,True,0.9,0.06
t-16-033,16,delay_tolerant,0.983,0.0,8.593,0.89,449.244,19,2,True,0.9,0.06
t-16-034,16,delay_tolerant,1.098,0.0,7.091,0.318,455.176,18,2,False,0.9,0.0
t-16-035,16,delay_tolerant,0.845,0.0,7.349,0.573,439.118,19,2,True,0.9,0.06
t-16-036,16,delay_tolerant,0.908,0.0,7.217,0.588,383.316,20,2,True,0.9,0.06
t-16-037,16,delay_tolerant,0.959,0.0,5.265,0.322,275.696,18,2,True,0.9,0.06
t-16-038,16,delay_tolerant,1.189,0.0,6.461,0.326,142.684,19,2,True,0.9,0.06
t-16-039,16,delay_tolerant,1.088,0.0,4.216,0.46,361.647,19,2,False,0.9,0.0
t-16-040,16,delay_tolerant,0.979,0.0,3.012,0.69,434.468,18,2,True,0.9,0.06
t-16-041,16,delay_tolerant,1.081,0.0,7.752,0.729,387.309,19,2,True,0.9,0.06
t-16-042,16,delay_tolerant,1.039,0.0,5.738,0.583,179.002,19,2,True,0.9,0.06
t-16-043,16,delay_tolerant,1.09,0.0,6.245,0.492,350.153,20,2,False,0.9,0.0
t-16-044,16,delay_tolerant,0.961,0.0,5.805,0.508,225.282,19,2,True,0.9,0.06
t-16-045,16,delay_tolerant,0.998,0.0,6.254,0.516,275.416,20,2,False,0.9,0.0
t-16-046,16,delay_tolerant,0.855,0.0,8.548,0.687,282.277,20,2,True,0.9,0.06
t-16-047,16,delay_tolerant,0.866,0.0,3.257,0.604,429.496,20,2,False,0.9,0.0
t-16-048,16,delay_tolerant,0.937,0.0,6.796,0.747,426.395,20,2,True,0.9,0.06
t-16-049,16,delay_tolerant,1.127,0.0,4.235,0.716,149.428,20,2,True,0.9,0.06
t-16-050,16,delay_tolerant,1.196,0.0,6.264,0.612,327.167,19,2,False,0.9,0.0
t-16-051,16,delay_tolerant,1.066,0.0,3.988,0.436,375.511,19,2,False,0.9,0.0
t-16-052,16,delay_tolerant,0.93,0.0,8.019,0.524,457.294,19,2,True,0.9,0.06
t-16-053,16,delay_tolerant,0.957,0.0,6.462,0.75,367.608,20,2,False,0.9,0.0
t-16-054,16,delay_tolerant,1.058,0.0,3.934,0.716,391.195,18,2,True,0.9,0.06
t-16-055,16,delay_tolerant,1.117,0.0,6.027,0.365,171.968,20,2,True,0.9,0.06
t-16-056,16,delay_tolerant,0.923,0.0,7.535,0.482,195.328,18,2,False,0.9,0.0
t-16-057,16,delay_tolerant,1.126,0.0,3.141,0.319,163.587,20,2,True,0.9,0.06
t-16-058,16,delay_tolerant,1.072,0.0,3.402,0.572,162.823,18,2,False,0.9,0.0
t-16-059,16,delay_tolerant,0.804,0.0,6.585,0.506,254.97,19,2,False,0.9,0.0
t-16-060,16,delay_tolerant,1.036,0.0,5.871,0.669,135.075,19,2,True,0.9,0.06
t-16-061,16,delay_tolerant,1.0,0.0,5.109,0.453,290.495,19,2,False,0.9,0.0
t-16-062,16,delay_tolerant,1.108,0.0,5.536,0.652,437.029,19,2,False,0.9,0.0
t-16-063,16,delay_tolerant,0.811,0.0,3.232,0.592,446.115,20,2,True,0.9,0.06
t-16-064,16,delay_tolerant,0.837,0.0,4.472,0.798,347.268,19,2,True,0.9,0.06
t-16-065,16,delay_tolerant,1.1,0.0,4.448,0.89,132.363,18,2,True,0.9,0.06
t-16-066,16,delay_tolerant,1.082,0.0,5.707,0.668,154.183,19,2,True,0.9,0.06
t-16-067,16,delay_tolerant,1.145,0.0,7.685,0.861,279.995,20,2,True,0.9,0.06
t-16-068,16,delay_tolerant,0.91,0.0,6.39,0.781,312.839,20,2,True,0.9,0.06
t-16-069,16,delay_tolerant,1.034,0.0,7.189,0.595,444.814,20,2,True,0.9,0.06
t-16-070,16,delay_tolerant,0.816,0.0,6.607,0.556,367.251,19,2,False,0.9,0.0
t-16-071,16,delay_tolerant,0.994,0.0,3.034,0.765,410.449,18,2,True,0.9,0.06
t-16-072,16,delay_tolerant,0.818,0.0,4.096,0.504,365.892,18,2,False,0.9,0.0
g-16-000,16,token_batch,0.486,1.285,17.48,0.87,2136.0,21,1,True,0.95,0.06
g-16-001,16,token_batch,0.253,1.387,14.052,0.814,1770.0,19,1,True,0.95,0.06
g-16-002,16,token_batch,0.518,1.058,15.084,1.339,2701.0,21,1,True,0.95,0.06
g-16-003,16,token_batch,0.417,1.051,8.335,1.062,3800.0,20,1,True,0.95,0.06
g-16-004,16,token_batch,0.226,0.958,17.487,1.015,1474.0,21,1,True,0.95,0.06
g-16-005,16,token_batch,0.568,1.344,16.755,0.873,3277.0,21,1,True,0.95,0.06
g-16-006,16,token_batch,0.428,1.199,12.461,1.398,1553.0,19,1,True,0.95,0.06
g-16-007,16,token_batch,0.305,0.84,15.9,0.911,3482.0,20,1,True,0.95,0.06
g-16-008,16,token_batch,0.424,0.939,9.474,0.88,1674.0,21,1,True,0.95,0.06
g-16-009,16,token_batch,0.349,1.106,8.122,1.115,1245.0,21,1,True,0.95,0.06
g-16-010,16,token_batch,0.412,0.982,16.115,0.992,3598.0,20,1,True,0.95,0.06
g-16-011,16,token_batch,0.392,0.928,14.64,1.087,4724.0,19,1,True,0.95,0.06
g-16-012,16,token_batch,0.269,1.132,14.27,1.315,1605.0,19,1,True,0.95,0.06
g-16-013,16,token_batch,0.467,1.315,9.454,1.256,1798.0,18,1,True,0.95,0.06
g-16-014,16,token_batch,0.596,0.844,9.647,1.176,3302.0,21,1,True,0.95,0.06
g-16-015,16,token_batch,0.45,1.363,16.28,1.044,4639.0,21,1,True,0.95,0.06
g-16-016,16,token_batch,0.548,1.268,8.277,1.203,1375.0,21,1,True,0.95,0.06
g-16-017,16,token_batch,0.38,1.302,10.247,1.345,2800.0,20,1,True,0.95,0.06
g-16-018,16,token_batch,0.58,1.106,12.065,1.323,3718.0,21,1,True,0.95,0.06
g-16-019,16,token_batch,0.44,0.973,15.731,1.06,2188.0,19,1,True,0.95,0.06
g-16-020,16,token_batch,0.227,0.851,16.917,0.887,2909.0,18,1,True,0.95,0.06
g-16-021,16,token_batch,0.311,0.969,14.502,1.392,2713.0,18,1,True,0.95,0.06
g-16-022,16,token_batch,0.535,1.163,17.193,1.313,2443.0,20,1,True,0.95,0.06
g-16-023,16,token_batch,0.395,1.254,16.395,1.154,3294.0,21,1,True,0.95,0.06
g-16-024,16,token_batch,0.442,1.197,13.74,1.082,3994.0,22,1,True,0.95,0.06
g-16-025,16,token_batch,0.396,1.005,13.17,1.179,4032.0,18,1,True,0.95,0.06
g-16-026,16,token_batch,0.307,0.963,10.889,1.108,3776.0,20,1,True,0.95,0.06
g-16-027,16,token_batch,0.563,1.14,11.485,0.984,2527.0,20,1,True,0.95,0.06
g-16-028,16,token_batch,0.47,0.967,13.978,1.202,3320.0,20,1,True,0.95,0.06
g-16-029,16,token_batch,0.445,1.272,16.022,1.213,4347.0,19,1,True,0.95,0.06
g-16-030,16,token_batch,0.474,1.228,13.529,0.923,4014.0,19,1,True,0.95,0.06
g-16-031,16,token_batch,0.408,0.87,15.227,0.975,3582.0,21,1,True,0.95,0.06
g-16-032,16,token_batch,0.439,1.18,11.374,1.332,2042.0,19,1,True,0.95,0.06
g-16-033,16,token_batch,0.298,1.091,10.707,1.141,2735.0,21,1,True,0.95,0.06
g-16-034,16,token_batch,0.259,1.164,10.525,1.38,2598.0,22,1,True,0.95,0.06
g-16-035,16,token_batch,0.201,0.913,17.341,1.357,2810.0,22,1,True,0.95,0.06
g-16-036,16,token_batch,0.433,0.966,13.675,0.92,3455.0,21,1,True,0.95,0.06
g-16-037,16,token_batch,0.451,1.094,9.081,1.062,2951.0,18,1,True,0.95,0.06
g-16-038,16,token_batch,0.256,0.874,15.601,1.397,1689.0,20,1,True,0.95,0.06
g-16-039,16,token_batch,0.228,0.864,13.352,0.876,4670.0,18,1,True,0.95,0.06
g-16-040,16,token_batch,0.475,0.923,16.913,1.14,4243.0,18,1,True,0.95,0.06
g-16-041,16,token_batch,0.335,1.175,10.772,1.058,1656.0,18,1,True,0.95,0.06
g-16-042,16,token_batch,0.447,1.142,10.667,1.132,2102.0,19,1,True,0.95,0.06
g-16-043,16,token_batch,0.209,1.15,15.624,0.903,1821.0,19,1,True,0.95,0.06
g-16-044,16,token_batch,0.417,0.81,9.604,1.143,2032.0,21,1,True,0.95,0.06
g-16-045,16,token_batch,0.524,0.875,10.462,1.044,2304.0,22,1,True,0.95,0.06
g-16-046,16,token_batch,0.444,1.335,17.176,0.968,3082.0,19,1,True,0.95,0.06
g-16-047,16,token_batch,0.468,1.061,16.609,1.31,2178.0,18,1,True,0.95,0.06
g-16-048,16,token_batch,0.293,1.308,12.085,1.066,2074.0,21,1,True,0.95,0.06
g-16-049,16,token_batch,0.555,1.31,15.507,0.814,4227.0,19,1,True,0.95,0.06
g-16-050,16,token_batch,0.553,1.095,15.896,1.114,2040.0,20,1,True,0.95,0.06
g-16-051,16,token_batch,0.4,1.169,16.382,1.164,1284.0,20,1,True,0.95,0.06
g-16-052,16,token_batch,0.481,1.161,14.989,1.027,1791.0,20,1,True,0.95,0.06
g-16-053,16,token_batch,0.287,1.012,10.741,1.229,2048.0,21,1,True,0.95,0.06
g-16-054,16,token_batch,0.44,1.082,8.243,1.361,2754.0,19,1,True,0.95,0.06
g-16-055,16,token_batch,0.479,1.071,16.001,1.033,3843.0,19,1,True,0.95,0.06
g-16-056,16,token_batch,0.352,1.095,15.242,1.346,2672.0,20,1,True,0.95,0.06
g-16-057,16,token_batch,0.302,0.937,11.666,1.398,2991.0,18,1,True,0.95,0.06
s-17-000,17,delay_sensitive,0.984,0.0,9.122,0.787,0.0,18,3,False,1.5,0.0
s-17-001,17,delay_sensitive,1.305,0.0,9.075,0.987,0.0,18,3,False,1.5,0.0
s-17-002,17,delay_sensitive,1.28,0.0,4.54,0.95,0.0,18,3,False,1.5,0.0
s-17-003,17,delay_sensitive,1.248,0.0,4.3,0.448,0.0,18,3,False,1.5,0.0
s-17-004,17,delay_sensitive,1.127,0.0,5.759,0.915,0.0,18,3,False,1.5,0.0
s-17-005,17,delay_sensitive,1.358,0.0,5.375,0.587,0.0,18,3,False,1.5,0.0
s-17-006,17,delay_sensitive,1.016,0.0,4.554,0.431,0.0,18,3,False,1.5,0.0
s-17-007,17,delay_sensitive,1.292,0.0,9.723,0.965,0.0,18,3,False,1.5,0.0
s-17-008,17,delay_sensitive,1.174,0.0,9.652,0.937,0.0,18,3,False,1.5,0.0
s-17-009,17,delay_sensitive,1.304,0.0,5.172,0.828,0.0,18,3,False,1.5,0.0
s-17-010,17,delay_sensitive,0.951,0.0,8.904,0.507,0.0,18,3,False,1.5,0.0
s-17-011,17,delay_sensitive,1.131,0.0,8.565,0.834,0.0,18,3,False,1.5,0.0
s-17-012,17,delay_sensitive,1.366,0.0,5.474,0.405,0.0,18,3,False,1.5,0.0
s-17-013,17,delay_sensitive,1.283,0.0,7.079,0.412,0.0,18,3,False,1.5,0.0
s-17-014,17,delay_sensitive,0.928,0.0,4.81,0.429,0.0,18,3,False,1.5,0.0
s-17-015,17,delay_sensitive,0.966,0.0,9.17,0.901,0.0,18,3,False,1.5,0.0
s-17-016,17,delay_sensitive,1.04,0.0,5.475,0.505,0.0,18,3,False,1.5,0.0
s-17-017,17,delay_sensitive,1.024,0.0,7.841,0.853,0.0,18,3,False,1.5,0.0
s-17-018,17,delay_sensitive,1.089,0.0,4.003,0.676,0.0,18,3,False,1.5,0.0
s-17-019,17,delay_sensitive,1.239,0.0,6.37,0.725,0.0,18,3,False,1.5,0.0
s-17-020,17,delay_sensitive,1.163,0.0,9.773,0.966,0.0,18,3,False,1.5,0.0
s-17-021,17,delay_sensitive,1.203,0.0,8.31,0.85,0.0,18,3,False,1.5,0.0
s-17-022,17,delay_sensitive,1.162,0.0,6.446,0.702,0.0,18,3,False,1.5,0.0
s-17-023,17,delay_sensitive,1.302,0.0,5.241,0.76,0.0,18,3,False,1.5,0.0
s-17-024,17,delay_sensitive,1.049,0.0,7.626,0.647,0.0,18,3,False,1.5,0.0
s-17-025,17,delay_sensitive,1.087,0.0,5.887,0.519,0.0,18,3,False,1.5,0.0
s-17-026,17,delay_sensitive,1.118,0.0,7.831,0.488,0.0,18,3,True,1.5,0.18
s-17-027,17,delay_sensitive,1.295,0.0,8.495,0.789,0.0,18,3,False,1.5,0.0
s-17-028,17,delay_sensitive,1.022,0.0,4.098,0.536,0.0,18,3,False,1.5,0.0
s-17-029,17,delay_sensitive,1.143,0.0,6.798,0.679,0.0,18,3,False,1.5,0.0
s-17-030,17,delay_sensitive,1.132,0.0,6.495,0.431,0.0,18,3,False,1.5,0.0
s-17-031,17,delay_sensitive,1.349,0.0,9.536,0.577,0.0,18,3,False,1.5,0.0
s-17-032,17,delay_sensitive,1.133,0.0,6.319,0.792,0.0,18,3,False,1.5,0.0
s-17-033,17,delay_sensitive,1.199,0.0,6.129,0.708,0.0,18,3,False,1.5,0.0
s-17-034,17,delay_sensitive,1.367,0.0,9.212,0.688,0.0,18,3,False,1.5,0.0
s-17-035,17,delay_sensitive,0.997,0.0,9.532,0.5,0.0,18,3,False,1.5,0.0
s-17-036,17,delay_sensitive,0.973,0.0,8.267,0.562,0.0,18,3,False,1.5,0.0
s-17-037,17,delay_sensitive,1.009,0.0,7.127,0.414,0.0,18,3,True,1.5,0.18
s-17-038,17,delay_sensitive,1.299,0.0,6.762,0.773,0.0,18,3,False,1.5,0.0
s-17-039,17,delay_sensitive,0.925,0.0,7.102,0.474,0.0,18,3,False,1.5,0.0
s-17-040,17,delay_sensitive,1.144,0.0,8.582,0.422,0.0,18,3,False,1.5,0.0
s-17-041,17,delay_sensitive,1.264,0.0,7.398,0.44,0.0,18,3,False,1.5,0.0
s-17-042,17,delay_sensitive,1.366,0.0,6.268,0.796,0.0,18,3,False,1.5,0.0
s-17-043,17,delay_sensitive,1.261,0.0,5.603,0.485,0.0,18,3,False,1.5,0.0
s-17-044,17,delay_sensitive,0.947,0.0,6.303,0.637,0.0,18,3,False,1.5,0.0
s-17-045,17,delay_sensitive,1.051,0.0,9.721,0.517,0.0,18,3,False,1.5,0.0
s-17-046,17,delay_sensitive,1.109,0.0,8.956,0.491,0.0,18,3,False,1.5,0.0
s-17-047,17,delay_sensitive,1.028,0.0,9.496,0.4,0.0,18,3,False,1.5,0.0
s-17-048,17,delay_sensitive,1.329,0.0,5.593,0.69,0.0,18,3,False,1.5,0.0
s-17-049,17,delay_sensitive,1.134,0.0,9.887,0.955,0.0,18,3,False,1.5,0.0
s-17-050,17,delay_sensitive,0.94,0.0,6.758,0.94,0.0,18,3,False,1.5,0.0
s-17-051,17,delay_sensitive,1.39,0.0,9.104,0.973,0.0,18,3,False,1.5,0.0
s-17-052,17,delay_sensitive,1.179,0.0,9.335,0.889,0.0,18,3,False,1.5,0.0
s-17-053,17,delay_sensitive,1.232,0.0,7.16,0.801,0.0,18,3,False,1.5,0.0
s-17-054,17,delay_sensitive,1.195,0.0,8.096,0.884,0.0,18,3,False,1.5,0.0
s-17-055,17,delay_sensitive,1.023,0.0,8.89,0.66,0.0,18,3,False,1.5,0.0
s-17-056,17,delay_sensitive,1.37,0.0,5.803,0.984,0.0,18,3,False,1.5,0.0
s-17-057,17,delay_sensitive,0.926,0.0,7.55,0.881,0.0,18,3,False,1.5,0.0
s-17-058,17,delay_sensitive,1.312,0.0,7.33,0.907,0.0,18,3,False,1.5,0.0
s-17-059,17,delay_sensitive,1.378,0.0,6.786,0.492,0.0,18,3,False,1.5,0.0
s-17-060,17,delay_sensitive,1.171,0.0,6.178,0.846,0.0,18,3,False,1.5,0.0
s-17-061,17,delay_sensitive,1.066,0.0,4.487,0.497,0.0,18,3,False,1.5,0.0
s-17-062,17,delay_sensitive,1.364,0.0,4.398,0.588,0.0,18,3,False,1.5,0.0
s-17-063,17,delay_sensitive,1.118,0.0,8.89,0.492,0.0,18,3,False,1.5,0.0
s-17-064,17,delay_sensitive,0.915,0.0,9.626,0.471,0.0,18,3,False,1.5,0.0
s-17-065,17,delay_sensitive,1.34,0.0,6.951,0.975,0.0,18,3,False,1.5,0.0
s-17-066,17,delay_sensitive,1.103,0.0,9.097,0.572,0.0,18,3,False,1.5,0.0
s-17-067,17,delay_sensitive,0.982,0.0,4.955,0.596,0.0,18,3,False,1.5,0.0
s-17-068,17,delay_sensitive,0.941,0.0,4.493,0.878,0.0,18,3,False,1.5,0.0
s-17-069,17,delay_sensitive,1.17,0.0,6.956,0.455,0.0,18,3,True,1.5,0.18
s-17-070,17,delay_sensitive,1.304,0.0,7.888,0.995,0.0,18,3,False,1.5,0.0
s-17-071,17,delay_sensitive,0.989,0.0,4.801,0.99,0.0,18,3,True,1.5,0.18
s-17-072,17,delay_sensitive,1.243,0.0,8.961,0.614,0.0,18,3,False,1.5,0.0
s-17-073,17,delay_sensitive,0.92,0.0,9.357,0.598,0.0,18,3,False,1.5,0.0
s-17-074,17,delay_sensitive,1.191,0.0,9.929,0.769,0.0,18,3,False,1.5,0.0
s-17-075,17,delay_sensitive,0.996,0.0,5.02,0.635,0.0,18,3,False,1.5,0.0
s-17-076,17,delay_sensitive,0.954,0.0,7.56,0.769,0.0,18,3,False,1.5,0.0
s-17-077,17,delay_sensitive,1.316,0.0,5.707,0.439,0.0,18,3,False,1.5,0.0
s-17-078,17,delay_sensitive,1.03,0.0,7.861,0.82,0.0,18,3,False,1.5,0.0
s-17-079,17,delay_sensitive,1.203,0.0,8.134,0.419,0.0,18,3,False,1.5,0.0
s-17-080,17,delay_sensitive,1.233,0.0,8.169,0.886,0.0,18,3,False,1.5,0.0
s-17-081,17,delay_sensitive,1.154,0.0,5.762,0.823,0.0,18,3,False,1.5,0.0
s-17-082,17,delay_sensitive,1.303,0.0,5.411,0.991,0.0,18,3,False,1.5,0.0
s-17-083,17,delay_sensitive,1.063,0.0,5.444,0.489,0.0,18,3,False,1.5,0.0
s-17-084,17,delay_sensitive,0.94,0.0,7.526,0.471,0.0,18,3,False,1.5,0.0
s-17-085,17,delay_sensitive,1.124,0.0,4.896,0.444,0.0,18,3,False,1.5,0.0
s-17-086,17,delay_sensitive,1.244,0.0,7.476,0.831,0.0,18,3,False,1.5,0.0
s-17-087,17,delay_sensitive,0.961,0.0,7.866,0.966,0.0,18,3,False,1.5,0.0
s-17-088,17,delay_sensitive,1.194,0.0,9.625,0.526,0.0,18,3,False,1.5,0.0
s-17-089,17,delay_sensitive,0.917,0.0,4.939,0.515,0.0,18,3,False,1.5,0.0
s-17-090,17,delay_sensitive,0.916,0.0,9.118,0.551,0.0,18,3,False,1.5,0.0
s-17-091,17,delay_sensitive,1.149,0.0,7.95,0.638,0.0,18,3,False,1.5,0.0
s-17-092,17,delay_sensitive,1.062,0.0,4.797,0.596,0.0,18,3,False,1.5,0.0
s-17-093,17,delay_sensitive,1.111,0.0,5.889,0.949,0.0,18,3,False,1.5,0.0
s-17-094,17,delay_sensitive,1.25,0.0,4.045,0.87,0.0,18,3,False,1.5,0.0
s-17-095,17,delay_sensitive,1.108,0.0,6.921,0.993,0.0,18,3,False,1.5,0.0
s-17-096,17,delay_sensitive,1.342,0.0,5.44,0.762,0.0,18,3,False,1.5,0.0
s-17-097,17,delay_sensitive,1.354,0.0,8.325,0.651,0.0,18,3,False,1.5,0.0
s-17-098,17,delay_sensitive,1.216,0.0,8.268,0.88,0.0,18,3,False,1.5,0.0
s-17-099,17,delay_sensitive,0.901,0.0,6.897,0.895,0.0,18,3,False,1.5,0.0
s-17-100,17,delay_sensitive,1.006,0.0,5.995,0.795,0.0,18,3,False,1.5,0.0
s-17-101,17,delay_sensitive,1.152,0.0,7.185,0.934,0.0,18,3,False,1.5,0.0
s-17-102,17,delay_sensitive,1.206,0.0,7.673,0.661,0.0,18,3,False,1.5,0.0
s-17-103,17,delay_sensitive,1.3,0.0,6.73,0.831,0.0,18,3,False,1.5,0.0
s-17-104,17,delay_sensitive,1.169,0.0,8.535,0.427,0.0,18,3,False,1.5,0.0
s-17-105,17,delay_sensitive,1.104,0.0,7.762,0.875,0.0,18,3,False,1.5,0.0
s-17-106,17,delay_sensitive,1.339,0.0,9.574,0.948,0.0,18,3,False,1.5,0.0
s-17-107,17,delay_sensitive,1.015,0.0,5.891,0.755,0.0,18,3,False,1.5,0.0
s-17-108,17,delay_sensitive,1.05,0.0,7.912,0.423,0.0,18,3,False,1.5,0.0
s-17-109,17,delay_sensitive,1.352,0.0,5.525,0.559,0.0,18,3,False,1.5,0.0
s-17-110,17,delay_sensitive,0.92,0.0,9.712,0.67,0.0,18,3,False,1.5,0.0
s-17-111,17,delay_sensitive,1.115,0.0,9.752,0.881,0.0,18,3,False,1.5,0.0
s-17-112,17,delay_sensitive,1.307,0.0,7.279,0.65,0.0,18,3,False,1.5,0.0
s-17-113,17,delay_sensitive,1.376,0.0,8.768,0.784,0.0,18,3,False,1.5,0.0
s-17-114,17,delay_sensitive,1.2,0.0,4.307,0.993,0.0,18,3,False,1.5,0.0
s-17-115,17,delay_sensitive,1.231,0.0,5.725,0.47,0.0,18,3,False,1.5,0.0
s-17-116,17,delay_sensitive,1.395,0.0,7.365,0.597,0.0,18,3,False,1.5,0.0
s-17-117,17,delay_sensitive,1.0,0.0,8.111,0.448,0.0,18,3,False,1.5,0.0
s-17-118,17,delay_sensitive,1.373,0.0,4.124,0.478,0.0,18,3,False,1.5,0.0
s-17-119,17,delay_sensitive,1.029,0.0,7.945,0.803,0.0,18,3,False,1.5,0.0
s-17-120,17,delay_sensitive,1.353,0.0,5.225,0.498,0.0,18,3,False,1.5,0.0
s-17-121,17,delay_sensitive,1.366,0.0,5.857,0.725,0.0,18,3,False,1.5,0.0
s-17-122,17,delay_sensitive,0.934,0.0,9.897,0.924,0.0,18,3,False,1.5,0.0
s-17-123,17,delay_sensitive,0.902,0.0,5.437,0.867,0.0,18,3,False,1.5,0.0
s-17-124,17,delay_sensitive,1.372,0.0,9.791,0.468,0.0,18,3,False,1.5,0.0
s-17-125,17,delay_sensitive,0.961,0.0,8.596,0.868,0.0,18,3,False,1.5,0.0
s-17-126,17,delay_sensitive,0.961,0.0,8.008,0.567,0.0,18,3,False,1.5,0.0
s-17-127,17,delay_sensitive,1.295,0.0,6.119,0.633,0.0,18,3,False,1.5,0.0
s-17-128,17,delay_sensitive,1.372,0.0,8.352,0.947,0.0,18,3,False,1.5,0.0
s-17-129,17,delay_sensitive,1.385,0.0,8.599,0.995,0.0,18,3,False,1.5,0.0
s-17-130,17,delay_sensitive,1.071,0.0,7.133,0.814,0.0,18,3,False,1.5,0.0
s-17-131,17,delay_sensitive,1.396,0.0,8.544,0.611,0.0,18,3,False,1.5,0.0
s-17-132,17,delay_sensitive,1.095,0.0,8.541,0.462,0.0,18,3,False,1.5,0.0
s-17-133,17,delay_sensitive,1.306,0.0,5.274,0.514,0.0,18,3,False,1.5,0.0
s-17-134,17,delay_sensitive,1.287,0.0,8.486,0.44,0.0,18,3,False,1.5,0.0
s-17-135,17,delay_sensitive,1.013,0.0,7.942,0.948,0.0,18,3,False,1.5,0.0
s-17-136,17,delay_sensitive,1.285,0.0,6.324,0.786,0.0,18,3,False,1.5,0.0
s-17-137,17,delay_sensitive,0.921,0.0,6.717,0.402,0.0,18,3,False,1.5,0.0
s-17-138,17,delay_sensitive,1.394,0.0,9.604,0.789,0.0,18,3,False,1.5,0.0
s-17-139,17,delay_sensitive,1.319,0.0,9.818,0.917,0.0,18,3,False,1.5,0.0
s-17-140,17,delay_sensitive,1.322,0.0,7.568,0.737,0.0,18,3,False,1.5,0.0
s-17-141,17,delay_sensitive,0.968,0.0,6.966,0.998,0.0,18,3,False,1.5,0.0
s-17-142,17,delay_sensitive,1.07,0.0,7.75,0.419,0.0,18,3,False,1.5,0.0
s-17-143,17,delay_sensitive,1.059,0.0,5.872,0.893,0.0,18,3,False,1.5,0.0
s-17-144,17,delay_sensitive,1.329,0.0,4.329,0.58,0.0,18,3,False,1.5,0.0
s-17-145,17,delay_sensitive,0.968,0.0,5.55,0.628,0.0,18,3,False,1.5,0.0
t-17-000,17,delay_tolerant,1.14,0.0,8.888,0.885,250.963,19,2,True,0.9,0.06
t-17-001,17,delay_tolerant,0.92,0.0,3.136,0.889,237.991,20,2,True,0.9,0.06
t-17-002,17,delay_tolerant,0.855,0.0,6.15,0.66,156.044,21,2,True,0.9,0.06
t-17-003,17,delay_tolerant,0.906,0.0,5.003,0.833,185.743,19,2,True,0.9,0.06
t-17-004,17,delay_tolerant,0.832,0.0,3.294,0.487,393.828,19,2,True,0.9,0.06
t-17-005,17,delay_tolerant,0.832,0.0,7.277,0.861,433.308,21,2,False,0.9,0.0
t-17-006,17,delay_tolerant,1.021,0.0,4.785,0.837,390.829,21,2,True,0.9,0.06
t-17-007,17,delay_tolerant,1.151,0.0,3.558,0.5,386.794,19,2,True,0.9,0.06
t-17-008,17,delay_tolerant,1.18,0.0,6.53,0.364,291.712,19,2,True,0.9,0.06
t-17-009,17,delay_tolerant,0.962,0.0,3.641,0.395,458.277,20,2,False,0.9,0.0
t-17-010,17,delay_tolerant,0.867,0.0,6.891,0.641,432.009,19,2,True,0.9,0.06
t-17-011,17,delay_tolerant,0.988,0.0,7.372,0.376,385.63,21,2,False,0.9,0.0
t-17-012,17,delay_tolerant,1.196,0.0,3.032,0.614,218.393,21,2,True,0.9,0.06
t-17-013,17,delay_tolerant,0.875,0.0,6.285,0.336,195.963,21,2,False,0.9,0.0
t-17-014,17,delay_tolerant,1.13,0.0,4.756,0.382,470.54,21,2,True,0.9,0.06
t-17-015,17,delay_tolerant,0.915,0.0,4.494,0.814,164.874,20,2,False,0.9,0.0
t-17-016,17,delay_tolerant,1.042,0.0,3.009,0.369,332.665,20,2,True,0.9,0.06
t-17-017,17,delay_tolerant,0.851,0.0,4.106,0.684,163.192,21,2,True,0.9,0.06
t-17-018,17,delay_tolerant,1.084,0.0,4.385,0.45,136.763,21,2,True,0.9,0.06
t-17-019,17,delay_tolerant,0.853,0.0,4.309,0.876,326.847,19,2,False,0.9,0.0
t-17-020,17,delay_tolerant,0.844,0.0,7.177,0.548,242.889,21,2,True,0.9,0.06
t-17-021,17,delay_tolerant,1.09,0.0,7.714,0.821,237.04,20,2,True,0.9,0.06
t-17-022,17,delay_tolerant,1.008,0.0,4.65,0.698,428.792,20,2,True,0.9,0.06
t-17-023,17,delay_tolerant,0.941,0.0,8.22,0.815,358.429,19,2,True,0.9,0.06
t-17-024,17,delay_tolerant,0.91,0.0,3.294,0.302,286.89,20,2,True,0.9,0.06
t-17-025,17,delay_tolerant,1.133,0.0,7.49,0.615,193.382,19,2,False,0.9,0.0
t-17-026,17,delay_tolerant,0.856,0.0,4.676,0.556,124.956,19,2,False,0.9,0.0
t-17-027,17,delay_tolerant,0.982,0.0,4.819,0.435,192.333,21,2,True,0.9,0.06
t-17-028,17,delay_tolerant,1.185,0.0,4.618,0.588,277.727,20,2,False,0.9,0.0
t-17-029,17,delay_tolerant,0.894,0.0,5.915,0.431,461.466,19,2,True,0.9,0.06
t-17-030,17,delay_tolerant,0.858,0.0,4.606,0.523,211.732,21,2,False,0.9,0.0
t-17-031,17,delay_tolerant,1.063,0.0,7.797,0.748,127.308,19,2,True,0.9,0.06
t-17-032,17,delay_tolerant,0.843,0.0,8.393,0.451,207.946,21,2,False,0.9,0.0
t-17-033,17,delay_tolerant,1.142,0.0,6.446,0.855,451.858,21,2,False,0.9,0.0
t-17-034,17,delay_tolerant,1.011,0.0,3.895,0.312,396.658,21,2,True,0.9,0.06
t-17-035,17,delay_tolerant,0.937,0.0,5.886,0.412,383.743,21,2,True,0.9,0.06
t-17-036,17,delay_tolerant,0.9,0.0,7.828,0.652,346.385,21,2,False,0.9,0.0
t-17-037,17,delay_tolerant,1.041,0.0,6.384,0.358,289.868,21,2,False,0.9,0.0
t-17-038,17,delay_tolerant,0.93,0.0,8.147,0.514,393.214,19,2,False,0.9,0.0
t-17-039,17,delay_tolerant,0.891,0.0,8.745,0.31,147.457,21,2,True,0.9,0.06
t-17-040,17,delay_tolerant,0.893,0.0,8.199,0.423,268.45,21,2,False,0.9,0.0
t-17-041,17,delay_tolerant,1.072,0.0,8.856,0.565,168.86,21,2,True,0.9,0.06
t-17-042,17,delay_tolerant,0.948,0.0,3.22,0.307,331.5,21,2,True,0.9,0.06
t-17-043,17,delay_tolerant,1.057,0.0,8.339,0.836,153.654,19,2,False,0.9,0.0
t-17-044,17,delay_tolerant,0.837,0.0,4.502,0.659,388.71,19,2,True,0.9,0.06
t-17-045,17,delay_tolerant,1.076,0.0,6.246,0.694,370.513,19,2,True,0.9,0.06
t-17-046,17,delay_tolerant,0.996,0.0,8.954,0.777,439.489,19,2,False,0.9,0.0
t-17-047,17,delay_tolerant,1.033,0.0,8.549,0.467,273.758,19,2,True,0.9,0.06
t-17-048,17,delay_tolerant,1.101,0.0,6.338,0.399,386.004,20,2,False,0.9,0.0
t-17-049,17,delay_tolerant,1.067,0.0,4.155,0.793,204.319,21,2,True,0.9,0.06
t-17-050,17,delay_tolerant,0.878,0.0,4.254,0.38,285.908,19,2,False,0.9,0.0
t-17-051,17,delay_tolerant,1.047,0.0,3.189,0.735,380.662,21,2,True,0.9,0.06
t-17-052,17,delay_tolerant,1.152,0.0,4.798,0.712,175.415,20,2,False,0.9,0.0
t-17-053,17,delay_tolerant,0.864,0.0,5.269,0.403,132.647,19,2,False,0.9,0.0
t-17-054,17,delay_tolerant,1.157,0.0,3.651,0.759,196.243,19,2,False,0.9,0.0
t-17-055,17,delay_tolerant,0.974,0.0,7.198,0.4,376.931,19,2,True,0.9,0.06
t-17-056,17,delay_tolerant,1.071,0.0,8.7,0.859,443.631,21,2,True,0.9,0.06
t-17-057,17,delay_tolerant,1.155,0.0,3.944,0.898,311.825,21,2,False,0.9,0.0
t-17-058,17,delay_tolerant,0.98,0.0,4.033,0.802,280.227,21,2,True,0.9,0.06
t-17-059,17,delay_tolerant,0.886,0.0,7.4,0.763,127.21,20,2,True,0.9,0.06
t-17-060,17,delay_tolerant,1.109,0.0,5.789,0.355,329.305,20,2,True,0.9,0.06
t-17-061,17,delay_tolerant,0.822,0.0,7.422,0.62,428.583,21,2,True,0.9,0.06
t-17-062,17,delay_tolerant,1.164,0.0,6.484,0.743,168.679,21,2,True,0.9,0.06
t-17-063,17,delay_tolerant,1.15,0.0,7.794,0.444,138.273,21,2,True,0.9,0.06
t-17-064,17,delay_tolerant,0.83,0.0,6.234,0.35,309.027,21,2,True,0.9,0.06
t-17-065,17,delay_tolerant,0.933,0.0,3.817,0.407,273.979,19,2,True,0.9,0.06
t-17-066,17,delay_tolerant,1.116,0.0,7.193,0.354,173.216,19,2,True,0.9,0.06
t-17-067,17,delay_tolerant,1.088,0.0,6.28,0.743,235.863,20,2,True,0.9,0.06
t-17-068,17,delay_tolerant,1.197,0.0,5.026,0.32,124.151,19,2,False,0.9,0.0
t-17-069,17,delay_tolerant,1.076,0.0,8.177,0.734,150.108,19,2,False,0.9,0.0
t-17-070,17,delay_tolerant,1.123,0.0,6.515,0.35,188.552,19,2,False,0.9,0.0
t-17-071,17,delay_tolerant,1.158,0.0,6.885,0.334,347.105,19,2,True,0.9,0.06
t-17-072,17,delay_tolerant,0.86,0.0,5.12,0.527,161.457,21,2,True,0.9,0.06
t-17-073,17,delay_tolerant,1.101,0.0,4.565,0.351,412.596,21,2,False,0.9,0.0
t-17-074,17,delay_tolerant,1.016,0.0,4.723,0.613,396.475,21,2,False,0.9,0.0
t-17-075,17,delay_tolerant,1.105,0.0,6.008,0.773,233.081,19,2,True,0.9,0.06
t-17-076,17,delay_tolerant,0.974,0.0,3.158,0.66,121.006,20,2,True,0.9,0.06
t-17-077,17,delay_tolerant,0.951,0.0,6.82,0.353,380.604,20,2,False,0.9,0.0
t-17-078,17,delay_tolerant,0.962,0.0,6.378,0.441,173.738,20,2,True,0.9,0.06
t-17-079,17,delay_tolerant,1.196,0.0,5.217,0.329,231.645,20,2,True,0.9,0.06
t-17-080,17,delay_tolerant,0.95,0.0,3.251,0.729,345.006,19,2,False,0.9,0.0
t-17-081,17,delay_tolerant,0.896,0.0,6.613,0.669,285.609,19,2,True,0.9,0.06
g-17-000,17,token_batch,0.599,1.263,15.786,1.372,4421.0,21,1,True,0.95,0.06
g-17-001,17,token_batch,0.25,0.836,16.02,1.357,1956.0,23,1,True,0.95,0.06
g-17-002,17,token_batch,0.534,0.875,13.558,1.118,2235.0,22,1,True,0.95,0.06
g-17-003,17,token_batch,0.45,0.955,16.569,0.906,2271.0,19,1,True,0.95,0.06
g-17-004,17,token_batch,0.552,0.949,9.939,1.231,3241.0,22,1,True,0.95,0.06
g-17-005,17,token_batch,0.459,1.04,10.422,1.204,3364.0,20,1,True,0.95,0.06
g-17-006,17,token_batch,0.36,1.207,15.26,1.113,4053.0,20,1,True,0.95,0.06
g-17-007,17,token_batch,0.319,0.812,16.794,1.254,2869.0,21,1,True,0.95,0.06
g-17-008,17,token_batch,0.489,1.307,12.309,0.862,2708.0,20,1,True,0.95,0.06
g-17-009,17,token_batch,0.385,0.824,11.902,1.367,1536.0,21,1,True,0.95,0.06
g-17-010,17,token_batch,0.342,1.25,15.577,1.32,1841.0,22,1,True,0.95,0.06
g-17-011,17,token_batch,0.361,0.937,14.758,1.004,1964.0,19,1,True,0.95,0.06
g-17-012,17,token_batch,0.277,1.319,15.292,1.201,2403.0,20,1,True,0.95,0.06
g-17-013,17,token_batch,0.323,1.275,16.631,1.108,2745.0,22,1,True,0.95,0.06
g-17-014,17,token_batch,0.567,0.813,10.259,0.865,3269.0,23,1,True,0.95,0.06
g-17-015,17,token_batch,0.479,1.111,16.304,0.965,3477.0,20,1,True,0.95,0.06
g-17-016,17,token_batch,0.444,1.218,14.737,1.004,3107.0,20,1,True,0.95,0.06
g-17-017,17,token_batch,0.456,1.396,10.914,0.923,4013.0,21,1,True,0.95,0.06
g-17-018,17,token_batch,0.588,1.294,9.943,1.116,2055.0,20,1,True,0.95,0.06
g-17-019,17,token_batch,0.553,0.873,15.285,1.284,2490.0,23,1,True,0.95,0.06
g-17-020,17,token_batch,0.238,1.16,13.262,1.233,1568.0,19,1,True,0.95,0.06
g-17-021,17,token_batch,0.219,1.385,10.411,0.855,3429.0,19,1,True,0.95,0.06
g-17-022,17,token_batch,0.287,1.043,11.23,0.935,3217.0,20,1,True,0.95,0.06
g-17-023,17,token_batch,0.214,0.846,8.839,1.25,4701.0,22,1,True,0.95,0.06
g-17-024,17,token_batch,0.503,0.996,11.893,1.077,3234.0,23,1,True,0.95,0.06
g-17-025,17,token_batch,0.363,1.132,16.64,1.335,4715.0,23,1,True,0.95,0.06
g-17-026,17,token_batch,0.283,0.816,16.107,1.152,1957.0,19,1,True,0.95,0.06
g-17-027,17,token_batch,0.366,1.13,16.376,1.114,4389.0,21,1,True,0.95,0.06
g-17-028,17,token_batch,0.475,1.0,14.368,1.098,2201.0,19,1,True,0.95,0.06
g-17-029,17,token_batch,0.592,0.872,15.248,1.049,4571.0,21,1,True,0.95,0.06
g-17-030,17,token_batch,0.472,1.035,14.097,1.007,3743.0,19,1,True,0.95,0.06
g-17-031,17,token_batch,0.324,0.843,9.232,1.116,1512.0,19,1,True,0.95,0.06
g-17-032,17,token_batch,0.244,0.975,10.313,1.118,2374.0,23,1,True,0.95,0.06
g-17-033,17,token_batch,0.211,0.884,17.969,0.917,4632.0,21,1,True,0.95,0.06
g-17-034,17,token_batch,0.443,1.104,8.735,1.071,2083.0,20,1,True,0.95,0.06
g-17-035,17,token_batch,0.367,0.855,17.338,1.217,2583.0,21,1,True,0.95,0.06
g-17-036,17,token_batch,0.408,1.044,15.471,1.298,1732.0,21,1,True,0.95,0.06
g-17-037,17,token_batch,0.517,0.943,17.356,1.057,4386.0,19,1,True,0.95,0.06
g-17-038,17,token_batch,0.477,0.87,9.288,1.268,3327.0,19,1,True,0.95,0.06
g-17-039,17,token_batch,0.578,1.325,8.554,1.331,1372.0,19,1,True,0.95,0.06
g-17-040,17,token_batch,0.359,1.164,16.182,1.258,2799.0,21,1,True,0.95,0.06
g-17-041,17,token_batch,0.474,0.844,17.403,0.928,1830.0,22,1,True,0.95,0.06
g-17-042,17,token_batch,0.287,1.338,11.558,1.29,4344.0,20,1,True,0.95,0.06
g-17-043,17,token_batch,0.273,1.143,12.854,1.308,3453.0,23,1,True,0.95,0.06
g-17-044,17,token_batch,0.425,1.341,14.212,1.39,4325.0,22,1,True,0.95,0.06
g-17-045,17,token_batch,0.5,0.824,10.421,1.338,2389.0,21,1,True,0.95,0.06
g-17-046,17,token_batch,0.411,1.068,9.941,0.979,4451.0,19,1,True,0.95,0.06
g-17-047,17,token_batch,0.467,1.13,16.937,0.882,4734.0,22,1,True,0.95,0.06
g-17-048,17,token_batch,0.293,1.025,15.239,0.832,2068.0,19,1,True,0.95,0.06
g-17-049,17,token_batch,0.476,0.811,16.223,1.104,3049.0,21,1,True,0.95,0.06
g-17-050,17,token_batch,0.483,1.282,10.858,0.909,3579.0,23,1,True,0.95,0.06
g-17-051,17,token_batch,0.598,1.395,13.829,0.899,4127.0,19,1,True,0.95,0.06
g-17-052,17,token_batch,0.429,1.366,12.207,1.175,4092.0,23,1,True,0.95,0.06
g-17-053,17,token_batch,0.512,0.978,13.527,1.163,4761.0,22,1,True,0.95,0.06
g-17-054,17,token_batch,0.492,1.207,17.812,1.074,4255.0,23,1,True,0.95,0.06
g-17-055,17,token_batch,0.258,1.27,13.793,1.182,2410.0,23,1,True,0.95,0.06
g-17-056,17,token_batch,0.259,1.139,10.944,1.263,2216.0,23,1,True,0.95,0.06
g-17-057,17,token_batch,0.448,1.385,9.945,0.905,3532.0,21,1,True,0.95,0.06
g-17-058,17,token_batch,0.274,1.268,16.194,0.977,1643.0,20,1,True,0.95,0.06
g-17-059,17,token_batch,0.588,1.043,13.598,1.363,4379.0,20,1,True,0.95,0.06
g-17-060,17,token_batch,0.48,1.394,12.73,1.039,3748.0,22,1,True,0.95,0.06
g-17-061,17,token_batch,0.506,1.383,8.305,1.065,3072.0,19,1,True,0.95,0.06
g-17-062,17,token_batch,0.425,1.397,10.281,1.164,2467.0,20,1,True,0.95,0.06
g-17-063,17,token_batch,0.465,1.345,14.502,1.339,3944.0,21,1,True,0.95,0.06
s-18-000,18,delay_sensitive,1.229,0.0,7.367,0.41,0.0,19,3,False,1.5,0.0
s-18-001,18,delay_sensitive,1.042,0.0,4.018,0.607,0.0,19,3,False,1.5,0.0
s-18-002,18,delay_sensitive,1.232,0.0,9.89,0.941,0.0,19,3,False,1.5,0.0
s-18-003,18,delay_sensitive,1.117,0.0,4.18,0.883,0.0,19,3,False,1.5,0.0
s-18-004,18,delay_sensitive,1.103,0.0,8.579,0.727,0.0,19,3,False,1.5,0.0
s-18-005,18,delay_sensitive,1.23,0.0,4.561,0.73,0.0,19,3,False,1.5,0.0
s-18-006,18,delay_sensitive,1.072,0.0,7.782,0.954,0.0,19,3,False,1.5,0.0
s-18-007,18,delay_sensitive,1.181,0.0,8.852,0.459,0.0,19,3,False,1.5,0.0
s-18-008,18,delay_sensitive,1.341,0.0,8.599,0.884,0.0,19,3,False,1.5,0.0
s-18-009,18,delay_sensitive,1.068,0.0,9.543,0.472,0.0,19,3,False,1.5,0.0
s-18-010,18,delay_sensitive,1.289,0.0,6.392,0.489,0.0,19,3,False,1.5,0.0
s-18-011,18,delay_sensitive,1.287,0.0,9.099,0.563,0.0,19,3,False,1.5,0.0
s-18-012,18,delay_sensitive,1.327,0.0,8.995,0.499,0.0,19,3,False,1.5,0.0
s-18-013,18,delay_sensitive,0.9,0.0,8.006,0.708,0.0,19,3,False,1.5,0.0
s-18-014,18,delay_sensitive,1.354,0.0,6.336,0.999,0.0,19,3,False,1.5,0.0
s-18-015,18,delay_sensitive,1.39,0.0,6.323,0.521,0.0,19,3,False,1.5,0.0
s-18-016,18,delay_sensitive,0.997,0.0,7.671,0.894,0.0,19,3,False,1.5,0.0
s-18-017,18,delay_sensitive,0.913,0.0,9.672,0.625,0.0,19,3,False,1.5,0.0
s-18-018,18,delay_sensitive,1.224,0.0,4.481,0.778,0.0,19,3,False,1.5,0.0
s-18-019,18,delay_sensitive,1.269,0.0,4.326,0.645,0.0,19,3,False,1.5,0.0
s-18-020,18,delay_sensitive,1.215,0.0,5.175,0.749,0.0,19,3,False,1.5,0.0
s-18-021,18,delay_sensitive,1.106,0.0,4.862,0.838,0.0,19,3,False,1.5,0.0
s-18-022,18,delay_sensitive,1.04,0.0,4.101,0.697,0.0,19,3,False,1.5,0.0
s-18-023,18,delay_sensitive,1.041,0.0,4.974,0.829,0.0,19,3,False,1.5,0.0
s-18-024,18,delay_sensitive,0.97,0.0,6.419,0.918,0.0,19,3,False,1.5,0.0
s-18-025,18,delay_sensitive,1.198,0.0,6.067,0.733,0.0,19,3,False,1.5,0.0
s-18-026,18,delay_sensitive,1.336,0.0,8.35,0.896,0.0,19,3,False,1.5,0.0
s-18-027,18,delay_sensitive,1.362,0.0,9.892,0.739,0.0,19,3,False,1.5,0.0
s-18-028,18,delay_sensitive,0.933,0.0,8.666,0.414,0.0,19,3,False,1.5,0.0
s-18-029,18,delay_sensitive,1.237,0.0,5.577,0.982,0.0,19,3,False,1.5,0.0
s-18-030,18,delay_sensitive,1.127,0.0,4.535,0.48,0.0,19,3,False,1.5,0.0
s-18-031,18,delay_sensitive,1.079,0.0,9.584,0.522,0.0,19,3,False,1.5,0.0
s-18-032,18,delay_sensitive,1.101,0.0,6.803,0.956,0.0,19,3,False,1.5,0.0
s-18-033,18,delay_sensitive,1.002,0.0,9.977,0.945,0.0,19,3,False,1.5,0.0
s-18-034,18,delay_sensitive,0.939,0.0,4.98,0.628,0.0,19,3,False,1.5,0.0
s-18-035,18,delay_sensitive,1.111,0.0,8.951,0.988,0.0,19,3,False,1.5,0.0
s-18-036,18,delay_sensitive,1.134,0.0,7.277,0.986,0.0,19,3,False,1.5,0.0
s-18-037,18,delay_sensitive,0.995,0.0,6.685,0.935,0.0,19,3,False,1.5,0.0
s-18-038,18,delay_sensitive,1.054,0.0,7.555,0.836,0.0,19,3,False,1.5,0.0
s-18-039,18,delay_sensitive,1.189,0.0,4.287,0.918,0.0,19,3,False,1.5,0.0
s-18-040,18,delay_sensitive,0.922,0.0,8.905,0.659,0.0,19,3,False,1.5,0.0
s-18-041,18,delay_sensitive,0.926,0.0,6.71,0.809,0.0,19,3,False,1.5,0.0
s-18-042,18,delay_sensitive,1.099,0.0,7.205,0.957,0.0,19,3,False,1.5,0.0
s-18-043,18,delay_sensitive,1.27,0.0,6.998,0.708,0.0,19,3,False,1.5,0.0
s-18-044,18,delay_sensitive,0.938,0.0,9.004,0.783,0.0,19,3,False,1.5,0.0
s-18-045,18,delay_sensitive,1.347,0.0,7.534,0.896,0.0,19,3,False,1.5,0.0
s-18-046,18,delay_sensitive,0.997,0.0,7.117,0.984,0.0,19,3,False,1.5,0.0
s-18-047,18,delay_sensitive,1.173,0.0,8.407,0.695,0.0,19,3,False,1.5,0.0
s-18-048,18,delay_sensitive,1.203,0.0,5.403,0.656,0.0,19,3,False,1.5,0.0
s-18-049,18,delay_sensitive,1.337,0.0,7.236,0.926,0.0,19,3,False,1.5,0.0
s-18-050,18,delay_sensitive,0.989,0.0,8.089,0.591,0.0,19,3,False,1.5,0.0
s-18-051,18,delay_sensitive,1.014,0.0,8.502,0.976,0.0,19,3,True,1.5,0.18
s-18-052,18,delay_sensitive,1.293,0.0,7.532,0.832,0.0,19,3,True,1.5,0.18
s-18-053,18,delay_sensitive,1.24,0.0,9.967,0.672,0.0,19,3,False,1.5,0.0
s-18-054,18,delay_sensitive,1.101,0.0,9.629,0.542,0.0,19,3,False,1.5,0.0
s-18-055,18,delay_sensitive,1.29,0.0,4.879,0.875,0.0,19,3,False,1.5,0.0
s-18-056,18,delay_sensitive,0.901,0.0,7.244,0.451,0.0,19,3,False,1.5,0.0
s-18-057,18,delay_sensitive,0.99,0.0,7.775,0.597,0.0,19,3,False,1.5,0.0
s-18-058,18,delay_sensitive,1.396,0.0,8.072,0.796,0.0,19,3,False,1.5,0.0
s-18-059,18,delay_sensitive,1.068,0.0,9.933,0.962,0.0,19,3,True,1.5,0.18
s-18-060,18,delay_sensitive,1.102,0.0,4.902,0.444,0.0,19,3,False,1.5,0.0
s-18-061,18,delay_sensitive,1.369,0.0,4.437,0.742,0.0,19,3,False,1.5,0.0
s-18-062,18,delay_sensitive,1.099,0.0,6.74,0.757,0.0,19,3,False,1.5,0.0
s-18-063,18,delay_sensitive,1.195,0.0,8.635,0.561,0.0,19,3,False,1.5,0.0
s-18-064,18,delay_sensitive,1.204,0.0,5.733,0.728,0.0,19,3,False,1.5,0.0
s-18-065,18,delay_sensitive,0.979,0.0,9.353,0.423,0.0,19,3,True,1.5,0.18
s-18-066,18,delay_sensitive,0.917,0.0,7.631,0.838,0.0,19,3,False,1.5,0.0
s-18-067,18,delay_sensitive,1.171,0.0,9.85,0.759,0.0,19,3,False,1.5,0.0
s-18-068,18,delay_sensitive,1.154,0.0,5.751,0.478,0.0,19,3,False,1.5,0.0
s-18-069,18,delay_sensitive,1.069,0.0,8.413,0.707,0.0,19,3,False,1.5,0.0
s-18-070,18,delay_sensitive,1.224,0.0,5.701,0.671,0.0,19,3,False,1.5,0.0
s-18-071,18,delay_sensitive,1.129,0.0,8.862,0.948,0.0,19,3,False,1.5,0.0
s-18-072,18,delay_sensitive,1.121,0.0,6.142,0.507,0.0,19,3,False,1.5,0.0
s-18-073,18,delay_sensitive,1.101,0.0,6.343,0.518,0.0,19,3,False,1.5,0.0
s-18-074,18,delay_sensitive,1.228,0.0,4.157,0.769,0.0,19,3,False,1.5,0.0
s-18-075,18,delay_sensitive,1.29,0.0,9.781,0.438,0.0,19,3,False,1.5,0.0
s-18-076,18,delay_sensitive,1.387,0.0,6.969,0.719,0.0,19,3,False,1.5,0.0
s-18-077,18,delay_sensitive,0.975,0.0,7.742,0.949,0.0,19,3,False,1.5,0.0
s-18-078,18,delay_sensitive,1.259,0.0,4.923,0.9,0.0,19,3,False,1.5,0.0
s-18-079,18,delay_sensitive,1.188,0.0,6.963,0.85,0.0,19,3,False,1.5,0.0
s-18-080,18,delay_sensitive,1.166,0.0,8.089,0.4,0.0,19,3,False,1.5,0.0
s-18-081,18,delay_sensitive,1.241,0.0,8.754,0.621,0.0,19,3,False,1.5,0.0
s-18-082,18,delay_sensitive,1.342,0.0,7.981,0.921,0.0,19,3,False,1.5,0.0
s-18-083,18,delay_sensitive,1.095,0.0,8.366,0.599,0.0,19,3,False,1.5,0.0
s-18-084,18,delay_sensitive,0.919,0.0,8.038,0.501,0.0,19,3,False,1.5,0.0
s-18-085,18,delay_sensitive,0.988,0.0,8.479,0.911,0.0,19,3,False,1.5,0.0
s-18-086,18,delay_sensitive,0.991,0.0,7.142,0.676,0.0,19,3,False,1.5,0.0
s-18-087,18,delay_sensitive,0.97,0.0,8.959,0.767,0.0,19,3,False,1.5,0.0
s-18-088,18,delay_sensitive,1.023,0.0,9.71,0.81,0.0,19,3,False,1.5,0.0
s-18-089,18,delay_sensitive,1.323,0.0,8.737,0.898,0.0,19,3,False,1.5,0.0
s-18-090,18,delay_sensitive,1.37,0.0,7.277,0.941,0.0,19,3,False,1.5,0.0
s-18-091,18,delay_sensitive,0.952,0.0,6.429,0.556,0.0,19,3,False,1.5,0.0
s-18-092,18,delay_sensitive,1.358,0.0,5.12,0.857,0.0,19,3,False,1.5,0.0
s-18-093,18,delay_sensitive,1.366,0.0,5.067,0.967,0.0,19,3,False,1.5,0.0
s-18-094,18,delay_sensitive,1.384,0.0,5.031,0.968,0.0,19,3,False,1.5,0.0
s-18-095,18,delay_sensitive,1.247,0.0,6.06,0.765,0.0,19,3,False,1.5,0.0
s-18-096,18,delay_sensitive,0.951,0.0,9.163,0.964,0.0,19,3,False,1.5,0.0
s-18-097,18,delay_sensitive,1.255,0.0,6.215,0.415,0.0,19,3,False,1.5,0.0
s-18-098,18,delay_sensitive,1.159,0.0,9.738,0.97,0.0,19,3,False,1.5,0.0
s-18-099,18,delay_sensitive,0.908,0.0,5.923,0.693,0.0,19,3,False,1.5,0.0
s-18-100,18,delay_sensitive,1.312,0.0,5.345,0.516,0.0,19,3,False,1.5,0.0
s-18-101,18,delay_sensitive,0.96,0.0,8.053,0.707,0.0,19,3,False,1.5,0.0
s-18-102,18,delay_sensitive,1.363,0.0,4.679,0.689,0.0,19,3,False,1.5,0.0
s-18-103,18,delay_sensitive,0.923,0.0,7.129,0.823,0.0,19,3,False,1.5,0.0
s-18-104,18,delay_sensitive,1.035,0.0,4.226,0.903,0.0,19,3,False,1.5,0.0
s-18-105,18,delay_sensitive,1.054,0.0,5.951,0.672,0.0,19,3,False,1.5,0.0
s-18-106,18,delay_sensitive,1.064,0.0,4.643,0.837,0.0,19,3,False,1.5,0.0
s-18-107,18,delay_sensitive,1.343,0.0,8.905,0.686,0.0,19,3,False,1.5,0.0
s-18-108,18,delay_sensitive,1.162,0.0,5.429,0.656,0.0,19,3,False,1.5,0.0
s-18-109,18,delay_sensitive,0.923,0.0,9.759,0.559,0.0,19,3,False,1.5,0.0
s-18-110,18,delay_sensitive,1.249,0.0,7.86,0.465,0.0,19,3,False,1.5,0.0
s-18-111,18,delay_sensitive,1.296,0.0,4.211,0.612,0.0,19,3,False,1.5,0.0
s-18-112,18,delay_sensitive,1.208,0.0,9.688,0.473,0.0,19,3,False,1.5,0.0
s-18-113,18,delay_sensitive,1.136,0.0,4.361,0.84,0.0,19,3,False,1.5,0.0
s-18-114,18,delay_sensitive,1.139,0.0,5.63,0.478,0.0,19,3,False,1.5,0.0
s-18-115,18,delay_sensitive,1.163,0.0,9.139,0.609,0.0,19,3,False,1.5,0.0
s-18-116,18,delay_sensitive,0.968,0.0,5.985,0.885,0.0,19,3,False,1.5,0.0
s-18-117,18,delay_sensitive,1.114,0.0,4.35,0.595,0.0,19,3,False,1.5,0.0
s-18-118,18,delay_sensitive,1.153,0.0,8.754,0.67,0.0,19,3,False,1.5,0.0
s-18-119,18,delay_sensitive,1.049,0.0,5.006,0.696,0.0,19,3,False,1.5,0.0
s-18-120,18,delay_sensitive,1.069,0.0,8.445,0.802,0.0,19,3,False,1.5,0.0
s-18-121,18,delay_sensitive,1.07,0.0,7.53,0.979,0.0,19,3,False,1.5,0.0
s-18-122,18,delay_sensitive,1.059,0.0,8.276,0.768,0.0,19,3,False,1.5,0.0
s-18-123,18,delay_sensitive,0.964,0.0,9.748,0.946,0.0,19,3,False,1.5,0.0
s-18-124,18,delay_sensitive,1.306,0.0,6.569,0.599,0.0,19,3,False,1.5,0.0
s-18-125,18,delay_sensitive,1.326,0.0,9.295,0.426,0.0,19,3,False,1.5,0.0
s-18-126,18,delay_sensitive,1.086,0.0,5.377,0.788,0.0,19,3,False,1.5,0.0
s-18-127,18,delay_sensitive,1.379,0.0,4.787,0.926,0.0,19,3,False,1.5,0.0
s-18-128,18,delay_sensitive,1.314,0.0,8.796,0.921,0.0,19,3,False,1.5,0.0
s-18-129,18,delay_sensitive,0.903,0.0,6.04,0.42,0.0,19,3,False,1.5,0.0
s-18-130,18,delay_sensitive,1.217,0.0,7.333,0.509,0.0,19,3,False,1.5,0.0
s-18-131,18,delay_sensitive,1.052,0.0,9.107,0.715,0.0,19,3,False,1.5,0.0
s-18-132,18,delay_sensitive,1.193,0.0,9.971,0.694,0.0,19,3,False,1.5,0.0
s-18-133,18,delay_sensitive,1.325,0.0,9.943,0.533,0.0,19,3,False,1.5,0.0
s-18-134,18,delay_sensitive,1.219,0.0,6.646,0.97,0.0,19,3,False,1.5,0.0
s-18-135,18,delay_sensitive,0.975,0.0,4.038,0.62,0.0,19,3,False,1.5,0.0
s-18-136,18,delay_sensitive,1.269,0.0,5.006,0.621,0.0,19,3,False,1.5,0.0
s-18-137,18,delay_sensitive,1.379,0.0,7.155,0.883,0.0,19,3,False,1.5,0.0
s-18-138,18,delay_sensitive,1.172,0.0,8.898,0.842,0.0,19,3,False,1.5,0.0
s-18-139,18,delay_sensitive,0.931,0.0,5.201,0.486,0.0,19,3,False,1.5,0.0
s-18-140,18,delay_sensitive,0.904,0.0,5.829,0.456,0.0,19,3,False,1.5,0.0
s-18-141,18,delay_sensitive,0.904,0.0,4.539,0.547,0.0,19,3,False,1.5,0.0
s-18-142,18,delay_sensitive,0.98,0.0,8.305,0.678,0.0,19,3,False,1.5,0.0
s-18-143,18,delay_sensitive,0.983,0.0,6.83,0.711,0.0,19,3,True,1.5,0.18
s-18-144,18,delay_sensitive,1.128,0.0,8.722,0.94,0.0,19,3,False,1.5,0.0
s-18-145,18,delay_sensitive,1.06,0.0,8.481,0.618,0.0,19,3,False,1.5,0.0
s-18-146,18,delay_sensitive,1.142,0.0,6.273,0.918,0.0,19,3,False,1.5,0.0
s-18-147,18,delay_sensitive,1.063,0.0,7.712,0.707,0.0,19,3,False,1.5,0.0
s-18-148,18,delay_sensitive,1.235,0.0,6.721,0.94,0.0,19,3,False,1.5,0.0
s-18-149,18,delay_sensitive,1.265,0.0,6.355,0.73,0.0,19,3,False,1.5,0.0
s-18-150,18,delay_sensitive,1.12,0.0,4.726,0.681,0.0,19,3,False,1.5,0.0
s-18-151,18,delay_sensitive,1.244,0.0,5.19,0.872,0.0,19,3,False,1.5,0.0
s-18-152,18,delay_sensitive,1.363,0.0,7.932,0.98,0.0,19,3,False,1.5,0.0
s-18-153,18,delay_sensitive,1.363,0.0,5.955,0.504,0.0,19,3,False,1.5,0.0
s-18-154,18,delay_sensitive,1.183,0.0,7.689,0.845,0.0,19,3,False,1.5,0.0
s-18-155,18,delay_sensitive,1.378,0.0,8.397,0.88,0.0,19,3,False,1.5,0.0
s-18-156,18,delay_sensitive,1.193,0.0,7.842,0.542,0.0,19,3,False,1.5,0.0
s-18-157,18,delay_sensitive,1.018,0.0,4.999,0.792,0.0,19,3,False,1.5,0.0
t-18-000,18,delay_tolerant,1.116,0.0,8.134,0.624,235.273,22,2,False,0.9,0.0
t-18-001,18,delay_tolerant,0.849,0.0,7.349,0.578,387.718,21,2,True,0.9,0.06
t-18-002,18,delay_tolerant,1.123,0.0,4.739,0.865,325.576,21,2,True,0.9,0.06
t-18-003,18,delay_tolerant,1.031,0.0,8.718,0.599,377.577,21,2,False,0.9,0.0
t-18-004,18,delay_tolerant,0.979,0.0,7.949,0.816,277.967,20,2,True,0.9,0.06
t-18-005,18,delay_tolerant,0.976,0.0,3.973,0.499,360.019,20,2,True,0.9,0.06
t-18-006,18,delay_tolerant,1.011,0.0,5.986,0.368,296.518,22,2,True,0.9,0.06
t-18-007,18,delay_tolerant,1.18,0.0,8.675,0.611,167.041,21,2,True,0.9,0.06
t-18-008,18,delay_tolerant,1.101,0.0,3.591,0.776,262.967,20,2,False,0.9,0.0
t-18-009,18,delay_tolerant,1.019,0.0,4.04,0.83,215.512,22,2,False,0.9,0.0
t-18-010,18,delay_tolerant,1.124,0.0,7.116,0.579,301.246,22,2,True,0.9,0.06
t-18-011,18,delay_tolerant,1.073,0.0,7.16,0.733,436.266,22,2,True,0.9,0.06
t-18-012,18,delay_tolerant,0.874,0.0,6.825,0.537,141.917,22,2,True,0.9,0.06
t-18-013,18,delay_tolerant,0.911,0.0,4.813,0.854,352.346,20,2,True,0.9,0.06
t-18-014,18,delay_tolerant,1.03,0.0,3.657,0.34,420.666,22,2,False,0.9,0.0
t-18-015,18,delay_tolerant,1.149,0.0,6.423,0.857,153.685,20,2,False,0.9,0.0
t-18-016,18,delay_tolerant,0.867,0.0,8.561,0.865,389.74,20,2,False,0.9,0.0
t-18-017,18,delay_tolerant,0.921,0.0,5.868,0.692,384.572,22,2,True,0.9,0.06
t-18-018,18,delay_tolerant,1.129,0.0,8.47,0.646,477.184,20,2,True,0.9,0.06
t-18-019,18,delay_tolerant,1.037,0.0,3.558,0.88,172.266,20,2,True,0.9,0.06
t-18-020,18,delay_tolerant,1.093,0.0,3.693,0.394,432.023,20,2,False,0.9,0.0
t-18-021,18,delay_tolerant,0.964,0.0,7.516,0.384,161.46,22,2,False,0.9,0.0
t-18-022,18,delay_tolerant,0.846,0.0,5.295,0.363,448.783,22,2,False,0.9,0.0
t-18-023,18,delay_tolerant,1.089,0.0,5.679,0.734,358.218,20,2,True,0.9,0.06
t-18-024,18,delay_tolerant,1.173,0.0,4.188,0.674,382.685,22,2,False,0.9,0.0
t-18-025,18,delay_tolerant,0.877,0.0,5.282,0.425,124.827,20,2,True,0.9,0.06
t-18-026,18,delay_tolerant,1.151,0.0,7.868,0.766,157.307,20,2,True,0.9,0.06
t-18-027,18,delay_tolerant,0.836,0.0,3.136,0.635,262.122,21,2,True,0.9,0.06
t-18-028,18,delay_tolerant,0.935,0.0,3.052,0.699,473.514,22,2,True,0.9,0.06
t-18-029,18,delay_tolerant,0.95,0.0,3.103,0.794,189.715,20,2,True,0.9,0.06
t-18-030,18,delay_tolerant,0.94,0.0,5.283,0.775,411.767,21,2,False,0.9,0.0
t-18-031,18,delay_tolerant,1.122,0.0,4.288,0.7,334.633,22,2,False,0.9,0.0
t-18-032,18,delay_tolerant,1.033,0.0,7.941,0.766,202.391,20,2,False,0.9,0.0
t-18-033,18,delay_tolerant,0.91,0.0,5.543,0.515,237.59,21,2,True,0.9,0.06
t-18-034,18,delay_tolerant,1.105,0.0,3.782,0.808,213.369,21,2,True,0.9,0.06
t-18-035,18,delay_tolerant,1.111,0.0,3.154,0.894,454.867,20,2,False,0.9,0.0
t-18-036,18,delay_tolerant,1.046,0.0,5.876,0.635,220.055,21,2,True,0.9,0.06
t-18-037,18,delay_tolerant,0.825,0.0,7.313,0.878,275.24,20,2,True,0.9,0.06
t-18-038,18,delay_tolerant,0.891,0.0,3.759,0.469,354.034,22,2,True,0.9,0.06
t-18-039,18,delay_tolerant,0.904,0.0,8.184,0.797,366.402,20,2,True,0.9,0.06
t-18-040,18,delay_tolerant,1.08,0.0,8.199,0.319,141.113,22,2,True,0.9,0.06
t-18-041,18,delay_tolerant,1.163,0.0,5.433,0.598,449.114,20,2,True,0.9,0.06
t-18-042,18,delay_tolerant,0.969,0.0,7.721,0.674,253.52,22,2,True,0.9,0.06
t-18-043,18,delay_tolerant,1.199,0.0,5.232,0.555,182.094,22,2,False,0.9,0.0
t-18-044,18,delay_tolerant,1.137,0.0,3.821,0.786,286.229,20,2,True,0.9,0.06
t-18-045,18,delay_tolerant,1.022,0.0,7.615,0.778,305.106,20,2,True,0.9,0.06
t-18-046,18,delay_tolerant,1.122,0.0,7.42,0.548,202.746,20,2,True,0.9,0.06
t-18-047,18,delay_tolerant,1.105,0.0,3.54,0.397,305.861,21,2,True,0.9,0.06
t-18-048,18,delay_tolerant,0.839,0.0,7.361,0.52,158.665,22,2,True,0.9,0.06
t-18-049,18,delay_tolerant,1.088,0.0,8.845,0.723,286.844,22,2,True,0.9,0.06
t-18-050,18,delay_tolerant,0.963,0.0,3.61,0.332,376.544,20,2,True,0.9,0.06
t-18-051,18,delay_tolerant,0.819,0.0,8.221,0.517,311.05,21,2,True,0.9,0.06
t-18-052,18,delay_tolerant,0.88,0.0,5.404,0.369,190.759,21,2,True,0.9,0.06
t-18-053,18,delay_tolerant,0.873,0.0,6.19,0.617,247.92,20,2,True,0.9,0.06
t-18-054,18,delay_tolerant,1.038,0.0,5.977,0.423,322.053,21,2,False,0.9,0.0
t-18-055,18,delay_tolerant,1.068,0.0,8.233,0.42,264.929,21,2,True,0.9,0.06
t-18-056,18,delay_tolerant,1.135,0.0,8.338,0.562,173.609,21,2,False,0.9,0.0
t-18-057,18,delay_tolerant,1.01,0.0,7.984,0.72,291.001,21,2,True,0.9,0.06
t-18-058,18,delay_tolerant,0.906,0.0,5.489,0.36,467.429,20,2,True,0.9,0.06
t-18-059,18,delay_tolerant,1.102,0.0,7.771,0.33,331.865,22,2,True,0.9,0.06
t-18-060,18,delay_tolerant,1.166,0.0,3.224,0.749,214.57,22,2,True,0.9,0.06
t-18-061,18,delay_tolerant,1.177,0.0,3.408,0.729,392.623,20,2,True,0.9,0.06
t-18-062,18,delay_tolerant,0.908,0.0,3.018,0.45,479.095,22,2,False,0.9,0.0
t-18-063,18,delay_tolerant,0.869,0.0,4.533,0.665,133.643,20,2,True,0.9,0.06
t-18-064,18,delay_tolerant,1.132,0.0,7.93,0.858,262.2,22,2,True,0.9,0.06
t-18-065,18,delay_tolerant,0.997,0.0,4.342,0.339,286.769,22,2,True,0.9,0.06
t-18-066,18,delay_tolerant,1.125,0.0,5.293,0.634,225.342,21,2,False,0.9,0.0
t-18-067,18,delay_tolerant,1.182,0.0,3.891,0.591,462.917,21,2,False,0.9,0.0
t-18-068,18,delay_tolerant,0.906,0.0,4.4,0.405,236.035,21,2,True,0.9,0.06
t-18-069,18,delay_tolerant,1.076,0.0,6.092,0.655,224.078,20,2,True,0.9,0.06
t-18-070,18,delay_tolerant,1.198,0.0,5.676,0.309,376.135,22,2,False,0.9,0.0
t-18-071,18,delay_tolerant,0.972,0.0,8.928,0.696,129.471,21,2,True,0.9,0.06
t-18-072,18,delay_tolerant,0.984,0.0,8.424,0.807,158.049,21,2,True,0.9,0.06
t-18-073,18,delay_tolerant,0.863,0.0,6.992,0.316,409.17,21,2,True,0.9,0.06
t-18-074,18,delay_tolerant,1.14,0.0,8.412,0.627,470.366,22,2,True,0.9,0.06
t-18-075,18,delay_tolerant,1.074,0.0,7.506,0.643,334.371,20,2,True,0.9,0.06
t-18-076,18,delay_tolerant,0.859,0.0,3.672,0.886,466.507,22,2,True,0.9,0.06
t-18-077,18,delay_tolerant,1.001,0.0,6.526,0.474,358.135,22,2,False,0.9,0.0
t-18-078,18,delay_tolerant,1.141,0.0,8.823,0.857,441.899,20,2,False,0.9,0.0
t-18-079,18,delay_tolerant,0.864,0.0,3.721,0.868,438.039,21,2,True,0.9,0.06
t-18-080,18,delay_tolerant,1.171,0.0,6.427,0.564,302.465,22,2,True,0.9,0.06
t-18-081,18,delay_tolerant,1.016,0.0,3.37,0.315,314.434,21,2,False,0.9,0.0
t-18-082,18,delay_tolerant,0.989,0.0,3.562,0.806,423.163,21,2,True,0.9,0.06
t-18-083,18,delay_tolerant,0.92,0.0,5.419,0.759,360.474,21,2,True,0.9,0.06
t-18-084,18,delay_tolerant,1.0,0.0,7.903,0.462,179.526,20,2,True,0.9,0.06
t-18-085,18,delay_tolerant,1.162,0.0,3.903,0.736,261.158,22,2,True,0.9,0.06
t-18-086,18,delay_tolerant,0.991,0.0,6.812,0.46,331.983,22,2,False,0.9,0.0
t-18-087,18,delay_tolerant,0.903,0.0,7.743,0.774,272.468,20,2,False,0.9,0.0
g-18-000,18,token_batch,0.218,1.34,14.423,0.906,2949.0,22,1,True,0.95,0.06
g-18-001,18,token_batch,0.558,1.215,13.582,1.0,3961.0,22,1,True,0.95,0.06
g-18-002,18,token_batch,0.243,1.359,13.81,1.315,2650.0,23,1,True,0.95,0.06
g-18-003,18,token_batch,0.317,0.827,14.047,1.053,1944.0,23,1,True,0.95,0.06
g-18-004,18,token_batch,0.444,1.03,10.487,0.959,4620.0,22,1,True,0.95,0.06
g-18-005,18,token_batch,0.21,1.072,11.124,0.839,2958.0,23,1,True,0.95,0.06
g-18-006,18,token_batch,0.424,0.861,9.423,1.389,1826.0,20,1,True,0.95,0.06
g-18-007,18,token_batch,0.504,1.295,12.066,1.126,3575.0,22,1,True,0.95,0.06
g-18-008,18,token_batch,0.401,1.144,15.893,0.933,1201.0,21,1,True,0.95,0.06
g-18-009,18,token_batch,0.413,1.101,14.141,1.328,2838.0,23,1,True,0.95,0.06
g-18-010,18,token_batch,0.358,0.891,17.875,1.116,2258.0,21,1,True,0.95,0.06
g-18-011,18,token_batch,0.227,0.813,16.33,0.854,3558.0,23,1,True,0.95,0.06
g-18-012,18,token_batch,0.599,0.868,16.961,1.397,2078.0,20,1,True,0.95,0.06
g-18-013,18,token_batch,0.464,1.392,14.401,0.898,2665.0,21,1,True,0.95,0.06
g-18-014,18,token_batch,0.363,0.94,12.751,1.045,4127.0,21,1,True,0.95,0.06
g-18-015,18,token_batch,0.275,0.949,17.184,0.993,2599.0,20,1,True,0.95,0.06
g-18-016,18,token_batch,0.36,1.268,15.003,1.346,1586.0,23,1,True,0.95,0.06
g-18-017,18,token_batch,0.5,1.097,10.622,1.17,2340.0,22,1,True,0.95,0.06
g-18-018,18,token_batch,0.46,1.324,14.97,0.964,2502.0,23,1,True,0.95,0.06
g-18-019,18,token_batch,0.361,0.838,15.556,1.091,2905.0,23,1,True,0.95,0.06
g-18-020,18,token_batch,0.406,1.22,13.945,1.144,4363.0,20,1,True,0.95,0.06
g-18-021,18,token_batch,0.217,1.125,17.076,0.802,3782.0,23,1,True,0.95,0.06
g-18-022,18,token_batch,0.533,0.887,10.715,1.066,3091.0,23,1,True,0.95,0.06
g-18-023,18,token_batch,0.539,0.863,10.265,0.996,3317.0,23,1,True,0.95,0.06
g-18-024,18,token_batch,0.451,1.368,13.459,1.17,2815.0,21,1,True,0.95,0.06
g-18-025,18,token_batch,0.522,0.949,17.753,1.037,3728.0,23,1,True,0.95,0.06
g-18-026,18,token_batch,0.376,1.358,11.812,0.987,3450.0,23,1,True,0.95,0.06
g-18-027,18,token_batch,0.336,0.957,11.136,1.196,2540.0,20,1,True,0.95,0.06
g-18-028,18,token_batch,0.445,1.233,14.795,0.835,1708.0,20,1,True,0.95,0.06
g-18-029,18,token_batch,0.299,1.357,16.892,0.827,2679.0,23,1,True,0.95,0.06
g-18-030,18,token_batch,0.39,1.053,15.282,0.936,1488.0,20,1,True,0.95,0.06
g-18-031,18,token_batch,0.501,1.133,11.949,1.053,3402.0,23,1,True,0.95,0.06
g-18-032,18,token_batch,0.59,1.189,9.0,1.148,2882.0,21,1,True,0.95,0.06
g-18-033,18,token_batch,0.44,1.027,8.077,0.815,2725.0,22,1,True,0.95,0.06
g-18-034,18,token_batch,0.523,0.979,17.713,0.95,2433.0,23,1,True,0.95,0.06
g-18-035,18,token_batch,0.568,1.399,14.824,0.964,2401.0,20,1,True,0.95,0.06
g-18-036,18,token_batch,0.374,1.099,8.5,1.274,3712.0,23,1,True,0.95,0.06
g-18-037,18,token_batch,0.206,1.274,11.107,1.054,1862.0,22,1,True,0.95,0.06
g-18-038,18,token_batch,0.503,1.004,16.925,1.143,3207.0,22,1,True,0.95,0.06
g-18-039,18,token_batch,0.328,0.932,15.813,1.283,4345.0,22,1,True,0.95,0.06
g-18-040,18,token_batch,0.252,1.314,11.695,1.279,2941.0,20,1,True,0.95,0.06
g-18-041,18,token_batch,0.252,1.18,15.704,1.002,4408.0,23,1,True,0.95,0.06
g-18-042,18,token_batch,0.243,1.18,14.037,1.008,1421.0,22,1,True,0.95,0.06
g-18-043,18,token_batch,0.478,1.205,9.603,0.912,1237.0,20,1,True,0.95,0.06
g-18-044,18,token_batch,0.318,1.378,15.982,1.057,1823.0,21,1,True,0.95,0.06
g-18-045,18,token_batch,0.463,0.986,9.343,0.99,4042.0,23,1,True,0.95,0.06
g-18-046,18,token_batch,0.211,0.847,10.809,1.39,2798.0,20,1,True,0.95,0.06
g-18-047,18,token_batch,0.564,1.311,16.153,0.951,2725.0,20,1,True,0.95,0.06
g-18-048,18,token_batch,0.355,0.836,15.605,1.388,3819.0,23,1,True,0.95,0.06
g-18-049,18,token_batch,0.39,1.11,11.961,1.227,1643.0,20,1,True,0.95,0.06
g-18-050,18,token_batch,0.278,0.847,13.778,1.329,1723.0,23,1,True,0.95,0.06
g-18-051,18,token_batch,0.572,1.338,17.31,0.964,3018.0,22,1,True,0.95,0.06
g-18-052,18,token_batch,0.363,0.958,9.641,1.287,4142.0,21,1,True,0.95,0.06
g-18-053,18,token_batch,0.492,1.352,8.535,1.117,1803.0,20,1,True,0.95,0.06
g-18-054,18,token_batch,0.504,1.087,10.28,1.007,4212.0,21,1,True,0.95,0.06
g-18-055,18,token_batch,0.354,1.252,8.481,1.132,4188.0,23,1,True,0.95,0.06
g-18-056,18,token_batch,0.593,1.369,9.748,0.877,2709.0,21,1,True,0.95,0.06
g-18-057,18,token_batch,0.5,1.102,16.786,1.017,4045.0,23,1,True,0.95,0.06
g-18-058,18,token_batch,0.213,1.367,10.545,1.192,1393.0,22,1,True,0.95,0.06
g-18-059,18,token_batch,0.387,1.244,16.699,1.307,3871.0,22,1,True,0.95,0.06
g-18-060,18,token_batch,0.256,0.916,17.347,1.391,1656.0,20,1,True,0.95,0.06
g-18-061,18,token_batch,0.415,1.259,15.31,1.095,4352.0,22,1,True,0.95,0.06
g-18-062,18,token_batch,0.526,0.851,12.384,1.264,4204.0,23,1,True,0.95,0.06
g-18-063,18,token_batch,0.466,1.187,14.785,0.9,2194.0,21,1,True,0.95,0.06
g-18-064,18,token_batch,0.277,1.3,13.389,1.211,1325.0,21,1,True,0.95,0.06
g-18-065,18,token_batch,0.341,0.808,13.429,1.281,3144.0,20,1,True,0.95,0.06
g-18-066,18,token_batch,0.514,1.377,16.267,0.953,3685.0,20,1,True,0.95,0.06
g-18-067,18,token_batch,0.355,1.397,17.789,0.995,1335.0,21,1,True,0.95,0.06
g-18-068,18,token_batch,0.532,0.96,16.938,0.999,3260.0,23,1,True,0.95,0.06
g-18-069,18,token_batch,0.205,1.315,16.632,1.273,2451.0,21,1,True,0.95,0.06
s-19-000,19,delay_sensitive,1.157,0.0,8.291,0.638,0.0,20,3,False,1.5,0.0
s-19-001,19,delay_sensitive,1.043,0.0,9.43,0.906,0.0,20,3,False,1.5,0.0
s-19-002,19,delay_sensitive,0.986,0.0,5.525,0.95,0.0,20,3,False,1.5,0.0
s-19-003,19,delay_sensitive,1.031,0.0,6.565,0.896,0.0,20,3,False,1.5,0.0
s-19-004,19,delay_sensitive,1.168,0.0,6.17,0.44,0.0,20,3,False,1.5,0.0
s-19-005,19,delay_sensitive,1.009,0.0,8.227,0.731,0.0,20,3,False,1.5,0.0
s-19-006,19,delay_sensitive,1.243,0.0,8.534,0.88,0.0,20,3,True,1.5,0.18
s-19-007,19,delay_sensitive,1.02,0.0,7.575,0.488,0.0,20,3,False,1.5,0.0
s-19-008,19,delay_sensitive,1.151,0.0,7.966,0.924,0.0,20,3,False,1.5,0.0
s-19-009,19,delay_sensitive,1.302,0.0,7.407,0.655,0.0,20,3,False,1.5,0.0
s-19-010,19,delay_sensitive,1.157,0.0,4.93,0.932,0.0,20,3,False,1.5,0.0
s-19-011,19,delay_sensitive,0.93,0.0,9.959,0.589,0.0,20,3,False,1.5,0.0
s-19-012,19,delay_sensitive,0.966,0.0,6.876,0.565,0.0,20,3,False,1.5,0.0
s-19-013,19,delay_sensitive,0.969,0.0,6.261,0.422,0.0,20,3,False,1.5,0.0
s-19-014,19,delay_sensitive,1.264,0.0,7.589,0.849,0.0,20,3,False,1.5,0.0
s-19-015,19,delay_sensitive,1.026,0.0,5.607,0.943,0.0,20,3,False,1.5,0.0
s-19-016,19,delay_sensitive,1.224,0.0,7.554,0.498,0.0,20,3,False,1.5,0.0
s-19-017,19,delay_sensitive,1.184,0.0,4.619,0.985,0.0,20,3,False,1.5,0.0
s-19-018,19,delay_sensitive,1.23,0.0,7.0,0.635,0.0,20,3,False,1.5,0.0
s-19-019,19,delay_sensitive,1.372,0.0,7.399,0.99,0.0,20,3,False,1.5,0.0
s-19-020,19,delay_sensitive,1.157,0.0,4.296,0.747,0.0,20,3,False,1.5,0.0
s-19-021,19,delay_sensitive,0.984,0.0,4.727,0.89,0.0,20,3,False,1.5,0.0
s-19-022,19,delay_sensitive,1.015,0.0,9.334,0.41,0.0,20,3,True,1.5,0.18
s-19-023,19,delay_sensitive,1.093,0.0,6.604,0.469,0.0,20,3,False,1.5,0.0
s-19-024,19,delay_sensitive,1.154,0.0,7.788,0.803,0.0,20,3,False,1.5,0.0
s-19-025,19,delay_sensitive,1.301,0.0,6.885,0.632,0.0,20,3,False,1.5,0.0
s-19-026,19,delay_sensitive,0.942,0.0,5.773,0.624,0.0,20,3,True,1.5,0.18
s-19-027,19,delay_sensitive,1.044,0.0,9.504,0.541,0.0,20,3,False,1.5,0.0
s-19-028,19,delay_sensitive,1.364,0.0,7.899,0.785,0.0,20,3,False,1.5,0.0
s-19-029,19,delay_sensitive,1.155,0.0,4.284,0.69,0.0,20,3,False,1.5,0.0
s-19-030,19,delay_sensitive,1.276,0.0,9.137,0.785,0.0,20,3,False,1.5,0.0
s-19-031,19,delay_sensitive,1.055,0.0,9.198,0.753,0.0,20,3,False,1.5,0.0
s-19-032,19,delay_sensitive,1.295,0.0,4.209,0.519,0.0,20,3,False,1.5,0.0
s-19-033,19,delay_sensitive,0.908,0.0,9.012,0.643,0.0,20,3,False,1.5,0.0
s-19-034,19,delay_sensitive,1.085,0.0,8.893,0.966,0.0,20,3,False,1.5,0.0
s-19-035,19,delay_sensitive,1.194,0.0,6.625,0.445,0.0,20,3,False,1.5,0.0
s-19-036,19,delay_sensitive,1.245,0.0,6.615,0.983,0.0,20,3,True,1.5,0.18
s-19-037,19,delay_sensitive,1.111,0.0,4.552,0.408,0.0,20,3,False,1.5,0.0
s-19-038,19,delay_sensitive,1.358,0.0,5.795,0.452,0.0,20,3,False,1.5,0.0
s-19-039,19,delay_sensitive,1.32,0.0,9.959,0.535,0.0,20,3,False,1.5,0.0
s-19-040,19,delay_sensitive,1.304,0.0,7.25,0.46,0.0,20,3,False,1.5,0.0
s-19-041,19,delay_sensitive,1.361,0.0,7.549,0.863,0.0,20,3,False,1.5,0.0
s-19-042,19,delay_sensitive,1.161,0.0,4.09,0.864,0.0,20,3,False,1.5,0.0
s-19-043,19,delay_sensitive,1.115,0.0,7.289,0.577,0.0,20,3,False,1.5,0.0
s-19-044,19,delay_sensitive,1.167,0.0,7.405,0.773,0.0,20,3,False,1.5,0.0
s-19-045,19,delay_sensitive,1.203,0.0,8.709,0.717,0.0,20,3,False,1.5,0.0
s-19-046,19,delay_sensitive,1.179,0.0,7.12,0.781,0.0,20,3,False,1.5,0.0
s-19-047,19,delay_sensitive,1.165,0.0,8.093,0.785,0.0,20,3,False,1.5,0.0
s-19-048,19,delay_sensitive,0.936,0.0,4.184,0.882,0.0,20,3,False,1.5,0.0
s-19-049,19,delay_sensitive,1.082,0.0,9.063,0.742,0.0,20,3,False,1.5,0.0
s-19-050,19,delay_sensitive,0.912,0.0,7.568,0.476,0.0,20,3,False,1.5,0.0
s-19-051,19,delay_sensitive,0.966,0.0,9.287,0.858,0.0,20,3,False,1.5,0.0
s-19-052,19,delay_sensitive,1.325,0.0,7.786,0.746,0.0,20,3,False,1.5,0.0
s-19-053,19,delay_sensitive,0.993,0.0,4.088,0.987,0.0,20,3,False,1.5,0.0
s-19-054,19,delay_sensitive,0.903,0.0,9.662,0.938,0.0,20,3,False,1.5,0.0
s-19-055,19,delay_sensitive,0.97,0.0,4.437,0.677,0.0,20,3,False,1.5,0.0
s-19-056,19,delay_sensitive,1.057,0.0,9.744,0.676,0.0,20,3,False,1.5,0.0
s-19-057,19,delay_sensitive,1.253,0.0,8.026,0.483,0.0,20,3,False,1.5,0.0
s-19-058,19,delay_sensitive,1.201,0.0,8.704,0.458,0.0,20,3,False,1.5,0.0
s-19-059,19,delay_sensitive,1.317,0.0,7.309,0.568,0.0,20,3,False,1.5,0.0
s-19-060,19,delay_sensitive,1.196,0.0,9.64,0.661,0.0,20,3,False,1.5,0.0
s-19-061,19,delay_sensitive,0.97,0.0,9.658,0.601,0.0,20,3,False,1.5,0.0
s-19-062,19,delay_sensitive,1.125,0.0,8.867,0.929,0.0,20,3,False,1.5,0.0
s-19-063,19,delay_sensitive,1.032,0.0,8.388,0.56,0.0,20,3,False,1.5,0.0
s-19-064,19,delay_sensitive,1.312,0.0,6.08,0.576,0.0,20,3,False,1.5,0.0
s-19-065,19,delay_sensitive,1.318,0.0,5.914,0.868,0.0,20,3,False,1.5,0.0
s-19-066,19,delay_sensitive,1.322,0.0,4.849,0.907,0.0,20,3,False,1.5,0.0
s-19-067,19,delay_sensitive,1.315,0.0,8.262,0.411,0.0,20,3,False,1.5,0.0
s-19-068,19,delay_sensitive,0.932,0.0,6.396,0.955,0.0,20,3,False,1.5,0.0
s-19-069,19,delay_sensitive,1.105,0.0,9.704,0.676,0.0,20,3,False,1.5,0.0
s-19-070,19,delay_sensitive,0.968,0.0,9.086,0.682,0.0,20,3,False,1.5,0.0
s-19-071,19,delay_sensitive,0.981,0.0,7.36,0.597,0.0,20,3,False,1.5,0.0
s-19-072,19,delay_sensitive,1.294,0.0,4.03,0.453,0.0,20,3,False,1.5,0.0
s-19-073,19,delay_sensitive,1.373,0.0,8.901,0.51,0.0,20,3,False,1.5,0.0
s-19-074,19,delay_sensitive,1.259,0.0,5.442,0.482,0.0,20,3,False,1.5,0.0
s-19-075,19,delay_sensitive,1.095,0.0,9.604,0.955,0.0,20,3,False,1.5,0.0
s-19-076,19,delay_sensitive,1.087,0.0,6.889,0.435,0.0,20,3,False,1.5,0.0
s-19-077,19,delay_sensitive,1.181,0.0,8.188,0.969,0.0,20,3,False,1.5,0.0
s-19-078,19,delay_sensitive,1.187,0.0,9.848,0.766,0.0,20,3,False,1.5,0.0
s-19-079,19,delay_sensitive,1.343,0.0,4.655,0.89,0.0,20,3,False,1.5,0.0
s-19-080,19,delay_sensitive,0.993,0.0,4.485,0.928,0.0,20,3,False,1.5,0.0
s-19-081,19,delay_sensitive,1.014,0.0,8.902,0.876,0.0,20,3,False,1.5,0.0
s-19-082,19,delay_sensitive,1.185,0.0,5.198,0.42,0.0,20,3,False,1.5,0.0
s-19-083,19,delay_sensitive,1.115,0.0,5.883,0.409,0.0,20,3,False,1.5,0.0
s-19-084,19,delay_sensitive,1.028,0.0,8.204,0.993,0.0,20,3,False,1.5,0.0
s-19-085,19,delay_sensitive,1.152,0.0,8.711,0.737,0.0,20,3,False,1.5,0.0
s-19-086,19,delay_sensitive,1.047,0.0,8.864,0.485,0.0,20,3,False,1.5,0.0
s-19-087,19,delay_sensitive,1.134,0.0,7.559,0.744,0.0,20,3,False,1.5,0.0
s-19-088,19,delay_sensitive,1.106,0.0,4.789,0.554,0.0,20,3,False,1.5,0.0
s-19-089,19,delay_sensitive,1.283,0.0,6.481,0.84,0.0,20,3,False,1.5,0.0
s-19-090,19,delay_sensitive,1.297,0.0,7.088,0.485,0.0,20,3,False,1.5,0.0
s-19-091,19,delay_sensitive,1.302,0.0,8.866,0.45,0.0,20,3,False,1.5,0.0
s-19-092,19,delay_sensitive,1.263,0.0,4.424,0.555,0.0,20,3,False,1.5,0.0
s-19-093,19,delay_sensitive,1.076,0.0,7.369,0.766,0.0,20,3,False,1.5,0.0
s-19-094,19,delay_sensitive,0.992,0.0,6.81,0.578,0.0,20,3,False,1.5,0.0
s-19-095,19,delay_sensitive,1.292,0.0,8.37,0.663,0.0,20,3,False,1.5,0.0
s-19-096,19,delay_sensitive,1.341,0.0,5.452,0.923,0.0,20,3,False,1.5,0.0
s-19-097,19,delay_sensitive,1.165,0.0,6.434,0.564,0.0,20,3,False,1.5,0.0
s-19-098,19,delay_sensitive,0.919,0.0,6.576,0.516,0.0,20,3,False,1.5,0.0
s-19-099,19,delay_sensitive,1.395,0.0,9.979,0.935,0.0,20,3,False,1.5,0.0
s-19-100,19,delay_sensitive,1.152,0.0,7.283,0.981,0.0,20,3,False,1.5,0.0
s-19-101,19,delay_sensitive,1.014,0.0,9.527,0.879,0.0,20,3,False,1.5,0.0
s-19-102,19,delay_sensitive,1.325,0.0,6.435,0.483,0.0,20,3,False,1.5,0.0
s-19-103,19,delay_sensitive,1.067,0.0,6.673,0.667,0.0,20,3,False,1.5,0.0
s-19-104,19,delay_sensitive,0.925,0.0,6.161,0.772,0.0,20,3,False,1.5,0.0
s-19-105,19,delay_sensitive,1.082,0.0,6.382,0.524,0.0,20,3,False,1.5,0.0
s-19-106,19,delay_sensitive,1.312,0.0,7.564,0.725,0.0,20,3,False,1.5,0.0
s-19-107,19,delay_sensitive,1.283,0.0,4.643,0.696,0.0,20,3,False,1.5,0.0
s-19-108,19,delay_sensitive,1.265,0.0,7.996,0.76,0.0,20,3,False,1.5,0.0
s-19-109,19,delay_sensitive,0.95,0.0,4.5,0.46,0.0,20,3,False,1.5,0.0
s-19-110,19,delay_sensitive,1.371,0.0,4.569,0.992,0.0,20,3,False,1.5,0.0
s-19-111,19,delay_sensitive,1.064,0.0,5.77,0.965,0.0,20,3,True,1.5,0.18
s-19-112,19,delay_sensitive,0.927,0.0,8.216,0.501,0.0,20,3,False,1.5,0.0
s-19-113,19,delay_sensitive,1.259,0.0,6.226,0.54,0.0,20,3,True,1.5,0.18
s-19-114,19,delay_sensitive,1.366,0.0,8.192,0.45,0.0,20,3,False,1.5,0.0
s-19-115,19,delay_sensitive,0.9,0.0,4.496,0.481,0.0,20,3,False,1.5,0.0
s-19-116,19,delay_sensitive,1.057,0.0,8.763,0.74,0.0,20,3,False,1.5,0.0
s-19-117,19,delay_sensitive,0.93,0.0,4.947,0.651,0.0,20,3,False,1.5,0.0
s-19-118,19,delay_sensitive,1.359,0.0,4.474,0.467,0.0,20,3,False,1.5,0.0
s-19-119,19,delay_sensitive,1.26,0.0,5.099,0.927,0.0,20,3,False,1.5,0.0
s-19-120,19,delay_sensitive,1.227,0.0,8.118,0.556,0.0,20,3,False,1.5,0.0
s-19-121,19,delay_sensitive,1.209,0.0,4.192,0.57,0.0,20,3,False,1.5,0.0
s-19-122,19,delay_sensitive,1.146,0.0,8.59,0.823,0.0,20,3,False,1.5,0.0
s-19-123,19,delay_sensitive,1.132,0.0,7.304,0.958,0.0,20,3,False,1.5,0.0
s-19-124,19,delay_sensitive,1.195,0.0,6.197,0.417,0.0,20,3,False,1.5,0.0
s-19-125,19,delay_sensitive,1.275,0.0,4.395,0.406,0.0,20,3,False,1.5,0.0
s-19-126,19,delay_sensitive,1.379,0.0,7.732,0.982,0.0,20,3,False,1.5,0.0
s-19-127,19,delay_sensitive,0.906,0.0,8.14,0.747,0.0,20,3,False,1.5,0.0
s-19-128,19,delay_sensitive,1.074,0.0,9.626,0.927,0.0,20,3,True,1.5,0.18
s-19-129,19,delay_sensitive,1.153,0.0,8.192,0.856,0.0,20,3,False,1.5,0.0
s-19-130,19,delay_sensitive,1.171,0.0,7.761,0.946,0.0,20,3,False,1.5,0.0
s-19-131,19,delay_sensitive,1.395,0.0,6.021,0.769,0.0,20,3,False,1.5,0.0
s-19-132,19,delay_sensitive,1.38,0.0,6.155,0.856,0.0,20,3,False,1.5,0.0
s-19-133,19,delay_sensitive,1.087,0.0,7.402,0.488,0.0,20,3,False,1.5,0.0
s-19-134,19,delay_sensitive,0.935,0.0,4.356,0.978,0.0,20,3,False,1.5,0.0
s-19-135,19,delay_sensitive,1.189,0.0,7.865,0.639,0.0,20,3,False,1.5,0.0
s-19-136,19,delay_sensitive,1.357,0.0,8.945,0.435,0.0,20,3,False,1.5,0.0
s-19-137,19,delay_sensitive,1.259,0.0,6.865,0.426,0.0,20,3,False,1.5,0.0
s-19-138,19,delay_sensitive,1.021,0.0,6.874,0.56,0.0,20,3,False,1.5,0.0
s-19-139,19,delay_sensitive,1.258,0.0,9.738,0.797,0.0,20,3,False,1.5,0.0
s-19-140,19,delay_sensitive,1.044,0.0,7.486,0.978,0.0,20,3,False,1.5,0.0
s-19-141,19,delay_sensitive,1.013,0.0,4.017,0.694,0.0,20,3,False,1.5,0.0
s-19-142,19,delay_sensitive,1.324,0.0,4.943,0.597,0.0,20,3,False,1.5,0.0
s-19-143,19,delay_sensitive,1.216,0.0,8.971,0.444,0.0,20,3,False,1.5,0.0
s-19-144,19,delay_sensitive,1.09,0.0,5.531,0.939,0.0,20,3,False,1.5,0.0
s-19-145,19,delay_sensitive,0.953,0.0,7.223,0.51,0.0,20,3,False,1.5,0.0
s-19-146,19,delay_sensitive,0.993,0.0,9.682,0.821,0.0,20,3,False,1.5,0.0
s-19-147,19,delay_sensitive,1.295,0.0,5.846,0.914,0.0,20,3,False,1.5,0.0
s-19-148,19,delay_sensitive,1.269,0.0,4.192,0.424,0.0,20,3,False,1.5,0.0
s-19-149,19,delay_sensitive,1.111,0.0,8.061,0.614,0.0,20,3,False,1.5,0.0
s-19-150,19,delay_sensitive,1.282,0.0,7.246,0.948,0.0,20,3,True,1.5,0.18
s-19-151,19,delay_sensitive,1.021,0.0,4.909,0.942,0.0,20,3,False,1.5,0.0
s-19-152,19,delay_sensitive,1.096,0.0,5.32,0.482,0.0,20,3,False,1.5,0.0
t-19-000,19,delay_tolerant,1.071,0.0,8.746,0.854,284.354,21,2,True,0.9,0.06
t-19-001,19,delay_tolerant,1.193,0.0,5.707,0.814,429.853,23,2,True,0.9,0.06
t-19-002,19,delay_tolerant,1.095,0.0,7.626,0.487,262.287,21,2,True,0.9,0.06
t-19-003,19,delay_tolerant,0.896,0.0,7.026,0.829,407.042,21,2,False,0.9,0.0
t-19-004,19,delay_tolerant,0.948,0.0,6.124,0.347,286.3,23,2,True,0.9,0.06
t-19-005,19,delay_tolerant,1.078,0.0,3.756,0.844,161.232,22,2,False,0.9,0.0
t-19-006,19,delay_tolerant,0.89,0.0,7.512,0.304,188.056,22,2,False,0.9,0.0
t-19-007,19,delay_tolerant,0.84,0.0,7.772,0.735,181.53,23,2,False,0.9,0.0
t-19-008,19,delay_tolerant,1.01,0.0,3.747,0.644,295.98,22,2,False,0.9,0.0
t-19-009,19,delay_tolerant,1.026,0.0,5.602,0.764,301.128,21,2,False,0.9,0.0
t-19-010,19,delay_tolerant,0.933,0.0,6.304,0.738,437.061,21,2,True,0.9,0.06
t-19-011,19,delay_tolerant,1.076,0.0,5.823,0.722,153.911,23,2,False,0.9,0.0
t-19-012,19,delay_tolerant,1.084,0.0,7.502,0.764,450.18,23,2,True,0.9,0.06
t-19-013,19,delay_tolerant,1.123,0.0,6.623,0.43,317.096,22,2,True,0.9,0.06
t-19-014,19,delay_tolerant,0.862,0.0,8.452,0.588,182.056,22,2,True,0.9,0.06
t-19-015,19,delay_tolerant,1.185,0.0,4.866,0.332,154.551,23,2,True,0.9,0.06
t-19-016,19,delay_tolerant,1.089,0.0,5.861,0.301,183.948,23,2,True,0.9,0.06
t-19-017,19,delay_tolerant,1.015,0.0,6.752,0.803,202.31,21,2,True,0.9,0.06
t-19-018,19,delay_tolerant,0.824,0.0,3.532,0.467,475.465,23,2,False,0.9,0.0
t-19-019,19,delay_tolerant,0.853,0.0,7.496,0.615,159.494,23,2,True,0.9,0.06
t-19-020,19,delay_tolerant,1.183,0.0,6.464,0.726,372.396,22,2,False,0.9,0.0
t-19-021,19,delay_tolerant,1.051,0.0,3.078,0.322,194.829,23,2,True,0.9,0.06
t-19-022,19,delay_tolerant,1.086,0.0,3.896,0.811,167.01,21,2,True,0.9,0.06
t-19-023,19,delay_tolerant,1.14,0.0,3.763,0.825,207.732,22,2,True,0.9,0.06
t-19-024,19,delay_tolerant,1.159,0.0,7.556,0.602,270.454,23,2,True,0.9,0.06
t-19-025,19,delay_tolerant,0.958,0.0,3.017,0.891,140.679,21,2,True,0.9,0.06
t-19-026,19,delay_tolerant,0.892,0.0,7.969,0.574,248.109,23,2,False,0.9,0.0
t-19-027,19,delay_tolerant,1.015,0.0,3.792,0.343,128.25,23,2,True,0.9,0.06
t-19-028,19,delay_tolerant,0.836,0.0,7.096,0.788,472.181,21,2,False,0.9,0.0
t-19-029,19,delay_tolerant,0.951,0.0,6.649,0.816,177.284,21,2,True,0.9,0.06
t-19-030,19,delay_tolerant,0.887,0.0,8.665,0.318,209.259,23,2,False,0.9,0.0
t-19-031,19,delay_tolerant,0.91,0.0,6.721,0.535,174.301,23,2,True,0.9,0.06
t-19-032,19,delay_tolerant,0.881,0.0,3.711,0.592,300.391,21,2,False,0.9,0.0
t-19-033,19,delay_tolerant,1.154,0.0,8.813,0.551,469.096,22,2,True,0.9,0.06
t-19-034,19,delay_tolerant,1.101,0.0,8.346,0.53,372.153,22,2,True,0.9,0.06
t-19-035,19,delay_tolerant,1.005,0.0,5.362,0.517,229.151,21,2,True,0.9,0.06
t-19-036,19,delay_tolerant,1.113,0.0,4.803,0.322,467.512,22,2,False,0.9,0.0
t-19-037,19,delay_tolerant,1.074,0.0,6.628,0.413,200.899,22,2,False,0.9,0.0
t-19-038,19,delay_tolerant,0.921,0.0,6.627,0.4,188.318,22,2,True,0.9,0.06
t-19-039,19,delay_tolerant,0.974,0.0,8.004,0.353,468.717,21,2,True,0.9,0.06
t-19-040,19,delay_tolerant,0.964,0.0,3.825,0.797,243.668,22,2,True,0.9,0.06
t-19-041,19,delay_tolerant,0.928,0.0,7.041,0.361,305.287,23,2,True,0.9,0.06
t-19-042,19,delay_tolerant,1.182,0.0,6.203,0.596,475.078,23,2,False,0.9,0.0
t-19-043,19,delay_tolerant,1.096,0.0,8.582,0.389,206.437,23,2,True,0.9,0.06
t-19-044,19,delay_tolerant,1.084,0.0,6.948,0.643,256.896,22,2,False,0.9,0.0
t-19-045,19,delay_tolerant,0.936,0.0,4.437,0.38,467.65,21,2,True,0.9,0.06
t-19-046,19,delay_tolerant,1.19,0.0,4.12,0.519,140.737,22,2,False,0.9,0.0
t-19-047,19,delay_tolerant,0.898,0.0,8.695,0.87,132.504,23,2,True,0.9,0.06
t-19-048,19,delay_tolerant,0.831,0.0,8.007,0.809,310.441,23,2,True,0.9,0.06
t-19-049,19,delay_tolerant,1.192,0.0,4.602,0.818,400.21,22,2,True,0.9,0.06
t-19-050,19,delay_tolerant,1.025,0.0,4.611,0.498,283.271,22,2,False,0.9,0.0
t-19-051,19,delay_tolerant,1.088,0.0,8.942,0.733,459.387,23,2,False,0.9,0.0
t-19-052,19,delay_tolerant,0.88,0.0,8.802,0.562,323.154,23,2,True,0.9,0.06
t-19-053,19,delay_tolerant,1.172,0.0,6.568,0.602,466.419,22,2,True,0.9,0.06
t-19-054,19,delay_tolerant,1.162,0.0,3.759,0.406,222.798,21,2,True,0.9,0.06
t-19-055,19,delay_tolerant,1.163,0.0,6.436,0.855,457.265,21,2,True,0.9,0.06
t-19-056,19,delay_tolerant,1.126,0.0,4.112,0.539,171.334,22,2,True,0.9,0.06
t-19-057,19,delay_tolerant,0.959,0.0,8.065,0.409,427.241,22,2,True,0.9,0.06
t-19-058,19,delay_tolerant,1.148,0.0,4.657,0.444,399.691,21,2,True,0.9,0.06
t-19-059,19,delay_tolerant,0.906,0.0,5.309,0.86,222.929,23,2,False,0.9,0.0
t-19-060,19,delay_tolerant,1.06,0.0,6.501,0.449,443.014,23,2,False,0.9,0.0
t-19-061,19,delay_tolerant,0.92,0.0,4.9,0.485,378.622,22,2,False,0.9,0.0
t-19-062,19,delay_tolerant,0.965,0.0,6.947,0.575,157.53,21,2,True,0.9,0.06
t-19-063,19,delay_tolerant,0.812,0.0,6.874,0.739,298.446,23,2,False,0.9,0.0
t-19-064,19,delay_tolerant,1.168,0.0,3.853,0.372,252.61,23,2,False,0.9,0.0
t-19-065,19,delay_tolerant,1.166,0.0,6.342,0.491,195.281,23,2,True,0.9,0.06
t-19-066,19,delay_tolerant,1.159,0.0,5.598,0.844,407.104,23,2,True,0.9,0.06
t-19-067,19,delay_tolerant,1.072,0.0,8.342,0.599,160.474,22,2,True,0.9,0.06
t-19-068,19,delay_tolerant,0.865,0.0,6.889,0.79,129.113,21,2,False,0.9,0.0
t-19-069,19,delay_tolerant,0.937,0.0,7.452,0.389,445.777,23,2,True,0.9,0.06
t-19-070,19,delay_tolerant,1.031,0.0,5.402,0.494,187.788,22,2,True,0.9,0.06
t-19-071,19,delay_tolerant,0.911,0.0,3.372,0.796,453.0,22,2,True,0.9,0.06
t-19-072,19,delay_tolerant,1.126,0.0,7.882,0.859,142.637,23,2,False,0.9,0.0
t-19-073,19,delay_tolerant,1.008,0.0,8.905,0.322,451.479,22,2,True,0.9,0.06
t-19-074,19,delay_tolerant,0.871,0.0,3.768,0.486,235.124,22,2,False,0.9,0.0
t-19-075,19,delay_tolerant,0.878,0.0,5.553,0.663,201.615,23,2,False,0.9,0.0
t-19-076,19,delay_tolerant,0.849,0.0,8.511,0.758,310.471,23,2,False,0.9,0.0
t-19-077,19,delay_tolerant,0.998,0.0,3.987,0.321,163.784,23,2,False,0.9,0.0
t-19-078,19,delay_tolerant,0.94,0.0,3.925,0.765,183.364,22,2,False,0.9,0.0
t-19-079,19,delay_tolerant,1.058,0.0,6.454,0.679,294.47,23,2,True,0.9,0.06
t-19-080,19,delay_tolerant,1.088,0.0,8.798,0.511,441.57,21,2,True,0.9,0.06
t-19-081,19,delay_tolerant,1.164,0.0,3.89,0.39,369.561,23,2,False,0.9,0.0
t-19-082,19,delay_tolerant,1.046,0.0,8.362,0.662,182.75,22,2,True,0.9,0.06
t-19-083,19,delay_tolerant,0.989,0.0,7.161,0.837,419.375,22,2,True,0.9,0.06
t-19-084,19,delay_tolerant,0.891,0.0,5.561,0.604,469.917,22,2,True,0.9,0.06
t-19-085,19,delay_tolerant,1.163,0.0,6.307,0.575,304.122,22,2,True,0.9,0.06
g-19-000,19,token_batch,0.399,1.376,15.645,1.284,3686.0,23,1,True,0.95,0.06
g-19-001,19,token_batch,0.215,0.808,9.247,1.038,2761.0,22,1,True,0.95,0.06
g-19-002,19,token_batch,0.538,1.294,13.536,1.336,3841.0,23,1,True,0.95,0.06
g-19-003,19,token_batch,0.424,1.377,15.061,1.378,3976.0,23,1,True,0.95,0.06
g-19-004,19,token_batch,0.518,1.178,17.23,1.257,3928.0,23,1,True,0.95,0.06
g-19-005,19,token_batch,0.303,1.042,10.003,1.066,4720.0,23,1,True,0.95,0.06
g-19-006,19,token_batch,0.258,1.388,17.642,1.389,1736.0,23,1,True,0.95,0.06
g-19-007,19,token_batch,0.581,1.352,13.084,1.181,1780.0,22,1,True,0.95,0.06
g-19-008,19,token_batch,0.302,0.892,13.602,1.202,2396.0,23,1,True,0.95,0.06
g-19-009,19,token_batch,0.487,1.199,14.853,1.316,1831.0,23,1,True,0.95,0.06
g-19-010,19,token_batch,0.583,1.043,11.77,1.293,4207.0,22,1,True,0.95,0.06
g-19-011,19,token_batch,0.284,1.194,17.002,0.945,2582.0,23,1,True,0.95,0.06
g-19-012,19,token_batch,0.519,0.84,14.478,1.119,4740.0,23,1,True,0.95,0.06
g-19-013,19,token_batch,0.473,1.095,9.045,0.942,2825.0,23,1,True,0.95,0.06
g-19-014,19,token_batch,0.326,1.314,17.498,1.263,3940.0,23,1,True,0.95,0.06
g-19-015,19,token_batch,0.259,1.333,8.717,1.265,2526.0,23,1,True,0.95,0.06
g-19-016,19,token_batch,0.464,1.105,10.868,1.04,2843.0,22,1,True,0.95,0.06
g-19-017,19,token_batch,0.488,1.194,11.861,0.988,4592.0,23,1,True,0.95,0.06
g-19-018,19,token_batch,0.39,1.017,10.514,0.844,4438.0,23,1,True,0.95,0.06
g-19-019,19,token_batch,0.464,1.021,12.281,1.232,3764.0,22,1,True,0.95,0.06
g-19-020,19,token_batch,0.426,1.351,11.422,1.057,1517.0,21,1,True,0.95,0.06
g-19-021,19,token_batch,0.573,0.855,15.209,1.155,3532.0,21,1,True,0.95,0.06
g-19-022,19,token_batch,0.328,1.128,11.578,0.911,3620.0,22,1,True,0.95,0.06
g-19-023,19,token_batch,0.2,0.882,10.536,1.061,4490.0,23,1,True,0.95,0.06
g-19-024,19,token_batch,0.206,1.174,14.52,0.858,3930.0,22,1,True,0.95,0.06
g-19-025,19,token_batch,0.323,1.364,13.716,1.251,1813.0,21,1,True,0.95,0.06
g-19-026,19,token_batch,0.361,1.119,14.473,1.044,3740.0,23,1,True,0.95,0.06
g-19-027,19,token_batch,0.39,0.845,12.264,1.336,3343.0,23,1,True,0.95,0.06
g-19-028,19,token_batch,0.519,1.391,9.854,1.063,1527.0,22,1,True,0.95,0.06
g-19-029,19,token_batch,0.506,1.076,11.391,1.146,3964.0,23,1,True,0.95,0.06
g-19-030,19,token_batch,0.449,1.189,12.204,0.942,3390.0,23,1,True,0.95,0.06
g-19-031,19,token_batch,0.474,1.34,14.983,0.985,3784.0,22,1,True,0.95,0.06
g-19-032,19,token_batch,0.237,1.262,11.288,0.913,3668.0,21,1,True,0.95,0.06
g-19-033,19,token_batch,0.49,1.147,11.349,0.94,3952.0,23,1,True,0.95,0.06
g-19-034,19,token_batch,0.263,1.152,11.52,0.814,1387.0,22,1,True,0.95,0.06
g-19-035,19,token_batch,0.523,0.963,10.828,1.184,3191.0,23,1,True,0.95,0.06
g-19-036,19,token_batch,0.203,0.83,9.403,1.381,3165.0,23,1,True,0.95,0.06
g-19-037,19,token_batch,0.322,1.127,15.625,1.098,2820.0,23,1,True,0.95,0.06
g-19-038,19,token_batch,0.379,1.07,11.095,1.365,3544.0,23,1,True,0.95,0.06
g-19-039,19,token_batch,0.281,1.334,12.266,1.394,4543.0,23,1,True,0.95,0.06
g-19-040,19,token_batch,0.332,0.814,10.443,0.989,4713.0,23,1,True,0.95,0.06
g-19-041,19,token_batch,0.28,1.153,11.861,0.963,3126.0,22,1,True,0.95,0.06
g-19-042,19,token_batch,0.275,1.079,8.791,1.33,3725.0,23,1,True,0.95,0.06
g-19-043,19,token_batch,0.343,1.142,11.802,0.993,3862.0,23,1,True,0.95,0.06
g-19-044,19,token_batch,0.348,1.08,8.08,1.021,4045.0,21,1,True,0.95,0.06
g-19-045,19,token_batch,0.412,1.078,14.744,1.056,1861.0,21,1,True,0.95,0.06
g-19-046,19,token_batch,0.541,1.168,17.162,1.172,1520.0,22,1,True,0.95,0.06
g-19-047,19,token_batch,0.428,1.001,11.935,1.354,4642.0,23,1,True,0.95,0.06
g-19-048,19,token_batch,0.374,0.979,11.304,0.957,3892.0,23,1,True,0.95,0.06
g-19-049,19,token_batch,0.289,1.225,15.856,1.275,4252.0,23,1,True,0.95,0.06
g-19-050,19,token_batch,0.249,1.142,14.035,0.947,3706.0,23,1,True,0.95,0.06
g-19-051,19,token_batch,0.534,1.367,10.585,1.147,2193.0,23,1,True,0.95,0.06
g-19-052,19,token_batch,0.43,0.962,12.099,0.81,2127.0,23,1,True,0.95,0.06
g-19-053,19,token_batch,0.258,0.829,11.282,1.052,1901.0,23,1,True,0.95,0.06
g-19-054,19,token_batch,0.391,1.361,17.883,1.201,4161.0,23,1,True,0.95,0.06
g-19-055,19,token_batch,0.508,1.113,16.581,0.962,3831.0,23,1,True,0.95,0.06
g-19-056,19,token_batch,0.241,0.805,16.942,1.143,1845.0,22,1,True,0.95,0.06
g-19-057,19,token_batch,0.477,0.869,12.787,0.826,1450.0,22,1,True,0.95,0.06
g-19-058,19,token_batch,0.56,1.111,9.927,1.178,2434.0,23,1,True,0.95,0.06
g-19-059,19,token_batch,0.335,1.28,9.319,1.267,2717.0,23,1,True,0.95,0.06
g-19-060,19,token_batch,0.204,0.981,13.667,1.309,2201.0,21,1,True,0.95,0.06
g-19-061,19,token_batch,0.259,1.167,13.666,1.294,1462.0,23,1,True,0.95,0.06
g-19-062,19,token_batch,0.55,0.864,15.788,0.922,4219.0,22,1,True,0.95,0.06
g-19-063,19,token_batch,0.543,1.319,13.288,1.157,2565.0,23,1,True,0.95,0.06
g-19-064,19,token_batch,0.433,1.177,16.396,1.378,2554.0,22,1,True,0.95,0.06
g-19-065,19,token_batch,0.588,0.847,13.737,0.931,2962.0,23,1,True,0.95,0.06
g-19-066,19,token_batch,0.482,1.132,9.892,1.217,2269.0,21,1,True,0.95,0.06
s-20-000,20,delay_sensitive,1.011,0.0,4.435,0.961,0.0,21,3,False,1.5,0.0
s-20-001,20,delay_sensitive,0.924,0.0,5.228,0.934,0.0,21,3,False,1.5,0.0
s-20-002,20,delay_sensitive,1.104,0.0,9.597,0.845,0.0,21,3,False,1.5,0.0
s-20-003,20,delay_sensitive,1.024,0.0,5.86,0.576,0.0,21,3,False,1.5,0.0
s-20-004,20,delay_sensitive,1.004,0.0,4.647,0.581,0.0,21,3,False,1.5,0.0
s-20-005,20,delay_sensitive,1.257,0.0,6.494,0.845,0.0,21,3,False,1.5,0.0
s-20-006,20,delay_sensitive,1.229,0.0,8.689,0.724,0.0,21,3,False,1.5,0.0
s-20-007,20,delay_sensitive,1.176,0.0,9.41,0.97,0.0,21,3,True,1.5,0.18
s-20-008,20,delay_sensitive,1.254,0.0,4.845,0.916,0.0,21,3,False,1.5,0.0
s-20-009,20,delay_sensitive,1.191,0.0,4.301,0.932,0.0,21,3,False,1.5,0.0
s-20-010,20,delay_sensitive,1.223,0.0,9.834,0.663,0.0,21,3,False,1.5,0.0
s-20-011,20,delay_sensitive,1.133,0.0,5.13,0.423,0.0,21,3,False,1.5,0.0
s-20-012,20,delay_sensitive,1.059,0.0,4.931,0.722,0.0,21,3,False,1.5,0.0
s-20-013,20,delay_sensitive,1.083,0.0,4.282,0.497,0.0,21,3,False,1.5,0.0
s-20-014,20,delay_sensitive,1.372,0.0,6.533,0.603,0.0,21,3,False,1.5,0.0
s-20-015,20,delay_sensitive,1.068,0.0,9.233,0.953,0.0,21,3,False,1.5,0.0
s-20-016,20,delay_sensitive,1.001,0.0,7.122,0.492,0.0,21,3,False,1.5,0.0
s-20-017,20,delay_sensitive,0.905,0.0,4.097,0.598,0.0,21,3,False,1.5,0.0
s-20-018,20,delay_sensitive,0.954,0.0,5.226,0.406,0.0,21,3,False,1.5,0.0
s-20-019,20,delay_sensitive,0.999,0.0,6.45,0.665,0.0,21,3,True,1.5,0.18
s-20-020,20,delay_sensitive,0.961,0.0,9.405,0.87,0.0,21,3,False,1.5,0.0
s-20-021,20,delay_sensitive,1.308,0.0,6.625,0.656,0.0,21,3,False,1.5,0.0
s-20-022,20,delay_sensitive,1.205,0.0,6.084,0.888,0.0,21,3,False,1.5,0.0
s-20-023,20,delay_sensitive,1.274,0.0,5.041,0.785,0.0,21,3,False,1.5,0.0
s-20-024,20,delay_sensitive,0.939,0.0,9.421,0.946,0.0,21,3,False,1.5,0.0
s-20-025,20,delay_sensitive,1.178,0.0,5.55,0.693,0.0,21,3,False,1.5,0.0
s-20-026,20,delay_sensitive,1.008,0.0,8.3,0.97,0.0,21,3,False,1.5,0.0
s-20-027,20,delay_sensitive,0.964,0.0,5.776,0.441,0.0,21,3,False,1.5,0.0
s-20-028,20,delay_sensitive,1.191,0.0,8.448,1.0,0.0,21,3,False,1.5,0.0
s-20-029,20,delay_sensitive,0.945,0.0,8.306,0.975,0.0,21,3,False,1.5,0.0
s-20-030,20,delay_sensitive,0.966,0.0,4.313,0.624,0.0,21,3,False,1.5,0.0
s-20-031,20,delay_sensitive,1.339,0.0,6.482,0.899,0.0,21,3,False,1.5,0.0
s-20-032,20,delay_sensitive,1.173,0.0,8.378,0.975,0.0,21,3,False,1.5,0.0
s-20-033,20,delay_sensitive,1.138,0.0,7.816,0.697,0.0,21,3,False,1.5,0.0
s-20-034,20,delay_sensitive,1.107,0.0,7.734,0.899,0.0,21,3,False,1.5,0.0
s-20-035,20,delay_sensitive,0.991,0.0,5.582,0.632,0.0,21,3,False,1.5,0.0
s-20-036,20,delay_sensitive,1.014,0.0,9.234,0.664,0.0,21,3,False,1.5,0.0
s-20-037,20,delay_sensitive,1.135,0.0,4.89,0.703,0.0,21,3,False,1.5,0.0
s-20-038,20,delay_sensitive,0.99,0.0,5.9,0.424,0.0,21,3,False,1.5,0.0
s-20-039,20,delay_sensitive,1.291,0.0,6.059,0.637,0.0,21,3,False,1.5,0.0
s-20-040,20,delay_sensitive,1.256,0.0,9.489,0.835,0.0,21,3,False,1.5,0.0
s-20-041,20,delay_sensitive,1.024,0.0,5.495,0.513,0.0,21,3,False,1.5,0.0
s-20-042,20,delay_sensitive,1.37,0.0,8.767,0.46,0.0,21,3,False,1.5,0.0
s-20-043,20,delay_sensitive,1.39,0.0,4.715,0.675,0.0,21,3,False,1.5,0.0
s-20-044,20,delay_sensitive,1.018,0.0,6.08,0.813,0.0,21,3,False,1.5,0.0
s-20-045,20,delay_sensitive,1.359,0.0,7.685,0.802,0.0,21,3,False,1.5,0.0
s-20-046,20,delay_sensitive,1.349,0.0,6.726,0.43,0.0,21,3,False,1.5,0.0
s-20-047,20,delay_sensitive,1.046,0.0,4.216,0.778,0.0,21,3,False,1.5,0.0
s-20-048,20,delay_sensitive,0.976,0.0,4.621,0.983,0.0,21,3,False,1.5,0.0
s-20-049,20,delay_sensitive,1.247,0.0,5.069,0.591,0.0,21,3,False,1.5,0.0
s-20-050,20,delay_sensitive,1.282,0.0,6.964,0.504,0.0,21,3,False,1.5,0.0
s-20-051,20,delay_sensitive,1.146,0.0,6.327,0.553,0.0,21,3,False,1.5,0.0
s-20-052,20,delay_sensitive,1.127,0.0,4.981,0.616,0.0,21,3,False,1.5,0.0
s-20-053,20,delay_sensitive,0.972,0.0,6.254,0.626,0.0,21,3,False,1.5,0.0
s-20-054,20,delay_sensitive,1.305,0.0,7.547,0.788,0.0,21,3,False,1.5,0.0
s-20-055,20,delay_sensitive,0.996,0.0,5.172,0.842,0.0,21,3,False,1.5,0.0
s-20-056,20,delay_sensitive,1.308,0.0,5.214,0.574,0.0,21,3,False,1.5,0.0
s-20-057,20,delay_sensitive,1.339,0.0,9.001,0.583,0.0,21,3,False,1.5,0.0
s-20-058,20,delay_sensitive,1.15,0.0,7.595,0.953,0.0,21,3,False,1.5,0.0
s-20-059,20,delay_sensitive,1.132,0.0,8.827,0.406,0.0,21,3,True,1.5,0.18
s-20-060,20,delay_sensitive,1.242,0.0,8.596,0.811,0.0,21,3,False,1.5,0.0
s-20-061,20,delay_sensitive,1.283,0.0,5.879,0.873,0.0,21,3,False,1.5,0.0
s-20-062,20,delay_sensitive,1.029,0.0,8.212,0.509,0.0,21,3,False,1.5,0.0
s-20-063,20,delay_sensitive,1.229,0.0,4.96,0.927,0.0,21,3,False,1.5,0.0
s-20-064,20,delay_sensitive,1.107,0.0,5.608,0.671,0.0,21,3,False,1.5,0.0
s-20-065,20,delay_sensitive,1.059,0.0,5.023,0.947,0.0,21,3,False,1.5,0.0
s-20-066,20,delay_sensitive,0.909,0.0,4.483,0.64,0.0,21,3,False,1.5,0.0
s-20-067,20,delay_sensitive,0.971,0.0,7.628,0.417,0.0,21,3,False,1.5,0.0
s-20-068,20,delay_sensitive,1.263,0.0,4.946,0.756,0.0,21,3,False,1.5,0.0
s-20-069,20,delay_sensitive,1.061,0.0,9.188,0.957,0.0,21,3,False,1.5,0.0
s-20-070,20,delay_sensitive,0.921,0.0,7.548,0.589,0.0,21,3,False,1.5,0.0
s-20-071,20,delay_sensitive,1.191,0.0,5.396,0.547,0.0,21,3,False,1.5,0.0
s-20-072,20,delay_sensitive,1.306,0.0,7.875,0.503,0.0,21,3,False,1.5,0.0
s-20-073,20,delay_sensitive,1.048,0.0,8.584,0.508,0.0,21,3,False,1.5,0.0
s-20-074,20,delay_sensitive,0.938,0.0,7.979,0.774,0.0,21,3,False,1.5,0.0
s-20-075,20,delay_sensitive,1.234,0.0,6.038,0.517,0.0,21,3,True,1.5,0.18
s-20-076,20,delay_sensitive,1.012,0.0,7.23,0.911,0.0,21,3,False,1.5,0.0
s-20-077,20,delay_sensitive,1.187,0.0,9.11,0.535,0.0,21,3,False,1.5,0.0
s-20-078,20,delay_sensitive,0.932,0.0,7.854,0.506,0.0,21,3,False,1.5,0.0
s-20-079,20,delay_sensitive,1.375,0.0,5.037,0.446,0.0,21,3,False,1.5,0.0
s-20-080,20,delay_sensitive,1.156,0.0,9.47,0.468,0.0,21,3,False,1.5,0.0
s-20-081,20,delay_sensitive,0.977,0.0,6.613,0.65,0.0,21,3,False,1.5,0.0
s-20-082,20,delay_sensitive,1.101,0.0,9.362,0.462,0.0,21,3,False,1.5,0.0
s-20-083,20,delay_sensitive,1.165,0.0,5.573,0.722,0.0,21,3,False,1.5,0.0
s-20-084,20,delay_sensitive,1.394,0.0,8.5,0.902,0.0,21,3,False,1.5,0.0
s-20-085,20,delay_sensitive,0.921,0.0,6.33,0.742,0.0,21,3,False,1.5,0.0
s-20-086,20,delay_sensitive,1.366,0.0,6.653,0.715,0.0,21,3,False,1.5,0.0
s-20-087,20,delay_sensitive,1.057,0.0,5.964,0.842,0.0,21,3,False,1.5,0.0
s-20-088,20,delay_sensitive,1.101,0.0,9.674,0.64,0.0,21,3,False,1.5,0.0
s-20-089,20,delay_sensitive,1.273,0.0,7.575,0.835,0.0,21,3,False,1.5,0.0
s-20-090,20,delay_sensitive,1.229,0.0,4.671,0.485,0.0,21,3,False,1.5,0.0
s-20-091,20,delay_sensitive,1.304,0.0,5.074,0.516,0.0,21,3,False,1.5,0.0
s-20-092,20,delay_sensitive,1.245,0.0,4.273,0.498,0.0,21,3,True,1.5,0.18
s-20-093,20,delay_sensitive,1.008,0.0,9.835,0.569,0.0,21,3,False,1.5,0.0
s-20-094,20,delay_sensitive,1.156,0.0,9.28,0.863,0.0,21,3,False,1.5,0.0
s-20-095,20,delay_sensitive,0.956,0.0,6.826,0.769,0.0,21,3,False,1.5,0.0
s-20-096,20,delay_sensitive,1.28,0.0,7.529,0.756,0.0,21,3,False,1.5,0.0
s-20-097,20,delay_sensitive,1.188,0.0,7.161,0.791,0.0,21,3,False,1.5,0.0
s-20-098,20,delay_sensitive,1.0,0.0,8.412,0.412,0.0,21,3,False,1.5,0.0
s-20-099,20,delay_sensitive,1.116,0.0,6.459,0.843,0.0,21,3,False,1.5,0.0
s-20-100,20,delay_sensitive,1.253,0.0,4.374,0.609,0.0,21,3,False,1.5,0.0
s-20-101,20,delay_sensitive,0.981,0.0,6.02,0.726,0.0,21,3,False,1.5,0.0
s-20-102,20,delay_sensitive,0.948,0.0,5.931,0.428,0.0,21,3,False,1.5,0.0
s-20-103,20,delay_sensitive,1.035,0.0,9.318,0.939,0.0,21,3,False,1.5,0.0
s-20-104,20,delay_sensitive,0.901,0.0,6.132,0.813,0.0,21,3,False,1.5,0.0
s-20-105,20,delay_sensitive,1.321,0.0,7.696,0.796,0.0,21,3,False,1.5,0.0
s-20-106,20,delay_sensitive,1.206,0.0,4.358,0.639,0.0,21,3,False,1.5,0.0
s-20-107,20,delay_sensitive,0.982,0.0,6.744,0.662,0.0,21,3,False,1.5,0.0
s-20-108,20,delay_sensitive,1.014,0.0,9.063,0.996,0.0,21,3,False,1.5,0.0
s-20-109,20,delay_sensitive,1.336,0.0,7.656,0.631,0.0,21,3,False,1.5,0.0
s-20-110,20,delay_sensitive,1.38,0.0,5.287,0.69,0.0,21,3,False,1.5,0.0
s-20-111,20,delay_sensitive,0.942,0.0,6.017,0.468,0.0,21,3,False,1.5,0.0
s-20-112,20,delay_sensitive,1.171,0.0,8.868,0.896,0.0,21,3,False,1.5,0.0
s-20-113,20,delay_sensitive,1.099,0.0,4.629,0.66,0.0,21,3,False,1.5,0.0
s-20-114,20,delay_sensitive,1.288,0.0,4.005,0.445,0.0,21,3,False,1.5,0.0
s-20-115,20,delay_sensitive,1.153,0.0,4.941,0.94,0.0,21,3,False,1.5,0.0
s-20-116,20,delay_sensitive,0.976,0.0,8.038,0.909,0.0,21,3,False,1.5,0.0
s-20-117,20,delay_sensitive,1.012,0.0,9.386,0.677,0.0,21,3,False,1.5,0.0
s-20-118,20,delay_sensitive,1.328,0.0,7.17,0.595,0.0,21,3,False,1.5,0.0
s-20-119,20,delay_sensitive,1.268,0.0,8.202,0.644,0.0,21,3,False,1.5,0.0
s-20-120,20,delay_sensitive,1.147,0.0,4.57,0.426,0.0,21,3,False,1.5,0.0
s-20-121,20,delay_sensitive,1.262,0.0,8.953,0.5,0.0,21,3,False,1.5,0.0
s-20-122,20,delay_sensitive,1.367,0.0,7.136,0.914,0.0,21,3,False,1.5,0.0
s-20-123,20,delay_sensitive,1.024,0.0,4.45,0.476,0.0,21,3,False,1.5,0.0
t-20-000,20,delay_tolerant,0.964,0.0,5.764,0.602,159.841,23,2,True,0.9,0.06
t-20-001,20,delay_tolerant,1.141,0.0,6.86,0.625,227.607,23,2,True,0.9,0.06
t-20-002,20,delay_tolerant,1.094,0.0,3.1,0.73,383.478,23,2,True,0.9,0.06
t-20-003,20,delay_tolerant,0.947,0.0,8.72,0.54,258.41,23,2,True,0.9,0.06
t-20-004,20,delay_tolerant,0.942,0.0,7.977,0.383,281.358,22,2,True,0.9,0.06
t-20-005,20,delay_tolerant,1.037,0.0,8.347,0.398,237.414,23,2,True,0.9,0.06
t-20-006,20,delay_tolerant,0.974,0.0,6.819,0.758,385.743,23,2,True,0.9,0.06
t-20-007,20,delay_tolerant,1.043,0.0,5.67,0.676,171.379,22,2,True,0.9,0.06
t-20-008,20,delay_tolerant,1.036,0.0,8.982,0.338,277.634,23,2,True,0.9,0.06
t-20-009,20,delay_tolerant,0.809,0.0,3.023,0.769,284.622,23,2,True,0.9,0.06
t-20-010,20,delay_tolerant,0.902,0.0,5.112,0.671,325.552,23,2,False,0.9,0.0
t-20-011,20,delay_tolerant,1.181,0.0,4.161,0.665,301.465,23,2,True,0.9,0.06
t-20-012,20,delay_tolerant,0.985,0.0,4.734,0.575,459.741,23,2,True,0.9,0.06
t-20-013,20,delay_tolerant,1.093,0.0,6.219,0.62,479.007,23,2,True,0.9,0.06
t-20-014,20,delay_tolerant,1.013,0.0,4.591,0.49,405.241,23,2,False,0.9,0.0
t-20-015,20,delay_tolerant,1.006,0.0,5.367,0.306,467.347,22,2,False,0.9,0.0
t-20-016,20,delay_tolerant,1.195,0.0,3.984,0.384,285.125,22,2,False,0.9,0.0
t-20-017,20,delay_tolerant,1.021,0.0,8.41,0.311,315.971,23,2,True,0.9,0.06
t-20-018,20,delay_tolerant,0.901,0.0,6.121,0.762,120.196,23,2,True,0.9,0.06
t-20-019,20,delay_tolerant,0.876,0.0,6.994,0.325,293.688,23,2,True,0.9,0.06
t-20-020,20,delay_tolerant,1.02,0.0,6.713,0.742,214.288,23,2,False,0.9,0.0
t-20-021,20,delay_tolerant,1.021,0.0,5.496,0.819,125.245,23,2,False,0.9,0.0
t-20-022,20,delay_tolerant,1.166,0.0,3.283,0.428,364.677,23,2,False,0.9,0.0
t-20-023,20,delay_tolerant,1.072,0.0,3.611,0.833,400.28,23,2,True,0.9,0.06
t-20-024,20,delay_tolerant,0.807,0.0,8.809,0.514,225.402,23,2,False,0.9,0.0
t-20-025,20,delay_tolerant,1.026,0.0,7.953,0.887,359.388,23,2,True,0.9,0.06
t-20-026,20,delay_tolerant,1.028,0.0,6.016,0.588,379.565,23,2,True,0.9,0.06
t-20-027,20,delay_tolerant,1.012,0.0,3.972,0.827,409.313,22,2,False,0.9,0.0
t-20-028,20,delay_tolerant,1.1,0.0,5.566,0.833,164.235,22,2,True,0.9,0.06
t-20-029,20,delay_tolerant,0.918,0.0,8.698,0.451,336.523,22,2,True,0.9,0.06
t-20-030,20,delay_tolerant,0.91,0.0,5.058,0.553,444.859,22,2,True,0.9,0.06
t-20-031,20,delay_tolerant,0.95,0.0,4.805,0.323,171.035,23,2,False,0.9,0.0
t-20-032,20,delay_tolerant,1.164,0.0,6.668,0.562,291.967,22,2,True,0.9,0.06
t-20-033,20,delay_tolerant,1.107,0.0,4.105,0.813,164.958,23,2,False,0.9,0.0
t-20-034,20,delay_tolerant,0.886,0.0,6.811,0.696,278.248,22,2,True,0.9,0.06
t-20-035,20,delay_tolerant,0.923,0.0,8.405,0.482,223.887,22,2,True,0.9,0.06
t-20-036,20,delay_tolerant,0.889,0.0,5.622,0.402,425.317,23,2,True,0.9,0.06
t-20-037,20,delay_tolerant,0.925,0.0,5.935,0.349,169.385,22,2,True,0.9,0.06
t-20-038,20,delay_tolerant,0.887,0.0,3.997,0.797,443.809,23,2,False,0.9,0.0
t-20-039,20,delay_tolerant,0.9,0.0,3.766,0.411,152.906,22,2,True,0.9,0.06
t-20-040,20,delay_tolerant,1.112,0.0,4.421,0.767,171.547,22,2,False,0.9,0.0
t-20-041,20,delay_tolerant,0.97,0.0,4.624,0.686,383.342,23,2,True,0.9,0.06
t-20-042,20,delay_tolerant,0.928,0.0,7.051,0.632,181.549,23,2,True,0.9,0.06
t-20-043,20,delay_tolerant,0.868,0.0,8.05,0.384,429.318,23,2,False,0.9,0.0
t-20-044,20,delay_tolerant,1.191,0.0,4.966,0.521,150.252,22,2,True,0.9,0.06
t-20-045,20,delay_tolerant,1.166,0.0,6.175,0.682,250.778,22,2,True,0.9,0.06
t-20-046,20,delay_tolerant,0.979,0.0,4.844,0.583,395.287,23,2,True,0.9,0.06
t-20-047,20,delay_tolerant,1.109,0.0,4.785,0.824,383.448,23,2,True,0.9,0.06
t-20-048,20,delay_tolerant,1.133,0.0,8.065,0.371,329.009,23,2,True,0.9,0.06
t-20-049,20,delay_tolerant,1.028,0.0,4.197,0.474,444.469,23,2,False,0.9,0.0
t-20-050,20,delay_tolerant,0.893,0.0,6.063,0.318,190.285,22,2,True,0.9,0.06
t-20-051,20,delay_tolerant,0.833,0.0,7.725,0.713,206.273,23,2,True,0.9,0.06
t-20-052,20,delay_tolerant,1.04,0.0,4.093,0.862,304.673,23,2,True,0.9,0.06
t-20-053,20,delay_tolerant,0.87,0.0,8.482,0.341,405.985,23,2,True,0.9,0.06
t-20-054,20,delay_tolerant,0.879,0.0,4.711,0.633,186.224,23,2,True,0.9,0.06
t-20-055,20,delay_tolerant,0.873,0.0,5.671,0.483,237.617,23,2,True,0.9,0.06
t-20-056,20,delay_tolerant,0.931,0.0,4.359,0.787,402.33,23,2,True,0.9,0.06
t-20-057,20,delay_tolerant,1.026,0.0,3.644,0.555,292.212,22,2,True,0.9,0.06
t-20-058,20,delay_tolerant,0.953,0.0,3.526,0.588,387.23,23,2,True,0.9,0.06
t-20-059,20,delay_tolerant,0.959,0.0,8.593,0.892,200.814,22,2,True,0.9,0.06
t-20-060,20,delay_tolerant,1.042,0.0,4.542,0.526,405.792,23,2,True,0.9,0.06
t-20-061,20,delay_tolerant,0.937,0.0,6.658,0.645,404.507,23,2,False,0.9,0.0
t-20-062,20,delay_tolerant,0.819,0.0,6.573,0.504,202.035,23,2,True,0.9,0.06
t-20-063,20,delay_tolerant,0.894,0.0,8.587,0.725,178.941,22,2,True,0.9,0.06
t-20-064,20,delay_tolerant,1.038,0.0,6.981,0.474,223.496,23,2,True,0.9,0.06
t-20-065,20,delay_tolerant,0.911,0.0,8.627,0.766,227.115,23,2,True,0.9,0.06
t-20-066,20,delay_tolerant,0.983,0.0,5.224,0.402,447.902,23,2,True,0.9,0.06
t-20-067,20,delay_tolerant,1.156,0.0,4.972,0.726,245.471,23,2,False,0.9,0.0
t-20-068,20,delay_tolerant,1.007,0.0,3.667,0.655,184.494,23,2,True,0.9,0.06
g-20-000,20,token_batch,0.498,1.078,13.388,1.196,3006.0,22,1,True,0.95,0.06
g-20-001,20,token_batch,0.255,1.117,9.875,1.165,4558.0,22,1,True,0.95,0.06
g-20-002,20,token_batch,0.385,1.356,15.506,1.117,1535.0,23,1,True,0.95,0.06
g-20-003,20,token_batch,0.524,1.274,15.948,0.924,2546.0,23,1,True,0.95,0.06
g-20-004,20,token_batch,0.55,1.114,11.912,1.114,4315.0,23,1,True,0.95,0.06
g-20-005,20,token_batch,0.49,1.183,10.099,1.102,1946.0,22,1,True,0.95,0.06
g-20-006,20,token_batch,0.415,1.265,13.781,1.166,4677.0,23,1,True,0.95,0.06
g-20-007,20,token_batch,0.416,0.965,17.164,1.146,4617.0,23,1,True,0.95,0.06
g-20-008,20,token_batch,0.518,1.194,16.665,1.306,4222.0,22,1,True,0.95,0.06
g-20-009,20,token_batch,0.538,1.3,12.453,1.146,3781.0,23,1,True,0.95,0.06
g-20-010,20,token_batch,0.259,1.317,17.246,1.151,2492.0,23,1,True,0.95,0.06
g-20-011,20,token_batch,0.516,0.854,16.291,0.988,4571.0,23,1,True,0.95,0.06
g-20-012,20,token_batch,0.5,1.253,12.647,1.249,3405.0,23,1,True,0.95,0.06
g-20-013,20,token_batch,0.251,1.037,15.461,0.873,1999.0,23,1,True,0.95,0.06
g-20-014,20,token_batch,0.515,0.848,10.486,1.315,2187.0,23,1,True,0.95,0.06
g-20-015,20,token_batch,0.429,1.085,9.344,1.32,4693.0,23,1,True,0.95,0.06
g-20-016,20,token_batch,0.297,1.056,13.74,1.214,1696.0,23,1,True,0.95,0.06
g-20-017,20,token_batch,0.414,0.861,13.023,0.874,4584.0,23,1,True,0.95,0.06
g-20-018,20,token_batch,0.224,0.881,10.122,1.077,2542.0,23,1,True,0.95,0.06
g-20-019,20,token_batch,0.562,1.36,15.951,1.119,1485.0,23,1,True,0.95,0.06
g-20-020,20,token_batch,0.503,0.884,12.399,0.93,2752.0,23,1,True,0.95,0.06
g-20-021,20,token_batch,0.488,1.041,10.453,1.012,3287.0,23,1,True,0.95,0.06
g-20-022,20,token_batch,0.482,1.176,13.446,1.385,1447.0,23,1,True,0.95,0.06
g-20-023,20,token_batch,0.347,1.373,12.504,0.948,1570.0,23,1,True,0.95,0.06
g-20-024,20,token_batch,0.354,1.025,13.848,1.141,4725.0,23,1,True,0.95,0.06
g-20-025,20,token_batch,0.516,0.869,11.798,0.948,2620.0,23,1,True,0.95,0.06
g-20-026,20,token_batch,0.464,1.303,17.11,1.083,1374.0,23,1,True,0.95,0.06
g-20-027,20,token_batch,0.211,0.895,13.945,1.398,3071.0,23,1,True,0.95,0.06
g-20-028,20,token_batch,0.202,1.348,10.95,1.113,2878.0,23,1,True,0.95,0.06
g-20-029,20,token_batch,0.302,0.841,15.048,1.047,4506.0,23,1,True,0.95,0.06
g-20-030,20,token_batch,0.449,1.218,17.589,0.994,1629.0,22,1,True,0.95,0.06
g-20-031,20,token_batch,0.414,1.291,17.19,1.046,2571.0,23,1,True,0.95,0.06
g-20-032,20,token_batch,0.59,1.378,8.375,1.202,1375.0,23,1,True,0.95,0.06
g-20-033,20,token_batch,0.254,1.388,8.083,0.886,1205.0,23,1,True,0.95,0.06
g-20-034,20,token_batch,0.369,1.36,13.091,0.861,2054.0,23,1,True,0.95,0.06
g-20-035,20,token_batch,0.308,0.87,15.55,0.938,3970.0,23,1,True,0.95,0.06
g-20-036,20,token_batch,0.285,0.813,12.118,1.278,4453.0,23,1,True,0.95,0.06
g-20-037,20,token_batch,0.361,1.217,16.606,1.196,3228.0,23,1,True,0.95,0.06
g-20-038,20,token_batch,0.586,1.352,13.697,0.904,3766.0,23,1,True,0.95,0.06
g-20-039,20,token_batch,0.543,1.363,13.091,1.259,4327.0,23,1,True,0.95,0.06
g-20-040,20,token_batch,0.584,0.867,15.069,1.299,4290.0,23,1,True,0.95,0.06
g-20-041,20,token_batch,0.499,1.072,16.459,0.874,3402.0,23,1,True,0.95,0.06
g-20-042,20,token_batch,0.209,1.381,16.06,1.376,2005.0,23,1,True,0.95,0.06
g-20-043,20,token_batch,0.242,1.03,16.321,0.963,4431.0,22,1,True,0.95,0.06
g-20-044,20,token_batch,0.322,0.925,13.039,1.114,2031.0,22,1,True,0.95,0.06
g-20-045,20,token_batch,0.397,1.129,12.432,1.248,3277.0,22,1,True,0.95,0.06
g-20-046,20,token_batch,0.493,0.929,10.84,1.085,2111.0,23,1,True,0.95,0.06
g-20-047,20,token_batch,0.3,0.94,8.084,0.807,4597.0,22,1,True,0.95,0.06
g-20-048,20,token_batch,0.277,1.296,16.733,1.382,2629.0,22,1,True,0.95,0.06
g-20-049,20,token_batch,0.251,0.88,10.645,0.9,3432.0,23,1,True,0.95,0.06
g-20-050,20,token_batch,0.227,1.308,16.624,0.94,2273.0,22,1,True,0.95,0.06
g-20-051,20,token_batch,0.214,1.191,12.502,0.88,3703.0,22,1,True,0.95,0.06
g-20-052,20,token_batch,0.312,0.812,15.073,1.097,4304.0,23,1,True,0.95,0.06
g-20-053,20,token_batch,0.482,0.86,10.151,0.962,4635.0,23,1,True,0.95,0.06
g-20-054,20,token_batch,0.42,0.845,14.214,1.229,4641.0,23,1,True,0.95,0.06
s-21-000,21,delay_sensitive,1.377,0.0,9.542,0.487,0.0,22,3,False,1.5,0.0
s-21-001,21,delay_sensitive,1.376,0.0,4.169,0.838,0.0,22,3,False,1.5,0.0
s-21-002,21,delay_sensitive,0.976,0.0,6.339,0.553,0.0,22,3,False,1.5,0.0
s-21-003,21,delay_sensitive,1.103,0.0,5.1,0.624,0.0,22,3,False,1.5,0.0
s-21-004,21,delay_sensitive,1.321,0.0,8.761,0.511,0.0,22,3,False,1.5,0.0
s-21-005,21,delay_sensitive,1.316,0.0,8.163,0.804,0.0,22,3,True,1.5,0.18
s-21-006,21,delay_sensitive,0.95,0.0,7.201,0.773,0.0,22,3,False,1.5,0.0
s-21-007,21,delay_sensitive,1.053,0.0,7.155,0.46,0.0,22,3,False,1.5,0.0
s-21-008,21,delay_sensitive,0.925,0.0,4.072,0.728,0.0,22,3,False,1.5,0.0
s-21-009,21,delay_sensitive,1.226,0.0,4.337,0.958,0.0,22,3,False,1.5,0.0
s-21-010,21,delay_sensitive,0.916,0.0,6.011,0.875,0.0,22,3,False,1.5,0.0
s-21-011,21,delay_sensitive,1.301,0.0,8.329,0.442,0.0,22,3,False,1.5,0.0
s-21-012,21,delay_sensitive,1.105,0.0,7.262,0.419,0.0,22,3,False,1.5,0.0
s-21-013,21,delay_sensitive,1.138,0.0,5.878,0.436,0.0,22,3,False,1.5,0.0
s-21-014,21,delay_sensitive,0.968,0.0,9.732,0.738,0.0,22,3,False,1.5,0.0
s-21-015,21,delay_sensitive,1.299,0.0,5.297,0.677,0.0,22,3,True,1.5,0.18
s-21-016,21,delay_sensitive,1.289,0.0,7.926,0.503,0.0,22,3,False,1.5,0.0
s-21-017,21,delay_sensitive,1.002,0.0,8.878,0.74,0.0,22,3,False,1.5,0.0
s-21-018,21,delay_sensitive,1.136,0.0,4.453,0.634,0.0,22,3,False,1.5,0.0
s-21-019,21,delay_sensitive,0.96,0.0,8.826,0.552,0.0,22,3,False,1.5,0.0
s-21-020,21,delay_sensitive,1.255,0.0,5.676,0.645,0.0,22,3,False,1.5,0.0
s-21-021,21,delay_sensitive,1.148,0.0,7.417,0.728,0.0,22,3,False,1.5,0.0
s-21-022,21,delay_sensitive,0.934,0.0,9.005,0.673,0.0,22,3,False,1.5,0.0
s-21-023,21,delay_sensitive,1.104,0.0,9.9,0.487,0.0,22,3,False,1.5,0.0
s-21-024,21,delay_sensitive,1.051,0.0,9.141,0.958,0.0,22,3,False,1.5,0.0
s-21-025,21,delay_sensitive,1.08,0.0,4.557,0.638,0.0,22,3,False,1.5,0.0
s-21-026,21,delay_sensitive,0.991,0.0,9.468,0.562,0.0,22,3,False,1.5,0.0
s-21-027,21,delay_sensitive,1.377,0.0,9.483,0.799,0.0,22,3,False,1.5,0.0
s-21-028,21,delay_sensitive,1.036,0.0,8.451,0.668,0.0,22,3,True,1.5,0.18
s-21-029,21,delay_sensitive,1.342,0.0,6.255,0.414,0.0,22,3,False,1.5,0.0
s-21-030,21,delay_sensitive,1.11,0.0,7.753,0.589,0.0,22,3,False,1.5,0.0
s-21-031,21,delay_sensitive,0.965,0.0,6.454,0.791,0.0,22,3,False,1.5,0.0
s-21-032,21,delay_sensitive,1.05,0.0,7.343,0.982,0.0,22,3,False,1.5,0.0
s-21-033,21,delay_sensitive,1.035,0.0,6.07,0.815,0.0,22,3,False,1.5,0.0
s-21-034,21,delay_sensitive,1.075,0.0,6.294,0.479,0.0,22,3,False,1.5,0.0
s-21-035,21,delay_sensitive,1.234,0.0,5.918,0.958,0.0,22,3,False,1.5,0.0
s-21-036,21,delay_sensitive,1.321,0.0,5.024,0.658,0.0,22,3,False,1.5,0.0
s-21-037,21,delay_sensitive,1.397,0.0,8.219,0.84,0.0,22,3,False,1.5,0.0
s-21-038,21,delay_sensitive,1.342,0.0,5.532,0.734,0.0,22,3,False,1.5,0.0
s-21-039,21,delay_sensitive,1.354,0.0,7.082,0.653,0.0,22,3,False,1.5,0.0
s-21-040,21,delay_sensitive,1.09,0.0,4.353,0.406,0.0,22,3,False,1.5,0.0
s-21-041,21,delay_sensitive,1.056,0.0,5.553,0.707,0.0,22,3,False,1.5,0.0
s-21-042,21,delay_sensitive,1.31,0.0,7.345,0.453,0.0,22,3,False,1.5,0.0
s-21-043,21,delay_sensitive,1.186,0.0,6.944,0.772,0.0,22,3,False,1.5,0.0
s-21-044,21,delay_sensitive,0.943,0.0,5.805,0.43,0.0,22,3,False,1.5,0.0
s-21-045,21,delay_sensitive,1.263,0.0,7.175,0.894,0.0,22,3,False,1.5,0.0
s-21-046,21,delay_sensitive,1.387,0.0,6.358,0.977,0.0,22,3,False,1.5,0.0
s-21-047,21,delay_sensitive,1.317,0.0,8.713,0.988,0.0,22,3,False,1.5,0.0
s-21-048,21,delay_sensitive,1.035,0.0,6.622,0.669,0.0,22,3,False,1.5,0.0
s-21-049,21,delay_sensitive,1.152,0.0,4.704,0.744,0.0,22,3,False,1.5,0.0
s-21-050,21,delay_sensitive,1.059,0.0,6.59,0.489,0.0,22,3,False,1.5,0.0
s-21-051,21,delay_sensitive,0.984,0.0,9.987,0.52,0.0,22,3,False,1.5,0.0
s-21-052,21,delay_sensitive,1.243,0.0,8.455,0.92,0.0,22,3,False,1.5,0.0
s-21-053,21,delay_sensitive,1.064,0.0,9.272,0.857,0.0,22,3,False,1.5,0.0
s-21-054,21,delay_sensitive,0.91,0.0,7.291,0.626,0.0,22,3,True,1.5,0.18
s-21-055,21,delay_sensitive,1.272,0.0,9.964,0.672,0.0,22,3,False,1.5,0.0
s-21-056,21,delay_sensitive,1.206,0.0,4.02,0.713,0.0,22,3,False,1.5,0.0
s-21-057,21,delay_sensitive,1.184,0.0,4.54,0.551,0.0,22,3,False,1.5,0.0
s-21-058,21,delay_sensitive,0.901,0.0,7.478,0.914,0.0,22,3,False,1.5,0.0
s-21-059,21,delay_sensitive,1.184,0.0,8.448,0.491,0.0,22,3,False,1.5,0.0
s-21-060,21,delay_sensitive,1.243,0.0,5.209,0.674,0.0,22,3,False,1.5,0.0
s-21-061,21,delay_sensitive,1.237,0.0,9.67,0.746,0.0,22,3,False,1.5,0.0
s-21-062,21,delay_sensitive,1.258,0.0,4.268,0.405,0.0,22,3,False,1.5,0.0
s-21-063,21,delay_sensitive,1.068,0.0,7.26,0.906,0.0,22,3,False,1.5,0.0
s-21-064,21,delay_sensitive,1.327,0.0,9.458,0.655,0.0,22,3,False,1.5,0.0
s-21-065,21,delay_sensitive,1.094,0.0,4.244,0.414,0.0,22,3,False,1.5,0.0
s-21-066,21,delay_sensitive,1.321,0.0,7.537,0.566,0.0,22,3,False,1.5,0.0
s-21-067,21,delay_sensitive,1.117,0.0,9.342,0.834,0.0,22,3,False,1.5,0.0
s-21-068,21,delay_sensitive,1.123,0.0,9.577,0.714,0.0,22,3,False,1.5,0.0
s-21-069,21,delay_sensitive,0.946,0.0,7.625,0.787,0.0,22,3,False,1.5,0.0
s-21-070,21,delay_sensitive,1.065,0.0,4.849,0.744,0.0,22,3,False,1.5,0.0
s-21-071,21,delay_sensitive,0.975,0.0,4.109,0.782,0.0,22,3,False,1.5,0.0
s-21-072,21,delay_sensitive,1.232,0.0,4.41,0.522,0.0,22,3,False,1.5,0.0
s-21-073,21,delay_sensitive,1.039,0.0,6.467,0.668,0.0,22,3,False,1.5,0.0
s-21-074,21,delay_sensitive,1.187,0.0,7.583,0.57,0.0,22,3,False,1.5,0.0
s-21-075,21,delay_sensitive,1.037,0.0,6.427,0.665,0.0,22,3,False,1.5,0.0
s-21-076,21,delay_sensitive,0.948,0.0,7.303,0.56,0.0,22,3,False,1.5,0.0
s-21-077,21,delay_sensitive,0.908,0.0,4.836,0.862,0.0,22,3,False,1.5,0.0
s-21-078,21,delay_sensitive,1.244,0.0,4.913,0.483,0.0,22,3,False,1.5,0.0
s-21-079,21,delay_sensitive,1.123,0.0,9.535,0.573,0.0,22,3,False,1.5,0.0
s-21-080,21,delay_sensitive,1.38,0.0,6.346,0.42,0.0,22,3,True,1.5,0.18
s-21-081,21,delay_sensitive,1.344,0.0,6.981,0.813,0.0,22,3,False,1.5,0.0
s-21-082,21,delay_sensitive,1.134,0.0,8.738,0.615,0.0,22,3,False,1.5,0.0
s-21-083,21,delay_sensitive,1.106,0.0,4.959,0.958,0.0,22,3,False,1.5,0.0
s-21-084,21,delay_sensitive,1.127,0.0,4.051,0.452,0.0,22,3,False,1.5,0.0
s-21-085,21,delay_sensitive,1.396,0.0,7.36,0.484,0.0,22,3,False,1.5,0.0
s-21-086,21,delay_sensitive,0.954,0.0,4.697,0.651,0.0,22,3,False,1.5,0.0
s-21-087,21,delay_sensitive,0.988,0.0,7.789,0.596,0.0,22,3,False,1.5,0.0
s-21-088,21,delay_sensitive,1.043,0.0,9.198,0.639,0.0,22,3,False,1.5,0.0
s-21-089,21,delay_sensitive,0.93,0.0,7.61,0.531,0.0,22,3,False,1.5,0.0
s-21-090,21,delay_sensitive,1.104,0.0,4.323,0.477,0.0,22,3,False,1.5,0.0
s-21-091,21,delay_sensitive,0.972,0.0,4.52,0.454,0.0,22,3,False,1.5,0.0
s-21-092,21,delay_sensitive,1.354,0.0,5.203,0.942,0.0,22,3,False,1.5,0.0
s-21-093,21,delay_sensitive,1.395,0.0,7.763,0.441,0.0,22,3,False,1.5,0.0
s-21-094,21,delay_sensitive,0.915,0.0,9.427,0.968,0.0,22,3,False,1.5,0.0
s-21-095,21,delay_sensitive,0.906,0.0,8.413,0.661,0.0,22,3,False,1.5,0.0
s-21-096,21,delay_sensitive,1.378,0.0,8.631,0.838,0.0,22,3,False,1.5,0.0
s-21-097,21,delay_sensitive,1.029,0.0,6.291,0.428,0.0,22,3,False,1.5,0.0
s-21-098,21,delay_sensitive,1.228,0.0,9.363,0.987,0.0,22,3,False,1.5,0.0
t-21-000,21,delay_tolerant,1.141,0.0,4.799,0.795,129.055,23,2,False,0.9,0.0
t-21-001,21,delay_tolerant,0.895,0.0,5.196,0.732,407.478,23,2,True,0.9,0.06
t-21-002,21,delay_tolerant,0.924,0.0,8.072,0.456,245.9,23,2,False,0.9,0.0
t-21-003,21,delay_tolerant,1.2,0.0,6.209,0.398,234.426,23,2,True,0.9,0.06
t-21-004,21,delay_tolerant,0.85,0.0,5.753,0.872,261.927,23,2,False,0.9,0.0
t-21-005,21,delay_tolerant,1.139,0.0,7.222,0.532,246.39,23,2,True,0.9,0.06
t-21-006,21,delay_tolerant,1.181,0.0,8.136,0.466,147.572,23,2,False,0.9,0.0
t-21-007,21,delay_tolerant,1.154,0.0,5.453,0.627,303.829,23,2,False,0.9,0.0
t-21-008,21,delay_tolerant,0.917,0.0,5.802,0.348,177.472,23,2,False,0.9,0.0
t-21-009,21,delay_tolerant,0.945,0.0,3.219,0.885,159.187,23,2,False,0.9,0.0
t-21-010,21,delay_tolerant,1.026,0.0,8.961,0.884,165.199,23,2,True,0.9,0.06
t-21-011,21,delay_tolerant,1.125,0.0,4.846,0.484,270.939,23,2,False,0.9,0.0
t-21-012,21,delay_tolerant,1.019,0.0,8.685,0.39,241.06,23,2,False,0.9,0.0
t-21-013,21,delay_tolerant,0.901,0.0,7.43,0.514,248.49,23,2,True,0.9,0.06
t-21-014,21,delay_tolerant,0.807,0.0,5.398,0.715,408.371,23,2,False,0.9,0.0
t-21-015,21,delay_tolerant,1.107,0.0,3.606,0.726,297.501,23,2,False,0.9,0.0
t-21-016,21,delay_tolerant,0.832,0.0,3.881,0.449,428.583,23,2,True,0.9,0.06
t-21-017,21,delay_tolerant,0.89,0.0,7.063,0.773,300.159,23,2,True,0.9,0.06
t-21-018,21,delay_tolerant,1.09,0.0,6.169,0.466,408.493,23,2,False,0.9,0.0
t-21-019,21,delay_tolerant,0.962,0.0,4.558,0.764,245.034,23,2,True,0.9,0.06
t-21-020,21,delay_tolerant,1.197,0.0,4.09,0.397,436.139,23,2,False,0.9,0.0
t-21-021,21,delay_tolerant,1.1,0.0,3.494,0.736,208.968,23,2,True,0.9,0.06
t-21-022,21,delay_tolerant,0.961,0.0,4.866,0.746,310.041,23,2,True,0.9,0.06
t-21-023,21,delay_tolerant,0.896,0.0,3.854,0.728,351.07,23,2,False,0.9,0.0
t-21-024,21,delay_tolerant,1.195,0.0,4.216,0.337,371.592,23,2,True,0.9,0.06
t-21-025,21,delay_tolerant,1.02,0.0,6.553,0.663,464.868,23,2,True,0.9,0.06
t-21-026,21,delay_tolerant,0.91,0.0,8.63,0.426,450.834,23,2,True,0.9,0.06
t-21-027,21,delay_tolerant,0.896,0.0,7.501,0.598,155.605,23,2,False,0.9,0.0
t-21-028,21,delay_tolerant,1.022,0.0,3.274,0.75,438.465,23,2,False,0.9,0.0
t-21-029,21,delay_tolerant,0.862,0.0,8.926,0.513,377.504,23,2,False,0.9,0.0
t-21-030,21,delay_tolerant,0.903,0.0,6.491,0.471,472.146,23,2,False,0.9,0.0
t-21-031,21,delay_tolerant,0.931,0.0,5.188,0.306,163.373,23,2,False,0.9,0.0
t-21-032,21,delay_tolerant,0.936,0.0,5.026,0.399,162.977,23,2,False,0.9,0.0
t-21-033,21,delay_tolerant,1.023,0.0,7.056,0.802,308.131,23,2,False,0.9,0.0
t-21-034,21,delay_tolerant,1.112,0.0,6.592,0.334,201.611,23,2,True,0.9,0.06
t-21-035,21,delay_tolerant,0.842,0.0,3.165,0.714,159.985,23,2,False,0.9,0.0
t-21-036,21,delay_tolerant,1.134,0.0,3.779,0.422,334.46,23,2,True,0.9,0.06
t-21-037,21,delay_tolerant,0.954,0.0,5.887,0.765,312.771,23,2,False,0.9,0.0
t-21-038,21,delay_tolerant,0.891,0.0,5.684,0.552,430.785,23,2,True,0.9,0.06
t-21-039,21,delay_tolerant,0.915,0.0,3.09,0.734,317.655,23,2,True,0.9,0.06
t-21-040,21,delay_tolerant,1.188,0.0,3.189,0.402,212.482,23,2,True,0.9,0.06
t-21-041,21,delay_tolerant,1.107,0.0,4.28,0.537,187.04,23,2,True,0.9,0.06
t-21-042,21,delay_tolerant,0.815,0.0,8.96,0.661,394.831,23,2,True,0.9,0.06
t-21-043,21,delay_tolerant,0.982,0.0,5.39,0.583,260.016,23,2,True,0.9,0.06
t-21-044,21,delay_tolerant,0.943,0.0,5.622,0.714,208.527,23,2,False,0.9,0.0
t-21-045,21,delay_tolerant,1.176,0.0,8.66,0.354,139.771,23,2,False,0.9,0.0
t-21-046,21,delay_tolerant,1.158,0.0,7.941,0.533,121.588,23,2,False,0.9,0.0
t-21-047,21,delay_tolerant,0.946,0.0,8.875,0.873,353.56,23,2,True,0.9,0.06
t-21-048,21,delay_tolerant,0.863,0.0,8.091,0.722,370.142,23,2,False,0.9,0.0
t-21-049,21,delay_tolerant,0.889,0.0,3.822,0.625,225.421,23,2,True,0.9,0.06
t-21-050,21,delay_tolerant,0.804,0.0,8.477,0.743,336.247,23,2,True,0.9,0.06
t-21-051,21,delay_tolerant,0.927,0.0,4.372,0.388,252.588,23,2,False,0.9,0.0
t-21-052,21,delay_tolerant,1.088,0.0,7.582,0.729,476.098,23,2,True,0.9,0.06
t-21-053,21,delay_tolerant,1.085,0.0,4.47,0.701,456.859,23,2,True,0.9,0.06
t-21-054,21,delay_tolerant,1.02,0.0,3.561,0.496,415.267,23,2,True,0.9,0.06
g-21-000,21,token_batch,0.368,1.261,9.555,1.103,3242.0,23,1,True,0.95,0.06
g-21-001,21,token_batch,0.37,1.375,11.201,0.948,4424.0,23,1,True,0.95,0.06
g-21-002,21,token_batch,0.498,1.349,9.112,1.128,2514.0,23,1,True,0.95,0.06
g-21-003,21,token_batch,0.563,0.998,8.985,0.941,3039.0,23,1,True,0.95,0.06
g-21-004,21,token_batch,0.425,1.104,11.414,0.956,4333.0,23,1,True,0.95,0.06
g-21-005,21,token_batch,0.576,0.827,14.714,1.159,4698.0,23,1,True,0.95,0.06
g-21-006,21,token_batch,0.494,0.811,10.956,0.976,2130.0,23,1,True,0.95,0.06
g-21-007,21,token_batch,0.312,1.264,12.686,0.822,4360.0,23,1,True,0.95,0.06
g-21-008,21,token_batch,0.241,1.076,8.611,1.1,3008.0,23,1,True,0.95,0.06
g-21-009,21,token_batch,0.354,0.958,14.523,1.119,2681.0,23,1,True,0.95,0.06
g-21-010,21,token_batch,0.466,0.837,8.977,0.991,3170.0,23,1,True,0.95,0.06
g-21-011,21,token_batch,0.206,0.911,12.423,1.293,3371.0,23,1,True,0.95,0.06
g-21-012,21,token_batch,0.539,1.223,14.717,1.03,3261.0,23,1,True,0.95,0.06
g-21-013,21,token_batch,0.269,0.956,15.517,1.211,3504.0,23,1,True,0.95,0.06
g-21-014,21,token_batch,0.557,0.912,13.162,0.98,1804.0,23,1,True,0.95,0.06
g-21-015,21,token_batch,0.367,0.95,8.103,1.192,3037.0,23,1,True,0.95,0.06
g-21-016,21,token_batch,0.283,1.087,8.676,1.301,3998.0,23,1,True,0.95,0.06
g-21-017,21,token_batch,0.283,1.129,17.208,1.086,2585.0,23,1,True,0.95,0.06
g-21-018,21,token_batch,0.441,0.931,13.29,1.233,2666.0,23,1,True,0.95,0.06
g-21-019,21,token_batch,0.221,1.338,14.941,1.278,3687.0,23,1,True,0.95,0.06
g-21-020,21,token_batch,0.597,1.155,10.338,0.835,3343.0,23,1,True,0.95,0.06
g-21-021,21,token_batch,0.348,0.941,8.06,1.273,4395.0,23,1,True,0.95,0.06
g-21-022,21,token_batch,0.442,0.887,10.0,1.051,4617.0,23,1,True,0.95,0.06
g-21-023,21,token_batch,0.438,1.07,17.515,1.266,2540.0,23,1,True,0.95,0.06
g-21-024,21,token_batch,0.473,1.243,12.115,0.835,1985.0,23,1,True,0.95,0.06
g-21-025,21,token_batch,0.438,1.078,15.107,1.007,3248.0,23,1,True,0.95,0.06
g-21-026,21,token_batch,0.54,1.152,16.627,0.945,2987.0,23,1,True,0.95,0.06
g-21-027,21,token_batch,0.259,0.909,10.101,1.041,2263.0,23,1,True,0.95,0.06
g-21-028,21,token_batch,0.491,0.908,15.062,0.905,3065.0,23,1,True,0.95,0.06
g-21-029,21,token_batch,0.241,1.257,16.359,1.298,3174.0,23,1,True,0.95,0.06
g-21-030,21,token_batch,0.443,1.381,9.066,0.899,2944.0,23,1,True,0.95,0.06
g-21-031,21,token_batch,0.447,1.126,9.14,0.961,1845.0,23,1,True,0.95,0.06
g-21-032,21,token_batch,0.431,0.94,11.748,1.364,2855.0,23,1,True,0.95,0.06
g-21-033,21,token_batch,0.203,1.151,16.065,0.912,3569.0,23,1,True,0.95,0.06
g-21-034,21,token_batch,0.365,1.377,13.686,1.13,4259.0,23,1,True,0.95,0.06
g-21-035,21,token_batch,0.274,1.039,12.955,0.846,2290.0,23,1,True,0.95,0.06
g-21-036,21,token_batch,0.21,0.843,12.646,1.332,3437.0,23,1,True,0.95,0.06
g-21-037,21,token_batch,0.522,0.848,17.239,1.067,2084.0,23,1,True,0.95,0.06
g-21-038,21,token_batch,0.474,1.365,10.912,0.919,2602.0,23,1,True,0.95,0.06
g-21-039,21,token_batch,0.534,0.91,17.168,1.026,2892.0,23,1,True,0.95,0.06
g-21-040,21,token_batch,0.245,1.285,9.599,0.967,4693.0,23,1,True,0.95,0.06
g-21-041,21,token_batch,0.592,1.35,8.053,0.933,2974.0,23,1,True,0.95,0.06
g-21-042,21,token_batch,0.497,1.254,11.251,0.837,1333.0,23,1,True,0.95,0.06
g-21-043,21,token_batch,0.491,1.291,13.5,0.865,3722.0,23,1,True,0.95,0.06
s-22-000,22,delay_sensitive,1.269,0.0,5.349,0.677,0.0,23,3,False,1.5,0.0
s-22-001,22,delay_sensitive,1.279,0.0,5.081,0.917,0.0,23,3,False,1.5,0.0
s-22-002,22,delay_sensitive,1.186,0.0,8.933,0.533,0.0,23,3,False,1.5,0.0
s-22-003,22,delay_sensitive,1.049,0.0,8.634,0.89,0.0,23,3,False,1.5,0.0
s-22-004,22,delay_sensitive,1.315,0.0,8.311,0.672,0.0,23,3,False,1.5,0.0
s-22-005,22,delay_sensitive,1.312,0.0,6.722,0.5,0.0,23,3,False,1.5,0.0
s-22-006,22,delay_sensitive,1.078,0.0,5.232,0.694,0.0,23,3,False,1.5,0.0
s-22-007,22,delay_sensitive,1.213,0.0,6.242,0.672,0.0,23,3,False,1.5,0.0
s-22-008,22,delay_sensitive,1.33,0.0,6.609,0.89,0.0,23,3,True,1.5,0.18
s-22-009,22,delay_sensitive,1.148,0.0,6.18,0.648,0.0,23,3,False,1.5,0.0
s-22-010,22,delay_sensitive,0.985,0.0,7.274,0.799,0.0,23,3,False,1.5,0.0
s-22-011,22,delay_sensitive,1.183,0.0,9.054,0.503,0.0,23,3,False,1.5,0.0
s-22-012,22,delay_sensitive,0.993,0.0,4.467,0.623,0.0,23,3,False,1.5,0.0
s-22-013,22,delay_sensitive,1.05,0.0,8.883,0.772,0.0,23,3,False,1.5,0.0
s-22-014,22,delay_sensitive,1.171,0.0,9.483,0.751,0.0,23,3,False,1.5,0.0
s-22-015,22,delay_sensitive,0.978,0.0,9.743,0.548,0.0,23,3,False,1.5,0.0
s-22-016,22,delay_sensitive,1.379,0.0,5.468,0.44,0.0,23,3,False,1.5,0.0
s-22-017,22,delay_sensitive,1.087,0.0,7.912,0.599,0.0,23,3,False,1.5,0.0
s-22-018,22,delay_sensitive,0.93,0.0,7.709,0.838,0.0,23,3,False,1.5,0.0
s-22-019,22,delay_sensitive,1.042,0.0,8.777,0.81,0.0,23,3,False,1.5,0.0
s-22-020,22,delay_sensitive,1.328,0.0,7.485,0.888,0.0,23,3,False,1.5,0.0
s-22-021,22,delay_sensitive,1.042,0.0,8.7,0.774,0.0,23,3,False,1.5,0.0
s-22-022,22,delay_sensitive,1.023,0.0,9.251,0.577,0.0,23,3,False,1.5,0.0
s-22-023,22,delay_sensitive,1.36,0.0,7.553,0.479,0.0,23,3,False,1.5,0.0
s-22-024,22,delay_sensitive,0.913,0.0,7.386,0.844,0.0,23,3,False,1.5,0.0
s-22-025,22,delay_sensitive,1.015,0.0,4.758,0.98,0.0,23,3,False,1.5,0.0
s-22-026,22,delay_sensitive,1.035,0.0,4.97,0.748,0.0,23,3,False,1.5,0.0
s-22-027,22,delay_sensitive,1.067,0.0,7.591,0.588,0.0,23,3,False,1.5,0.0
s-22-028,22,delay_sensitive,1.201,0.0,4.803,0.434,0.0,23,3,False,1.5,0.0
s-22-029,22,delay_sensitive,1.383,0.0,6.409,0.445,0.0,23,3,False,1.5,0.0
s-22-030,22,delay_sensitive,1.194,0.0,5.667,0.439,0.0,23,3,False,1.5,0.0
s-22-031,22,delay_sensitive,0.991,0.0,8.649,0.561,0.0,23,3,True,1.5,0.18
s-22-032,22,delay_sensitive,1.002,0.0,6.689,0.773,0.0,23,3,False,1.5,0.0
s-22-033,22,delay_sensitive,1.193,0.0,5.085,0.668,0.0,23,3,False,1.5,0.0
s-22-034,22,delay_sensitive,0.95,0.0,6.234,0.834,0.0,23,3,False,1.5,0.0
s-22-035,22,delay_sensitive,1.112,0.0,9.705,0.684,0.0,23,3,False,1.5,0.0
s-22-036,22,delay_sensitive,1.327,0.0,7.777,0.639,0.0,23,3,False,1.5,0.0
s-22-037,22,delay_sensitive,1.349,0.0,4.851,0.415,0.0,23,3,False,1.5,0.0
s-22-038,22,delay_sensitive,0.96,0.0,8.852,0.537,0.0,23,3,False,1.5,0.0
s-22-039,22,delay_sensitive,1.197,0.0,7.959,0.928,0.0,23,3,True,1.5,0.18
s-22-040,22,delay_sensitive,1.058,0.0,4.825,0.437,0.0,23,3,False,1.5,0.0
s-22-041,22,delay_sensitive,0.953,0.0,6.123,0.538,0.0,23,3,False,1.5,0.0
s-22-042,22,delay_sensitive,0.905,0.0,4.565,0.526,0.0,23,3,False,1.5,0.0
s-22-043,22,delay_sensitive,0.95,0.0,7.839,0.58,0.0,23,3,False,1.5,0.0
s-22-044,22,delay_sensitive,0.925,0.0,9.108,0.691,0.0,23,3,False,1.5,0.0
s-22-045,22,delay_sensitive,1.219,0.0,5.566,0.763,0.0,23,3,False,1.5,0.0
s-22-046,22,delay_sensitive,1.246,0.0,5.508,0.479,0.0,23,3,False,1.5,0.0
s-22-047,22,delay_sensitive,1.151,0.0,5.418,0.891,0.0,23,3,False,1.5,0.0
s-22-048,22,delay_sensitive,1.238,0.0,8.202,0.724,0.0,23,3,False,1.5,0.0
s-22-049,22,delay_sensitive,0.99,0.0,9.566,0.404,0.0,23,3,False,1.5,0.0
s-22-050,22,delay_sensitive,1.142,0.0,4.249,0.696,0.0,23,3,False,1.5,0.0
s-22-051,22,delay_sensitive,1.187,0.0,9.77,0.928,0.0,23,3,False,1.5,0.0
s-22-052,22,delay_sensitive,1.194,0.0,9.917,0.658,0.0,23,3,False,1.5,0.0
s-22-053,22,delay_sensitive,1.336,0.0,9.657,0.5,0.0,23,3,False,1.5,0.0
s-22-054,22,delay_sensitive,1.171,0.0,5.739,0.66,0.0,23,3,False,1.5,0.0
s-22-055,22,delay_sensitive,1.16,0.0,7.819,0.871,0.0,23,3,False,1.5,0.0
s-22-056,22,delay_sensitive,1.164,0.0,5.153,0.843,0.0,23,3,False,1.5,0.0
s-22-057,22,delay_sensitive,1.287,0.0,8.197,0.826,0.0,23,3,False,1.5,0.0
s-22-058,22,delay_sensitive,1.102,0.0,5.031,0.844,0.0,23,3,False,1.5,0.0
s-22-059,22,delay_sensitive,1.141,0.0,7.951,0.867,0.0,23,3,False,1.5,0.0
s-22-060,22,delay_sensitive,1.362,0.0,9.174,0.783,0.0,23,3,False,1.5,0.0
s-22-061,22,delay_sensitive,1.087,0.0,8.714,0.635,0.0,23,3,False,1.5,0.0
s-22-062,22,delay_sensitive,0.986,0.0,9.217,0.405,0.0,23,3,False,1.5,0.0
s-22-063,22,delay_sensitive,0.992,0.0,8.376,0.798,0.0,23,3,False,1.5,0.0
s-22-064,22,delay_sensitive,0.984,0.0,9.298,0.58,0.0,23,3,False,1.5,0.0
s-22-065,22,delay_sensitive,1.106,0.0,7.534,0.551,0.0,23,3,False,1.5,0.0
s-22-066,22,delay_sensitive,0.906,0.0,9.106,0.502,0.0,23,3,False,1.5,0.0
s-22-067,22,delay_sensitive,1.361,0.0,4.523,0.742,0.0,23,3,False,1.5,0.0
s-22-068,22,delay_sensitive,0.906,0.0,4.081,0.821,0.0,23,3,False,1.5,0.0
s-22-069,22,delay_sensitive,0.985,0.0,8.162,0.424,0.0,23,3,False,1.5,0.0
s-22-070,22,delay_sensitive,0.9,0.0,9.511,0.935,0.0,23,3,False,1.5,0.0
s-22-071,22,delay_sensitive,0.926,0.0,7.484,0.658,0.0,23,3,False,1.5,0.0
s-22-072,22,delay_sensitive,1.139,0.0,5.71,0.424,0.0,23,3,False,1.5,0.0
t-22-000,22,delay_tolerant,0.83,0.0,7.424,0.351,199.058,23,2,True,0.9,0.06
t-22-001,22,delay_tolerant,1.015,0.0,4.066,0.396,421.087,23,2,False,0.9,0.0
t-22-002,22,delay_tolerant,1.037,0.0,5.294,0.303,136.84,23,2,True,0.9,0.06
t-22-003,22,delay_tolerant,0.857,0.0,5.915,0.322,263.991,23,2,False,0.9,0.0
t-22-004,22,delay_tolerant,1.074,0.0,5.508,0.804,290.641,23,2,True,0.9,0.06
t-22-005,22,delay_tolerant,0.956,0.0,4.31,0.615,458.181,23,2,False,0.9,0.0
t-22-006,22,delay_tolerant,0.93,0.0,5.778,0.42,272.517,23,2,True,0.9,0.06
t-22-007,22,delay_tolerant,1.064,0.0,8.144,0.704,194.011,23,2,False,0.9,0.0
t-22-008,22,delay_tolerant,0.846,0.0,6.857,0.776,213.231,23,2,False,0.9,0.0
t-22-009,22,delay_tolerant,0.974,0.0,3.823,0.42,155.691,23,2,True,0.9,0.06
t-22-010,22,delay_tolerant,1.127,0.0,3.698,0.749,285.516,23,2,True,0.9,0.06
t-22-011,22,delay_tolerant,1.158,0.0,6.14,0.586,271.28,23,2,True,0.9,0.06
t-22-012,22,delay_tolerant,1.077,0.0,7.74,0.663,184.822,23,2,True,0.9,0.06
t-22-013,22,delay_tolerant,1.152,0.0,7.853,0.584,429.005,23,2,False,0.9,0.0
t-22-014,22,delay_tolerant,0.977,0.0,8.988,0.802,297.989,23,2,True,0.9,0.06
t-22-015,22,delay_tolerant,0.869,0.0,7.184,0.325,180.732,23,2,True,0.9,0.06
t-22-016,22,delay_tolerant,0.923,0.0,7.629,0.347,298.636,23,2,True,0.9,0.06
t-22-017,22,delay_tolerant,0.971,0.0,5.011,0.418,416.609,23,2,True,0.9,0.06
t-22-018,22,delay_tolerant,1.028,0.0,8.985,0.399,434.693,23,2,True,0.9,0.06
t-22-019,22,delay_tolerant,0.89,0.0,8.052,0.382,321.388,23,2,True,0.9,0.06
t-22-020,22,delay_tolerant,0.987,0.0,4.187,0.56,374.195,23,2,True,0.9,0.06
t-22-021,22,delay_tolerant,1.192,0.0,3.019,0.503,300.31,23,2,False,0.9,0.0
t-22-022,22,delay_tolerant,0.925,0.0,7.452,0.461,152.893,23,2,False,0.9,0.0
t-22-023,22,delay_tolerant,0.929,0.0,6.54,0.31,407.31,23,2,True,0.9,0.06
t-22-024,22,delay_tolerant,0.991,0.0,3.466,0.703,137.968,23,2,False,0.9,0.0
t-22-025,22,delay_tolerant,1.054,0.0,7.422,0.476,284.02,23,2,False,0.9,0.0
t-22-026,22,delay_tolerant,0.885,0.0,3.307,0.737,149.648,23,2,True,0.9,0.06
t-22-027,22,delay_tolerant,1.185,0.0,5.108,0.549,442.595,23,2,False,0.9,0.0
t-22-028,22,delay_tolerant,1.151,0.0,7.53,0.542,452.862,23,2,True,0.9,0.06
t-22-029,22,delay_tolerant,0.919,0.0,7.164,0.612,413.932,23,2,True,0.9,0.06
t-22-030,22,delay_tolerant,0.813,0.0,3.359,0.572,452.821,23,2,True,0.9,0.06
t-22-031,22,delay_tolerant,0.844,0.0,7.662,0.485,134.763,23,2,True,0.9,0.06
t-22-032,22,delay_tolerant,1.135,0.0,5.31,0.474,205.028,23,2,False,0.9,0.0
t-22-033,22,delay_tolerant,0.971,0.0,5.025,0.322,374.12,23,2,False,0.9,0.0
t-22-034,22,delay_tolerant,0.97,0.0,6.055,0.427,262.689,23,2,True,0.9,0.06
t-22-035,22,delay_tolerant,0.884,0.0,7.905,0.583,404.925,23,2,True,0.9,0.06
t-22-036,22,delay_tolerant,0.854,0.0,7.409,0.552,439.627,23,2,True,0.9,0.06
t-22-037,22,delay_tolerant,1.057,0.0,7.657,0.669,397.595,23,2,False,0.9,0.0
t-22-038,22,delay_tolerant,1.003,0.0,4.975,0.601,238.617,23,2,True,0.9,0.06
t-22-039,22,delay_tolerant,0.819,0.0,5.824,0.423,269.296,23,2,False,0.9,0.0
t-22-040,22,delay_tolerant,0.868,0.0,6.09,0.671,425.214,23,2,False,0.9,0.0
g-22-000,22,token_batch,0.21,1.306,15.988,1.183,2837.0,23,1,True,0.95,0.06
g-22-001,22,token_batch,0.468,0.982,9.381,1.297,4656.0,23,1,True,0.95,0.06
g-22-002,22,token_batch,0.305,1.314,12.226,1.22,1440.0,23,1,True,0.95,0.06
g-22-003,22,token_batch,0.546,1.21,12.428,1.044,3432.0,23,1,True,0.95,0.06
g-22-004,22,token_batch,0.536,1.258,12.022,0.898,1965.0,23,1,True,0.95,0.06
g-22-005,22,token_batch,0.277,1.286,13.814,1.26,3143.0,23,1,True,0.95,0.06
g-22-006,22,token_batch,0.446,1.204,13.667,1.122,4637.0,23,1,True,0.95,0.06
g-22-007,22,token_batch,0.248,0.892,15.024,1.379,3209.0,23,1,True,0.95,0.06
g-22-008,22,token_batch,0.522,1.078,12.575,1.349,4364.0,23,1,True,0.95,0.06
g-22-009,22,token_batch,0.369,1.298,14.107,0.903,3386.0,23,1,True,0.95,0.06
g-22-010,22,token_batch,0.263,0.924,14.955,1.121,2395.0,23,1,True,0.95,0.06
g-22-011,22,token_batch,0.47,0.942,11.268,1.212,1556.0,23,1,True,0.95,0.06
g-22-012,22,token_batch,0.208,0.969,15.751,1.166,4035.0,23,1,True,0.95,0.06
g-22-013,22,token_batch,0.211,1.028,9.796,1.17,3041.0,23,1,True,0.95,0.06
g-22-014,22,token_batch,0.276,1.021,17.962,1.118,2998.0,23,1,True,0.95,0.06
g-22-015,22,token_batch,0.425,1.108,15.758,1.195,2150.0,23,1,True,0.95,0.06
g-22-016,22,token_batch,0.222,0.888,16.716,1.207,4524.0,23,1,True,0.95,0.06
g-22-017,22,token_batch,0.49,0.867,12.715,1.316,3108.0,23,1,True,0.95,0.06
g-22-018,22,token_batch,0.454,1.372,10.711,0.933,2782.0,23,1,True,0.95,0.06
g-22-019,22,token_batch,0.553,1.117,16.637,1.255,2607.0,23,1,True,0.95,0.06
g-22-020,22,token_batch,0.352,1.311,16.825,1.149,1621.0,23,1,True,0.95,0.06
g-22-021,22,token_batch,0.462,0.856,8.015,1.364,4681.0,23,1,True,0.95,0.06
g-22-022,22,token_batch,0.39,1.362,17.773,1.047,1668.0,23,1,True,0.95,0.06
g-22-023,22,token_batch,0.379,0.829,8.311,1.177,1374.0,23,1,True,0.95,0.06
g-22-024,22,token_batch,0.456,1.32,16.59,1.073,3320.0,23,1,True,0.95,0.06
g-22-025,22,token_batch,0.411,1.16,12.146,0.904,1815.0,23,1,True,0.95,0.06
g-22-026,22,token_batch,0.32,1.116,15.523,0.818,4611.0,23,1,True,0.95,0.06
g-22-027,22,token_batch,0.259,1.105,13.795,1.003,3074.0,23,1,True,0.95,0.06
g-22-028,22,token_batch,0.457,1.08,10.756,0.845,1953.0,23,1,True,0.95,0.06
g-22-029,22,token_batch,0.369,1.155,9.123,1.16,1208.0,23,1,True,0.95,0.06
g-22-030,22,token_batch,0.244,1.28,12.061,0.879,4716.0,23,1,True,0.95,0.06
g-22-031,22,token_batch,0.412,1.304,10.401,0.872,1335.0,23,1,True,0.95,0.06
s-23-000,23,delay_sensitive,1.279,0.0,5.051,0.954,0.0,23,3,False,1.5,0.0
s-23-001,23,delay_sensitive,1.351,0.0,5.587,0.562,0.0,23,3,False,1.5,0.0
s-23-002,23,delay_sensitive,1.197,0.0,7.781,0.51,0.0,23,3,False,1.5,0.0
s-23-003,23,delay_sensitive,1.399,0.0,8.083,0.925,0.0,23,3,False,1.5,0.0
s-23-004,23,delay_sensitive,0.941,0.0,4.066,0.848,0.0,23,3,False,1.5,0.0
s-23-005,23,delay_sensitive,1.365,0.0,4.856,0.497,0.0,23,3,False,1.5,0.0
s-23-006,23,delay_sensitive,1.007,0.0,7.58,0.751,0.0,23,3,False,1.5,0.0
s-23-007,23,delay_sensitive,0.978,0.0,5.337,0.619,0.0,23,3,False,1.5,0.0
s-23-008,23,delay_sensitive,1.176,0.0,5.598,0.671,0.0,23,3,True,1.5,0.18
s-23-009,23,delay_sensitive,1.363,0.0,4.353,0.766,0.0,23,3,False,1.5,0.0
s-23-010,23,delay_sensitive,1.124,0.0,4.791,0.853,0.0,23,3,False,1.5,0.0
s-23-011,23,delay_sensitive,1.059,0.0,9.067,0.935,0.0,23,3,False,1.5,0.0
s-23-012,23,delay_sensitive,1.076,0.0,5.334,0.858,0.0,23,3,False,1.5,0.0
s-23-013,23,delay_sensitive,1.277,0.0,8.199,0.889,0.0,23,3,False,1.5,0.0
s-23-014,23,delay_sensitive,1.289,0.0,5.67,0.41,0.0,23,3,False,1.5,0.0
s-23-015,23,delay_sensitive,1.1,0.0,8.21,0.904,0.0,23,3,False,1.5,0.0
s-23-016,23,delay_sensitive,1.173,0.0,4.713,0.925,0.0,23,3,False,1.5,0.0
s-23-017,23,delay_sensitive,1.399,0.0,5.493,0.622,0.0,23,3,False,1.5,0.0
s-23-018,23,delay_sensitive,1.1,0.0,4.914,0.519,0.0,23,3,False,1.5,0.0
s-23-019,23,delay_sensitive,1.114,0.0,6.287,0.884,0.0,23,3,False,1.5,0.0
s-23-020,23,delay_sensitive,1.212,0.0,7.174,0.57,0.0,23,3,False,1.5,0.0
s-23-021,23,delay_sensitive,1.086,0.0,5.862,0.89,0.0,23,3,False,1.5,0.0
s-23-022,23,delay_sensitive,1.328,0.0,7.999,0.505,0.0,23,3,False,1.5,0.0
s-23-023,23,delay_sensitive,1.376,0.0,5.116,0.715,0.0,23,3,False,1.5,0.0
s-23-024,23,delay_sensitive,1.381,0.0,7.382,0.477,0.0,23,3,False,1.5,0.0
s-23-025,23,delay_sensitive,1.099,0.0,9.799,0.969,0.0,23,3,False,1.5,0.0
s-23-026,23,delay_sensitive,1.104,0.0,5.135,0.607,0.0,23,3,False,1.5,0.0
s-23-027,23,delay_sensitive,1.195,0.0,9.338,0.76,0.0,23,3,False,1.5,0.0
s-23-028,23,delay_sensitive,1.194,0.0,8.423,0.875,0.0,23,3,False,1.5,0.0
s-23-029,23,delay_sensitive,1.024,0.0,5.924,0.732,0.0,23,3,False,1.5,0.0
s-23-030,23,delay_sensitive,1.386,0.0,7.336,0.678,0.0,23,3,False,1.5,0.0
s-23-031,23,delay_sensitive,1.205,0.0,6.233,0.869,0.0,23,3,False,1.5,0.0
s-23-032,23,delay_sensitive,0.961,0.0,5.529,0.504,0.0,23,3,True,1.5,0.18
s-23-033,23,delay_sensitive,1.333,0.0,5.509,0.765,0.0,23,3,False,1.5,0.0
s-23-034,23,delay_sensitive,1.064,0.0,7.619,0.848,0.0,23,3,False,1.5,0.0
s-23-035,23,delay_sensitive,1.2,0.0,4.929,0.476,0.0,23,3,False,1.5,0.0
s-23-036,23,delay_sensitive,0.902,0.0,4.399,0.578,0.0,23,3,True,1.5,0.18
s-23-037,23,delay_sensitive,1.229,0.0,6.798,0.639,0.0,23,3,False,1.5,0.0
s-23-038,23,delay_sensitive,1.262,0.0,9.663,0.974,0.0,23,3,False,1.5,0.0
s-23-039,23,delay_sensitive,1.226,0.0,5.361,0.42,0.0,23,3,False,1.5,0.0
s-23-040,23,delay_sensitive,1.368,0.0,4.424,0.58,0.0,23,3,False,1.5,0.0
s-23-041,23,delay_sensitive,1.158,0.0,7.449,0.593,0.0,23,3,True,1.5,0.18
s-23-042,23,delay_sensitive,1.322,0.0,6.82,0.42,0.0,23,3,False,1.5,0.0
s-23-043,23,delay_sensitive,1.117,0.0,5.963,0.803,0.0,23,3,False,1.5,0.0
s-23-044,23,delay_sensitive,1.271,0.0,8.003,0.818,0.0,23,3,False,1.5,0.0
s-23-045,23,delay_sensitive,0.906,0.0,7.727,0.826,0.0,23,3,False,1.5,0.0
s-23-046,23,delay_sensitive,1.159,0.0,5.401,0.899,0.0,23,3,False,1.5,0.0
s-23-047,23,delay_sensitive,1.366,0.0,9.96,0.657,0.0,23,3,False,1.5,0.0
s-23-048,23,delay_sensitive,0.951,0.0,9.66,0.735,0.0,23,3,False,1.5,0.0
s-23-049,23,delay_sensitive,0.963,0.0,9.626,0.964,0.0,23,3,False,1.5,0.0
s-23-050,23,delay_sensitive,1.173,0.0,9.837,0.89,0.0,23,3,False,1.5,0.0
s-23-051,23,delay_sensitive,1.329,0.0,6.414,0.479,0.0,23,3,False,1.5,0.0
s-23-052,23,delay_sensitive,1.137,0.0,6.187,0.777,0.0,23,3,True,1.5,0.18
s-23-053,23,delay_sensitive,1.208,0.0,6.454,0.962,0.0,23,3,True,1.5,0.18
t-23-000,23,delay_tolerant,1.191,0.0,3.918,0.759,449.527,23,2,True,0.9,0.06
t-23-001,23,delay_tolerant,0.916,0.0,8.08,0.486,406.345,23,2,False,0.9,0.0
t-23-002,23,delay_tolerant,0.848,0.0,3.98,0.435,146.115,23,2,True,0.9,0.06
t-23-003,23,delay_tolerant,1.047,0.0,8.103,0.358,138.659,23,2,True,0.9,0.06
t-23-004,23,delay_tolerant,1.057,0.0,3.44,0.894,245.86,23,2,True,0.9,0.06
t-23-005,23,delay_tolerant,1.103,0.0,7.571,0.408,136.196,23,2,True,0.9,0.06
t-23-006,23,delay_tolerant,1.049,0.0,8.015,0.659,145.554,23,2,True,0.9,0.06
t-23-007,23,delay_tolerant,0.877,0.0,5.758,0.414,383.434,23,2,True,0.9,0.06
t-23-008,23,delay_tolerant,0.924,0.0,8.08,0.472,339.216,23,2,False,0.9,0.0
t-23-009,23,delay_tolerant,0.81,0.0,7.499,0.621,431.76,23,2,True,0.9,0.06
t-23-010,23,delay_tolerant,0.826,0.0,8.812,0.303,421.299,23,2,True,0.9,0.06
t-23-011,23,delay_tolerant,1.111,0.0,6.65,0.772,346.755,23,2,True,0.9,0.06
t-23-012,23,delay_tolerant,1.112,0.0,5.144,0.59,206.001,23,2,True,0.9,0.06
t-23-013,23,delay_tolerant,1.015,0.0,5.083,0.461,258.07,23,2,True,0.9,0.06
t-23-014,23,delay_tolerant,1.126,0.0,6.35,0.512,120.524,23,2,True,0.9,0.06
t-23-015,23,delay_tolerant,0.832,0.0,7.42,0.357,442.271,23,2,True,0.9,0.06
t-23-016,23,delay_tolerant,1.087,0.0,6.715,0.701,209.595,23,2,True,0.9,0.06
t-23-017,23,delay_tolerant,0.959,0.0,6.88,0.793,120.969,23,2,True,0.9,0.06
t-23-018,23,delay_tolerant,0.898,0.0,7.973,0.308,232.134,23,2,True,0.9,0.06
t-23-019,23,delay_tolerant,0.911,0.0,3.11,0.757,337.515,23,2,True,0.9,0.06
t-23-020,23,delay_tolerant,0.871,0.0,7.826,0.314,195.242,23,2,True,0.9,0.06
t-23-021,23,delay_tolerant,0.864,0.0,8.639,0.739,205.877,23,2,True,0.9,0.06
t-23-022,23,delay_tolerant,1.018,0.0,5.396,0.869,346.203,23,2,False,0.9,0.0
t-23-023,23,delay_tolerant,1.064,0.0,6.205,0.307,261.027,23,2,False,0.9,0.0
t-23-024,23,delay_tolerant,0.935,0.0,8.825,0.529,369.138,23,2,True,0.9,0.06
t-23-025,23,delay_tolerant,1.147,0.0,7.334,0.506,270.309,23,2,True,0.9,0.06
t-23-026,23,delay_tolerant,0.876,0.0,8.913,0.48,426.002,23,2,True,0.9,0.06
t-23-027,23,delay_tolerant,1.16,0.0,7.573,0.804,295.458,23,2,False,0.9,0.0
t-23-028,23,delay_tolerant,1.042,0.0,5.898,0.881,334.769,23,2,False,0.9,0.0
t-23-029,23,delay_tolerant,1.086,0.0,6.597,0.669,314.707,23,2,False,0.9,0.0
g-23-000,23,token_batch,0.289,0.855,14.807,1.346,4745.0,23,1,True,0.95,0.06
g-23-001,23,token_batch,0.24,1.001,10.757,1.003,2750.0,23,1,True,0.95,0.06
g-23-002,23,token_batch,0.265,1.04,9.865,0.872,2604.0,23,1,True,0.95,0.06
g-23-003,23,token_batch,0.361,0.977,12.548,1.21,3887.0,23,1,True,0.95,0.06
g-23-004,23,token_batch,0.207,0.936,17.05,1.207,1801.0,23,1,True,0.95,0.06
g-23-005,23,token_batch,0.581,1.018,10.785,1.088,3155.0,23,1,True,0.95,0.06
g-23-006,23,token_batch,0.413,1.335,15.726,1.351,4737.0,23,1,True,0.95,0.06
g-23-007,23,token_batch,0.378,0.838,11.904,0.844,1527.0,23,1,True,0.95,0.06
g-23-008,23,token_batch,0.336,0.946,10.723,1.326,3544.0,23,1,True,0.95,0.06
g-23-009,23,token_batch,0.355,1.045,16.728,0.908,4492.0,23,1,True,0.95,0.06
g-23-010,23,token_batch,0.504,1.026,8.028,0.939,4079.0,23,1,True,0.95,0.06
g-23-011,23,token_batch,0.5,0.844,13.346,0.81,1764.0,23,1,True,0.95,0.06
g-23-012,23,token_batch,0.525,1.344,8.059,1.344,3191.0,23,1,True,0.95,0.06
g-23-013,23,token_batch,0.219,1.357,8.518,0.942,2843.0,23,1,True,0.95,0.06
g-23-014,23,token_batch,0.295,1.298,11.71,0.878,2821.0,23,1,True,0.95,0.06
g-23-015,23,token_batch,0.235,1.18,10.66,0.805,3825.0,23,1,True,0.95,0.06
g-23-016,23,token_batch,0.248,1.316,13.866,1.155,3607.0,23,1,True,0.95,0.06
g-23-017,23,token_batch,0.522,0.942,8.288,1.019,1440.0,23,1,True,0.95,0.06
g-23-018,23,token_batch,0.305,0.895,10.0,1.366,3691.0,23,1,True,0.95,0.06
g-23-019,23,token_batch,0.387,1.158,10.313,0.867,3528.0,23,1,True,0.95,0.06
g-23-020,23,token_batch,0.217,1.174,13.334,0.826,2807.0,23,1,True,0.95,0.06
g-23-021,23,token_batch,0.567,1.369,17.344,1.197,2628.0,23,1,True,0.95,0.06
g-23-022,23,token_batch,0.309,1.178,17.518,0.826,4523.0,23,1,True,0.95,0.06
g-23-023,23,token_batch,0.423,1.163,14.935,1.355,4260.0,23,1,True,0.95,0.06
