task_id,arrival_time,task_type,cpu_demand,gpu_demand,memory_demand,bandwidth_demand,token_amount,deadline,priority,migratable,migration_cost_weight,migration_delay_penalty
j104461,0,token_batch,1.475,0.9767,11.0,0.5,3927.312,4,1,False,1.0,0.0
j104461,0,delay_tolerant,0.9283,0.0,7.7333,0.5,0.0,3,2,False,1.0,0.0
j104461,0,token_batch,1.475,0.0,11.0,0.5,4060.2,4,1,True,1.0,0.1169
j105288,0,delay_sensitive,0.5183,0.0,7.7333,0.5,0.0,1,3,False,1.0,0.0
j105288,0,delay_sensitive,0.7233,0.0,7.7333,0.5,0.0,1,3,False,1.0,0.0
j105288,0,delay_sensitive,1.4067,0.0,10.5333,0.5,0.0,1,3,False,1.0,0.0
j106224,0,delay_sensitive,0.7917,0.0,7.7333,0.5,0.0,1,3,False,1.0,0.0
j106224,0,delay_sensitive,0.7917,0.0,7.7333,0.5,0.0,1,3,False,1.0,0.0
j106544,0,delay_sensitive,1.475,0.0,11.0,0.5,0.0,1,3,False,1.0,0.0
j107349,0,delay_tolerant,0.5183,0.0,7.7333,0.5,0.0,3,2,True,1.0,0.05
j107349,0,token_batch,2.5,1.007,18.0,0.5,4978.421,4,1,True,1.0,0.05
j109174,0,delay_sensitive,1.475,0.0,11.0,0.5,0.0,1,3,False,1.0,0.0
j109174,0,delay_sensitive,1.4067,0.0,10.5333,0.5,0.0,1,3,False,1.0,0.0
j113315,0,delay_tolerant,0.655,0.0,7.7333,0.5,0.0,3,2,False,1.0,0.0
j115325,0,delay_sensitive,1.475,0.0,11.0,0.5,0.0,1,3,False,1.0,0.0
j119267,0,delay_sensitive,1.475,0.0,11.0,0.5,0.0,1,3,False,1.0,0.0
j119267,0,delay_sensitive,1.475,0.0,11.0,0.5,0.0,1,3,False,1.0,0.0
j119594,0,delay_sensitive,1.475,0.0,11.0,0.5,0.0,1,3,False,1.0,0.0
j119827,0,delay_sensitive,1.475,0.0,11.0,0.5,0.0,1,3,False,1.0,0.0
j125286,0,delay_sensitive,1.9533,0.0,14.2667,0.5,0.0,1,3,False,1.0,0.0
j135361,0,token_batch,1.475,1.2725,11.0,0.5,4124.992,4,1,True,1.0,0.0847
j136924,0,delay_tolerant,0.5183,0.0,7.7333,0.5,0.0,3,2,False,1.0,0.0
j150730,0,delay_sensitive,1.065,0.0,8.2,0.5,0.0,1,3,False,1.0,0.0
j151786,0,delay_tolerant,0.655,0.0,7.7333,0.5,0.0,3,2,True,1.0,0.0785
j151870,0,delay_sensitive,1.475,0.0,11.0,0.5,0.0,1,3,False,1.0,0.0
j157216,0,delay_sensitive,1.475,0.0,11.0,0.5,0.0,1,3,False,1.0,0.0
j157216,0,delay_sensitive,0.5867,0.0,7.7333,0.5,0.0,1,3,False,1.0,0.0
j158021,0,delay_sensitive,0.5867,0.0,7.7333,0.5,0.0,1,3,False,1.0,0.0
j158021,0,delay_sensitive,1.1333,0.0,8.6667,0.5,0.0,1,3,False,1.0,0.0
j161522,0,delay_tolerant,1.1333,0.0,8.6667,0.5,0.0,3,2,True,1.0,0.05
j168048,0,token_batch,1.475,0.0,11.0,0.5,4280.258,4,1,False,1.0,0.0
j173711,0,delay_sensitive,0.9283,0.0,7.7333,0.5,0.0,1,3,False,1.0,0.0
j176671,0,delay_sensitive,0.86,0.0,7.7333,0.5,0.0,1,3,False,1.0,0.0
j178360,0,delay_sensitive,1.475,0.0,11.0,0.5,0.0,1,3,False,1.0,0.0
j187281,0,delay_tolerant,0.7917,0.0,7.7333,0.5,0.0,3,2,True,1.0,0.05
j187281,0,delay_tolerant,0.5183,0.0,7.7333,0.5,0.0,3,2,True,1.0,0.05
j194394,0,delay_sensitive,1.2017,0.0,9.1333,0.5,0.0,1,3,False,1.0,0.0
j194394,0,delay_sensitive,1.065,0.0,8.2,0.5,0.0,1,3,False,1.0,0.0
j194394,0,delay_sensitive,0.5183,0.0,7.7333,0.5,0.0,1,3,False,1.0,0.0
j197012,0,delay_sensitive,1.27,0.0,9.6,0.5,0.0,1,3,False,1.0,0.0
j197012,0,delay_sensitive,1.475,0.0,11.0,0.5,0.0,1,3,False,1.0,0.0
j197613,0,token_batch,1.475,1.2675,11.0,0.5,4540.3,4,1,True,1.0,0.05
j200104,0,delay_sensitive,1.27,0.0,9.6,0.5,0.0,1,3,False,1.0,0.0
j211092,0,delay_sensitive,0.5183,0.0,7.7333,0.5,0.0,1,3,False,1.0,0.0
j216877,0,delay_sensitive,0.7233,0.0,7.7333,0.5,0.0,1,3,False,1.0,0.0
j221281,0,token_batch,1.475,1.1821,11.0,0.5,3959.15,4,1,True,1.0,0.05
j221783,0,delay_sensitive,1.2017,0.0,9.1333,0.5,0.0,1,3,False,1.0,0.0
j223710,0,token_batch,1.475,1.4636,11.0,0.5,4290.812,4,1,True,1.0,0.05
j225972,0,delay_sensitive,1.475,0.0,11.0,0.5,0.0,1,3,False,1.0,0.0
j230069,0,delay_sensitive,1.475,0.0,11.0,0.5,0.0,1,3,False,1.0,0.0
j230254,0,delay_sensitive,0.9967,0.0,7.7333,0.5,0.0,1,3,False,1.0,0.0
j230254,0,delay_sensitive,0.86,0.0,7.7333,0.5,0.0,1,3,False,1.0,0.0
j230347,0,token_batch,1.475,0.8136,11.0,0.5,4015.211,4,1,True,1.0,0.05
j2305,0,delay_sensitive,0.9283,0.0,7.7333,0.5,0.0,1,3,False,1.0,0.0
j231650,0,delay_sensitive,1.475,0.0,11.0,0.5,0.0,1,3,False,1.0,0.0
j232755,0,delay_sensitive,1.475,0.0,11.0,0.5,0.0,1,3,False,1.0,0.0
j236598,0,delay_sensitive,1.5433,0.0,11.4667,0.5,0.0,1,3,False,1.0,0.0
j236598,0,delay_sensitive,0.5183,0.0,7.7333,0.5,0.0,1,3,False,1.0,0.0
j242066,0,delay_sensitive,0.5183,0.0,7.7333,0.5,0.0,1,3,False,1.0,0.0
j253677,0,delay_sensitive,1.27,0.0,9.6,0.5,0.0,1,3,False,1.0,0.0
j253677,0,delay_sensitive,0.5183,0.0,7.7333,0.5,0.0,1,3,False,1.0,0.0
j253677,0,delay_sensitive,0.9283,0.0,7.7333,0.5,0.0,1,3,False,1.0,0.0
j253677,0,delay_sensitive,0.5183,0.0,7.7333,0.5,0.0,1,3,False,1.0,0.0
j253677,0,delay_sensitive,1.2017,0.0,9.1333,0.5,0.0,1,3,False,1.0,0.0
j253677,0,delay_sensitive,0.9967,0.0,7.7333,0.5,0.0,1,3,False,1.0,0.0
j253677,0,delay_sensitive,0.9283,0.0,7.7333,0.5,0.0,1,3,False,1.0,0.0
j253737,0,token_batch,1.475,1.2416,11.0,0.5,3914.085,4,1,True,1.0,0.1352
j253737,0,delay_tolerant,0.7917,0.0,7.7333,0.5,0.0,3,2,True,1.0,0.05
j254279,0,delay_sensitive,0.5183,0.0,7.7333,0.5,0.0,1,3,False,1.0,0.0
j259556,0,token_batch,1.475,0.0,11.0,0.5,4598.789,4,1,False,1.0,0.0
j259650,0,delay_sensitive,1.475,0.0,11.0,0.5,0.0,1,3,False,1.0,0.0
j263018,0,delay_sensitive,1.4067,0.0,10.5333,0.5,0.0,1,3,False,1.0,0.0
j263018,0,delay_sensitive,0.7233,0.0,7.7333,0.5,0.0,1,3,False,1.0,0.0
j269438,0,delay_sensitive,0.86,0.0,7.7333,0.5,0.0,1,3,False,1.0,0.0
j269438,0,delay_sensitive,0.7233,0.0,7.7333,0.5,0.0,1,3,False,1.0,0.0
j269438,0,delay_sensitive,0.9967,0.0,7.7333,0.5,0.0,1,3,False,1.0,0.0
j281862,0,token_batch,1.475,0.8894,11.0,0.5,4527.432,4,1,False,1.0,0.0
j285829,0,delay_sensitive,0.86,0.0,7.7333,0.5,0.0,1,3,False,1.0,0.0
j291405,0,delay_sensitive,1.475,0.0,11.0,0.5,0.0,1,3,False,1.0,0.0
j293870,0,delay_sensitive,0.5867,0.0,7.7333,0.5,0.0,1,3,False,1.0,0.0
j296977,0,delay_sensitive,1.475,0.0,11.0,0.5,0.0,1,3,False,1.0,0.0
j298569,0,delay_sensitive,0.5183,0.0,7.7333,0.5,0.0,1,3,False,1.0,0.0
j306979,0,delay_sensitive,1.2017,0.0,9.1333,0.5,0.0,1,3,False,1.0,0.0
j306979,0,delay_sensitive,1.3383,0.0,10.0667,0.5,0.0,1,3,False,1.0,0.0
j306979,0,delay_sensitive,0.7233,0.0,7.7333,0.5,0.0,1,3,False,1.0,0.0
j317544,0,delay_sensitive,0.5867,0.0,7.7333,0.5,0.0,1,3,False,1.0,0.0
j318851,0,delay_tolerant,0.5183,0.0,7.7333,0.5,0.0,3,2,True,1.0,0.05
j326780,0,delay_sensitive,1.475,0.0,11.0,0.5,0.0,1,3,False,1.0,0.0
j34124,0,delay_sensitive,1.475,0.0,11.0,0.5,0.0,1,3,False,1.0,0.0
j343677,0,delay_sensitive,0.9283,0.0,7.7333,0.5,0.0,1,3,False,1.0,0.0
j343749,0,delay_tolerant,0.9967,0.0,7.7333,0.5,0.0,3,2,True,1.0,0.05
j343749,0,delay_tolerant,0.5183,0.0,7.7333,0.5,0.0,3,2,False,1.0,0.0
j345072,0,delay_sensitive,0.5183,0.0,7.7333,0.5,0.0,1,3,False,1.0,0.0
j348840,0,delay_sensitive,1.475,0.0,11.0,0.5,0.0,1,3,False,1.0,0.0
j35346,0,delay_sensitive,1.475,0.0,11.0,0.5,0.0,1,3,False,1.0,0.0
j357491,0,delay_sensitive,0.5183,0.0,7.7333,0.5,0.0,1,3,False,1.0,0.0
j357491,0,delay_sensitive,0.5183,0.0,7.7333,0.5,0.0,1,3,False,1.0,0.0
j357491,0,delay_sensitive,0.5183,0.0,7.7333,0.5,0.0,1,3,False,1.0,0.0
j357491,0,delay_sensitive,1.4067,0.0,10.5333,0.5,0.0,1,3,False,1.0,0.0
j357491,0,delay_sensitive,1.27,0.0,9.6,0.5,0.0,1,3,False,1.0,0.0
j358571,0,delay_sensitive,1.2017,0.0,9.1333,0.5,0.0,1,3,False,1.0,0.0
j358571,0,delay_sensitive,0.86,0.0,7.7333,0.5,0.0,1,3,False,1.0,0.0
j359193,0,delay_sensitive,1.27,0.0,9.6,0.5,0.0,1,3,False,1.0,0.0
j360424,0,delay_sensitive,1.475,0.0,11.0,0.5,0.0,1,3,False,1.0,0.0
j360424,0,delay_sensitive,1.1333,0.0,8.6667,0.5,0.0,1,3,False,1.0,0.0
j360424,0,delay_sensitive,1.475,0.0,11.0,0.5,0.0,1,3,False,1.0,0.0
j360555,0,delay_tolerant,0.9967,0.0,7.7333,0.5,0.0,3,2,True,1.0,0.05
j360555,0,token_batch,1.475,0.5598,11.0,0.5,4061.087,4,1,False,1.0,0.0
j361691,0,delay_sensitive,0.7917,0.0,7.7333,0.5,0.0,1,3,False,1.0,0.0
j363511,0,delay_sensitive,0.5183,0.0,7.7333,0.5,0.0,1,3,False,1.0,0.0
j363511,0,delay_sensitive,0.9967,0.0,7.7333,0.5,0.0,1,3,False,1.0,0.0
j373669,0,delay_sensitive,1.475,0.0,11.0,0.5,0.0,1,3,False,1.0,0.0
j380742,0,delay_sensitive,1.2017,0.0,9.1333,0.5,0.0,1,3,False,1.0,0.0
j382781,0,token_batch,1.475,1.265,11.0,0.5,3737.163,4,1,True,1.0,0.1158
j387830,0,delay_sensitive,0.86,0.0,7.7333,0.5,0.0,1,3,False,1.0,0.0
j389077,0,delay_sensitive,0.5183,0.0,7.7333,0.5,0.0,1,3,False,1.0,0.0
j390100,0,delay_tolerant,0.9283,0.0,7.7333,0.5,0.0,3,2,True,1.0,0.0312
j391532,0,delay_sensitive,0.655,0.0,7.7333,0.5,0.0,1,3,False,1.0,0.0
j391858,0,delay_sensitive,1.1333,0.0,8.6667,0.5,0.0,1,3,False,1.0,0.0
j396069,0,delay_sensitive,0.5867,0.0,7.7333,0.5,0.0,1,3,False,1.0,0.0
j396069,0,delay_sensitive,1.1333,0.0,8.6667,0.5,0.0,1,3,False,1.0,0.0
j396069,0,delay_sensitive,1.475,0.0,11.0,0.5,0.0,1,3,False,1.0,0.0
j398612,0,delay_sensitive,1.475,0.0,11.0,0.5,0.0,1,3,False,1.0,0.0
j401860,0,delay_sensitive,1.1333,0.0,8.6667,0.5,0.0,1,3,False,1.0,0.0
j406901,0,delay_sensitive,0.9967,0.0,7.7333,0.5,0.0,1,3,False,1.0,0.0
j406901,0,delay_sensitive,1.475,0.0,11.0,0.5,0.0,1,3,False,1.0,0.0
j410879,0,delay_sensitive,0.7233,0.0,7.7333,0.5,0.0,1,3,False,1.0,0.0
j417219,0,token_batch,1.5433,1.3483,11.4667,0.5,4578.853,4,1,True,1.0,0.1506
j41978,0,delay_sensitive,1.065,0.0,8.2,0.5,0.0,1,3,False,1.0,0.0
j41978,0,delay_sensitive,1.475,0.0,11.0,0.5,0.0,1,3,False,1.0,0.0
j419809,0,delay_sensitive,1.3383,0.0,10.0667,0.5,0.0,1,3,False,1.0,0.0
j419809,0,delay_sensitive,1.3383,0.0,10.0667,0.5,0.0,1,3,False,1.0,0.0
j424333,0,delay_sensitive,0.7917,0.0,7.7333,0.5,0.0,1,3,False,1.0,0.0
j424333,0,delay_sensitive,1.475,0.0,11.0,0.5,0.0,1,3,False,1.0,0.0
j425235,0,delay_sensitive,1.2017,0.0,9.1333,0.5,0.0,1,3,False,1.0,0.0
j43808,0,delay_sensitive,0.5183,0.0,7.7333,0.5,0.0,1,3,False,1.0,0.0
j451729,0,delay_sensitive,0.5183,0.0,7.7333,0.5,0.0,1,3,False,1.0,0.0
j453383,0,delay_tolerant,0.7917,0.0,7.7333,0.5,0.0,3,2,False,1.0,0.0
j453383,0,delay_tolerant,0.5183,0.0,7.7333,0.5,0.0,3,2,False,1.0,0.0
j453452,0,delay_sensitive,1.475,0.0,11.0,0.5,0.0,1,3,False,1.0,0.0
j464554,0,delay_tolerant,0.7233,0.0,7.7333,0.5,0.0,3,2,False,1.0,0.0
j467420,0,delay_tolerant,0.5183,0.0,7.7333,0.5,0.0,3,2,False,1.0,0.0
j467552,0,delay_sensitive,1.475,0.0,11.0,0.5,0.0,1,3,False,1.0,0.0
j469191,0,token_batch,2.5,1.2396,18.0,0.5,5463.543,4,1,True,1.0,0.05
j475830,0,delay_sensitive,1.475,0.0,11.0,0.5,0.0,1,3,False,1.0,0.0
j480012,0,delay_sensitive,1.475,0.0,11.0,0.5,0.0,1,3,False,1.0,0.0
j483873,0,delay_sensitive,1.065,0.0,8.2,0.5,0.0,1,3,False,1.0,0.0
j490257,0,delay_sensitive,1.475,0.0,11.0,0.5,0.0,1,3,False,1.0,0.0
j490491,0,delay_sensitive,0.9283,0.0,7.7333,0.5,0.0,1,3,False,1.0,0.0
j494123,0,token_batch,1.475,1.4792,11.0,0.5,4546.265,4,1,True,1.0,0.05
j494123,0,delay_sensitive,1.475,0.0,11.0,0.5,0.0,1,3,False,1.0,0.0
j498834,0,delay_tolerant,1.3383,0.0,10.0667,0.5,0.0,3,2,False,1.0,0.0
j507822,0,delay_sensitive,0.5183,0.0,7.7333,0.5,0.0,1,3,False,1.0,0.0
j509141,0,delay_sensitive,1.475,0.0,11.0,0.5,0.0,1,3,False,1.0,0.0
j514762,0,delay_sensitive,1.475,0.0,11.0,0.5,0.0,1,3,False,1.0,0.0
j516247,0,delay_sensitive,0.5867,0.0,7.7333,0.5,0.0,1,3,False,1.0,0.0
j516247,0,delay_sensitive,0.5183,0.0,7.7333,0.5,0.0,1,3,False,1.0,0.0
j518992,0,delay_sensitive,1.475,0.0,11.0,0.5,0.0,1,3,False,1.0,0.0
j518992,0,delay_sensitive,1.475,0.0,11.0,0.5,0.0,1,3,False,1.0,0.0
j521595,0,token_batch,1.475,0.545,11.0,0.5,4495.79,4,1,True,1.0,0.05
j531987,0,delay_sensitive,0.7233,0.0,7.7333,0.5,0.0,1,3,False,1.0,0.0
j532672,0,token_batch,1.475,0.0,11.0,0.5,3709.122,4,1,True,1.0,0.1881
j533882,0,delay_sensitive,1.475,0.0,11.0,0.5,0.0,1,3,False,1.0,0.0
j535876,0,delay_sensitive,1.475,0.0,11.0,0.5,0.0,1,3,False,1.0,0.0
j535876,0,delay_sensitive,1.475,0.0,11.0,0.5,0.0,1,3,False,1.0,0.0
j538802,0,delay_sensitive,0.5183,0.0,7.7333,0.5,0.0,1,3,False,1.0,0.0
j540802,0,delay_sensitive,1.475,0.0,11.0,0.5,0.0,1,3,False,1.0,0.0
j542337,0,delay_sensitive,0.5867,0.0,7.7333,0.5,0.0,1,3,False,1.0,0.0
j54287,0,delay_sensitive,1.4067,0.0,10.5333,0.5,0.0,1,3,False,1.0,0.0
j54287,0,delay_sensitive,0.5867,0.0,7.7333,0.5,0.0,1,3,False,1.0,0.0
j55204,0,delay_sensitive,1.4067,0.0,10.5333,0.5,0.0,1,3,False,1.0,0.0
j552082,0,delay_tolerant,1.3383,0.0,10.0667,0.5,0.0,3,2,True,1.0,0.062
j552265,0,delay_tolerant,0.7917,0.0,7.7333,0.5,0.0,3,2,True,1.0,0.05
j552265,0,token_batch,1.475,0.0,11.0,0.5,4202.146,4,1,True,1.0,0.0969
j561303,0,delay_sensitive,0.5183,0.0,7.7333,0.5,0.0,1,3,False,1.0,0.0
j561303,0,delay_sensitive,1.475,0.0,11.0,0.5,0.0,1,3,False,1.0,0.0
j562816,0,delay_sensitive,0.5867,0.0,7.7333,0.5,0.0,1,3,False,1.0,0.0
j568245,0,delay_sensitive,0.7917,0.0,7.7333,0.5,0.0,1,3,False,1.0,0.0
j571568,0,delay_sensitive,0.7917,0.0,7.7333,0.5,0.0,1,3,False,1.0,0.0
j571568,0,delay_sensitive,1.065,0.0,8.2,0.5,0.0,1,3,False,1.0,0.0
j571568,0,delay_sensitive,1.27,0.0,9.6,0.5,0.0,1,3,False,1.0,0.0
j576081,0,delay_sensitive,1.1333,0.0,8.6667,0.5,0.0,1,3,False,1.0,0.0
j579614,0,delay_sensitive,1.475,0.0,11.0,0.5,0.0,1,3,False,1.0,0.0
j579614,0,delay_sensitive,1.2017,0.0,9.1333,0.5,0.0,1,3,False,1.0,0.0
j580796,0,delay_sensitive,1.2017,0.0,9.1333,0.5,0.0,1,3,False,1.0,0.0
j580855,0,delay_tolerant,0.5867,0.0,7.7333,0.5,0.0,3,2,False,1.0,0.0
j583371,0,delay_sensitive,1.27,0.0,9.6,0.5,0.0,1,3,False,1.0,0.0
j583402,0,delay_tolerant,1.3383,0.0,10.0667,0.5,0.0,3,2,False,1.0,0.0
j5856,0,delay_tolerant,1.4067,0.0,10.5333,0.5,0.0,3,2,True,1.0,0.05
j5869,0,delay_sensitive,1.475,0.0,11.0,0.5,0.0,1,3,False,1.0,0.0
j5869,0,delay_sensitive,1.475,0.0,11.0,0.5,0.0,1,3,False,1.0,0.0
j592953,0,token_batch,1.475,0.5723,11.0,0.5,4069.972,4,1,False,1.0,0.0
j600349,0,delay_sensitive,1.1333,0.0,8.6667,0.5,0.0,1,3,False,1.0,0.0
j601568,0,delay_tolerant,0.655,0.0,7.7333,0.5,0.0,3,2,True,1.0,0.05
j613886,0,delay_sensitive,2.5,0.0,18.0,0.5,0.0,1,3,False,1.0,0.0
j613886,0,delay_sensitive,0.7917,0.0,7.7333,0.5,0.0,1,3,False,1.0,0.0
j625280,0,delay_tolerant,1.3383,0.0,10.0667,0.5,0.0,3,2,True,1.0,0.0293
j62803,0,delay_sensitive,1.1333,0.0,8.6667,0.5,0.0,1,3,False,1.0,0.0
j62803,0,delay_sensitive,0.5183,0.0,7.7333,0.5,0.0,1,3,False,1.0,0.0
j62999,0,delay_tolerant,0.5183,0.0,7.7333,0.5,0.0,3,2,False,1.0,0.0
j62999,0,delay_tolerant,0.5183,0.0,7.7333,0.5,0.0,3,2,True,1.0,0.05
j630586,0,delay_tolerant,0.5867,0.0,7.7333,0.5,0.0,3,2,True,1.0,0.05
j63216,0,delay_sensitive,1.475,0.0,11.0,0.5,0.0,1,3,False,1.0,0.0
j635701,0,delay_sensitive,1.475,0.0,11.0,0.5,0.0,1,3,False,1.0,0.0
j643701,0,delay_sensitive,0.5183,0.0,7.7333,0.5,0.0,1,3,False,1.0,0.0
j643701,0,delay_sensitive,0.86,0.0,7.7333,0.5,0.0,1,3,False,1.0,0.0
j643701,0,delay_sensitive,1.475,0.0,11.0,0.5,0.0,1,3,False,1.0,0.0
j646308,0,delay_sensitive,1.475,0.0,11.0,0.5,0.0,1,3,False,1.0,0.0
j647487,0,delay_sensitive,1.065,0.0,8.2,0.5,0.0,1,3,False,1.0,0.0
j647487,0,delay_sensitive,1.475,0.0,11.0,0.5,0.0,1,3,False,1.0,0.0
j647487,0,delay_sensitive,1.475,0.0,11.0,0.5,0.0,1,3,False,1.0,0.0
j647487,0,delay_sensitive,0.5183,0.0,7.7333,0.5,0.0,1,3,False,1.0,0.0
j649904,0,delay_tolerant,1.1333,0.0,8.6667,0.5,0.0,3,2,False,1.0,0.0
j649904,0,delay_tolerant,0.9283,0.0,7.7333,0.5,0.0,3,2,False,1.0,0.0
j650514,0,delay_sensitive,1.475,0.0,11.0,0.5,0.0,1,3,False,1.0,0.0
j650514,0,delay_sensitive,0.655,0.0,7.7333,0.5,0.0,1,3,False,1.0,0.0
j652826,0,delay_sensitive,0.655,0.0,7.7333,0.5,0.0,1,3,False,1.0,0.0
j656084,0,delay_sensitive,0.5183,0.0,7.7333,0.5,0.0,1,3,False,1.0,0.0
j673569,0,delay_sensitive,1.475,0.0,11.0,0.5,0.0,1,3,False,1.0,0.0
j682801,0,token_batch,1.475,0.8503,11.0,0.5,3911.441,4,1,True,1.0,0.05
j692454,0,delay_sensitive,0.5183,0.0,7.7333,0.5,0.0,1,3,False,1.0,0.0
j692454,0,delay_sensitive,0.5183,0.0,7.7333,0.5,0.0,1,3,False,1.0,0.0
j694030,0,delay_sensitive,1.475,0.0,11.0,0.5,0.0,1,3,False,1.0,0.0
j699288,0,token_batch,1.475,0.9948,11.0,0.5,4564.37,4,1,True,1.0,0.05
j699288,0,token_batch,1.475,1.48,11.0,0.5,4142.556,4,1,False,1.0,0.0
j700313,0,delay_sensitive,1.475,0.0,11.0,0.5,0.0,1,3,False,1.0,0.0
j701175,0,delay_sensitive,0.5183,0.0,7.7333,0.5,0.0,1,3,False,1.0,0.0
j708704,0,token_batch,1.475,0.875,11.0,0.5,4257.439,4,1,True,1.0,0.1797
j709587,0,delay_sensitive,1.4067,0.0,10.5333,0.5,0.0,1,3,False,1.0,0.0
j709587,0,delay_sensitive,2.5,0.0,18.0,0.5,0.0,1,3,False,1.0,0.0
j710367,0,delay_sensitive,0.86,0.0,7.7333,0.5,0.0,1,3,False,1.0,0.0
j713376,0,delay_sensitive,1.27,0.0,9.6,0.5,0.0,1,3,False,1.0,0.0
j716526,0,delay_tolerant,1.3383,0.0,10.0667,0.5,0.0,3,2,True,1.0,0.038
j730555,0,delay_sensitive,1.475,0.0,11.0,0.5,0.0,1,3,False,1.0,0.0
j734726,0,delay_sensitive,0.5867,0.0,7.7333,0.5,0.0,1,3,False,1.0,0.0
j734726,0,delay_sensitive,1.27,0.0,9.6,0.5,0.0,1,3,False,1.0,0.0
j740493,0,delay_sensitive,1.475,0.0,11.0,0.5,0.0,1,3,False,1.0,0.0
j740637,0,delay_sensitive,0.5867,0.0,7.7333,0.5,0.0,1,3,False,1.0,0.0
j753730,0,delay_tolerant,0.5183,0.0,7.7333,0.5,0.0,3,2,False,1.0,0.0
j757923,0,delay_sensitive,0.86,0.0,7.7333,0.5,0.0,1,3,False,1.0,0.0
j765620,0,delay_sensitive,1.475,0.0,11.0,0.5,0.0,1,3,False,1.0,0.0
j765724,0,delay_sensitive,0.5183,0.0,7.7333,0.5,0.0,1,3,False,1.0,0.0
j7671,0,token_batch,1.475,0.9684,11.0,0.5,4335.662,4,1,True,1.0,0.05
j767277,0,delay_sensitive,1.1333,0.0,8.6667,0.5,0.0,1,3,False,1.0,0.0
j772766,0,delay_tolerant,0.86,0.0,7.7333,0.5,0.0,3,2,True,1.0,0.0356
j772766,0,token_batch,1.475,0.0,11.0,0.5,4104.796,4,1,True,1.0,0.1556
j774741,0,delay_sensitive,1.065,0.0,8.2,0.5,0.0,1,3,False,1.0,0.0
j774741,0,delay_sensitive,1.9533,0.0,14.2667,0.5,0.0,1,3,False,1.0,0.0
j774741,0,delay_sensitive,1.27,0.0,9.6,0.5,0.0,1,3,False,1.0,0.0
j775051,0,delay_sensitive,0.5867,0.0,7.7333,0.5,0.0,1,3,False,1.0,0.0
j777403,0,delay_sensitive,0.86,0.0,7.7333,0.5,0.0,1,3,False,1.0,0.0
j779367,0,delay_sensitive,1.475,0.0,11.0,0.5,0.0,1,3,False,1.0,0.0
j779367,0,delay_sensitive,1.2017,0.0,9.1333,0.5,0.0,1,3,False,1.0,0.0
j7794,0,delay_tolerant,0.5183,0.0,7.7333,0.5,0.0,3,2,False,1.0,0.0
j780552,0,delay_sensitive,1.475,0.0,11.0,0.5,0.0,1,3,False,1.0,0.0
j780552,0,delay_sensitive,0.655,0.0,7.7333,0.5,0.0,1,3,False,1.0,0.0
j785747,0,delay_sensitive,0.86,0.0,7.7333,0.5,0.0,1,3,False,1.0,0.0
j788929,0,token_batch,1.475,1.0242,11.0,0.5,4263.32,4,1,True,1.0,0.1759
j789673,0,delay_sensitive,1.475,0.0,11.0,0.5,0.0,1,3,False,1.0,0.0
j792985,0,delay_sensitive,0.5183,0.0,7.7333,0.5,0.0,1,3,False,1.0,0.0
j792985,0,delay_sensitive,1.475,0.0,11.0,0.5,0.0,1,3,False,1.0,0.0
j796518,0,delay_sensitive,1.2017,0.0,9.1333,0.5,0.0,1,3,False,1.0,0.0
j801800,0,delay_sensitive,1.27,0.0,9.6,0.5,0.0,1,3,False,1.0,0.0
j801915,0,delay_sensitive,1.27,0.0,9.6,0.5,0.0,1,3,False,1.0,0.0
j804106,0,delay_sensitive,0.7917,0.0,7.7333,0.5,0.0,1,3,False,1.0,0.0
j806218,0,delay_tolerant,0.655,0.0,7.7333,0.5,0.0,3,2,True,1.0,0.0938
j813411,0,delay_sensitive,1.475,0.0,11.0,0.5,0.0,1,3,False,1.0,0.0
j818965,0,delay_sensitive,0.5183,0.0,7.7333,0.5,0.0,1,3,False,1.0,0.0
j823589,0,delay_sensitive,1.475,0.0,11.0,0.5,0.0,1,3,False,1.0,0.0
j828772,0,delay_sensitive,1.2017,0.0,9.1333,0.5,0.0,1,3,False,1.0,0.0
j829781,0,delay_sensitive,0.9283,0.0,7.7333,0.5,0.0,1,3,False,1.0,0.0
j83983,0,delay_sensitive,0.5183,0.0,7.7333,0.5,0.0,1,3,False,1.0,0.0
j84426,0,delay_sensitive,0.5183,0.0,7.7333,0.5,0.0,1,3,False,1.0,0.0
j84426,0,delay_sensitive,1.475,0.0,11.0,0.5,0.0,1,3,False,1.0,0.0
j845094,0,delay_sensitive,0.5183,0.0,7.7333,0.5,0.0,1,3,False,1.0,0.0
j845308,0,delay_tolerant,1.065,0.0,8.2,0.5,0.0,3,2,False,1.0,0.0
j846565,0,delay_tolerant,1.4067,0.0,10.5333,0.5,0.0,3,2,False,1.0,0.0
j846565,0,delay_tolerant,1.27,0.0,9.6,0.5,0.0,3,2,True,1.0,0.0904
j850561,0,delay_sensitive,1.475,0.0,11.0,0.5,0.0,1,3,False,1.0,0.0
j852084,0,delay_sensitive,1.7483,0.0,12.8667,0.5,0.0,1,3,False,1.0,0.0
j852084,0,delay_sensitive,0.5183,0.0,7.7333,0.5,0.0,1,3,False,1.0,0.0
j855250,0,token_batch,1.475,1.3381,11.0,0.5,4319.45,4,1,False,1.0,0.0
j859443,0,delay_sensitive,1.475,0.0,11.0,0.5,0.0,1,3,False,1.0,0.0
j861367,0,delay_tolerant,0.5183,0.513,7.7333,0.5,0.0,3,2,False,1.0,0.0
j865086,0,delay_sensitive,0.5183,0.0,7.7333,0.5,0.0,1,3,False,1.0,0.0
j865086,0,delay_sensitive,0.86,0.0,7.7333,0.5,0.0,1,3,False,1.0,0.0
j869223,0,delay_sensitive,1.1333,0.0,8.6667,0.5,0.0,1,3,False,1.0,0.0
j869223,0,delay_sensitive,0.5183,0.0,7.7333,0.5,0.0,1,3,False,1.0,0.0
j873379,0,delay_sensitive,0.7917,0.0,7.7333,0.5,0.0,1,3,False,1.0,0.0
j873379,0,delay_sensitive,0.5867,0.0,7.7333,0.5,0.0,1,3,False,1.0,0.0
j875525,0,token_batch,1.475,0.0,11.0,0.5,4619.16,4,1,False,1.0,0.0
j875963,0,delay_sensitive,0.5183,0.0,7.7333,0.5,0.0,1,3,False,1.0,0.0
j875963,0,token_batch,1.475,0.0,11.0,0.5,4357.659,4,1,True,1.0,0.1902
j879560,0,delay_tolerant,0.5867,0.0,7.7333,0.5,0.0,3,2,True,1.0,0.05
j892681,0,delay_sensitive,0.5183,0.0,7.7333,0.5,0.0,1,3,False,1.0,0.0
j898253,0,delay_sensitive,0.5867,0.0,7.7333,0.5,0.0,1,3,False,1.0,0.0
j899767,0,delay_tolerant,0.5183,0.0,7.7333,0.5,0.0,3,2,False,1.0,0.0
j899767,0,delay_tolerant,0.5183,0.0,7.7333,0.5,0.0,3,2,False,1.0,0.0
j90165,0,delay_sensitive,0.9967,0.0,7.7333,0.5,0.0,1,3,False,1.0,0.0
j90201,0,delay_tolerant,0.9283,0.0,7.7333,0.5,0.0,3,2,True,1.0,0.05
j904264,0,delay_sensitive,0.5183,0.0,7.7333,0.5,0.0,1,3,False,1.0,0.0
j907081,0,delay_sensitive,1.4067,0.0,10.5333,0.5,0.0,1,3,False,1.0,0.0
j911341,0,delay_sensitive,0.5183,0.0,7.7333,0.5,0.0,1,3,False,1.0,0.0
j911341,0,delay_sensitive,1.3383,0.0,10.0667,0.5,0.0,1,3,False,1.0,0.0
j915388,0,delay_sensitive,0.5183,0.0,7.7333,0.5,0.0,1,3,False,1.0,0.0
j915388,0,delay_sensitive,0.5867,0.0,7.7333,0.5,0.0,1,3,False,1.0,0.0
j98514,0,delay_sensitive,1.475,0.0,11.0,0.5,0.0,1,3,False,1.0,0.0
j98514,0,delay_sensitive,1.475,0.0,11.0,0.5,0.0,1,3,False,1.0,0.0
j9925,0,delay_sensitive,1.475,0.0,11.0,0.5,0.0,1,3,False,1.0,0.0
j100284,1,delay_tolerant,0.5183,0.0,7.7333,0.5,0.0,4,2,False,1.0,0.0
j100284,1,delay_tolerant,0.9283,0.0,7.7333,0.5,0.0,4,2,False,1.0,0.0
j101597,1,delay_tolerant,0.7233,0.0,7.7333,0.5,0.0,4,2,False,1.0,0.0
j101982,1,delay_tolerant,1.1333,0.0,8.6667,0.5,0.0,9,2,False,1.0,0.0
j102672,1,delay_tolerant,0.9283,0.0,7.7333,0.5,0.0,7,2,True,1.0,0.0306
j103176,1,token_batch,1.475,0.5613,11.0,0.5,4112.871,6,1,True,1.0,0.05
j10411,1,delay_tolerant,1.065,0.0,8.2,0.5,0.0,5,2,True,1.0,0.1
j104172,1,token_batch,1.5433,0.7474,11.4667,0.5,4317.315,5,1,True,1.0,0.1045
j105604,1,delay_tolerant,1.2017,0.0,9.1333,0.5,0.0,8,2,False,1.0,0.0
j105604,1,delay_tolerant,0.5183,0.0,7.7333,0.5,0.0,4,2,False,1.0,0.0
j105697,1,token_batch,1.475,0.9399,11.0,0.5,3981.376,5,1,False,1.0,0.0
j105697,1,delay_tolerant,0.5183,0.5433,7.7333,0.5,0.0,4,2,False,1.0,0.0
j106434,1,delay_tolerant,0.86,0.0,7.7333,0.5,0.0,6,2,False,1.0,0.0
j106766,1,delay_tolerant,1.27,0.0,9.6,0.5,0.0,4,2,False,1.0,0.0
j107935,1,delay_sensitive,0.5183,0.0,7.7333,0.5,0.0,2,3,False,1.0,0.0
j107988,1,delay_tolerant,0.7233,0.0,7.7333,0.5,0.0,9,2,False,1.0,0.0
j108435,1,delay_tolerant,0.655,0.0,7.7333,0.5,0.0,4,2,True,1.0,0.0556
j109057,1,delay_tolerant,0.655,0.0,7.7333,0.5,0.0,4,2,False,1.0,0.0
j11246,1,delay_tolerant,1.1333,0.0,8.6667,0.5,0.0,9,2,True,1.0,0.05
j11624,1,delay_tolerant,1.3383,0.0,10.0667,0.5,0.0,6,2,True,1.0,0.05
j11624,1,delay_tolerant,1.27,0.0,9.6,0.5,0.0,6,2,True,1.0,0.0355
j116403,1,delay_tolerant,0.7233,0.0,7.7333,0.5,0.0,4,2,True,1.0,0.05
j116403,1,delay_tolerant,0.9967,0.0,7.7333,0.5,0.0,6,2,False,1.0,0.0
j116427,1,token_batch,1.475,0.7925,11.0,0.5,4269.942,6,1,True,1.0,0.05
j118387,1,token_batch,1.475,0.9898,11.0,0.5,4079.51,6,1,True,1.0,0.05
j119165,1,delay_tolerant,1.1333,0.0,8.6667,0.5,0.0,5,2,True,1.0,0.0832
j119953,1,token_batch,1.475,0.445,11.0,0.5,3774.169,8,1,True,1.0,0.05
j121171,1,delay_tolerant,0.5183,0.0,7.7333,0.5,0.0,4,2,True,1.0,0.0751
j125284,1,delay_tolerant,0.9967,0.0,7.7333,0.5,0.0,6,2,True,1.0,0.058
j126625,1,delay_tolerant,0.9283,0.0,7.7333,0.5,0.0,9,2,True,1.0,0.05
j126625,1,delay_tolerant,0.7233,0.0,7.7333,0.5,0.0,9,2,False,1.0,0.0
j128233,1,delay_tolerant,1.4067,0.0,10.5333,0.5,0.0,7,2,True,1.0,0.089
j12837,1,delay_tolerant,0.7233,0.0,7.7333,0.5,0.0,4,2,False,1.0,0.0
j12918,1,delay_tolerant,0.86,0.0,7.7333,0.5,0.0,4,2,True,1.0,0.05
j12919,1,delay_tolerant,0.5183,0.0,7.7333,0.5,0.0,4,2,False,1.0,0.0
j130451,1,delay_tolerant,0.5183,0.0,7.7333,0.5,0.0,4,2,True,1.0,0.05
j130925,1,token_batch,1.475,1.3597,11.0,0.5,4179.481,5,1,True,1.0,0.1999
j130925,1,token_batch,1.475,0.0,11.0,0.5,3979.684,5,1,False,1.0,0.0
j132237,1,token_batch,1.475,0.8093,11.0,0.5,4539.5,5,1,True,1.0,0.05
j133008,1,delay_tolerant,1.4067,0.0,10.5333,0.5,0.0,9,2,False,1.0,0.0
j133100,1,token_batch,1.475,0.7374,11.0,0.5,3633.23,9,1,False,1.0,0.0
j133149,1,delay_tolerant,0.9283,0.0,7.7333,0.5,0.0,5,2,False,1.0,0.0
j133149,1,token_batch,1.475,0.0,11.0,0.5,4151.477,6,1,False,1.0,0.0
j136430,1,delay_tolerant,0.5183,0.0,7.7333,0.5,0.0,4,2,True,1.0,0.05
j136430,1,delay_tolerant,0.5183,0.0,7.7333,0.5,0.0,4,2,True,1.0,0.05
j137546,1,delay_tolerant,1.2017,0.0,9.1333,0.5,0.0,5,2,False,1.0,0.0
j137546,1,token_batch,1.475,0.0,11.0,0.5,4351.623,5,1,True,1.0,0.1075
j138381,1,delay_tolerant,0.5183,0.0,7.7333,0.5,0.0,4,2,True,1.0,0.0215
j138965,1,delay_tolerant,0.5183,0.2284,7.7333,0.5,0.0,4,2,True,1.0,0.0341
j140313,1,token_batch,2.4317,0.422,17.5333,0.5,4940.79,7,1,True,1.0,0.1655
j140814,1,token_batch,1.6117,0.0,11.9333,0.5,5096.792,5,1,True,1.0,0.1746
j140814,1,token_batch,2.5,1.0115,18.0,0.5,5432.251,5,1,False,1.0,0.0
j140814,1,delay_tolerant,1.065,0.0,8.2,0.5,0.0,4,2,True,1.0,0.05
j140814,1,delay_tolerant,0.5183,0.0,7.7333,0.5,0.0,4,2,True,1.0,0.05
j140814,1,delay_tolerant,1.1333,0.0,8.6667,0.5,0.0,4,2,True,1.0,0.05
j14148,1,delay_tolerant,0.86,0.0,7.7333,0.5,0.0,4,2,True,1.0,0.0237
j142049,1,delay_tolerant,0.5183,0.0,7.7333,0.5,0.0,4,2,False,1.0,0.0
j14288,1,delay_tolerant,0.5867,0.0,7.7333,0.5,0.0,4,2,False,1.0,0.0
j143247,1,delay_tolerant,0.9283,0.0,7.7333,0.5,0.0,6,2,True,1.0,0.0417
j143298,1,delay_tolerant,1.065,0.0,8.2,0.5,0.0,7,2,True,1.0,0.0704
j143339,1,delay_tolerant,1.065,0.0,8.2,0.5,0.0,4,2,False,1.0,0.0
j144478,1,token_batch,2.1583,0.0,15.6667,0.5,4193.938,5,1,False,1.0,0.0
j144478,1,token_batch,1.68,0.8014,12.4,0.5,4483.895,5,1,False,1.0,0.0
j144789,1,token_batch,1.475,1.2871,11.0,0.5,4422.554,6,1,True,1.0,0.05
j144789,1,delay_tolerant,1.2017,0.0,9.1333,0.5,0.0,6,2,True,1.0,0.05
j144789,1,delay_tolerant,1.1333,0.0,8.6667,0.5,0.0,6,2,True,1.0,0.0763
j145598,1,delay_tolerant,1.1333,0.0,8.6667,0.5,0.0,9,2,True,1.0,0.05
j145787,1,token_batch,1.475,0.4381,11.0,0.5,3711.991,6,1,False,1.0,0.0
j147237,1,token_batch,1.475,0.7959,11.0,0.5,4004.722,6,1,True,1.0,0.05
j148171,1,delay_tolerant,0.9967,0.0,7.7333,0.5,0.0,6,2,True,1.0,0.0336
j148171,1,token_batch,1.475,0.7456,11.0,0.5,4267.906,6,1,False,1.0,0.0
j149077,1,delay_tolerant,1.065,0.0,8.2,0.5,0.0,8,2,False,1.0,0.0
j150753,1,token_batch,1.475,0.6903,11.0,0.5,4106.368,8,1,True,1.0,0.05
j150753,1,token_batch,1.475,0.5208,11.0,0.5,3592.377,8,1,True,1.0,0.1595
j15135,1,delay_tolerant,0.5183,0.0,7.7333,0.5,0.0,4,2,False,1.0,0.0
j15135,1,token_batch,1.475,1.1355,11.0,0.5,3977.151,5,1,True,1.0,0.05
j151791,1,delay_tolerant,1.1333,0.0,8.6667,0.5,0.0,4,2,False,1.0,0.0
j151791,1,delay_tolerant,1.1333,0.0,8.6667,0.5,0.0,4,2,False,1.0,0.0
j152569,1,delay_tolerant,0.655,0.0,7.7333,0.5,0.0,6,2,True,1.0,0.05
j152957,1,delay_tolerant,1.1333,0.0,8.6667,0.5,0.0,4,2,True,1.0,0.05
j152957,1,token_batch,2.5,1.3616,18.0,0.5,5497.111,5,1,True,1.0,0.1823
j152957,1,delay_tolerant,1.3383,0.0,10.0667,0.5,0.0,4,2,False,1.0,0.0
j152957,1,delay_tolerant,1.1333,0.0,8.6667,0.5,0.0,4,2,True,1.0,0.05
j153850,1,delay_tolerant,0.9967,0.0,7.7333,0.5,0.0,8,2,True,1.0,0.045
j153862,1,token_batch,1.475,1.2222,11.0,0.5,3451.201,9,1,True,1.0,0.1747
j154682,1,delay_sensitive,0.5183,0.0,7.7333,0.5,0.0,2,3,False,1.0,0.0
j154682,1,delay_tolerant,0.9283,0.0,7.7333,0.5,0.0,9,2,True,1.0,0.05
j154682,1,delay_tolerant,0.7917,0.2949,7.7333,0.5,0.0,8,2,False,1.0,0.0
j154695,1,delay_tolerant,1.2017,0.0,9.1333,0.5,0.0,8,2,True,1.0,0.05
j15475,1,token_batch,1.475,0.0,11.0,0.5,4600.209,6,1,False,1.0,0.0
j155823,1,delay_tolerant,0.9967,0.4808,7.7333,0.5,0.0,4,2,True,1.0,0.032
j155823,1,token_batch,1.475,0.9355,11.0,0.5,4540.422,5,1,False,1.0,0.0
j155823,1,delay_tolerant,0.86,0.0,7.7333,0.5,0.0,4,2,True,1.0,0.0297
j156192,1,delay_tolerant,1.065,0.0,8.2,0.5,0.0,9,2,True,1.0,0.05
j157442,1,delay_tolerant,0.7233,0.0,7.7333,0.5,0.0,7,2,False,1.0,0.0
j159128,1,token_batch,1.475,1.3968,11.0,0.5,4213.336,9,1,False,1.0,0.0
j159630,1,delay_tolerant,0.9283,0.3817,7.7333,0.5,0.0,8,2,True,1.0,0.023
j159990,1,token_batch,1.475,0.0,11.0,0.5,3903.724,9,1,False,1.0,0.0
j160909,1,delay_tolerant,0.5867,0.0,7.7333,0.5,0.0,4,2,True,1.0,0.05
j160909,1,token_batch,1.475,0.9385,11.0,0.5,4314.163,5,1,True,1.0,0.05
j161741,1,delay_tolerant,1.1333,0.0,8.6667,0.5,0.0,4,2,True,1.0,0.0381
j162635,1,token_batch,1.475,0.0,11.0,0.5,4402.023,8,1,True,1.0,0.1781
j16524,1,delay_tolerant,0.7233,0.0,7.7333,0.5,0.0,4,2,True,1.0,0.0782
j166871,1,delay_tolerant,1.2017,0.0,9.1333,0.5,0.0,6,2,False,1.0,0.0
j168238,1,delay_tolerant,0.5183,0.0,7.7333,0.5,0.0,4,2,False,1.0,0.0
j168238,1,token_batch,1.475,0.6112,11.0,0.5,4154.837,7,1,True,1.0,0.128
j168238,1,delay_sensitive,0.5183,0.0,7.7333,0.5,0.0,2,3,False,1.0,0.0
j168238,1,token_batch,1.475,0.0,11.0,0.5,3986.783,7,1,False,1.0,0.0
j170793,1,token_batch,1.475,1.1516,11.0,0.5,3724.691,6,1,True,1.0,0.05
j170855,1,delay_tolerant,0.5183,0.0,7.7333,0.5,0.0,4,2,True,1.0,0.05
j171883,1,token_batch,1.475,0.8021,11.0,0.5,4161.018,5,1,True,1.0,0.1026
j171961,1,delay_tolerant,0.7233,0.0,7.7333,0.5,0.0,6,2,True,1.0,0.05
j173433,1,delay_tolerant,0.86,0.0,7.7333,0.5,0.0,4,2,False,1.0,0.0
j173997,1,delay_tolerant,0.7917,0.0,7.7333,0.5,0.0,4,2,False,1.0,0.0
j174109,1,delay_tolerant,0.655,0.0,7.7333,0.5,0.0,4,2,False,1.0,0.0
j17488,1,token_batch,1.475,0.0,11.0,0.5,3767.146,5,1,True,1.0,0.1826
j17488,1,delay_tolerant,1.1333,0.0,8.6667,0.5,0.0,4,2,False,1.0,0.0
j176040,1,delay_tolerant,1.065,0.0,8.2,0.5,0.0,4,2,False,1.0,0.0
j176040,1,token_batch,1.475,0.0,11.0,0.5,3625.366,5,1,False,1.0,0.0
j177475,1,token_batch,1.475,1.4009,11.0,0.5,3437.54,5,1,True,1.0,0.1962
j177920,1,token_batch,1.475,0.9821,11.0,0.5,4511.471,5,1,True,1.0,0.1879
j177920,1,delay_tolerant,0.5183,0.0,7.7333,0.5,0.0,4,2,True,1.0,0.05
j179443,1,delay_tolerant,0.655,0.0,7.7333,0.5,0.0,4,2,False,1.0,0.0
j179680,1,token_batch,1.475,0.9206,11.0,0.5,3575.866,7,1,False,1.0,0.0
j179680,1,delay_tolerant,0.5867,0.0,7.7333,0.5,0.0,4,2,True,1.0,0.027
j180131,1,token_batch,1.475,0.6378,11.0,0.5,3508.162,5,1,True,1.0,0.1213
j183241,1,delay_tolerant,1.1333,0.0,8.6667,0.5,0.0,4,2,False,1.0,0.0
j183795,1,delay_tolerant,0.5183,0.0,7.7333,0.5,0.0,4,2,False,1.0,0.0
j18385,1,token_batch,1.475,0.0,11.0,0.5,4103.942,9,1,True,1.0,0.1372
j18385,1,delay_tolerant,1.4067,0.4081,10.5333,0.5,0.0,9,2,True,1.0,0.05
j189295,1,token_batch,1.475,1.4994,11.0,0.5,3448.647,5,1,True,1.0,0.1849
j189295,1,token_batch,1.475,0.0,11.0,0.5,4291.254,5,1,False,1.0,0.0
j189295,1,delay_tolerant,1.4067,0.0,10.5333,0.5,0.0,5,2,False,1.0,0.0
j189493,1,token_batch,1.475,0.6205,11.0,0.5,3438.479,5,1,True,1.0,0.05
j19169,1,delay_tolerant,1.065,0.0,8.2,0.5,0.0,6,2,True,1.0,0.05
j19169,1,delay_tolerant,0.655,0.0,7.7333,0.5,0.0,5,2,True,1.0,0.05
j19201,1,token_batch,1.475,1.4278,11.0,0.5,4261.937,9,1,False,1.0,0.0
j192121,1,token_batch,1.475,0.8912,11.0,0.5,4181.128,8,1,True,1.0,0.1461
j193763,1,delay_tolerant,0.9283,0.0,7.7333,0.5,0.0,5,2,False,1.0,0.0
j194638,1,delay_tolerant,0.86,0.0,7.7333,0.5,0.0,4,2,True,1.0,0.0278
j194721,1,delay_tolerant,0.7917,0.0,7.7333,0.5,0.0,4,2,False,1.0,0.0
j196095,1,token_batch,1.475,0.5015,11.0,0.5,4170.087,8,1,True,1.0,0.133
j196664,1,delay_tolerant,0.9283,0.3009,7.7333,0.5,0.0,5,2,False,1.0,0.0
j197286,1,delay_tolerant,0.5867,0.0,7.7333,0.5,0.0,5,2,False,1.0,0.0
j197582,1,delay_tolerant,0.7233,0.0,7.7333,0.5,0.0,6,2,False,1.0,0.0
j197582,1,delay_tolerant,0.5183,0.0,7.7333,0.5,0.0,4,2,False,1.0,0.0
j197582,1,delay_tolerant,0.7917,0.0,7.7333,0.5,0.0,4,2,True,1.0,0.05
j198607,1,delay_tolerant,0.5183,0.0,7.7333,0.5,0.0,4,2,False,1.0,0.0
j200442,1,delay_tolerant,0.5183,0.0,7.7333,0.5,0.0,4,2,True,1.0,0.05
j200691,1,token_batch,1.475,0.6,11.0,0.5,4573.556,5,1,False,1.0,0.0
j201837,1,token_batch,2.5,1.1064,18.0,0.5,5102.606,6,1,True,1.0,0.05
j202799,1,delay_tolerant,0.5867,0.0,7.7333,0.5,0.0,4,2,False,1.0,0.0
j203076,1,delay_tolerant,1.2017,0.0,9.1333,0.5,0.0,4,2,False,1.0,0.0
j20311,1,token_batch,1.475,0.0,11.0,0.5,4565.397,5,1,True,1.0,0.084
j204015,1,delay_tolerant,0.9967,0.0,7.7333,0.5,0.0,9,2,False,1.0,0.0
j204050,1,delay_tolerant,1.4067,0.2712,10.5333,0.5,0.0,4,2,False,1.0,0.0
j20527,1,token_batch,1.475,0.0,11.0,0.5,4198.11,8,1,True,1.0,0.1551
j205303,1,delay_tolerant,1.065,0.0,8.2,0.5,0.0,7,2,False,1.0,0.0
j205303,1,delay_tolerant,0.5183,0.0,7.7333,0.5,0.0,4,2,False,1.0,0.0
j205303,1,token_batch,1.475,0.0,11.0,0.5,4195.479,7,1,False,1.0,0.0
j205373,1,delay_tolerant,0.5183,0.0,7.7333,0.5,0.0,4,2,True,1.0,0.0816
j205527,1,delay_tolerant,0.5183,0.0,7.7333,0.5,0.0,4,2,False,1.0,0.0
j205527,1,delay_sensitive,0.5183,0.0,7.7333,0.5,0.0,2,3,False,1.0,0.0
j205618,1,delay_tolerant,0.655,0.0,7.7333,0.5,0.0,6,2,True,1.0,0.0551
j206810,1,token_batch,1.475,0.0,11.0,0.5,4581.326,8,1,True,1.0,0.1283
j206810,1,delay_tolerant,0.9283,0.0,7.7333,0.5,0.0,8,2,False,1.0,0.0
j20699,1,delay_tolerant,0.9283,0.0,7.7333,0.5,0.0,8,2,False,1.0,0.0
j207853,1,delay_tolerant,1.3383,0.0,10.0667,0.5,0.0,8,2,False,1.0,0.0
j208577,1,delay_tolerant,1.3383,0.0,10.0667,0.5,0.0,6,2,True,1.0,0.05
j208892,1,delay_tolerant,1.1333,0.0,8.6667,0.5,0.0,5,2,True,1.0,0.05
j20934,1,delay_tolerant,0.5183,0.0,7.7333,0.5,0.0,4,2,True,1.0,0.0401
j210619,1,token_batch,1.475,1.219,11.0,0.5,3813.289,8,1,True,1.0,0.05
j211690,1,delay_tolerant,0.7233,0.0,7.7333,0.5,0.0,4,2,True,1.0,0.0226
j212047,1,token_batch,1.475,0.7669,11.0,0.5,3552.585,5,1,False,1.0,0.0
j212787,1,delay_tolerant,0.9967,0.0,7.7333,0.5,0.0,4,2,False,1.0,0.0
j213036,1,delay_tolerant,0.655,0.501,7.7333,0.5,0.0,4,2,True,1.0,0.05
j213296,1,delay_tolerant,0.7917,0.0,7.7333,0.5,0.0,4,2,False,1.0,0.0
j220285,1,delay_tolerant,0.5183,0.0,7.7333,0.5,0.0,6,2,False,1.0,0.0
j220285,1,delay_tolerant,0.655,0.0,7.7333,0.5,0.0,6,2,False,1.0,0.0
j220420,1,delay_tolerant,0.86,0.0,7.7333,0.5,0.0,9,2,False,1.0,0.0
j220789,1,delay_tolerant,0.5183,0.0,7.7333,0.5,0.0,4,2,False,1.0,0.0
j220789,1,token_batch,1.6117,0.0,11.9333,0.5,4845.635,5,1,False,1.0,0.0
j221017,1,token_batch,1.475,1.4387,11.0,0.5,3853.166,5,1,True,1.0,0.158
j222426,1,delay_tolerant,1.1333,0.0,8.6667,0.5,0.0,4,2,True,1.0,0.05
j22248,1,delay_tolerant,0.86,0.0,7.7333,0.5,0.0,4,2,False,1.0,0.0
j22248,1,delay_tolerant,0.5183,0.0,7.7333,0.5,0.0,4,2,True,1.0,0.05
j222852,1,token_batch,2.5,0.5086,18.0,0.5,5132.351,8,1,False,1.0,0.0
j222852,1,delay_tolerant,0.5183,0.0,7.7333,0.5,0.0,4,2,False,1.0,0.0
j223123,1,delay_tolerant,0.5183,0.0,7.7333,0.5,0.0,9,2,True,1.0,0.05
j22464,1,delay_tolerant,0.5867,0.0,7.7333,0.5,0.0,4,2,True,1.0,0.05
j22464,1,delay_tolerant,1.4067,0.0,10.5333,0.5,0.0,4,2,True,1.0,0.05
j22464,1,delay_tolerant,1.1333,0.0,8.6667,0.5,0.0,4,2,True,1.0,0.0774
j22464,1,delay_tolerant,1.1333,0.0,8.6667,0.5,0.0,4,2,True,1.0,0.05
j22464,1,token_batch,2.0217,1.022,14.7333,0.5,5112.957,5,1,True,1.0,0.05
j225897,1,token_batch,1.475,0.7245,11.0,0.5,4138.532,7,1,False,1.0,0.0
j227041,1,delay_tolerant,0.5183,0.0,7.7333,0.5,0.0,4,2,False,1.0,0.0
j227041,1,token_batch,1.475,1.0093,11.0,0.5,3743.445,5,1,True,1.0,0.05
j227363,1,delay_sensitive,0.5183,0.0,7.7333,0.5,0.0,2,3,False,1.0,0.0
j227389,1,token_batch,1.475,1.3933,11.0,0.5,3570.812,8,1,True,1.0,0.05
j227729,1,delay_tolerant,0.5183,0.0,7.7333,0.5,0.0,4,2,True,1.0,0.0707
j227791,1,delay_tolerant,1.065,0.0,8.2,0.5,0.0,5,2,False,1.0,0.0
j227791,1,delay_tolerant,0.7917,0.0,7.7333,0.5,0.0,4,2,True,1.0,0.0525
j230240,1,token_batch,1.475,0.0,11.0,0.5,4124.393,5,1,False,1.0,0.0
j234007,1,token_batch,1.8167,0.8877,13.3333,0.5,5002.864,6,1,True,1.0,0.05
j234007,1,delay_tolerant,1.3383,0.0,10.0667,0.5,0.0,6,2,True,1.0,0.0302
j234007,1,token_batch,2.5,1.4099,18.0,0.5,4564.417,6,1,False,1.0,0.0
j234007,1,token_batch,2.5,1.0878,18.0,0.5,4673.911,7,1,True,1.0,0.05
j234365,1,token_batch,1.475,0.8952,11.0,0.5,4362.083,5,1,True,1.0,0.05
j235370,1,delay_tolerant,0.5867,0.0,7.7333,0.5,0.0,4,2,False,1.0,0.0
j236433,1,delay_tolerant,0.7233,0.0,7.7333,0.5,0.0,7,2,False,1.0,0.0
j239506,1,delay_tolerant,1.4067,0.0,10.5333,0.5,0.0,6,2,False,1.0,0.0
j239637,1,delay_tolerant,0.5867,0.0,7.7333,0.5,0.0,4,2,False,1.0,0.0
j240454,1,token_batch,1.475,0.889,11.0,0.5,4229.473,6,1,True,1.0,0.05
j24180,1,delay_tolerant,0.5867,0.4548,7.7333,0.5,0.0,4,2,False,1.0,0.0
j242410,1,token_batch,2.5,0.0,18.0,0.5,4581.704,9,1,False,1.0,0.0
j242809,1,delay_tolerant,0.9967,0.0,7.7333,0.5,0.0,6,2,True,1.0,0.05
j244873,1,delay_tolerant,0.7917,0.0,7.7333,0.5,0.0,5,2,False,1.0,0.0
j244894,1,delay_tolerant,0.9283,0.0,7.7333,0.5,0.0,7,2,False,1.0,0.0
j246800,1,token_batch,1.475,1.4218,11.0,0.5,3819.021,5,1,False,1.0,0.0
j248527,1,delay_tolerant,1.4067,0.0,10.5333,0.5,0.0,5,2,False,1.0,0.0
j248606,1,delay_tolerant,0.5867,0.0,7.7333,0.5,0.0,6,2,True,1.0,0.05
j249654,1,delay_tolerant,0.655,0.0,7.7333,0.5,0.0,4,2,True,1.0,0.05
j249654,1,token_batch,1.475,0.0,11.0,0.5,3802.067,6,1,False,1.0,0.0
j25025,1,delay_tolerant,0.655,0.0,7.7333,0.5,0.0,8,2,False,1.0,0.0
j250694,1,delay_tolerant,0.5867,0.4387,7.7333,0.5,0.0,4,2,False,1.0,0.0
j250694,1,delay_tolerant,0.5183,0.0,7.7333,0.5,0.0,4,2,True,1.0,0.0956
j250847,1,delay_tolerant,0.5183,0.0,7.7333,0.5,0.0,9,2,False,1.0,0.0
j250941,1,token_batch,1.475,0.0,11.0,0.5,4112.152,5,1,True,1.0,0.1056
j251197,1,delay_tolerant,0.5183,0.0,7.7333,0.5,0.0,4,2,False,1.0,0.0
j251294,1,delay_tolerant,0.7917,0.0,7.7333,0.5,0.0,4,2,True,1.0,0.0782
j251591,1,delay_tolerant,1.27,0.0,9.6,0.5,0.0,5,2,True,1.0,0.0628
j251684,1,token_batch,1.475,0.0,11.0,0.5,3448.363,7,1,False,1.0,0.0
j25199,1,delay_tolerant,0.5183,0.0,7.7333,0.5,0.0,8,2,True,1.0,0.0732
j252864,1,delay_tolerant,0.5183,0.0,7.7333,0.5,0.0,4,2,False,1.0,0.0
j252959,1,token_batch,1.475,0.5383,11.0,0.5,4429.16,7,1,False,1.0,0.0
j252959,1,token_batch,1.475,0.0,11.0,0.5,4455.362,7,1,False,1.0,0.0
j254690,1,delay_tolerant,0.655,0.0,7.7333,0.5,0.0,4,2,True,1.0,0.0981
j255000,1,token_batch,1.475,0.0,11.0,0.5,4267.399,6,1,False,1.0,0.0
j255185,1,delay_tolerant,0.5183,0.0,7.7333,0.5,0.0,4,2,False,1.0,0.0
j256647,1,delay_tolerant,0.5183,0.0,7.7333,0.5,0.0,7,2,True,1.0,0.05
j256647,1,token_batch,1.475,1.0754,11.0,0.5,3476.344,7,1,False,1.0,0.0
j256647,1,delay_tolerant,1.065,0.0,8.2,0.5,0.0,7,2,True,1.0,0.05
j256869,1,token_batch,1.475,1.2296,11.0,0.5,4191.914,6,1,False,1.0,0.0
j256966,1,token_batch,1.475,0.5422,11.0,0.5,4621.383,5,1,True,1.0,0.05
j257876,1,token_batch,1.475,0.9485,11.0,0.5,4564.691,5,1,False,1.0,0.0
j257876,1,delay_tolerant,1.4067,0.0,10.5333,0.5,0.0,5,2,True,1.0,0.05
j259736,1,delay_tolerant,0.7233,0.0,7.7333,0.5,0.0,4,2,False,1.0,0.0
j259744,1,delay_tolerant,0.5183,0.0,7.7333,0.5,0.0,4,2,True,1.0,0.0432
j259744,1,token_batch,1.475,1.3662,11.0,0.5,3808.693,5,1,True,1.0,0.05
j260782,1,token_batch,1.475,1.1146,11.0,0.5,4253.441,6,1,False,1.0,0.0
j261061,1,token_batch,2.5,0.5654,18.0,0.5,5552.619,6,1,False,1.0,0.0
j261061,1,token_batch,2.5,0.0,18.0,0.5,4429.616,7,1,True,1.0,0.1699
j261092,1,token_batch,1.475,0.505,11.0,0.5,4499.633,5,1,True,1.0,0.1188
j263174,1,delay_tolerant,1.1333,0.0,8.6667,0.5,0.0,5,2,False,1.0,0.0
j263791,1,delay_tolerant,0.9283,0.0,7.7333,0.5,0.0,7,2,False,1.0,0.0
j263791,1,delay_tolerant,0.7233,0.0,7.7333,0.5,0.0,8,2,False,1.0,0.0
j264180,1,delay_tolerant,0.5183,0.0,7.7333,0.5,0.0,7,2,False,1.0,0.0
j264337,1,delay_tolerant,0.5867,0.0,7.7333,0.5,0.0,4,2,False,1.0,0.0
j265250,1,delay_tolerant,0.9967,0.3176,7.7333,0.5,0.0,6,2,False,1.0,0.0
j265251,1,delay_tolerant,1.4067,0.0,10.5333,0.5,0.0,6,2,True,1.0,0.05
j265251,1,delay_tolerant,1.2017,0.0,9.1333,0.5,0.0,6,2,True,1.0,0.0634
j265697,1,delay_tolerant,0.9967,0.0,7.7333,0.5,0.0,4,2,True,1.0,0.05
j266072,1,delay_tolerant,0.5867,0.0,7.7333,0.5,0.0,4,2,True,1.0,0.0388
j266072,1,token_batch,2.1583,1.0755,15.6667,0.5,5096.242,7,1,True,1.0,0.05
j266700,1,token_batch,1.475,1.1213,11.0,0.5,3443.856,7,1,False,1.0,0.0
j266700,1,delay_tolerant,1.27,0.0,9.6,0.5,0.0,7,2,False,1.0,0.0
j267676,1,delay_tolerant,0.5183,0.5352,7.7333,0.5,0.0,7,2,False,1.0,0.0
j2691,1,delay_tolerant,0.5183,0.0,7.7333,0.5,0.0,4,2,False,1.0,0.0
j270470,1,delay_tolerant,0.5183,0.0,7.7333,0.5,0.0,4,2,True,1.0,0.05
j271802,1,delay_tolerant,0.86,0.0,7.7333,0.5,0.0,7,2,True,1.0,0.05
j271802,1,delay_tolerant,0.5867,0.0,7.7333,0.5,0.0,7,2,True,1.0,0.0515
j274846,1,delay_tolerant,0.9283,0.0,7.7333,0.5,0.0,9,2,False,1.0,0.0
j277932,1,delay_tolerant,0.7233,0.0,7.7333,0.5,0.0,4,2,False,1.0,0.0
j278645,1,delay_tolerant,1.065,0.0,8.2,0.5,0.0,4,2,True,1.0,0.05
j278652,1,delay_tolerant,0.9967,0.0,7.7333,0.5,0.0,4,2,False,1.0,0.0
j278652,1,delay_tolerant,1.4067,0.0,10.5333,0.5,0.0,4,2,False,1.0,0.0
j278727,1,token_batch,2.5,0.4028,18.0,0.5,4718.005,5,1,True,1.0,0.05
j278922,1,token_batch,2.5,0.5021,18.0,0.5,4183.401,5,1,False,1.0,0.0
j279637,1,delay_tolerant,1.1333,0.0,8.6667,0.5,0.0,4,2,False,1.0,0.0
j279637,1,delay_tolerant,0.5183,0.0,7.7333,0.5,0.0,4,2,False,1.0,0.0
j279637,1,token_batch,1.475,0.0,11.0,0.5,4349.608,5,1,True,1.0,0.1332
j280529,1,delay_tolerant,0.5183,0.0,7.7333,0.5,0.0,9,2,False,1.0,0.0
j280686,1,delay_tolerant,0.86,0.0,7.7333,0.5,0.0,6,2,False,1.0,0.0
j282214,1,delay_tolerant,0.7233,0.3953,7.7333,0.5,0.0,4,2,True,1.0,0.0853
j282214,1,delay_tolerant,1.27,0.0,9.6,0.5,0.0,6,2,True,1.0,0.05
j282214,1,delay_tolerant,0.7917,0.0,7.7333,0.5,0.0,4,2,False,1.0,0.0
j282244,1,delay_tolerant,1.2017,0.0,9.1333,0.5,0.0,4,2,True,1.0,0.0535
j282692,1,delay_tolerant,0.7917,0.0,7.7333,0.5,0.0,4,2,False,1.0,0.0
j284258,1,delay_tolerant,0.655,0.0,7.7333,0.5,0.0,4,2,False,1.0,0.0
j284258,1,delay_tolerant,0.7233,0.0,7.7333,0.5,0.0,4,2,False,1.0,0.0
j285755,1,delay_tolerant,0.5867,0.2088,7.7333,0.5,0.0,4,2,False,1.0,0.0
j286595,1,delay_tolerant,0.7233,0.0,7.7333,0.5,0.0,4,2,False,1.0,0.0
j287224,1,delay_tolerant,0.7917,0.0,7.7333,0.5,0.0,9,2,True,1.0,0.05
j287924,1,delay_tolerant,0.7233,0.0,7.7333,0.5,0.0,4,2,False,1.0,0.0
j287924,1,delay_tolerant,1.27,0.0,9.6,0.5,0.0,4,2,True,1.0,0.0403
j287924,1,delay_tolerant,0.5867,0.487,7.7333,0.5,0.0,4,2,True,1.0,0.0778
j288233,1,token_batch,1.475,0.899,11.0,0.5,3524.394,6,1,False,1.0,0.0
j288269,1,delay_tolerant,1.4067,0.0,10.5333,0.5,0.0,6,2,False,1.0,0.0
j288320,1,delay_tolerant,1.4067,0.0,10.5333,0.5,0.0,6,2,True,1.0,0.05
j288955,1,delay_sensitive,0.5183,0.0,7.7333,0.5,0.0,2,3,False,1.0,0.0
j289121,1,token_batch,1.475,0.4104,11.0,0.5,3710.322,8,1,True,1.0,0.05
j28928,1,delay_tolerant,0.7917,0.0,7.7333,0.5,0.0,7,2,False,1.0,0.0
j28928,1,delay_tolerant,0.5867,0.5831,7.7333,0.5,0.0,4,2,False,1.0,0.0
j293305,1,token_batch,1.475,1.0584,11.0,0.5,4499.554,5,1,False,1.0,0.0
j29337,1,delay_tolerant,1.4067,0.0,10.5333,0.5,0.0,6,2,True,1.0,0.0384
j29337,1,delay_tolerant,0.5183,0.0,7.7333,0.5,0.0,6,2,False,1.0,0.0
j29337,1,delay_tolerant,1.065,0.2649,8.2,0.5,0.0,6,2,False,1.0,0.0
j293917,1,delay_tolerant,0.5183,0.0,7.7333,0.5,0.0,6,2,False,1.0,0.0
j293917,1,token_batch,1.7483,1.3248,12.8667,0.5,5051.349,5,1,True,1.0,0.05
j293983,1,delay_tolerant,1.4067,0.2625,10.5333,0.5,0.0,6,2,False,1.0,0.0
j294367,1,delay_tolerant,1.065,0.0,8.2,0.5,0.0,6,2,False,1.0,0.0
j295597,1,token_batch,1.475,0.7384,11.0,0.5,4165.566,9,1,True,1.0,0.05
j295746,1,delay_tolerant,0.5867,0.2422,7.7333,0.5,0.0,8,2,False,1.0,0.0
j295746,1,delay_tolerant,0.7917,0.0,7.7333,0.5,0.0,4,2,False,1.0,0.0
j297383,1,delay_tolerant,0.86,0.0,7.7333,0.5,0.0,6,2,True,1.0,0.0453
j299376,1,token_batch,1.475,0.7208,11.0,0.5,3649.152,6,1,True,1.0,0.0943
j301425,1,delay_tolerant,1.27,0.0,9.6,0.5,0.0,7,2,False,1.0,0.0
j303047,1,delay_tolerant,0.86,0.0,7.7333,0.5,0.0,4,2,False,1.0,0.0
j303047,1,token_batch,1.475,0.0,11.0,0.5,3667.796,6,1,True,1.0,0.1039
j303235,1,token_batch,1.475,0.7424,11.0,0.5,3479.565,9,1,False,1.0,0.0
j305261,1,token_batch,1.475,1.1923,11.0,0.5,3849.337,6,1,False,1.0,0.0
j30663,1,delay_tolerant,1.27,0.0,9.6,0.5,0.0,5,2,False,1.0,0.0
j30663,1,delay_tolerant,0.655,0.582,7.7333,0.5,0.0,4,2,True,1.0,0.05
j307815,1,token_batch,1.475,0.7073,11.0,0.5,4132.383,9,1,True,1.0,0.05
j307815,1,delay_tolerant,1.3383,0.3368,10.0667,0.5,0.0,9,2,True,1.0,0.05
j312483,1,delay_tolerant,0.5183,0.0,7.7333,0.5,0.0,4,2,True,1.0,0.05
j314318,1,delay_tolerant,1.2017,0.0,9.1333,0.5,0.0,4,2,False,1.0,0.0
j31480,1,delay_tolerant,1.1333,0.0,8.6667,0.5,0.0,5,2,False,1.0,0.0
j31488,1,delay_tolerant,1.4067,0.5864,10.5333,0.5,0.0,6,2,False,1.0,0.0
j316354,1,delay_tolerant,0.5183,0.0,7.7333,0.5,0.0,4,2,True,1.0,0.0522
j316354,1,delay_tolerant,0.5183,0.0,7.7333,0.5,0.0,4,2,False,1.0,0.0
j316836,1,token_batch,1.475,0.7166,11.0,0.5,4511.268,7,1,True,1.0,0.05
j319521,1,delay_tolerant,0.655,0.0,7.7333,0.5,0.0,4,2,True,1.0,0.05
j319580,1,delay_tolerant,1.27,0.0,9.6,0.5,0.0,4,2,False,1.0,0.0
j3200,1,delay_tolerant,1.1333,0.0,8.6667,0.5,0.0,4,2,True,1.0,0.05
j320600,1,delay_tolerant,0.7917,0.0,7.7333,0.5,0.0,7,2,True,1.0,0.05
j320619,1,delay_tolerant,0.9283,0.0,7.7333,0.5,0.0,4,2,True,1.0,0.05
j320619,1,token_batch,1.475,0.9215,11.0,0.5,3708.042,5,1,True,1.0,0.05
j320847,1,delay_tolerant,1.4067,0.2472,10.5333,0.5,0.0,6,2,False,1.0,0.0
j321042,1,delay_tolerant,1.4067,0.0,10.5333,0.5,0.0,9,2,False,1.0,0.0
j321042,1,delay_tolerant,0.9283,0.0,7.7333,0.5,0.0,9,2,False,1.0,0.0
j321042,1,delay_tolerant,1.1333,0.0,8.6667,0.5,0.0,8,2,True,1.0,0.056
j321885,1,delay_tolerant,0.86,0.0,7.7333,0.5,0.0,8,2,True,1.0,0.05
j323009,1,delay_tolerant,0.5867,0.0,7.7333,0.5,0.0,4,2,True,1.0,0.0394
j323438,1,delay_tolerant,1.27,0.0,9.6,0.5,0.0,7,2,True,1.0,0.05
j325170,1,token_batch,1.475,0.0,11.0,0.5,3781.661,9,1,True,1.0,0.171
j326118,1,token_batch,1.475,0.0,11.0,0.5,4266.302,8,1,False,1.0,0.0
j326118,1,token_batch,1.475,0.0,11.0,0.5,4362.871,8,1,True,1.0,0.1864
j32664,1,delay_tolerant,0.7917,0.0,7.7333,0.5,0.0,7,2,True,1.0,0.0835
j327847,1,delay_tolerant,0.9967,0.0,7.7333,0.5,0.0,7,2,True,1.0,0.05
j327847,1,delay_tolerant,1.27,0.0,9.6,0.5,0.0,7,2,False,1.0,0.0
j328814,1,delay_tolerant,0.5183,0.0,7.7333,0.5,0.0,4,2,False,1.0,0.0
j32882,1,delay_sensitive,0.5183,0.0,7.7333,0.5,0.0,2,3,False,1.0,0.0
j330583,1,delay_tolerant,0.5183,0.3666,7.7333,0.5,0.0,4,2,False,1.0,0.0
j330846,1,delay_tolerant,1.2017,0.0,9.1333,0.5,0.0,4,2,False,1.0,0.0
j330846,1,delay_tolerant,1.2017,0.0,9.1333,0.5,0.0,6,2,True,1.0,0.05
j330846,1,delay_tolerant,1.065,0.0,8.2,0.5,0.0,4,2,True,1.0,0.0231
j330846,1,delay_tolerant,0.86,0.0,7.7333,0.5,0.0,5,2,False,1.0,0.0
j333087,1,token_batch,2.295,1.4609,16.6,0.5,4429.337,5,1,False,1.0,0.0
j333087,1,delay_tolerant,1.27,0.0,9.6,0.5,0.0,7,2,True,1.0,0.0813
j333087,1,delay_tolerant,1.27,0.0,9.6,0.5,0.0,8,2,True,1.0,0.028
j333087,1,token_batch,2.1583,1.4448,15.6667,0.5,4937.506,5,1,True,1.0,0.1646
j333087,1,token_batch,2.2267,0.6232,16.1333,0.5,4039.038,5,1,False,1.0,0.0
j333087,1,token_batch,2.5,0.0,18.0,0.5,5542.464,6,1,False,1.0,0.0
j333157,1,delay_tolerant,1.3383,0.0,10.0667,0.5,0.0,8,2,True,1.0,0.05
j333157,1,token_batch,1.475,1.1269,11.0,0.5,3804.864,7,1,True,1.0,0.05
j334795,1,delay_tolerant,0.5183,0.0,7.7333,0.5,0.0,9,2,True,1.0,0.0302
j335814,1,token_batch,1.68,1.0378,12.4,0.5,4791.35,5,1,True,1.0,0.1585
j335814,1,token_batch,1.68,1.3518,12.4,0.5,5247.469,5,1,True,1.0,0.05
j335814,1,token_batch,1.9533,0.7232,14.2667,0.5,4403.451,5,1,False,1.0,0.0
j335814,1,token_batch,2.5,1.4077,18.0,0.5,4280.835,5,1,True,1.0,0.0992
j335814,1,token_batch,2.5,0.5547,18.0,0.5,5109.438,5,1,True,1.0,0.05
j335814,1,token_batch,2.5,0.8704,18.0,0.5,4772.846,5,1,True,1.0,0.1016
j335814,1,token_batch,1.8167,0.7939,13.3333,0.5,5193.79,5,1,False,1.0,0.0
j335814,1,token_batch,2.5,0.0,18.0,0.5,5085.825,5,1,False,1.0,0.0
j335814,1,delay_tolerant,0.5183,0.0,7.7333,0.5,0.0,4,2,True,1.0,0.05
j335814,1,token_batch,2.5,1.1134,18.0,0.5,4652.824,5,1,False,1.0,0.0
j335814,1,token_batch,2.5,0.8211,18.0,0.5,4740.497,5,1,True,1.0,0.05
j337169,1,delay_tolerant,1.4067,0.0,10.5333,0.5,0.0,4,2,True,1.0,0.05
j337169,1,delay_tolerant,0.7233,0.0,7.7333,0.5,0.0,4,2,True,1.0,0.0755
j339655,1,delay_tolerant,0.5183,0.0,7.7333,0.5,0.0,4,2,False,1.0,0.0
j342232,1,delay_tolerant,1.27,0.0,9.6,0.5,0.0,9,2,False,1.0,0.0
j345707,1,token_batch,1.475,1.0384,11.0,0.5,4300.243,5,1,True,1.0,0.05
j347395,1,token_batch,1.475,0.4707,11.0,0.5,4490.004,5,1,True,1.0,0.1236
j347870,1,token_batch,1.475,0.8315,11.0,0.5,3631.564,7,1,True,1.0,0.114
j347949,1,delay_tolerant,0.9967,0.0,7.7333,0.5,0.0,4,2,True,1.0,0.0572
j349016,1,delay_tolerant,0.5183,0.3859,7.7333,0.5,0.0,7,2,True,1.0,0.05
j349016,1,delay_tolerant,1.2017,0.0,9.1333,0.5,0.0,7,2,True,1.0,0.0913
j349496,1,delay_tolerant,0.5183,0.0,7.7333,0.5,0.0,6,2,False,1.0,0.0
j350453,1,token_batch,1.475,0.4064,11.0,0.5,4424.851,7,1,True,1.0,0.05
j351470,1,delay_tolerant,1.1333,0.0,8.6667,0.5,0.0,4,2,True,1.0,0.05
j354734,1,delay_tolerant,0.5183,0.0,7.7333,0.5,0.0,4,2,False,1.0,0.0
j354822,1,delay_tolerant,1.4067,0.0,10.5333,0.5,0.0,6,2,False,1.0,0.0
j356011,1,token_batch,1.475,0.0,11.0,0.5,4219.962,9,1,False,1.0,0.0
j356011,1,token_batch,1.475,0.6118,11.0,0.5,3752.224,9,1,True,1.0,0.05
j356096,1,delay_tolerant,0.7917,0.0,7.7333,0.5,0.0,8,2,True,1.0,0.05
j357111,1,delay_tolerant,1.2017,0.0,9.1333,0.5,0.0,5,2,False,1.0,0.0
j358625,1,token_batch,1.475,0.7416,11.0,0.5,4026.139,5,1,False,1.0,0.0
j358625,1,delay_tolerant,0.5183,0.0,7.7333,0.5,0.0,4,2,True,1.0,0.05
j358625,1,delay_tolerant,0.7233,0.0,7.7333,0.5,0.0,5,2,False,1.0,0.0
j359888,1,token_batch,1.475,0.7151,11.0,0.5,4392.072,6,1,False,1.0,0.0
j35995,1,delay_tolerant,0.7917,0.0,7.7333,0.5,0.0,7,2,False,1.0,0.0
j360449,1,token_batch,2.5,0.5694,18.0,0.5,5128.478,8,1,False,1.0,0.0
j360486,1,delay_tolerant,0.9967,0.0,7.7333,0.5,0.0,6,2,False,1.0,0.0
j360486,1,delay_tolerant,0.86,0.0,7.7333,0.5,0.0,7,2,False,1.0,0.0
j361557,1,token_batch,1.475,0.8328,11.0,0.5,4262.837,5,1,True,1.0,0.05
j362023,1,token_batch,1.475,0.0,11.0,0.5,4131.329,7,1,True,1.0,0.1581
j364746,1,token_batch,1.475,0.9406,11.0,0.5,3499.597,5,1,True,1.0,0.05
j365153,1,delay_tolerant,1.27,0.0,9.6,0.5,0.0,8,2,False,1.0,0.0
j366124,1,token_batch,1.475,0.0,11.0,0.5,3942.922,8,1,False,1.0,0.0
j366294,1,token_batch,1.475,1.4148,11.0,0.5,3611.496,5,1,False,1.0,0.0
j366294,1,delay_tolerant,1.4067,0.0,10.5333,0.5,0.0,4,2,False,1.0,0.0
j366294,1,token_batch,1.475,0.9217,11.0,0.5,4153.183,5,1,True,1.0,0.1945
j367738,1,token_batch,1.475,0.0,11.0,0.5,4544.806,5,1,False,1.0,0.0
j368678,1,token_batch,1.475,1.3113,11.0,0.5,3590.128,8,1,True,1.0,0.05
j368770,1,delay_tolerant,0.5183,0.0,7.7333,0.5,0.0,6,2,True,1.0,0.0756
j369865,1,delay_tolerant,1.1333,0.0,8.6667,0.5,0.0,5,2,False,1.0,0.0
j369865,1,token_batch,1.475,0.8943,11.0,0.5,3886.857,6,1,False,1.0,0.0
j372583,1,token_batch,1.475,1.114,11.0,0.5,3456.215,6,1,True,1.0,0.05
j37302,1,delay_tolerant,1.3383,0.0,10.0667,0.5,0.0,4,2,False,1.0,0.0
j373558,1,token_batch,1.475,0.0,11.0,0.5,3650.682,5,1,True,1.0,0.1554
j373558,1,delay_tolerant,0.5867,0.0,7.7333,0.5,0.0,4,2,False,1.0,0.0
j373558,1,token_batch,1.475,0.0,11.0,0.5,3712.313,5,1,False,1.0,0.0
j374231,1,delay_tolerant,0.9967,0.0,7.7333,0.5,0.0,6,2,False,1.0,0.0
j375639,1,delay_tolerant,0.5867,0.0,7.7333,0.5,0.0,7,2,False,1.0,0.0
j377348,1,delay_tolerant,0.5183,0.0,7.7333,0.5,0.0,4,2,True,1.0,0.0971
j377348,1,delay_tolerant,1.1333,0.0,8.6667,0.5,0.0,6,2,False,1.0,0.0
j378048,1,delay_tolerant,0.5183,0.0,7.7333,0.5,0.0,4,2,False,1.0,0.0
j380451,1,delay_tolerant,1.1333,0.0,8.6667,0.5,0.0,4,2,False,1.0,0.0
j382463,1,delay_tolerant,0.5183,0.0,7.7333,0.5,0.0,4,2,False,1.0,0.0
j383192,1,delay_tolerant,0.5867,0.0,7.7333,0.5,0.0,8,2,True,1.0,0.0243
j383302,1,delay_tolerant,0.5867,0.0,7.7333,0.5,0.0,4,2,False,1.0,0.0
j384235,1,delay_tolerant,1.4067,0.0,10.5333,0.5,0.0,4,2,True,1.0,0.0954
j384285,1,token_batch,1.475,0.4954,11.0,0.5,3597.209,5,1,True,1.0,0.1475
j385019,1,delay_tolerant,0.5183,0.393,7.7333,0.5,0.0,4,2,True,1.0,0.05
j385615,1,token_batch,1.475,0.958,11.0,0.5,4160.367,5,1,False,1.0,0.0
j385615,1,token_batch,1.475,1.2515,11.0,0.5,3905.779,5,1,True,1.0,0.05
j385703,1,delay_tolerant,1.27,0.3712,9.6,0.5,0.0,4,2,True,1.0,0.05
j385803,1,delay_tolerant,0.7233,0.0,7.7333,0.5,0.0,4,2,True,1.0,0.05
j385803,1,delay_tolerant,0.9283,0.0,7.7333,0.5,0.0,4,2,True,1.0,0.05
j385990,1,delay_tolerant,0.7233,0.0,7.7333,0.5,0.0,7,2,True,1.0,0.0769
j385990,1,delay_tolerant,0.86,0.0,7.7333,0.5,0.0,6,2,False,1.0,0.0
j385990,1,delay_tolerant,0.7917,0.0,7.7333,0.5,0.0,7,2,True,1.0,0.05
j385990,1,delay_tolerant,0.655,0.0,7.7333,0.5,0.0,7,2,True,1.0,0.0342
j38626,1,delay_tolerant,1.1333,0.0,8.6667,0.5,0.0,4,2,True,1.0,0.05
j386569,1,delay_tolerant,0.5183,0.2876,7.7333,0.5,0.0,4,2,True,1.0,0.05
j386569,1,delay_tolerant,1.3383,0.0,10.0667,0.5,0.0,5,2,True,1.0,0.05
j386569,1,delay_tolerant,0.5183,0.0,7.7333,0.5,0.0,4,2,False,1.0,0.0
j387445,1,delay_tolerant,1.065,0.0,8.2,0.5,0.0,6,2,False,1.0,0.0
j38769,1,delay_tolerant,0.5183,0.0,7.7333,0.5,0.0,4,2,False,1.0,0.0
j387802,1,delay_tolerant,0.9283,0.0,7.7333,0.5,0.0,4,2,True,1.0,0.05
j387841,1,token_batch,1.475,0.9954,11.0,0.5,3524.145,7,1,True,1.0,0.05
j388191,1,delay_tolerant,1.3383,0.0,10.0667,0.5,0.0,9,2,False,1.0,0.0
j392406,1,token_batch,1.475,1.1824,11.0,0.5,4440.729,5,1,True,1.0,0.05
j392718,1,delay_tolerant,0.5867,0.0,7.7333,0.5,0.0,4,2,True,1.0,0.05
j392718,1,delay_tolerant,0.655,0.0,7.7333,0.5,0.0,4,2,False,1.0,0.0
j392950,1,token_batch,1.475,1.4011,11.0,0.5,3874.813,8,1,True,1.0,0.1676
j393894,1,token_batch,1.475,1.3003,11.0,0.5,4275.08,9,1,False,1.0,0.0
j395365,1,token_batch,1.475,0.4075,11.0,0.5,3986.669,5,1,True,1.0,0.1957
j395391,1,delay_tolerant,1.4067,0.0,10.5333,0.5,0.0,6,2,True,1.0,0.0227
j396356,1,token_batch,1.475,0.0,11.0,0.5,3580.123,5,1,True,1.0,0.1484
j397304,1,delay_tolerant,0.7917,0.0,7.7333,0.5,0.0,7,2,False,1.0,0.0
j399005,1,token_batch,1.475,1.2512,11.0,0.5,4032.097,7,1,False,1.0,0.0
j399381,1,delay_tolerant,0.9283,0.0,7.7333,0.5,0.0,6,2,False,1.0,0.0
j400264,1,delay_tolerant,1.065,0.0,8.2,0.5,0.0,7,2,False,1.0,0.0
j400369,1,delay_tolerant,0.5183,0.3971,7.7333,0.5,0.0,6,2,True,1.0,0.0448
j400505,1,delay_sensitive,0.5183,0.0,7.7333,0.5,0.0,2,3,False,1.0,0.0
j400505,1,delay_tolerant,0.9283,0.0,7.7333,0.5,0.0,8,2,False,1.0,0.0
j402647,1,delay_tolerant,1.065,0.0,8.2,0.5,0.0,6,2,False,1.0,0.0
j404222,1,delay_tolerant,0.5867,0.4158,7.7333,0.5,0.0,4,2,True,1.0,0.05
j404492,1,delay_sensitive,0.5183,0.0,7.7333,0.5,0.0,2,3,False,1.0,0.0
j404492,1,delay_tolerant,0.655,0.0,7.7333,0.5,0.0,4,2,True,1.0,0.05
j405958,1,token_batch,2.5,1.3021,18.0,0.5,4157.498,5,1,False,1.0,0.0
j406341,1,token_batch,1.475,1.0114,11.0,0.5,3617.668,6,1,True,1.0,0.05
j406567,1,delay_tolerant,1.2017,0.0,9.1333,0.5,0.0,7,2,False,1.0,0.0
j406904,1,token_batch,1.475,1.2687,11.0,0.5,3737.887,5,1,True,1.0,0.1384
j407924,1,token_batch,2.5,0.4087,18.0,0.5,5353.109,5,1,True,1.0,0.0812
j408377,1,delay_tolerant,0.7233,0.0,7.7333,0.5,0.0,6,2,False,1.0,0.0
j408874,1,token_batch,2.5,0.0,18.0,0.5,4771.807,9,1,True,1.0,0.1914
j408955,1,delay_tolerant,0.9967,0.0,7.7333,0.5,0.0,8,2,False,1.0,0.0
j410839,1,delay_tolerant,0.7917,0.0,7.7333,0.5,0.0,4,2,False,1.0,0.0
j411667,1,delay_sensitive,0.5867,0.0,7.7333,0.5,0.0,2,3,False,1.0,0.0
j413222,1,delay_tolerant,0.5183,0.0,7.7333,0.5,0.0,4,2,True,1.0,0.05
j414635,1,token_batch,1.475,0.674,11.0,0.5,4150.001,9,1,False,1.0,0.0
j416657,1,token_batch,1.475,1.1982,11.0,0.5,4497.543,5,1,False,1.0,0.0
j417919,1,delay_tolerant,0.86,0.0,7.7333,0.5,0.0,4,2,False,1.0,0.0
j419590,1,token_batch,1.475,1.3167,11.0,0.5,4042.413,6,1,True,1.0,0.05
j42138,1,delay_tolerant,0.5183,0.0,7.7333,0.5,0.0,4,2,True,1.0,0.0215
j422343,1,token_batch,1.475,1.4868,11.0,0.5,3680.675,9,1,False,1.0,0.0
j425745,1,token_batch,1.475,0.9823,11.0,0.5,4068.583,7,1,False,1.0,0.0
j425745,1,delay_tolerant,1.065,0.0,8.2,0.5,0.0,8,2,False,1.0,0.0
j426784,1,delay_tolerant,1.4067,0.0,10.5333,0.5,0.0,7,2,True,1.0,0.05
j426784,1,delay_tolerant,1.4067,0.0,10.5333,0.5,0.0,8,2,False,1.0,0.0
j426784,1,delay_tolerant,0.86,0.0,7.7333,0.5,0.0,8,2,False,1.0,0.0
j426784,1,delay_tolerant,0.5183,0.0,7.7333,0.5,0.0,8,2,False,1.0,0.0
j427906,1,delay_tolerant,0.9967,0.0,7.7333,0.5,0.0,4,2,True,1.0,0.0566
j427906,1,delay_tolerant,0.9967,0.0,7.7333,0.5,0.0,4,2,False,1.0,0.0
j428310,1,delay_tolerant,1.2017,0.0,9.1333,0.5,0.0,9,2,True,1.0,0.0996
j428343,1,delay_tolerant,1.065,0.2229,8.2,0.5,0.0,4,2,False,1.0,0.0
j428639,1,delay_tolerant,0.5183,0.0,7.7333,0.5,0.0,4,2,False,1.0,0.0
j429817,1,delay_tolerant,0.9967,0.0,7.7333,0.5,0.0,9,2,False,1.0,0.0
j429906,1,delay_tolerant,0.5183,0.0,7.7333,0.5,0.0,6,2,False,1.0,0.0
j429906,1,delay_tolerant,1.2017,0.0,9.1333,0.5,0.0,6,2,False,1.0,0.0
j43058,1,delay_tolerant,0.7917,0.0,7.7333,0.5,0.0,4,2,False,1.0,0.0
j430996,1,delay_tolerant,0.5183,0.2009,7.7333,0.5,0.0,5,2,True,1.0,0.05
j43276,1,delay_tolerant,1.4067,0.0,10.5333,0.5,0.0,6,2,True,1.0,0.05
j43276,1,token_batch,1.475,0.0,11.0,0.5,3817.142,6,1,False,1.0,0.0
j43276,1,token_batch,1.475,1.0872,11.0,0.5,3539.89,6,1,False,1.0,0.0
j43276,1,delay_tolerant,1.3383,0.0,10.0667,0.5,0.0,6,2,False,1.0,0.0
j435051,1,delay_tolerant,1.2017,0.0,9.1333,0.5,0.0,6,2,True,1.0,0.0883
j435878,1,token_batch,1.475,1.0758,11.0,0.5,3608.312,5,1,True,1.0,0.05
j437042,1,delay_tolerant,0.5183,0.0,7.7333,0.5,0.0,4,2,True,1.0,0.0429
j437165,1,delay_tolerant,0.5183,0.0,7.7333,0.5,0.0,4,2,True,1.0,0.05
j438168,1,token_batch,1.475,0.0,11.0,0.5,4394.451,5,1,False,1.0,0.0
j438445,1,token_batch,1.475,1.3212,11.0,0.5,4516.721,6,1,True,1.0,0.05
j438445,1,delay_tolerant,0.655,0.0,7.7333,0.5,0.0,6,2,True,1.0,0.0782
j438772,1,delay_tolerant,0.5183,0.0,7.7333,0.5,0.0,7,2,True,1.0,0.0465
j438925,1,token_batch,1.475,0.5994,11.0,0.5,4173.376,5,1,False,1.0,0.0
j438925,1,delay_tolerant,0.9283,0.0,7.7333,0.5,0.0,4,2,True,1.0,0.05
j442003,1,delay_tolerant,0.9967,0.0,7.7333,0.5,0.0,5,2,True,1.0,0.0393
j442003,1,delay_tolerant,0.9967,0.0,7.7333,0.5,0.0,4,2,False,1.0,0.0
j442369,1,delay_tolerant,0.5183,0.0,7.7333,0.5,0.0,4,2,True,1.0,0.05
j442860,1,delay_tolerant,0.7917,0.0,7.7333,0.5,0.0,6,2,False,1.0,0.0
j442860,1,delay_tolerant,1.3383,0.0,10.0667,0.5,0.0,6,2,True,1.0,0.05
j442860,1,delay_tolerant,1.065,0.0,8.2,0.5,0.0,7,2,False,1.0,0.0
j443540,1,token_batch,1.475,1.4449,11.0,0.5,4257.148,6,1,True,1.0,0.1884
j444111,1,delay_tolerant,0.5183,0.0,7.7333,0.5,0.0,4,2,True,1.0,0.05
j444111,1,token_batch,1.475,0.9794,11.0,0.5,4153.594,6,1,True,1.0,0.1264
j445553,1,delay_tolerant,0.5183,0.0,7.7333,0.5,0.0,7,2,False,1.0,0.0
j446400,1,delay_tolerant,0.86,0.0,7.7333,0.5,0.0,4,2,False,1.0,0.0
j446439,1,delay_tolerant,0.86,0.0,7.7333,0.5,0.0,9,2,True,1.0,0.067
j446595,1,token_batch,1.885,0.0,13.8,0.5,4725.263,8,1,True,1.0,0.191
j446703,1,delay_tolerant,0.5183,0.0,7.7333,0.5,0.0,5,2,True,1.0,0.0987
j447049,1,delay_tolerant,0.9283,0.0,7.7333,0.5,0.0,9,2,False,1.0,0.0
j44784,1,delay_tolerant,0.7233,0.0,7.7333,0.5,0.0,8,2,True,1.0,0.05
j44784,1,token_batch,1.475,0.5925,11.0,0.5,4131.875,5,1,False,1.0,0.0
j448029,1,delay_tolerant,0.5183,0.0,7.7333,0.5,0.0,5,2,True,1.0,0.05
j448029,1,token_batch,1.475,1.3856,11.0,0.5,3805.552,5,1,False,1.0,0.0
j44808,1,delay_tolerant,1.065,0.0,8.2,0.5,0.0,4,2,True,1.0,0.05
j448490,1,delay_tolerant,0.86,0.0,7.7333,0.5,0.0,4,2,False,1.0,0.0
j449043,1,token_batch,2.09,0.6459,15.2,0.5,4703.492,8,1,True,1.0,0.05
j44938,1,delay_tolerant,1.4067,0.0,10.5333,0.5,0.0,6,2,False,1.0,0.0
j450026,1,token_batch,1.475,1.2762,11.0,0.5,4142.589,8,1,False,1.0,0.0
j451969,1,delay_tolerant,0.7233,0.3393,7.7333,0.5,0.0,7,2,False,1.0,0.0
j452975,1,token_batch,1.475,0.9908,11.0,0.5,3439.351,8,1,True,1.0,0.1887
j454977,1,token_batch,1.475,0.0,11.0,0.5,4471.643,5,1,False,1.0,0.0
j456113,1,delay_tolerant,1.1333,0.0,8.6667,0.5,0.0,9,2,False,1.0,0.0
j456113,1,delay_tolerant,0.655,0.0,7.7333,0.5,0.0,8,2,False,1.0,0.0
j456113,1,delay_tolerant,1.2017,0.0,9.1333,0.5,0.0,9,2,False,1.0,0.0
j456966,1,delay_tolerant,0.5183,0.0,7.7333,0.5,0.0,4,2,False,1.0,0.0
j456966,1,delay_tolerant,0.655,0.0,7.7333,0.5,0.0,6,2,False,1.0,0.0
j457405,1,token_batch,1.475,0.0,11.0,0.5,4327.166,5,1,True,1.0,0.1915
j457405,1,delay_tolerant,1.1333,0.0,8.6667,0.5,0.0,4,2,True,1.0,0.05
j457821,1,token_batch,2.5,1.209,18.0,0.5,5591.325,8,1,True,1.0,0.134
j457821,1,delay_tolerant,0.5183,0.0,7.7333,0.5,0.0,8,2,False,1.0,0.0
j457821,1,delay_tolerant,0.5183,0.0,7.7333,0.5,0.0,4,2,True,1.0,0.05
j457821,1,delay_tolerant,0.5183,0.2591,7.7333,0.5,0.0,4,2,False,1.0,0.0
j457821,1,token_batch,2.5,0.0,18.0,0.5,4551.765,8,1,False,1.0,0.0
j457821,1,delay_tolerant,0.7917,0.0,7.7333,0.5,0.0,9,2,True,1.0,0.05
j457821,1,token_batch,2.1583,1.0584,15.6667,0.5,5434.721,5,1,True,1.0,0.05
j457821,1,token_batch,2.5,0.9978,18.0,0.5,5332.491,5,1,False,1.0,0.0
j457821,1,delay_tolerant,0.5183,0.0,7.7333,0.5,0.0,4,2,False,1.0,0.0
j458411,1,delay_tolerant,1.4067,0.0,10.5333,0.5,0.0,4,2,False,1.0,0.0
j45877,1,delay_tolerant,1.1333,0.0,8.6667,0.5,0.0,7,2,True,1.0,0.05
j460445,1,token_batch,2.5,1.2985,18.0,0.5,4715.906,9,1,True,1.0,0.1768
j462207,1,delay_tolerant,0.7917,0.0,7.7333,0.5,0.0,4,2,False,1.0,0.0
j463149,1,delay_tolerant,0.5867,0.0,7.7333,0.5,0.0,4,2,False,1.0,0.0
j463629,1,token_batch,1.475,1.1289,11.0,0.5,4408.434,9,1,True,1.0,0.1731
j463879,1,delay_tolerant,1.2017,0.0,9.1333,0.5,0.0,4,2,False,1.0,0.0
j463879,1,token_batch,2.5,0.5499,18.0,0.5,5043.127,8,1,False,1.0,0.0
j463879,1,token_batch,2.5,0.0,18.0,0.5,5301.336,7,1,False,1.0,0.0
j464217,1,delay_tolerant,0.655,0.0,7.7333,0.5,0.0,4,2,False,1.0,0.0
j464217,1,delay_tolerant,1.3383,0.3173,10.0667,0.5,0.0,9,2,False,1.0,0.0
j464217,1,delay_tolerant,0.5183,0.0,7.7333,0.5,0.0,8,2,True,1.0,0.05
j465647,1,token_batch,1.475,1.434,11.0,0.5,4365.031,9,1,True,1.0,0.0963
j465647,1,delay_tolerant,1.27,0.0,9.6,0.5,0.0,9,2,True,1.0,0.05
j468114,1,delay_tolerant,0.9283,0.0,7.7333,0.5,0.0,5,2,False,1.0,0.0
j46903,1,token_batch,1.475,0.0,11.0,0.5,4262.128,9,1,False,1.0,0.0
j471807,1,delay_tolerant,0.5867,0.0,7.7333,0.5,0.0,4,2,False,1.0,0.0
j473876,1,delay_tolerant,0.7917,0.0,7.7333,0.5,0.0,4,2,True,1.0,0.05
j474802,1,token_batch,1.475,0.8826,11.0,0.5,4094.36,9,1,False,1.0,0.0
j476840,1,token_batch,1.475,0.7617,11.0,0.5,3848.55,6,1,True,1.0,0.1933
j477041,1,delay_tolerant,0.5867,0.0,7.7333,0.5,0.0,4,2,True,1.0,0.0892
j47942,1,token_batch,2.5,0.0,18.0,0.5,4631.555,8,1,False,1.0,0.0
j480546,1,token_batch,1.475,1.1606,11.0,0.5,4034.625,8,1,True,1.0,0.1506
j480809,1,token_batch,1.475,0.5554,11.0,0.5,3947.326,5,1,True,1.0,0.05
j480809,1,delay_tolerant,1.1333,0.0,8.6667,0.5,0.0,4,2,True,1.0,0.05
j481116,1,delay_tolerant,0.5183,0.0,7.7333,0.5,0.0,4,2,True,1.0,0.05
j481116,1,delay_tolerant,0.86,0.0,7.7333,0.5,0.0,6,2,True,1.0,0.05
j483003,1,token_batch,1.475,0.4775,11.0,0.5,4117.451,5,1,True,1.0,0.05
j483728,1,delay_tolerant,0.5183,0.0,7.7333,0.5,0.0,6,2,False,1.0,0.0
j483728,1,token_batch,1.475,0.7917,11.0,0.5,3784.232,7,1,True,1.0,0.05
j483728,1,delay_tolerant,0.5867,0.0,7.7333,0.5,0.0,7,2,True,1.0,0.0365
j483728,1,delay_tolerant,0.5867,0.0,7.7333,0.5,0.0,6,2,True,1.0,0.05
j485059,1,delay_tolerant,1.1333,0.0,8.6667,0.5,0.0,6,2,False,1.0,0.0
j48940,1,delay_tolerant,0.9967,0.5604,7.7333,0.5,0.0,5,2,True,1.0,0.05
j492901,1,delay_tolerant,0.5183,0.0,7.7333,0.5,0.0,4,2,True,1.0,0.0456
j495558,1,token_batch,1.475,0.0,11.0,0.5,4038.656,5,1,True,1.0,0.169
j496029,1,token_batch,1.475,0.8058,11.0,0.5,3960.736,7,1,True,1.0,0.1604
j497283,1,token_batch,1.475,1.2916,11.0,0.5,4275.536,7,1,True,1.0,0.1862
j497283,1,delay_tolerant,1.4067,0.5761,10.5333,0.5,0.0,8,2,True,1.0,0.05
j49797,1,delay_tolerant,1.27,0.0,9.6,0.5,0.0,8,2,False,1.0,0.0
j49797,1,token_batch,2.5,0.5054,18.0,0.5,5344.536,7,1,True,1.0,0.05
j49809,1,delay_tolerant,1.4067,0.4913,10.5333,0.5,0.0,6,2,True,1.0,0.05
j499810,1,delay_tolerant,1.1333,0.0,8.6667,0.5,0.0,6,2,True,1.0,0.044
j499810,1,delay_tolerant,0.5183,0.0,7.7333,0.5,0.0,5,2,True,1.0,0.0905
j499875,1,delay_tolerant,0.86,0.0,7.7333,0.5,0.0,6,2,False,1.0,0.0
j499944,1,token_batch,1.475,1.379,11.0,0.5,4172.361,9,1,True,1.0,0.05
j499944,1,token_batch,1.475,0.809,11.0,0.5,4214.201,9,1,True,1.0,0.05
j503854,1,token_batch,1.475,0.9153,11.0,0.5,3611.069,5,1,True,1.0,0.05
j504365,1,delay_tolerant,0.5183,0.0,7.7333,0.5,0.0,8,2,False,1.0,0.0
j504365,1,delay_tolerant,0.655,0.0,7.7333,0.5,0.0,9,2,True,1.0,0.05
j504442,1,token_batch,1.475,0.6983,11.0,0.5,4555.032,5,1,True,1.0,0.05
j504815,1,delay_tolerant,1.1333,0.0,8.6667,0.5,0.0,5,2,False,1.0,0.0
j505467,1,delay_sensitive,0.5183,0.0,7.7333,0.5,0.0,2,3,False,1.0,0.0
j506366,1,delay_sensitive,0.5183,0.0,7.7333,0.5,0.0,2,3,False,1.0,0.0
j508058,1,delay_tolerant,0.5183,0.0,7.7333,0.5,0.0,4,2,True,1.0,0.05
j511577,1,delay_tolerant,0.9283,0.0,7.7333,0.5,0.0,4,2,False,1.0,0.0
j512358,1,delay_tolerant,1.065,0.0,8.2,0.5,0.0,5,2,True,1.0,0.035
j515828,1,token_batch,1.475,1.3835,11.0,0.5,3785.389,8,1,False,1.0,0.0
j516776,1,delay_tolerant,1.2017,0.0,9.1333,0.5,0.0,4,2,False,1.0,0.0
j518490,1,token_batch,1.475,0.9212,11.0,0.5,4473.327,9,1,False,1.0,0.0
j518749,1,token_batch,1.475,0.0,11.0,0.5,4123.036,6,1,True,1.0,0.1936
j519199,1,token_batch,2.5,0.8251,18.0,0.5,5277.373,9,1,False,1.0,0.0
j519199,1,delay_tolerant,1.2017,0.0,9.1333,0.5,0.0,9,2,False,1.0,0.0
j519817,1,delay_tolerant,0.9283,0.0,7.7333,0.5,0.0,4,2,True,1.0,0.0864
j520269,1,token_batch,1.475,0.6809,11.0,0.5,3500.485,5,1,True,1.0,0.05
j522585,1,token_batch,1.475,0.0,11.0,0.5,3821.121,7,1,False,1.0,0.0
j523055,1,token_batch,1.475,0.0,11.0,0.5,3686.043,8,1,False,1.0,0.0
j524558,1,token_batch,1.475,0.8741,11.0,0.5,4347.595,6,1,True,1.0,0.168
j525714,1,token_batch,1.475,1.4177,11.0,0.5,4548.321,9,1,False,1.0,0.0
j525742,1,delay_tolerant,0.7233,0.0,7.7333,0.5,0.0,4,2,True,1.0,0.05
j525742,1,delay_tolerant,1.1333,0.0,8.6667,0.5,0.0,4,2,False,1.0,0.0
j525742,1,token_batch,1.7483,0.6992,12.8667,0.5,4156.659,5,1,True,1.0,0.05
j525742,1,delay_tolerant,0.5183,0.0,7.7333,0.5,0.0,4,2,True,1.0,0.0496
j526224,1,token_batch,1.475,0.0,11.0,0.5,3718.342,6,1,True,1.0,0.1181
j527557,1,delay_tolerant,1.065,0.0,8.2,0.5,0.0,4,2,False,1.0,0.0
j528223,1,token_batch,2.5,0.0,18.0,0.5,5313.871,9,1,True,1.0,0.1748
j529668,1,delay_tolerant,1.065,0.0,8.2,0.5,0.0,6,2,True,1.0,0.0253
j53167,1,delay_tolerant,0.5183,0.0,7.7333,0.5,0.0,4,2,False,1.0,0.0
j533299,1,delay_tolerant,0.86,0.0,7.7333,0.5,0.0,6,2,True,1.0,0.05
j533859,1,delay_tolerant,0.5183,0.0,7.7333,0.5,0.0,4,2,True,1.0,0.0988
j534267,1,token_batch,1.475,0.0,11.0,0.5,4528.344,5,1,False,1.0,0.0
j534595,1,token_batch,1.475,1.0077,11.0,0.5,4205.322,8,1,False,1.0,0.0
j535294,1,token_batch,1.475,1.2651,11.0,0.5,4000.385,5,1,True,1.0,0.05
j535936,1,delay_tolerant,1.3383,0.0,10.0667,0.5,0.0,5,2,True,1.0,0.05
j535936,1,delay_tolerant,1.4067,0.0,10.5333,0.5,0.0,6,2,True,1.0,0.05
j536912,1,delay_tolerant,1.3383,0.0,10.0667,0.5,0.0,8,2,True,1.0,0.05
j53717,1,delay_tolerant,0.5183,0.4634,7.7333,0.5,0.0,4,2,True,1.0,0.027
j538180,1,delay_tolerant,0.9967,0.0,7.7333,0.5,0.0,8,2,True,1.0,0.05
j538400,1,delay_tolerant,1.2017,0.0,9.1333,0.5,0.0,5,2,False,1.0,0.0
j539287,1,delay_tolerant,0.86,0.0,7.7333,0.5,0.0,4,2,False,1.0,0.0
j539932,1,delay_tolerant,0.9967,0.0,7.7333,0.5,0.0,8,2,True,1.0,0.05
j540185,1,token_batch,1.475,0.7628,11.0,0.5,3734.042,6,1,False,1.0,0.0
j541488,1,delay_sensitive,0.5183,0.0,7.7333,0.5,0.0,2,3,False,1.0,0.0
j541575,1,delay_tolerant,1.1333,0.0,8.6667,0.5,0.0,8,2,True,1.0,0.0395
j541575,1,delay_tolerant,0.9967,0.0,7.7333,0.5,0.0,7,2,True,1.0,0.05
j542499,1,delay_tolerant,1.27,0.0,9.6,0.5,0.0,6,2,True,1.0,0.05
j543583,1,delay_tolerant,0.5867,0.0,7.7333,0.5,0.0,4,2,False,1.0,0.0
j543583,1,delay_tolerant,1.3383,0.0,10.0667,0.5,0.0,4,2,True,1.0,0.05
j543583,1,delay_tolerant,1.2017,0.0,9.1333,0.5,0.0,4,2,True,1.0,0.05
j543583,1,token_batch,1.475,0.9156,11.0,0.5,4270.352,5,1,False,1.0,0.0
j543631,1,delay_tolerant,0.7233,0.0,7.7333,0.5,0.0,4,2,False,1.0,0.0
j544121,1,delay_tolerant,0.9967,0.2478,7.7333,0.5,0.0,4,2,True,1.0,0.05
j546386,1,delay_tolerant,0.5867,0.0,7.7333,0.5,0.0,7,2,False,1.0,0.0
j546386,1,token_batch,1.475,0.0,11.0,0.5,3635.671,7,1,False,1.0,0.0
j547147,1,token_batch,1.475,0.0,11.0,0.5,4075.849,6,1,False,1.0,0.0
j548402,1,delay_tolerant,0.5183,0.0,7.7333,0.5,0.0,4,2,False,1.0,0.0
j550034,1,token_batch,1.475,1.208,11.0,0.5,4226.308,5,1,True,1.0,0.05
j550375,1,token_batch,1.475,1.4828,11.0,0.5,4624.971,9,1,True,1.0,0.05
j552130,1,delay_tolerant,0.655,0.0,7.7333,0.5,0.0,4,2,False,1.0,0.0
j552198,1,token_batch,1.475,0.0,11.0,0.5,3626.787,7,1,True,1.0,0.1305
j552738,1,delay_tolerant,1.3383,0.0,10.0667,0.5,0.0,5,2,True,1.0,0.05
j552822,1,delay_sensitive,0.5183,0.0,7.7333,0.5,0.0,2,3,False,1.0,0.0
j554309,1,delay_tolerant,0.9283,0.0,7.7333,0.5,0.0,6,2,True,1.0,0.05
j55542,1,delay_tolerant,1.065,0.0,8.2,0.5,0.0,4,2,False,1.0,0.0
j555715,1,token_batch,1.475,0.0,11.0,0.5,4427.004,5,1,True,1.0,0.1325
j556240,1,token_batch,1.475,0.0,11.0,0.5,3649.47,5,1,True,1.0,0.1371
j556240,1,delay_tolerant,0.5183,0.0,7.7333,0.5,0.0,4,2,False,1.0,0.0
j556255,1,token_batch,1.475,0.0,11.0,0.5,4487.894,5,1,True,1.0,0.1385
j557303,1,delay_tolerant,0.5183,0.0,7.7333,0.5,0.0,4,2,True,1.0,0.0678
j558560,1,token_batch,2.5,0.0,18.0,0.5,5302.306,5,1,True,1.0,0.1425
j558986,1,delay_tolerant,0.9967,0.0,7.7333,0.5,0.0,4,2,True,1.0,0.05
j558986,1,delay_tolerant,1.065,0.0,8.2,0.5,0.0,7,2,False,1.0,0.0
j558986,1,delay_tolerant,0.7917,0.0,7.7333,0.5,0.0,4,2,True,1.0,0.05
j558986,1,delay_tolerant,0.5183,0.0,7.7333,0.5,0.0,9,2,False,1.0,0.0
j558986,1,delay_tolerant,0.7917,0.0,7.7333,0.5,0.0,4,2,True,1.0,0.05
j558986,1,delay_tolerant,0.9967,0.0,7.7333,0.5,0.0,7,2,True,1.0,0.05
j559228,1,token_batch,2.5,0.6509,18.0,0.5,4440.805,5,1,True,1.0,0.1047
j559538,1,delay_sensitive,0.5183,0.0,7.7333,0.5,0.0,2,3,False,1.0,0.0
j561269,1,token_batch,2.5,0.918,18.0,0.5,5272.629,9,1,True,1.0,0.0828
j561269,1,token_batch,1.885,0.6806,13.8,0.5,4910.743,9,1,True,1.0,0.05
j563363,1,delay_tolerant,0.5183,0.0,7.7333,0.5,0.0,4,2,True,1.0,0.0586
j564391,1,delay_sensitive,0.5183,0.0,7.7333,0.5,0.0,2,3,False,1.0,0.0
j565090,1,delay_tolerant,0.7233,0.0,7.7333,0.5,0.0,4,2,True,1.0,0.05
j56635,1,token_batch,1.475,0.6606,11.0,0.5,4340.826,6,1,True,1.0,0.05
j566965,1,delay_tolerant,0.655,0.0,7.7333,0.5,0.0,8,2,False,1.0,0.0
j567592,1,token_batch,1.475,0.6384,11.0,0.5,4013.84,9,1,True,1.0,0.05
j568315,1,delay_tolerant,1.1333,0.0,8.6667,0.5,0.0,8,2,False,1.0,0.0
j568605,1,token_batch,1.475,0.0,11.0,0.5,3520.618,5,1,False,1.0,0.0
j569603,1,token_batch,1.475,0.5188,11.0,0.5,3443.362,8,1,True,1.0,0.05
j569721,1,delay_tolerant,1.065,0.0,8.2,0.5,0.0,6,2,False,1.0,0.0
j569721,1,token_batch,1.5433,0.841,11.4667,0.5,5136.579,6,1,True,1.0,0.05
j570169,1,token_batch,2.5,0.9349,18.0,0.5,5202.208,9,1,False,1.0,0.0
j570169,1,delay_tolerant,0.5867,0.0,7.7333,0.5,0.0,7,2,True,1.0,0.0824
j571154,1,delay_sensitive,0.5183,0.0,7.7333,0.5,0.0,2,3,False,1.0,0.0
j571154,1,delay_tolerant,0.9967,0.0,7.7333,0.5,0.0,4,2,True,1.0,0.05
j572079,1,delay_tolerant,0.7917,0.0,7.7333,0.5,0.0,4,2,False,1.0,0.0
j572699,1,token_batch,1.475,0.9778,11.0,0.5,4489.643,5,1,True,1.0,0.1488
j572699,1,delay_tolerant,0.9283,0.0,7.7333,0.5,0.0,4,2,False,1.0,0.0
j572894,1,delay_tolerant,0.9967,0.0,7.7333,0.5,0.0,4,2,True,1.0,0.0922
j572894,1,delay_tolerant,0.5183,0.0,7.7333,0.5,0.0,4,2,False,1.0,0.0
j572894,1,delay_tolerant,0.9967,0.0,7.7333,0.5,0.0,4,2,False,1.0,0.0
j574479,1,delay_tolerant,1.1333,0.0,8.6667,0.5,0.0,4,2,False,1.0,0.0
j574871,1,delay_sensitive,0.5183,0.0,7.7333,0.5,0.0,2,3,False,1.0,0.0
j575317,1,delay_tolerant,0.7233,0.0,7.7333,0.5,0.0,6,2,True,1.0,0.05
j578126,1,token_batch,1.475,0.9693,11.0,0.5,3683.541,5,1,False,1.0,0.0
j579553,1,token_batch,2.5,0.0,18.0,0.5,5406.69,5,1,False,1.0,0.0
j579553,1,delay_tolerant,1.065,0.0,8.2,0.5,0.0,6,2,False,1.0,0.0
j579906,1,delay_tolerant,1.3383,0.0,10.0667,0.5,0.0,8,2,True,1.0,0.052
j580031,1,delay_tolerant,0.5183,0.0,7.7333,0.5,0.0,4,2,True,1.0,0.05
j580061,1,delay_tolerant,0.5183,0.0,7.7333,0.5,0.0,5,2,True,1.0,0.0265
j581333,1,delay_tolerant,0.655,0.0,7.7333,0.5,0.0,4,2,False,1.0,0.0
j581333,1,delay_tolerant,0.5183,0.0,7.7333,0.5,0.0,4,2,True,1.0,0.05
j583668,1,delay_tolerant,1.065,0.0,8.2,0.5,0.0,8,2,False,1.0,0.0
j584340,1,token_batch,1.475,1.1877,11.0,0.5,3813.437,9,1,True,1.0,0.05
j584582,1,delay_tolerant,0.5867,0.0,7.7333,0.5,0.0,4,2,False,1.0,0.0
j586022,1,delay_sensitive,1.4067,0.0,10.5333,0.5,0.0,2,3,False,1.0,0.0
j587877,1,delay_sensitive,0.5183,0.0,7.7333,0.5,0.0,2,3,False,1.0,0.0
j588096,1,delay_tolerant,0.5183,0.5664,7.7333,0.5,0.0,4,2,True,1.0,0.05
j59260,1,delay_tolerant,0.5183,0.0,7.7333,0.5,0.0,4,2,True,1.0,0.0519
j593262,1,delay_sensitive,0.5867,0.0,7.7333,0.5,0.0,2,3,False,1.0,0.0
j593262,1,token_batch,2.0217,0.5338,14.7333,0.5,5391.452,5,1,False,1.0,0.0
j594932,1,delay_tolerant,0.5183,0.0,7.7333,0.5,0.0,4,2,True,1.0,0.05
j595495,1,token_batch,1.475,1.2535,11.0,0.5,3808.446,5,1,True,1.0,0.05
j595495,1,delay_tolerant,0.7233,0.2942,7.7333,0.5,0.0,4,2,True,1.0,0.0795
j595727,1,delay_tolerant,0.7233,0.0,7.7333,0.5,0.0,4,2,True,1.0,0.05
j596114,1,token_batch,1.475,0.482,11.0,0.5,3857.21,7,1,False,1.0,0.0
j596596,1,delay_tolerant,1.4067,0.0,10.5333,0.5,0.0,6,2,False,1.0,0.0
j596812,1,token_batch,1.475,0.0,11.0,0.5,3920.345,6,1,False,1.0,0.0
j597613,1,delay_tolerant,1.4067,0.0,10.5333,0.5,0.0,4,2,False,1.0,0.0
j599186,1,delay_tolerant,1.1333,0.0,8.6667,0.5,0.0,6,2,True,1.0,0.05
j599186,1,delay_tolerant,1.3383,0.0,10.0667,0.5,0.0,6,2,True,1.0,0.0955
j600071,1,token_batch,1.475,0.4939,11.0,0.5,4303.029,5,1,True,1.0,0.05
j600119,1,token_batch,1.475,1.1664,11.0,0.5,3427.661,6,1,False,1.0,0.0
j600194,1,delay_tolerant,0.5183,0.0,7.7333,0.5,0.0,7,2,True,1.0,0.077
j604780,1,token_batch,1.475,0.0,11.0,0.5,3961.638,7,1,True,1.0,0.1897
j607187,1,delay_tolerant,0.5183,0.0,7.7333,0.5,0.0,4,2,True,1.0,0.0781
j608403,1,token_batch,1.475,1.363,11.0,0.5,4416.06,6,1,True,1.0,0.05
j608403,1,token_batch,1.475,1.4903,11.0,0.5,3454.5,6,1,True,1.0,0.05
j608671,1,delay_tolerant,0.7233,0.0,7.7333,0.5,0.0,4,2,True,1.0,0.05
j609007,1,delay_tolerant,0.7917,0.0,7.7333,0.5,0.0,7,2,False,1.0,0.0
j609505,1,delay_tolerant,0.5183,0.0,7.7333,0.5,0.0,4,2,False,1.0,0.0
j611166,1,token_batch,1.475,1.0628,11.0,0.5,4129.495,7,1,True,1.0,0.05
j611247,1,delay_tolerant,0.9283,0.0,7.7333,0.5,0.0,6,2,True,1.0,0.0986
j611652,1,delay_tolerant,0.9283,0.0,7.7333,0.5,0.0,7,2,False,1.0,0.0
j611880,1,delay_tolerant,0.5183,0.0,7.7333,0.5,0.0,4,2,True,1.0,0.05
j611880,1,token_batch,1.6117,0.8941,11.9333,0.5,4094.918,5,1,False,1.0,0.0
j61244,1,delay_tolerant,1.4067,0.0,10.5333,0.5,0.0,7,2,False,1.0,0.0
j61244,1,delay_tolerant,1.065,0.0,8.2,0.5,0.0,7,2,False,1.0,0.0
j61658,1,delay_tolerant,0.5183,0.2033,7.7333,0.5,0.0,4,2,True,1.0,0.0853
j617858,1,delay_tolerant,1.4067,0.0,10.5333,0.5,0.0,5,2,True,1.0,0.05
j617858,1,delay_tolerant,0.5183,0.0,7.7333,0.5,0.0,4,2,True,1.0,0.05
j620173,1,token_batch,1.475,0.9917,11.0,0.5,4439.497,5,1,True,1.0,0.1671
j620394,1,delay_tolerant,1.1333,0.0,8.6667,0.5,0.0,7,2,False,1.0,0.0
j620394,1,token_batch,1.475,0.5153,11.0,0.5,3598.563,7,1,True,1.0,0.1519
j62402,1,delay_tolerant,0.5183,0.0,7.7333,0.5,0.0,4,2,False,1.0,0.0
j624694,1,delay_tolerant,1.27,0.0,9.6,0.5,0.0,7,2,False,1.0,0.0
j626113,1,token_batch,1.475,0.0,11.0,0.5,4092.383,9,1,True,1.0,0.1208
j627965,1,delay_tolerant,0.7917,0.0,7.7333,0.5,0.0,4,2,True,1.0,0.05
j629244,1,token_batch,1.475,1.1951,11.0,0.5,3633.146,8,1,True,1.0,0.1789
j629244,1,delay_tolerant,0.655,0.0,7.7333,0.5,0.0,7,2,True,1.0,0.05
j629958,1,token_batch,1.475,0.0,11.0,0.5,4505.862,6,1,True,1.0,0.1496
j629990,1,delay_tolerant,0.7917,0.0,7.7333,0.5,0.0,4,2,False,1.0,0.0
j630271,1,delay_tolerant,0.7233,0.0,7.7333,0.5,0.0,4,2,False,1.0,0.0
j630271,1,delay_tolerant,1.3383,0.0,10.0667,0.5,0.0,4,2,True,1.0,0.0832
j631043,1,delay_tolerant,1.4067,0.0,10.5333,0.5,0.0,6,2,False,1.0,0.0
j631043,1,token_batch,1.475,1.1748,11.0,0.5,4339.098,6,1,False,1.0,0.0
j631681,1,delay_tolerant,1.1333,0.0,8.6667,0.5,0.0,7,2,False,1.0,0.0
j631719,1,delay_tolerant,0.655,0.0,7.7333,0.5,0.0,4,2,True,1.0,0.05
j63259,1,delay_tolerant,0.5867,0.0,7.7333,0.5,0.0,4,2,False,1.0,0.0
j633573,1,delay_tolerant,0.5183,0.0,7.7333,0.5,0.0,4,2,True,1.0,0.0551
j63367,1,delay_tolerant,0.5183,0.0,7.7333,0.5,0.0,4,2,True,1.0,0.05
j63367,1,delay_tolerant,1.1333,0.0,8.6667,0.5,0.0,4,2,True,1.0,0.0354
j634334,1,delay_tolerant,1.27,0.0,9.6,0.5,0.0,4,2,False,1.0,0.0
j634334,1,delay_tolerant,0.5867,0.0,7.7333,0.5,0.0,4,2,False,1.0,0.0
j634448,1,token_batch,1.475,1.1329,11.0,0.5,3895.905,7,1,True,1.0,0.05
j637127,1,delay_tolerant,0.5183,0.4295,7.7333,0.5,0.0,4,2,False,1.0,0.0
j638185,1,token_batch,1.475,1.0727,11.0,0.5,4128.826,9,1,False,1.0,0.0
j638185,1,token_batch,1.475,1.187,11.0,0.5,4003.708,9,1,True,1.0,0.1912
j638329,1,token_batch,1.475,1.1345,11.0,0.5,4040.353,5,1,True,1.0,0.1603
j638940,1,delay_tolerant,1.27,0.0,9.6,0.5,0.0,8,2,True,1.0,0.05
j638940,1,delay_tolerant,0.86,0.0,7.7333,0.5,0.0,4,2,False,1.0,0.0
j638940,1,token_batch,1.5433,1.217,11.4667,0.5,4428.718,5,1,False,1.0,0.0
j638940,1,delay_tolerant,0.5183,0.0,7.7333,0.5,0.0,9,2,True,1.0,0.05
j640409,1,token_batch,1.475,0.6703,11.0,0.5,4154.013,7,1,True,1.0,0.05
j643948,1,delay_tolerant,0.7233,0.0,7.7333,0.5,0.0,4,2,False,1.0,0.0
j645054,1,delay_tolerant,0.655,0.0,7.7333,0.5,0.0,4,2,False,1.0,0.0
j646329,1,delay_tolerant,0.9967,0.0,7.7333,0.5,0.0,7,2,False,1.0,0.0
j646329,1,delay_tolerant,1.2017,0.0,9.1333,0.5,0.0,7,2,True,1.0,0.0257
j646329,1,delay_tolerant,1.4067,0.0,10.5333,0.5,0.0,7,2,True,1.0,0.05
j646725,1,token_batch,1.475,0.8956,11.0,0.5,4483.205,6,1,False,1.0,0.0
j646879,1,delay_tolerant,0.5183,0.0,7.7333,0.5,0.0,4,2,True,1.0,0.05
j646911,1,delay_tolerant,0.655,0.0,7.7333,0.5,0.0,6,2,True,1.0,0.05
j64693,1,delay_tolerant,0.86,0.0,7.7333,0.5,0.0,4,2,False,1.0,0.0
j647412,1,token_batch,1.475,0.8457,11.0,0.5,4309.858,6,1,False,1.0,0.0
j648313,1,delay_tolerant,0.5183,0.0,7.7333,0.5,0.0,4,2,True,1.0,0.05
j649406,1,delay_tolerant,0.5183,0.0,7.7333,0.5,0.0,4,2,False,1.0,0.0
j649600,1,delay_tolerant,0.5183,0.0,7.7333,0.5,0.0,6,2,True,1.0,0.05
j649600,1,delay_tolerant,0.86,0.0,7.7333,0.5,0.0,6,2,True,1.0,0.05
j649958,1,token_batch,2.5,0.0,18.0,0.5,4755.5,5,1,False,1.0,0.0
j651387,1,token_batch,1.475,0.0,11.0,0.5,3669.744,5,1,True,1.0,0.0819
j65151,1,delay_tolerant,0.7233,0.0,7.7333,0.5,0.0,6,2,True,1.0,0.05
j652607,1,delay_tolerant,0.655,0.0,7.7333,0.5,0.0,4,2,True,1.0,0.0756
j652988,1,delay_tolerant,1.3383,0.0,10.0667,0.5,0.0,8,2,False,1.0,0.0
j653179,1,delay_tolerant,0.5183,0.0,7.7333,0.5,0.0,4,2,True,1.0,0.0424
j653441,1,delay_tolerant,1.4067,0.0,10.5333,0.5,0.0,9,2,True,1.0,0.05
j653441,1,token_batch,1.475,0.5345,11.0,0.5,3898.205,9,1,True,1.0,0.05
j653930,1,delay_tolerant,0.86,0.0,7.7333,0.5,0.0,8,2,False,1.0,0.0
j654193,1,delay_tolerant,1.2017,0.0,9.1333,0.5,0.0,9,2,True,1.0,0.05
j654508,1,delay_tolerant,0.86,0.0,7.7333,0.5,0.0,7,2,True,1.0,0.05
j654792,1,delay_tolerant,0.7917,0.0,7.7333,0.5,0.0,6,2,False,1.0,0.0
j654792,1,delay_tolerant,0.7917,0.0,7.7333,0.5,0.0,5,2,False,1.0,0.0
j65799,1,delay_tolerant,0.5183,0.0,7.7333,0.5,0.0,4,2,True,1.0,0.05
j65799,1,delay_tolerant,0.9283,0.0,7.7333,0.5,0.0,4,2,False,1.0,0.0
j659274,1,token_batch,1.6117,0.0,11.9333,0.5,4090.708,5,1,False,1.0,0.0
j659571,1,delay_tolerant,0.5183,0.0,7.7333,0.5,0.0,4,2,False,1.0,0.0
j660376,1,token_batch,1.475,0.7324,11.0,0.5,3918.313,5,1,False,1.0,0.0
j6610,1,delay_tolerant,0.5183,0.0,7.7333,0.5,0.0,7,2,False,1.0,0.0
j661458,1,delay_tolerant,0.9283,0.0,7.7333,0.5,0.0,8,2,True,1.0,0.05
j661458,1,delay_tolerant,0.5183,0.0,7.7333,0.5,0.0,8,2,False,1.0,0.0
j661458,1,delay_tolerant,0.5183,0.5113,7.7333,0.5,0.0,4,2,False,1.0,0.0
j661458,1,delay_tolerant,1.065,0.0,8.2,0.5,0.0,9,2,True,1.0,0.05
j661458,1,delay_tolerant,1.1333,0.0,8.6667,0.5,0.0,9,2,True,1.0,0.05
j662810,1,delay_tolerant,1.065,0.0,8.2,0.5,0.0,9,2,False,1.0,0.0
j663118,1,token_batch,1.475,0.0,11.0,0.5,3485.671,5,1,True,1.0,0.1782
j664160,1,delay_tolerant,1.065,0.0,8.2,0.5,0.0,7,2,False,1.0,0.0
j664744,1,delay_tolerant,1.2017,0.0,9.1333,0.5,0.0,6,2,True,1.0,0.0316
j665223,1,token_batch,1.475,1.0243,11.0,0.5,3891.917,6,1,True,1.0,0.05
j666135,1,token_batch,1.475,0.577,11.0,0.5,4364.607,7,1,True,1.0,0.05
j666576,1,delay_sensitive,0.5867,0.0,7.7333,0.5,0.0,2,3,False,1.0,0.0
j667308,1,token_batch,1.475,0.0,11.0,0.5,3677.026,5,1,True,1.0,0.1092
j667312,1,token_batch,1.475,1.1134,11.0,0.5,4398.542,9,1,True,1.0,0.05
j667838,1,delay_tolerant,0.5183,0.0,7.7333,0.5,0.0,5,2,True,1.0,0.05
j669201,1,delay_tolerant,0.5183,0.0,7.7333,0.5,0.0,5,2,False,1.0,0.0
j669834,1,delay_sensitive,0.5183,0.0,7.7333,0.5,0.0,2,3,False,1.0,0.0
j670867,1,delay_tolerant,1.4067,0.0,10.5333,0.5,0.0,9,2,False,1.0,0.0
j670867,1,delay_tolerant,0.5867,0.0,7.7333,0.5,0.0,9,2,False,1.0,0.0
j670867,1,token_batch,1.475,0.9059,11.0,0.5,4298.756,9,1,False,1.0,0.0
j671179,1,token_batch,1.475,0.8869,11.0,0.5,3770.572,7,1,True,1.0,0.05
j671179,1,delay_tolerant,0.5183,0.0,7.7333,0.5,0.0,4,2,False,1.0,0.0
j671179,1,token_batch,1.475,1.1561,11.0,0.5,3561.195,7,1,True,1.0,0.05
j671473,1,token_batch,1.475,0.0,11.0,0.5,4027.307,5,1,False,1.0,0.0
j672274,1,delay_tolerant,0.5867,0.0,7.7333,0.5,0.0,4,2,False,1.0,0.0
j672274,1,token_batch,1.475,0.0,11.0,0.5,4129.674,5,1,True,1.0,0.1839
j672274,1,delay_tolerant,0.5183,0.0,7.7333,0.5,0.0,4,2,False,1.0,0.0
j672995,1,token_batch,1.475,0.0,11.0,0.5,3572.14,7,1,True,1.0,0.1751
j675188,1,token_batch,1.475,1.2829,11.0,0.5,4335.943,9,1,True,1.0,0.05
j675188,1,delay_tolerant,0.5183,0.0,7.7333,0.5,0.0,8,2,True,1.0,0.0941
j675294,1,token_batch,1.475,0.0,11.0,0.5,3944.77,7,1,True,1.0,0.1935
j676365,1,token_batch,1.475,0.9506,11.0,0.5,4306.737,5,1,True,1.0,0.1539
j676365,1,delay_tolerant,1.1333,0.0,8.6667,0.5,0.0,4,2,False,1.0,0.0
j676823,1,delay_tolerant,0.9967,0.282,7.7333,0.5,0.0,9,2,False,1.0,0.0
j677352,1,delay_tolerant,1.27,0.0,9.6,0.5,0.0,6,2,True,1.0,0.0678
j678994,1,delay_tolerant,0.5183,0.0,7.7333,0.5,0.0,4,2,False,1.0,0.0
j679052,1,delay_tolerant,0.5183,0.0,7.7333,0.5,0.0,7,2,False,1.0,0.0
j679453,1,delay_sensitive,0.5183,0.0,7.7333,0.5,0.0,2,3,False,1.0,0.0
j679453,1,delay_sensitive,0.5183,0.0,7.7333,0.5,0.0,2,3,False,1.0,0.0
j679453,1,delay_tolerant,0.5183,0.0,7.7333,0.5,0.0,4,2,False,1.0,0.0
j68275,1,token_batch,1.475,0.0,11.0,0.5,4156.632,8,1,True,1.0,0.1723
j683332,1,delay_tolerant,0.5183,0.0,7.7333,0.5,0.0,4,2,False,1.0,0.0
j68374,1,delay_tolerant,1.3383,0.4958,10.0667,0.5,0.0,7,2,True,1.0,0.05
j68374,1,token_batch,1.475,1.4862,11.0,0.5,4206.131,7,1,False,1.0,0.0
j68374,1,token_batch,1.475,0.499,11.0,0.5,4144.992,7,1,True,1.0,0.05
j684120,1,delay_tolerant,0.5183,0.2163,7.7333,0.5,0.0,4,2,False,1.0,0.0
j684120,1,delay_tolerant,1.2017,0.0,9.1333,0.5,0.0,6,2,True,1.0,0.05
j684339,1,token_batch,1.475,0.0,11.0,0.5,4331.732,7,1,False,1.0,0.0
j684339,1,delay_tolerant,1.1333,0.0,8.6667,0.5,0.0,7,2,True,1.0,0.05
j684484,1,token_batch,1.475,1.1077,11.0,0.5,4431.706,5,1,False,1.0,0.0
j684823,1,token_batch,1.475,0.5117,11.0,0.5,3994.269,5,1,True,1.0,0.05
j68527,1,delay_tolerant,0.5867,0.0,7.7333,0.5,0.0,4,2,True,1.0,0.05
j686679,1,delay_tolerant,0.5183,0.0,7.7333,0.5,0.0,4,2,False,1.0,0.0
j687962,1,delay_tolerant,0.7917,0.0,7.7333,0.5,0.0,4,2,False,1.0,0.0
j687962,1,token_batch,1.475,0.0,11.0,0.5,4242.444,7,1,False,1.0,0.0
j688194,1,delay_tolerant,0.86,0.0,7.7333,0.5,0.0,9,2,True,1.0,0.05
j688194,1,delay_tolerant,0.655,0.0,7.7333,0.5,0.0,9,2,False,1.0,0.0
j690455,1,token_batch,1.475,1.2872,11.0,0.5,4456.762,7,1,False,1.0,0.0
j691918,1,delay_tolerant,1.4067,0.0,10.5333,0.5,0.0,7,2,False,1.0,0.0
j692420,1,token_batch,1.475,0.0,11.0,0.5,3678.883,6,1,False,1.0,0.0
j692420,1,delay_tolerant,1.3383,0.501,10.0667,0.5,0.0,7,2,True,1.0,0.0883
j695025,1,delay_tolerant,1.1333,0.0,8.6667,0.5,0.0,6,2,False,1.0,0.0
j695479,1,token_batch,1.475,0.0,11.0,0.5,3823.066,7,1,False,1.0,0.0
j697096,1,token_batch,2.5,0.6208,18.0,0.5,5113.749,5,1,True,1.0,0.1552
j698477,1,token_batch,1.475,0.6752,11.0,0.5,3840.498,5,1,True,1.0,0.05
j69863,1,token_batch,1.475,1.4313,11.0,0.5,3596.329,9,1,True,1.0,0.05
j699112,1,token_batch,1.475,0.7942,11.0,0.5,3449.994,5,1,False,1.0,0.0
j699112,1,token_batch,1.475,1.3433,11.0,0.5,3891.893,5,1,True,1.0,0.05
j699271,1,delay_tolerant,0.86,0.0,7.7333,0.5,0.0,4,2,True,1.0,0.05
j699271,1,delay_tolerant,0.5183,0.0,7.7333,0.5,0.0,4,2,False,1.0,0.0
j70159,1,delay_tolerant,1.2017,0.0,9.1333,0.5,0.0,4,2,False,1.0,0.0
j70159,1,token_batch,1.475,0.6268,11.0,0.5,4531.416,5,1,False,1.0,0.0
j701807,1,delay_tolerant,1.065,0.0,8.2,0.5,0.0,7,2,True,1.0,0.05
j702440,1,delay_tolerant,1.2017,0.0,9.1333,0.5,0.0,9,2,True,1.0,0.05
j702541,1,token_batch,1.475,1.1795,11.0,0.5,3960.938,5,1,True,1.0,0.1653
j705652,1,delay_tolerant,0.5183,0.0,7.7333,0.5,0.0,4,2,True,1.0,0.0214
j705713,1,token_batch,1.475,0.916,11.0,0.5,3991.423,7,1,False,1.0,0.0
j706899,1,delay_tolerant,0.5183,0.0,7.7333,0.5,0.0,4,2,False,1.0,0.0
j707910,1,token_batch,1.475,1.424,11.0,0.5,3516.117,6,1,False,1.0,0.0
j707910,1,delay_tolerant,1.065,0.0,8.2,0.5,0.0,6,2,False,1.0,0.0
j707910,1,delay_tolerant,0.655,0.0,7.7333,0.5,0.0,4,2,True,1.0,0.0695
j709047,1,delay_tolerant,1.065,0.0,8.2,0.5,0.0,8,2,False,1.0,0.0
j709047,1,delay_tolerant,0.7233,0.0,7.7333,0.5,0.0,8,2,True,1.0,0.05
j709199,1,delay_tolerant,0.5867,0.0,7.7333,0.5,0.0,4,2,True,1.0,0.05
j709243,1,delay_tolerant,1.4067,0.0,10.5333,0.5,0.0,6,2,True,1.0,0.0563
j71205,1,delay_tolerant,1.065,0.0,8.2,0.5,0.0,4,2,True,1.0,0.05
j712919,1,delay_tolerant,1.4067,0.0,10.5333,0.5,0.0,6,2,True,1.0,0.05
j713363,1,token_batch,1.475,0.5149,11.0,0.5,3687.388,6,1,True,1.0,0.05
j715134,1,token_batch,1.475,0.578,11.0,0.5,3860.251,5,1,True,1.0,0.1991
j715521,1,delay_tolerant,0.655,0.0,7.7333,0.5,0.0,4,2,True,1.0,0.05
j716192,1,delay_tolerant,0.7233,0.0,7.7333,0.5,0.0,9,2,True,1.0,0.0352
j717709,1,delay_tolerant,1.27,0.0,9.6,0.5,0.0,7,2,False,1.0,0.0
j718502,1,delay_tolerant,0.5183,0.0,7.7333,0.5,0.0,8,2,False,1.0,0.0
j721172,1,token_batch,1.475,0.0,11.0,0.5,3489.78,5,1,True,1.0,0.1355
j721172,1,delay_tolerant,1.3383,0.0,10.0667,0.5,0.0,5,2,True,1.0,0.05
j721183,1,delay_tolerant,1.2017,0.0,9.1333,0.5,0.0,6,2,False,1.0,0.0
j721183,1,delay_tolerant,1.1333,0.0,8.6667,0.5,0.0,6,2,False,1.0,0.0
j721368,1,delay_tolerant,1.065,0.0,8.2,0.5,0.0,5,2,False,1.0,0.0
j722741,1,delay_tolerant,1.2017,0.0,9.1333,0.5,0.0,4,2,True,1.0,0.0729
j723188,1,delay_tolerant,0.86,0.0,7.7333,0.5,0.0,9,2,False,1.0,0.0
j723188,1,token_batch,1.475,1.0568,11.0,0.5,3851.796,9,1,True,1.0,0.05
j723463,1,token_batch,1.475,0.8826,11.0,0.5,3856.567,9,1,True,1.0,0.05
j723714,1,token_batch,1.475,0.9463,11.0,0.5,4584.821,5,1,False,1.0,0.0
j723714,1,delay_tolerant,0.5867,0.0,7.7333,0.5,0.0,4,2,False,1.0,0.0
j723714,1,delay_tolerant,1.1333,0.0,8.6667,0.5,0.0,5,2,False,1.0,0.0
j725020,1,delay_tolerant,1.3383,0.0,10.0667,0.5,0.0,7,2,False,1.0,0.0
j725607,1,token_batch,1.475,1.3751,11.0,0.5,4606.037,5,1,True,1.0,0.05
j726878,1,token_batch,1.475,0.0,11.0,0.5,4024.92,5,1,True,1.0,0.1133
j72916,1,delay_sensitive,0.5183,0.0,7.7333,0.5,0.0,2,3,False,1.0,0.0
j72916,1,delay_sensitive,0.5183,0.0,7.7333,0.5,0.0,2,3,False,1.0,0.0
j729400,1,token_batch,1.475,0.0,11.0,0.5,3779.31,9,1,True,1.0,0.0817
j730465,1,token_batch,1.475,0.0,11.0,0.5,3445.238,6,1,False,1.0,0.0
j731915,1,delay_tolerant,0.5183,0.0,7.7333,0.5,0.0,4,2,True,1.0,0.0263
j73372,1,delay_tolerant,1.3383,0.0,10.0667,0.5,0.0,4,2,False,1.0,0.0
j73474,1,delay_tolerant,1.065,0.2661,8.2,0.5,0.0,4,2,False,1.0,0.0
j736951,1,delay_tolerant,1.27,0.0,9.6,0.5,0.0,4,2,False,1.0,0.0
j741110,1,token_batch,1.475,0.5017,11.0,0.5,4466.801,5,1,True,1.0,0.05
j741132,1,delay_tolerant,0.5183,0.0,7.7333,0.5,0.0,4,2,False,1.0,0.0
j741132,1,delay_tolerant,1.065,0.0,8.2,0.5,0.0,4,2,False,1.0,0.0
j741371,1,delay_tolerant,1.3383,0.0,10.0667,0.5,0.0,8,2,False,1.0,0.0
j741426,1,token_batch,2.5,0.7309,18.0,0.5,4240.073,6,1,False,1.0,0.0
j742107,1,token_batch,1.475,0.0,11.0,0.5,4526.444,6,1,False,1.0,0.0
j743989,1,token_batch,2.5,0.6476,18.0,0.5,5180.61,8,1,True,1.0,0.05
j744363,1,delay_tolerant,1.4067,0.2136,10.5333,0.5,0.0,4,2,False,1.0,0.0
j744363,1,delay_tolerant,1.1333,0.0,8.6667,0.5,0.0,4,2,False,1.0,0.0
j746659,1,delay_tolerant,0.655,0.0,7.7333,0.5,0.0,8,2,False,1.0,0.0
j747044,1,delay_tolerant,1.4067,0.0,10.5333,0.5,0.0,6,2,False,1.0,0.0
j747044,1,delay_tolerant,0.5867,0.0,7.7333,0.5,0.0,5,2,True,1.0,0.05
j747736,1,delay_tolerant,0.655,0.0,7.7333,0.5,0.0,7,2,False,1.0,0.0
j748111,1,delay_tolerant,0.5183,0.0,7.7333,0.5,0.0,4,2,False,1.0,0.0
j748111,1,token_batch,1.475,0.7164,11.0,0.5,4632.634,5,1,True,1.0,0.145
j749178,1,delay_tolerant,1.4067,0.0,10.5333,0.5,0.0,4,2,True,1.0,0.0736
j749215,1,delay_tolerant,0.7917,0.0,7.7333,0.5,0.0,7,2,False,1.0,0.0
j749877,1,token_batch,1.475,0.5101,11.0,0.5,3425.645,5,1,True,1.0,0.05
j749877,1,delay_tolerant,1.1333,0.0,8.6667,0.5,0.0,4,2,True,1.0,0.0413
j749986,1,delay_tolerant,0.7233,0.0,7.7333,0.5,0.0,4,2,True,1.0,0.0416
j749986,1,delay_tolerant,1.3383,0.0,10.0667,0.5,0.0,4,2,True,1.0,0.05
j750407,1,token_batch,1.475,0.5223,11.0,0.5,4133.344,6,1,False,1.0,0.0
j750484,1,delay_tolerant,1.1333,0.0,8.6667,0.5,0.0,4,2,True,1.0,0.05
j752447,1,delay_tolerant,0.9967,0.0,7.7333,0.5,0.0,8,2,False,1.0,0.0
j752864,1,delay_tolerant,0.655,0.0,7.7333,0.5,0.0,8,2,False,1.0,0.0
j753799,1,token_batch,1.475,0.7519,11.0,0.5,4622.644,5,1,True,1.0,0.1607
j756073,1,delay_tolerant,1.4067,0.0,10.5333,0.5,0.0,4,2,False,1.0,0.0
j756140,1,delay_tolerant,1.2017,0.0,9.1333,0.5,0.0,6,2,False,1.0,0.0
j756668,1,delay_tolerant,0.7917,0.0,7.7333,0.5,0.0,4,2,False,1.0,0.0
j757836,1,delay_tolerant,0.7917,0.0,7.7333,0.5,0.0,5,2,False,1.0,0.0
j758556,1,token_batch,1.475,1.4974,11.0,0.5,3474.586,7,1,True,1.0,0.1044
j758556,1,token_batch,1.475,0.9004,11.0,0.5,3641.832,7,1,False,1.0,0.0
j75944,1,token_batch,1.475,1.1348,11.0,0.5,4595.385,6,1,True,1.0,0.05
j75944,1,delay_tolerant,0.7233,0.0,7.7333,0.5,0.0,4,2,True,1.0,0.05
j759717,1,delay_tolerant,1.27,0.0,9.6,0.5,0.0,4,2,True,1.0,0.05
j759785,1,token_batch,1.475,1.4102,11.0,0.5,4352.738,6,1,True,1.0,0.1558
j759930,1,delay_tolerant,0.7233,0.0,7.7333,0.5,0.0,4,2,False,1.0,0.0
j76,1,token_batch,1.475,1.1479,11.0,0.5,3916.961,7,1,True,1.0,0.05
j760537,1,delay_tolerant,1.4067,0.0,10.5333,0.5,0.0,4,2,True,1.0,0.05
j761529,1,delay_tolerant,0.5183,0.0,7.7333,0.5,0.0,4,2,True,1.0,0.021
j762942,1,delay_tolerant,0.655,0.0,7.7333,0.5,0.0,4,2,True,1.0,0.05
j76423,1,token_batch,1.5433,0.0,11.4667,0.5,4236.911,5,1,True,1.0,0.1574
j76423,1,delay_tolerant,0.7917,0.0,7.7333,0.5,0.0,4,2,False,1.0,0.0
j764558,1,delay_tolerant,1.2017,0.0,9.1333,0.5,0.0,4,2,False,1.0,0.0
j768467,1,token_batch,1.475,1.1959,11.0,0.5,3934.712,7,1,False,1.0,0.0
j768706,1,token_batch,1.475,1.3919,11.0,0.5,4134.891,5,1,True,1.0,0.1482
j768900,1,token_batch,1.475,0.0,11.0,0.5,3549.691,5,1,False,1.0,0.0
j768900,1,token_batch,1.475,0.6471,11.0,0.5,3919.912,5,1,True,1.0,0.05
j769336,1,delay_tolerant,1.065,0.0,8.2,0.5,0.0,9,2,True,1.0,0.05
j769561,1,delay_tolerant,1.4067,0.3888,10.5333,0.5,0.0,5,2,True,1.0,0.0207
j769828,1,delay_tolerant,0.5183,0.0,7.7333,0.5,0.0,7,2,False,1.0,0.0
j773882,1,delay_tolerant,0.7917,0.0,7.7333,0.5,0.0,8,2,False,1.0,0.0
j774266,1,delay_tolerant,0.5183,0.0,7.7333,0.5,0.0,4,2,False,1.0,0.0
j774266,1,token_batch,1.475,0.9634,11.0,0.5,4421.687,6,1,False,1.0,0.0
j776231,1,delay_tolerant,0.5183,0.0,7.7333,0.5,0.0,4,2,False,1.0,0.0
j776528,1,delay_tolerant,0.5183,0.0,7.7333,0.5,0.0,7,2,False,1.0,0.0
j776688,1,token_batch,1.475,1.4955,11.0,0.5,4216.703,8,1,True,1.0,0.05
j776688,1,delay_tolerant,1.3383,0.0,10.0667,0.5,0.0,8,2,False,1.0,0.0
j777026,1,token_batch,1.475,1.4681,11.0,0.5,3863.438,5,1,False,1.0,0.0
j777567,1,token_batch,1.475,1.1279,11.0,0.5,4629.817,5,1,False,1.0,0.0
j779192,1,delay_tolerant,1.4067,0.0,10.5333,0.5,0.0,4,2,False,1.0,0.0
j779192,1,delay_tolerant,1.1333,0.0,8.6667,0.5,0.0,4,2,True,1.0,0.0301
j779192,1,delay_tolerant,0.5183,0.0,7.7333,0.5,0.0,4,2,False,1.0,0.0
j779192,1,delay_tolerant,0.86,0.0,7.7333,0.5,0.0,4,2,False,1.0,0.0
j78,1,token_batch,1.475,0.6084,11.0,0.5,4145.562,6,1,False,1.0,0.0
j780188,1,delay_tolerant,0.5183,0.0,7.7333,0.5,0.0,4,2,False,1.0,0.0
j782408,1,token_batch,1.475,1.3665,11.0,0.5,4269.034,5,1,False,1.0,0.0
j782408,1,token_batch,1.475,0.0,11.0,0.5,4001.853,5,1,False,1.0,0.0
j782408,1,delay_tolerant,0.9967,0.0,7.7333,0.5,0.0,4,2,False,1.0,0.0
j782720,1,delay_tolerant,0.7233,0.0,7.7333,0.5,0.0,4,2,True,1.0,0.0529
j782720,1,delay_tolerant,1.27,0.0,9.6,0.5,0.0,8,2,False,1.0,0.0
j785275,1,token_batch,1.475,0.0,11.0,0.5,4581.195,5,1,False,1.0,0.0
j785275,1,token_batch,1.475,1.275,11.0,0.5,4443.234,5,1,True,1.0,0.1791
j785923,1,delay_tolerant,1.3383,0.0,10.0667,0.5,0.0,5,2,True,1.0,0.05
j786710,1,token_batch,2.5,0.9931,18.0,0.5,4987.471,5,1,True,1.0,0.1455
j786715,1,delay_tolerant,0.7233,0.0,7.7333,0.5,0.0,4,2,False,1.0,0.0
j788110,1,delay_tolerant,0.5183,0.0,7.7333,0.5,0.0,4,2,False,1.0,0.0
j788110,1,delay_tolerant,0.7917,0.0,7.7333,0.5,0.0,9,2,True,1.0,0.05
j789298,1,delay_tolerant,0.5183,0.0,7.7333,0.5,0.0,4,2,False,1.0,0.0
j789298,1,token_batch,1.475,1.3827,11.0,0.5,3807.248,6,1,False,1.0,0.0
j792249,1,delay_tolerant,1.2017,0.0,9.1333,0.5,0.0,6,2,False,1.0,0.0
j792249,1,delay_tolerant,1.27,0.0,9.6,0.5,0.0,7,2,True,1.0,0.05
j793593,1,delay_tolerant,0.7233,0.0,7.7333,0.5,0.0,4,2,False,1.0,0.0
j793638,1,delay_tolerant,0.5183,0.0,7.7333,0.5,0.0,4,2,False,1.0,0.0
j794861,1,delay_tolerant,0.5867,0.0,7.7333,0.5,0.0,4,2,True,1.0,0.05
j794861,1,delay_sensitive,0.5867,0.0,7.7333,0.5,0.0,2,3,False,1.0,0.0
j794971,1,delay_tolerant,0.5867,0.0,7.7333,0.5,0.0,4,2,False,1.0,0.0
j794971,1,token_batch,1.475,0.4967,11.0,0.5,4400.638,5,1,True,1.0,0.05
j7953,1,delay_tolerant,0.5867,0.0,7.7333,0.5,0.0,6,2,False,1.0,0.0
j796190,1,delay_tolerant,0.5183,0.0,7.7333,0.5,0.0,4,2,True,1.0,0.05
j796287,1,delay_tolerant,1.065,0.0,8.2,0.5,0.0,6,2,False,1.0,0.0
j796287,1,delay_tolerant,0.5183,0.5034,7.7333,0.5,0.0,4,2,False,1.0,0.0
j797303,1,delay_tolerant,1.065,0.0,8.2,0.5,0.0,4,2,True,1.0,0.05
j799548,1,delay_tolerant,0.5183,0.0,7.7333,0.5,0.0,8,2,False,1.0,0.0
j799689,1,delay_tolerant,1.065,0.2972,8.2,0.5,0.0,9,2,False,1.0,0.0
j800282,1,delay_tolerant,0.86,0.0,7.7333,0.5,0.0,4,2,False,1.0,0.0
j80109,1,token_batch,2.5,0.8844,18.0,0.5,5322.276,7,1,False,1.0,0.0
j80109,1,delay_tolerant,1.27,0.0,9.6,0.5,0.0,7,2,True,1.0,0.05
j803123,1,token_batch,1.475,0.0,11.0,0.5,3538.316,5,1,True,1.0,0.0909
j803155,1,delay_tolerant,0.9283,0.2399,7.7333,0.5,0.0,8,2,False,1.0,0.0
j803155,1,delay_tolerant,1.4067,0.0,10.5333,0.5,0.0,8,2,False,1.0,0.0
j803583,1,delay_tolerant,0.655,0.0,7.7333,0.5,0.0,6,2,True,1.0,0.05
j803583,1,token_batch,1.475,1.4987,11.0,0.5,4296.945,6,1,True,1.0,0.05
j80429,1,delay_tolerant,0.5183,0.0,7.7333,0.5,0.0,4,2,True,1.0,0.05
j805339,1,delay_tolerant,1.1333,0.0,8.6667,0.5,0.0,4,2,False,1.0,0.0
j807319,1,delay_tolerant,0.5183,0.0,7.7333,0.5,0.0,4,2,True,1.0,0.05
j807319,1,token_batch,1.475,0.0,11.0,0.5,4174.482,5,1,False,1.0,0.0
j808431,1,delay_tolerant,0.9967,0.0,7.7333,0.5,0.0,4,2,True,1.0,0.0894
j809461,1,delay_tolerant,1.27,0.0,9.6,0.5,0.0,6,2,True,1.0,0.05
j809461,1,delay_tolerant,0.7233,0.0,7.7333,0.5,0.0,6,2,False,1.0,0.0
j811105,1,delay_tolerant,1.4067,0.0,10.5333,0.5,0.0,6,2,True,1.0,0.0897
j811105,1,delay_tolerant,0.5183,0.0,7.7333,0.5,0.0,4,2,True,1.0,0.0249
j8134,1,delay_sensitive,0.5183,0.0,7.7333,0.5,0.0,2,3,False,1.0,0.0
j81842,1,token_batch,1.475,0.9024,11.0,0.5,4301.384,5,1,True,1.0,0.05
j818442,1,token_batch,1.475,1.16,11.0,0.5,3848.809,5,1,True,1.0,0.05
j818442,1,delay_tolerant,1.2017,0.0,9.1333,0.5,0.0,4,2,True,1.0,0.05
j818568,1,delay_tolerant,0.5867,0.0,7.7333,0.5,0.0,4,2,True,1.0,0.0356
j818568,1,delay_tolerant,0.5183,0.0,7.7333,0.5,0.0,4,2,True,1.0,0.0869
j818797,1,delay_tolerant,1.3383,0.0,10.0667,0.5,0.0,8,2,False,1.0,0.0
j819910,1,delay_tolerant,0.5183,0.0,7.7333,0.5,0.0,4,2,True,1.0,0.05
j821081,1,token_batch,1.475,1.0303,11.0,0.5,3450.051,5,1,True,1.0,0.05
j823350,1,delay_tolerant,0.86,0.0,7.7333,0.5,0.0,6,2,False,1.0,0.0
j82384,1,delay_tolerant,0.7917,0.0,7.7333,0.5,0.0,4,2,True,1.0,0.055
j825371,1,delay_tolerant,0.5183,0.0,7.7333,0.5,0.0,4,2,True,1.0,0.0936
j825794,1,delay_tolerant,0.9967,0.0,7.7333,0.5,0.0,7,2,False,1.0,0.0
j826859,1,delay_tolerant,0.7233,0.0,7.7333,0.5,0.0,4,2,False,1.0,0.0
j827972,1,token_batch,1.475,0.8691,11.0,0.5,4185.956,8,1,True,1.0,0.1156
j828053,1,delay_tolerant,1.065,0.0,8.2,0.5,0.0,6,2,True,1.0,0.0477
j829338,1,token_batch,1.475,0.0,11.0,0.5,3918.064,5,1,True,1.0,0.1295
j829906,1,delay_tolerant,0.5867,0.0,7.7333,0.5,0.0,4,2,True,1.0,0.05
j829906,1,delay_tolerant,0.5867,0.3654,7.7333,0.5,0.0,4,2,True,1.0,0.049
j831527,1,delay_tolerant,0.7233,0.0,7.7333,0.5,0.0,8,2,False,1.0,0.0
j832150,1,token_batch,1.475,0.4187,11.0,0.5,4077.384,5,1,True,1.0,0.1679
j83440,1,delay_tolerant,0.5183,0.0,7.7333,0.5,0.0,4,2,False,1.0,0.0
j83737,1,token_batch,1.475,0.457,11.0,0.5,4370.227,7,1,True,1.0,0.05
j838011,1,delay_tolerant,1.4067,0.0,10.5333,0.5,0.0,4,2,True,1.0,0.071
j838643,1,delay_tolerant,0.5183,0.0,7.7333,0.5,0.0,4,2,False,1.0,0.0
j838697,1,delay_tolerant,0.655,0.5024,7.7333,0.5,0.0,4,2,False,1.0,0.0
j838941,1,delay_tolerant,1.065,0.0,8.2,0.5,0.0,6,2,True,1.0,0.05
j839483,1,delay_tolerant,0.7233,0.0,7.7333,0.5,0.0,4,2,True,1.0,0.05
j839483,1,delay_tolerant,0.9967,0.0,7.7333,0.5,0.0,4,2,False,1.0,0.0
j83965,1,delay_tolerant,0.9283,0.0,7.7333,0.5,0.0,8,2,True,1.0,0.05
j83965,1,token_batch,1.885,0.0,13.8,0.5,5261.345,7,1,False,1.0,0.0
j83965,1,delay_sensitive,2.0217,0.0,14.7333,0.5,0.0,2,3,False,1.0,0.0
j83980,1,delay_tolerant,1.1333,0.0,8.6667,0.5,0.0,6,2,False,1.0,0.0
j83980,1,token_batch,1.475,0.0,11.0,0.5,4443.392,6,1,True,1.0,0.1425
j83980,1,delay_tolerant,1.2017,0.0,9.1333,0.5,0.0,6,2,False,1.0,0.0
j83980,1,delay_tolerant,1.2017,0.0,9.1333,0.5,0.0,6,2,True,1.0,0.05
j83980,1,delay_tolerant,0.5183,0.0,7.7333,0.5,0.0,4,2,False,1.0,0.0
j841282,1,delay_tolerant,1.1333,0.0,8.6667,0.5,0.0,7,2,False,1.0,0.0
j841282,1,delay_tolerant,0.7917,0.0,7.7333,0.5,0.0,4,2,False,1.0,0.0
j841864,1,delay_tolerant,0.9967,0.3054,7.7333,0.5,0.0,5,2,True,1.0,0.05
j844612,1,token_batch,1.475,1.1705,11.0,0.5,4442.052,6,1,False,1.0,0.0
j8448,1,delay_tolerant,1.1333,0.0,8.6667,0.5,0.0,4,2,False,1.0,0.0
j8448,1,delay_tolerant,1.2017,0.0,9.1333,0.5,0.0,4,2,False,1.0,0.0
j847073,1,token_batch,1.475,0.6685,11.0,0.5,4310.868,5,1,True,1.0,0.05
j847148,1,delay_tolerant,1.1333,0.0,8.6667,0.5,0.0,5,2,True,1.0,0.0233
j847225,1,delay_sensitive,0.5867,0.0,7.7333,0.5,0.0,2,3,False,1.0,0.0
j847426,1,delay_tolerant,1.4067,0.5342,10.5333,0.5,0.0,4,2,False,1.0,0.0
j847658,1,delay_tolerant,1.2017,0.0,9.1333,0.5,0.0,4,2,False,1.0,0.0
j848154,1,delay_tolerant,0.86,0.0,7.7333,0.5,0.0,4,2,False,1.0,0.0
j849576,1,token_batch,1.475,1.1697,11.0,0.5,4324.568,5,1,True,1.0,0.1215
j850304,1,delay_tolerant,0.86,0.0,7.7333,0.5,0.0,6,2,True,1.0,0.0927
j850407,1,delay_tolerant,1.2017,0.0,9.1333,0.5,0.0,6,2,False,1.0,0.0
j850407,1,delay_tolerant,0.9283,0.0,7.7333,0.5,0.0,5,2,True,1.0,0.0947
j850641,1,delay_tolerant,0.655,0.0,7.7333,0.5,0.0,5,2,False,1.0,0.0
j8507,1,delay_tolerant,0.5183,0.2276,7.7333,0.5,0.0,4,2,False,1.0,0.0
j852721,1,token_batch,1.475,0.5329,11.0,0.5,3858.956,9,1,True,1.0,0.05
j853709,1,delay_tolerant,0.7233,0.3563,7.7333,0.5,0.0,9,2,False,1.0,0.0
j855224,1,delay_tolerant,0.7917,0.0,7.7333,0.5,0.0,4,2,False,1.0,0.0
j856830,1,delay_tolerant,0.86,0.0,7.7333,0.5,0.0,7,2,False,1.0,0.0
j856917,1,delay_tolerant,0.5183,0.0,7.7333,0.5,0.0,4,2,False,1.0,0.0
j857404,1,token_batch,1.475,0.0,11.0,0.5,4347.657,9,1,False,1.0,0.0
j857688,1,token_batch,1.8167,0.8801,13.3333,0.5,3945.963,5,1,False,1.0,0.0
j857843,1,delay_tolerant,1.065,0.0,8.2,0.5,0.0,9,2,True,1.0,0.05
j857843,1,delay_tolerant,0.5183,0.0,7.7333,0.5,0.0,9,2,True,1.0,0.0874
j857843,1,delay_sensitive,1.475,0.0,11.0,0.5,0.0,2,3,False,1.0,0.0
j857843,1,delay_tolerant,0.5183,0.5469,7.7333,0.5,0.0,4,2,True,1.0,0.0354
j857899,1,delay_tolerant,1.27,0.0,9.6,0.5,0.0,7,2,True,1.0,0.05
j858453,1,delay_tolerant,0.5183,0.0,7.7333,0.5,0.0,4,2,False,1.0,0.0
j859466,1,delay_tolerant,0.5183,0.0,7.7333,0.5,0.0,4,2,True,1.0,0.05
j859502,1,delay_tolerant,0.5867,0.0,7.7333,0.5,0.0,4,2,True,1.0,0.05
j859502,1,token_batch,1.475,0.9541,11.0,0.5,4198.735,5,1,False,1.0,0.0
j859636,1,delay_tolerant,1.27,0.0,9.6,0.5,0.0,4,2,False,1.0,0.0
j859636,1,delay_tolerant,0.7233,0.5792,7.7333,0.5,0.0,4,2,True,1.0,0.05
j859716,1,token_batch,2.5,0.0,18.0,0.5,5219.069,5,1,False,1.0,0.0
j859716,1,delay_tolerant,1.4067,0.0,10.5333,0.5,0.0,4,2,False,1.0,0.0
j860118,1,delay_tolerant,0.7917,0.0,7.7333,0.5,0.0,9,2,False,1.0,0.0
j861532,1,delay_tolerant,1.065,0.0,8.2,0.5,0.0,6,2,False,1.0,0.0
j862251,1,delay_tolerant,0.5183,0.0,7.7333,0.5,0.0,5,2,False,1.0,0.0
j862251,1,delay_tolerant,0.9967,0.0,7.7333,0.5,0.0,6,2,False,1.0,0.0
j862251,1,delay_tolerant,1.27,0.0,9.6,0.5,0.0,6,2,True,1.0,0.05
j864842,1,delay_tolerant,0.5183,0.0,7.7333,0.5,0.0,4,2,False,1.0,0.0
j864842,1,delay_tolerant,0.5867,0.0,7.7333,0.5,0.0,5,2,True,1.0,0.05
j864842,1,delay_tolerant,0.5183,0.3027,7.7333,0.5,0.0,5,2,False,1.0,0.0
j865458,1,delay_tolerant,0.5183,0.0,7.7333,0.5,0.0,4,2,False,1.0,0.0
j866378,1,token_batch,1.475,1.085,11.0,0.5,4264.487,6,1,True,1.0,0.05
j866423,1,delay_tolerant,0.86,0.0,7.7333,0.5,0.0,6,2,True,1.0,0.05
j866423,1,token_batch,1.475,0.0,11.0,0.5,4530.767,6,1,False,1.0,0.0
j866425,1,delay_tolerant,0.9967,0.0,7.7333,0.5,0.0,6,2,False,1.0,0.0
j867272,1,delay_tolerant,0.5867,0.0,7.7333,0.5,0.0,6,2,False,1.0,0.0
j867272,1,delay_tolerant,0.5183,0.0,7.7333,0.5,0.0,4,2,True,1.0,0.05
j867272,1,delay_tolerant,0.5183,0.0,7.7333,0.5,0.0,7,2,True,1.0,0.05
j867272,1,delay_tolerant,0.7233,0.0,7.7333,0.5,0.0,7,2,True,1.0,0.05
j868361,1,delay_tolerant,0.7233,0.0,7.7333,0.5,0.0,8,2,False,1.0,0.0
j869845,1,delay_tolerant,0.9283,0.0,7.7333,0.5,0.0,6,2,False,1.0,0.0
j870488,1,delay_tolerant,1.2017,0.0,9.1333,0.5,0.0,5,2,True,1.0,0.0791
j870627,1,token_batch,1.475,0.8177,11.0,0.5,3588.698,6,1,True,1.0,0.05
j874351,1,token_batch,1.475,1.0631,11.0,0.5,4004.402,6,1,True,1.0,0.05
j874351,1,delay_tolerant,0.5183,0.0,7.7333,0.5,0.0,4,2,False,1.0,0.0
j875499,1,delay_tolerant,0.5183,0.0,7.7333,0.5,0.0,4,2,True,1.0,0.05
j875499,1,token_batch,1.475,1.2482,11.0,0.5,4014.463,5,1,True,1.0,0.05
j876129,1,delay_tolerant,0.5183,0.0,7.7333,0.5,0.0,5,2,False,1.0,0.0
j876129,1,token_batch,2.5,0.5628,18.0,0.5,4797.829,5,1,True,1.0,0.05
j876456,1,token_batch,1.475,0.0,11.0,0.5,4072.586,7,1,True,1.0,0.1932
j877148,1,delay_tolerant,1.27,0.0,9.6,0.5,0.0,4,2,False,1.0,0.0
j87914,1,token_batch,1.475,0.7225,11.0,0.5,3596.246,5,1,True,1.0,0.05
j882031,1,token_batch,1.475,0.0,11.0,0.5,3687.996,6,1,False,1.0,0.0
j882447,1,delay_tolerant,0.655,0.0,7.7333,0.5,0.0,4,2,True,1.0,0.0994
j883708,1,delay_tolerant,0.9967,0.0,7.7333,0.5,0.0,9,2,True,1.0,0.05
j885894,1,delay_tolerant,1.3383,0.2568,10.0667,0.5,0.0,7,2,True,1.0,0.05
j887624,1,delay_tolerant,1.3383,0.0,10.0667,0.5,0.0,5,2,True,1.0,0.05
j887624,1,delay_tolerant,1.065,0.0,8.2,0.5,0.0,5,2,False,1.0,0.0
j887901,1,token_batch,1.475,0.7002,11.0,0.5,4364.352,5,1,True,1.0,0.1681
j888861,1,delay_tolerant,0.5183,0.0,7.7333,0.5,0.0,4,2,True,1.0,0.0442
j889303,1,delay_tolerant,0.9967,0.0,7.7333,0.5,0.0,6,2,False,1.0,0.0
j889572,1,delay_tolerant,1.065,0.0,8.2,0.5,0.0,7,2,False,1.0,0.0
j890532,1,delay_tolerant,0.7233,0.0,7.7333,0.5,0.0,4,2,False,1.0,0.0
j891503,1,delay_tolerant,1.4067,0.0,10.5333,0.5,0.0,6,2,True,1.0,0.05
j891899,1,token_batch,1.475,0.8879,11.0,0.5,3871.638,5,1,True,1.0,0.05
j894034,1,delay_tolerant,0.5867,0.0,7.7333,0.5,0.0,4,2,False,1.0,0.0
j894114,1,token_batch,1.475,0.4766,11.0,0.5,3971.681,5,1,True,1.0,0.05
j894268,1,token_batch,1.475,0.8714,11.0,0.5,3985.754,7,1,True,1.0,0.05
j894946,1,delay_tolerant,0.5183,0.0,7.7333,0.5,0.0,4,2,True,1.0,0.05
j894946,1,delay_tolerant,0.86,0.0,7.7333,0.5,0.0,4,2,False,1.0,0.0
j895731,1,token_batch,1.475,0.8433,11.0,0.5,4243.154,5,1,True,1.0,0.05
j895731,1,token_batch,1.475,0.0,11.0,0.5,3822.602,5,1,False,1.0,0.0
j896157,1,delay_tolerant,1.2017,0.0,9.1333,0.5,0.0,4,2,False,1.0,0.0
j896259,1,delay_tolerant,1.1333,0.0,8.6667,0.5,0.0,7,2,False,1.0,0.0
j896430,1,delay_tolerant,0.5183,0.0,7.7333,0.5,0.0,7,2,False,1.0,0.0
j897555,1,delay_tolerant,0.7917,0.0,7.7333,0.5,0.0,4,2,False,1.0,0.0
j897770,1,token_batch,2.5,1.0142,18.0,0.5,5093.309,9,1,True,1.0,0.1575
j898436,1,delay_tolerant,0.5183,0.0,7.7333,0.5,0.0,4,2,False,1.0,0.0
j898436,1,delay_tolerant,0.5183,0.0,7.7333,0.5,0.0,4,2,True,1.0,0.0987
j898518,1,token_batch,1.475,0.4314,11.0,0.5,4175.345,9,1,True,1.0,0.1622
j900221,1,delay_tolerant,0.5183,0.0,7.7333,0.5,0.0,4,2,True,1.0,0.05
j900390,1,token_batch,1.475,0.7203,11.0,0.5,4531.251,7,1,True,1.0,0.1992
j903842,1,token_batch,1.475,1.1905,11.0,0.5,3781.65,5,1,True,1.0,0.1526
j903842,1,delay_tolerant,0.9283,0.3562,7.7333,0.5,0.0,4,2,False,1.0,0.0
j904182,1,token_batch,1.475,1.4025,11.0,0.5,4290.901,6,1,True,1.0,0.05
j905253,1,delay_tolerant,1.4067,0.0,10.5333,0.5,0.0,6,2,True,1.0,0.05
j905253,1,delay_tolerant,0.5183,0.0,7.7333,0.5,0.0,4,2,True,1.0,0.05
j905668,1,token_batch,2.5,0.0,18.0,0.5,5081.735,9,1,True,1.0,0.1029
j907477,1,delay_tolerant,0.5183,0.0,7.7333,0.5,0.0,4,2,False,1.0,0.0
j907477,1,delay_tolerant,0.655,0.0,7.7333,0.5,0.0,6,2,False,1.0,0.0
j908081,1,delay_tolerant,1.27,0.3185,9.6,0.5,0.0,4,2,False,1.0,0.0
j908110,1,delay_tolerant,0.5183,0.0,7.7333,0.5,0.0,4,2,False,1.0,0.0
j90874,1,delay_tolerant,1.1333,0.0,8.6667,0.5,0.0,5,2,False,1.0,0.0
j909195,1,delay_tolerant,0.7917,0.0,7.7333,0.5,0.0,4,2,False,1.0,0.0
j909195,1,token_batch,1.475,0.0,11.0,0.5,4089.134,5,1,False,1.0,0.0
j910969,1,delay_tolerant,0.5867,0.0,7.7333,0.5,0.0,4,2,True,1.0,0.05
j911091,1,delay_tolerant,0.655,0.0,7.7333,0.5,0.0,7,2,False,1.0,0.0
j912452,1,delay_tolerant,0.655,0.0,7.7333,0.5,0.0,7,2,False,1.0,0.0
j912869,1,delay_tolerant,0.5867,0.0,7.7333,0.5,0.0,4,2,True,1.0,0.05
j912869,1,token_batch,1.5433,0.5455,11.4667,0.5,5082.741,6,1,True,1.0,0.05
j912869,1,delay_tolerant,0.7233,0.0,7.7333,0.5,0.0,4,2,False,1.0,0.0
j912869,1,delay_tolerant,0.86,0.0,7.7333,0.5,0.0,4,2,False,1.0,0.0
j93465,1,delay_tolerant,1.3383,0.4539,10.0667,0.5,0.0,6,2,False,1.0,0.0
j93848,1,delay_tolerant,0.5183,0.0,7.7333,0.5,0.0,6,2,True,1.0,0.0788
j93848,1,token_batch,2.5,1.2883,18.0,0.5,5191.855,6,1,True,1.0,0.05
j94692,1,delay_tolerant,0.5183,0.0,7.7333,0.5,0.0,4,2,True,1.0,0.0608
j95141,1,delay_tolerant,0.5183,0.0,7.7333,0.5,0.0,4,2,False,1.0,0.0
j95329,1,delay_tolerant,0.655,0.0,7.7333,0.5,0.0,6,2,False,1.0,0.0
j95969,1,delay_tolerant,1.065,0.0,8.2,0.5,0.0,8,2,False,1.0,0.0
j95969,1,token_batch,1.475,0.0,11.0,0.5,3469.241,8,1,False,1.0,0.0
j96096,1,delay_tolerant,1.1333,0.0,8.6667,0.5,0.0,4,2,False,1.0,0.0
j96734,1,token_batch,1.475,0.6679,11.0,0.5,4543.912,5,1,False,1.0,0.0
j97735,1,delay_tolerant,0.86,0.0,7.7333,0.5,0.0,4,2,True,1.0,0.05
j97735,1,delay_tolerant,0.5183,0.0,7.7333,0.5,0.0,4,2,True,1.0,0.0269
j97735,1,delay_sensitive,0.5867,0.0,7.7333,0.5,0.0,2,3,False,1.0,0.0
j98216,1,delay_tolerant,0.5183,0.0,7.7333,0.5,0.0,8,2,True,1.0,0.05
j98216,1,delay_sensitive,0.5183,0.0,7.7333,0.5,0.0,2,3,False,1.0,0.0
j98216,1,delay_tolerant,1.1333,0.0,8.6667,0.5,0.0,4,2,False,1.0,0.0
j99293,1,delay_tolerant,1.2017,0.0,9.1333,0.5,0.0,6,2,False,1.0,0.0
j99293,1,token_batch,1.475,1.0804,11.0,0.5,4245.483,6,1,True,1.0,0.05
j99409,1,delay_tolerant,1.2017,0.0,9.1333,0.5,0.0,8,2,False,1.0,0.0
j9942,1,delay_tolerant,1.3383,0.0,10.0667,0.5,0.0,4,2,False,1.0,0.0
j9942,1,delay_tolerant,1.4067,0.0,10.5333,0.5,0.0,4,2,True,1.0,0.0271
j101763,2,delay_tolerant,0.7917,0.0,7.7333,0.5,0.0,12,2,False,1.0,0.0
j101763,2,delay_tolerant,0.5183,0.0,7.7333,0.5,0.0,5,2,True,1.0,0.0407
j101763,2,token_batch,2.5,0.0,18.0,0.5,4698.826,12,1,False,1.0,0.0
j101813,2,delay_tolerant,0.7917,0.0,7.7333,0.5,0.0,13,2,True,1.0,0.05
j102148,2,delay_tolerant,0.5183,0.0,7.7333,0.5,0.0,5,2,True,1.0,0.0659
j102475,2,delay_tolerant,0.5183,0.0,7.7333,0.5,0.0,5,2,False,1.0,0.0
j102521,2,delay_tolerant,0.9967,0.0,7.7333,0.5,0.0,19,2,True,1.0,0.0507
j102521,2,token_batch,1.7483,0.9897,12.8667,0.5,5210.406,22,1,False,1.0,0.0
j102569,2,delay_sensitive,0.5183,0.0,7.7333,0.5,0.0,3,3,False,1.0,0.0
j102663,2,delay_tolerant,0.5867,0.0,7.7333,0.5,0.0,5,2,True,1.0,0.05
j103237,2,delay_tolerant,0.7917,0.0,7.7333,0.5,0.0,11,2,False,1.0,0.0
j104282,2,delay_tolerant,0.5867,0.0,7.7333,0.5,0.0,14,2,False,1.0,0.0
j104384,2,delay_tolerant,0.9283,0.0,7.7333,0.5,0.0,19,2,True,1.0,0.05
j104589,2,delay_tolerant,1.3383,0.0,10.0667,0.5,0.0,15,2,False,1.0,0.0
j104967,2,token_batch,1.475,0.0,11.0,0.5,4088.229,16,1,False,1.0,0.0
j105209,2,delay_tolerant,0.86,0.0,7.7333,0.5,0.0,18,2,False,1.0,0.0
j105622,2,token_batch,1.475,0.0,11.0,0.5,4413.051,19,1,True,1.0,0.1748
j105622,2,delay_tolerant,0.5183,0.0,7.7333,0.5,0.0,14,2,False,1.0,0.0
j107316,2,delay_tolerant,1.27,0.0,9.6,0.5,0.0,16,2,False,1.0,0.0
j107535,2,delay_tolerant,0.86,0.0,7.7333,0.5,0.0,16,2,False,1.0,0.0
j107602,2,token_batch,1.475,0.9649,11.0,0.5,3704.156,13,1,True,1.0,0.1108
j107602,2,token_batch,1.475,1.4627,11.0,0.5,3807.625,13,1,False,1.0,0.0
j10844,2,delay_tolerant,1.27,0.0,9.6,0.5,0.0,11,2,False,1.0,0.0
j108730,2,delay_tolerant,1.065,0.0,8.2,0.5,0.0,22,2,True,1.0,0.0884
j10876,2,delay_tolerant,0.5183,0.0,7.7333,0.5,0.0,17,2,False,1.0,0.0
j108923,2,delay_tolerant,1.2017,0.0,9.1333,0.5,0.0,14,2,True,1.0,0.0469
j109766,2,token_batch,1.475,0.0,11.0,0.5,3552.374,22,1,False,1.0,0.0
j109879,2,delay_tolerant,0.9967,0.0,7.7333,0.5,0.0,19,2,False,1.0,0.0
j110222,2,delay_tolerant,0.9283,0.0,7.7333,0.5,0.0,17,2,False,1.0,0.0
j11134,2,delay_tolerant,0.86,0.0,7.7333,0.5,0.0,19,2,True,1.0,0.05
j111456,2,delay_tolerant,1.1333,0.0,8.6667,0.5,0.0,15,2,True,1.0,0.05
j111456,2,delay_tolerant,0.86,0.0,7.7333,0.5,0.0,15,2,False,1.0,0.0
j112759,2,delay_tolerant,0.5183,0.0,7.7333,0.5,0.0,9,2,False,1.0,0.0
j113465,2,token_batch,1.475,1.28,11.0,0.5,3941.593,13,1,False,1.0,0.0
j113562,2,delay_tolerant,1.1333,0.583,8.6667,0.5,0.0,15,2,False,1.0,0.0
j114471,2,delay_tolerant,0.9967,0.0,7.7333,0.5,0.0,11,2,True,1.0,0.0317
j114580,2,token_batch,1.475,0.0,11.0,0.5,4423.781,13,1,True,1.0,0.1021
j115335,2,delay_tolerant,0.5183,0.0,7.7333,0.5,0.0,14,2,False,1.0,0.0
j115445,2,delay_tolerant,1.2017,0.0,9.1333,0.5,0.0,11,2,True,1.0,0.05
j115992,2,delay_tolerant,0.5183,0.2371,7.7333,0.5,0.0,5,2,False,1.0,0.0
j115992,2,delay_tolerant,0.5183,0.0,7.7333,0.5,0.0,22,2,True,1.0,0.0627
j116743,2,delay_tolerant,0.5183,0.0,7.7333,0.5,0.0,5,2,True,1.0,0.05
j116905,2,token_batch,1.8167,0.0,13.3333,0.5,4170.409,21,1,True,1.0,0.1474
j116905,2,token_batch,1.8167,0.0,13.3333,0.5,5220.802,6,1,True,1.0,0.1229
j117051,2,delay_tolerant,0.9967,0.0,7.7333,0.5,0.0,16,2,True,1.0,0.05
j117354,2,delay_tolerant,0.7233,0.0,7.7333,0.5,0.0,18,2,False,1.0,0.0
j118159,2,delay_tolerant,0.5183,0.5574,7.7333,0.5,0.0,12,2,False,1.0,0.0
j118558,2,delay_tolerant,0.86,0.0,7.7333,0.5,0.0,7,2,False,1.0,0.0
j119878,2,delay_tolerant,0.9283,0.0,7.7333,0.5,0.0,13,2,True,1.0,0.0971
j121179,2,delay_tolerant,0.5183,0.0,7.7333,0.5,0.0,5,2,False,1.0,0.0
j12167,2,delay_tolerant,0.86,0.0,7.7333,0.5,0.0,13,2,False,1.0,0.0
j121836,2,token_batch,1.475,1.4383,11.0,0.5,3833.775,10,1,False,1.0,0.0
j121866,2,token_batch,1.5433,1.0613,11.4667,0.5,3963.622,22,1,False,1.0,0.0
j122641,2,delay_tolerant,0.5867,0.5209,7.7333,0.5,0.0,14,2,True,1.0,0.05
j122838,2,delay_tolerant,0.5183,0.0,7.7333,0.5,0.0,6,2,True,1.0,0.0869
j123047,2,token_batch,1.475,1.1842,11.0,0.5,4117.1,11,1,False,1.0,0.0
j12322,2,delay_tolerant,0.9283,0.0,7.7333,0.5,0.0,22,2,True,1.0,0.05
j123896,2,delay_tolerant,0.9967,0.0,7.7333,0.5,0.0,20,2,True,1.0,0.05
j124291,2,token_batch,2.5,0.451,18.0,0.5,4498.376,14,1,True,1.0,0.05
j124291,2,token_batch,2.4317,0.6695,17.5333,0.5,4577.892,6,1,True,1.0,0.05
j12454,2,delay_tolerant,1.1333,0.4326,8.6667,0.5,0.0,17,2,False,1.0,0.0
j124933,2,delay_tolerant,0.9283,0.0,7.7333,0.5,0.0,18,2,True,1.0,0.0465
j124933,2,delay_tolerant,0.655,0.0,7.7333,0.5,0.0,18,2,False,1.0,0.0
j125018,2,token_batch,1.475,0.0,11.0,0.5,4310.051,10,1,True,1.0,0.1227
j125132,2,delay_tolerant,0.9967,0.0,7.7333,0.5,0.0,15,2,True,1.0,0.0382
j126759,2,delay_sensitive,0.5183,0.0,7.7333,0.5,0.0,3,3,False,1.0,0.0
j126892,2,delay_tolerant,1.065,0.0,8.2,0.5,0.0,11,2,False,1.0,0.0
j127589,2,token_batch,1.475,0.0,11.0,0.5,3845.028,12,1,False,1.0,0.0
j127589,2,token_batch,1.475,0.0,11.0,0.5,3959.188,12,1,True,1.0,0.1895
j127625,2,token_batch,1.475,1.3129,11.0,0.5,3798.673,22,1,True,1.0,0.1156
j127842,2,delay_tolerant,0.655,0.0,7.7333,0.5,0.0,17,2,False,1.0,0.0
j127864,2,delay_tolerant,0.5183,0.0,7.7333,0.5,0.0,12,2,False,1.0,0.0
j127864,2,delay_tolerant,0.7917,0.0,7.7333,0.5,0.0,12,2,False,1.0,0.0
j129139,2,token_batch,1.475,0.5629,11.0,0.5,3432.13,16,1,True,1.0,0.1991
j129569,2,delay_tolerant,0.9967,0.0,7.7333,0.5,0.0,17,2,False,1.0,0.0
j129569,2,delay_tolerant,0.5183,0.0,7.7333,0.5,0.0,5,2,False,1.0,0.0
j13067,2,delay_tolerant,1.1333,0.0,8.6667,0.5,0.0,20,2,False,1.0,0.0
j13087,2,delay_tolerant,0.86,0.0,7.7333,0.5,0.0,17,2,False,1.0,0.0
j131886,2,delay_tolerant,0.655,0.0,7.7333,0.5,0.0,12,2,True,1.0,0.05
j132022,2,delay_tolerant,0.7917,0.0,7.7333,0.5,0.0,21,2,True,1.0,0.05
j132130,2,delay_tolerant,0.5867,0.4353,7.7333,0.5,0.0,7,2,True,1.0,0.0245
j132139,2,delay_tolerant,0.86,0.0,7.7333,0.5,0.0,13,2,False,1.0,0.0
j132139,2,token_batch,1.475,0.6757,11.0,0.5,4484.92,13,1,True,1.0,0.05
j132529,2,delay_tolerant,0.5183,0.0,7.7333,0.5,0.0,18,2,True,1.0,0.0957
j133712,2,token_batch,2.5,1.3405,18.0,0.5,4390.398,6,1,True,1.0,0.05
j136374,2,delay_tolerant,0.5183,0.0,7.7333,0.5,0.0,14,2,True,1.0,0.05
j13647,2,delay_tolerant,0.5183,0.0,7.7333,0.5,0.0,10,2,True,1.0,0.05
j136914,2,token_batch,1.7483,0.7945,12.8667,0.5,4266.129,6,1,True,1.0,0.1708
j137191,2,delay_tolerant,0.5183,0.5998,7.7333,0.5,0.0,10,2,False,1.0,0.0
j137373,2,delay_tolerant,0.5183,0.0,7.7333,0.5,0.0,22,2,False,1.0,0.0
j137373,2,token_batch,1.6117,1.443,11.9333,0.5,4348.291,22,1,True,1.0,0.05
j137373,2,delay_tolerant,1.4067,0.0,10.5333,0.5,0.0,19,2,True,1.0,0.0757
j140002,2,delay_tolerant,1.1333,0.0,8.6667,0.5,0.0,16,2,False,1.0,0.0
j140003,2,delay_tolerant,1.1333,0.392,8.6667,0.5,0.0,10,2,False,1.0,0.0
j140003,2,delay_tolerant,0.9967,0.0,7.7333,0.5,0.0,11,2,False,1.0,0.0
j140052,2,delay_tolerant,1.27,0.0,9.6,0.5,0.0,9,2,False,1.0,0.0
j140360,2,delay_tolerant,0.5183,0.0,7.7333,0.5,0.0,5,2,True,1.0,0.0666
j140360,2,delay_tolerant,0.5867,0.0,7.7333,0.5,0.0,16,2,False,1.0,0.0
j140360,2,delay_tolerant,0.5867,0.0,7.7333,0.5,0.0,16,2,False,1.0,0.0
j14101,2,delay_tolerant,0.7233,0.0,7.7333,0.5,0.0,22,2,False,1.0,0.0
j141149,2,delay_tolerant,0.5183,0.0,7.7333,0.5,0.0,22,2,True,1.0,0.05
j141149,2,token_batch,2.5,0.698,18.0,0.5,5165.493,14,1,True,1.0,0.05
j141457,2,delay_tolerant,1.065,0.0,8.2,0.5,0.0,13,2,False,1.0,0.0
j141509,2,delay_tolerant,0.86,0.0,7.7333,0.5,0.0,12,2,True,1.0,0.05
j142437,2,delay_tolerant,1.4067,0.0,10.5333,0.5,0.0,13,2,False,1.0,0.0
j143136,2,delay_tolerant,0.5183,0.0,7.7333,0.5,0.0,9,2,False,1.0,0.0
j143273,2,token_batch,1.475,1.2508,11.0,0.5,3558.783,9,1,True,1.0,0.05
j143343,2,token_batch,1.475,0.8267,11.0,0.5,4400.086,23,1,True,1.0,0.05
j14356,2,delay_tolerant,1.2017,0.0,9.1333,0.5,0.0,5,2,False,1.0,0.0
j14356,2,delay_tolerant,0.9967,0.0,7.7333,0.5,0.0,10,2,False,1.0,0.0
j144817,2,delay_tolerant,1.1333,0.0,8.6667,0.5,0.0,11,2,True,1.0,0.05
j144941,2,delay_tolerant,0.86,0.0,7.7333,0.5,0.0,7,2,True,1.0,0.05
j144941,2,delay_tolerant,0.5183,0.0,7.7333,0.5,0.0,6,2,False,1.0,0.0
j144963,2,token_batch,1.475,1.0434,11.0,0.5,3973.54,23,1,True,1.0,0.1205
j144976,2,delay_tolerant,1.4067,0.0,10.5333,0.5,0.0,12,2,True,1.0,0.0823
j145283,2,delay_tolerant,0.9967,0.0,7.7333,0.5,0.0,10,2,True,1.0,0.0443
j145334,2,token_batch,1.475,0.9548,11.0,0.5,4205.151,22,1,True,1.0,0.05
j145589,2,delay_tolerant,0.9283,0.4915,7.7333,0.5,0.0,10,2,True,1.0,0.05
j146406,2,token_batch,1.885,0.8986,13.8,0.5,5114.319,20,1,True,1.0,0.05
j146486,2,delay_tolerant,0.5183,0.0,7.7333,0.5,0.0,22,2,True,1.0,0.05
j146486,2,token_batch,2.1583,0.8493,15.6667,0.5,5431.651,22,1,True,1.0,0.1597
j146486,2,delay_tolerant,0.7917,0.0,7.7333,0.5,0.0,22,2,False,1.0,0.0
j146633,2,token_batch,1.475,1.3221,11.0,0.5,4045.151,21,1,True,1.0,0.0875
j146848,2,delay_tolerant,1.4067,0.0,10.5333,0.5,0.0,17,2,False,1.0,0.0
j147537,2,delay_tolerant,1.27,0.0,9.6,0.5,0.0,15,2,False,1.0,0.0
j147940,2,delay_tolerant,1.1333,0.0,8.6667,0.5,0.0,18,2,False,1.0,0.0
j148243,2,delay_tolerant,0.5183,0.0,7.7333,0.5,0.0,10,2,True,1.0,0.05
j149561,2,delay_tolerant,0.5183,0.0,7.7333,0.5,0.0,21,2,False,1.0,0.0
j149561,2,delay_tolerant,0.7233,0.0,7.7333,0.5,0.0,21,2,False,1.0,0.0
j149595,2,delay_tolerant,0.5183,0.0,7.7333,0.5,0.0,16,2,True,1.0,0.0349
j150411,2,token_batch,2.5,0.5043,18.0,0.5,4992.208,20,1,True,1.0,0.098
j150847,2,token_batch,2.5,1.1818,18.0,0.5,4759.645,6,1,True,1.0,0.05
j150847,2,token_batch,1.6117,1.081,11.9333,0.5,4499.986,10,1,True,1.0,0.05
j151007,2,token_batch,1.475,0.4764,11.0,0.5,4293.905,22,1,True,1.0,0.05
j151943,2,token_batch,1.885,1.0364,13.8,0.5,4528.708,12,1,True,1.0,0.05
j151943,2,token_batch,2.5,0.6177,18.0,0.5,4912.717,10,1,True,1.0,0.1475
j152252,2,delay_tolerant,1.1333,0.0,8.6667,0.5,0.0,19,2,True,1.0,0.0827
j153111,2,delay_tolerant,0.5183,0.4129,7.7333,0.5,0.0,16,2,False,1.0,0.0
j153111,2,delay_tolerant,0.5183,0.0,7.7333,0.5,0.0,5,2,False,1.0,0.0
j153111,2,token_batch,1.475,0.8445,11.0,0.5,4303.383,19,1,True,1.0,0.05
j154298,2,delay_tolerant,1.27,0.0,9.6,0.5,0.0,10,2,False,1.0,0.0
j154298,2,token_batch,1.475,0.0,11.0,0.5,3558.559,11,1,True,1.0,0.1963
j154298,2,token_batch,1.475,1.2633,11.0,0.5,4339.379,10,1,False,1.0,0.0
j15568,2,delay_tolerant,0.9967,0.2458,7.7333,0.5,0.0,19,2,True,1.0,0.05
j156566,2,token_batch,1.475,0.0,11.0,0.5,3644.102,13,1,True,1.0,0.1823
j158230,2,token_batch,1.475,1.4111,11.0,0.5,4556.823,15,1,True,1.0,0.1307
j159492,2,token_batch,1.475,0.0,11.0,0.5,4012.808,9,1,False,1.0,0.0
j159842,2,token_batch,1.475,0.0,11.0,0.5,3947.135,22,1,True,1.0,0.14
j159842,2,token_batch,1.475,1.2097,11.0,0.5,3592.057,22,1,False,1.0,0.0
j160367,2,delay_tolerant,1.2017,0.0,9.1333,0.5,0.0,11,2,False,1.0,0.0
j161079,2,token_batch,2.5,1.2372,18.0,0.5,4388.654,14,1,True,1.0,0.1156
j161079,2,delay_tolerant,0.5183,0.0,7.7333,0.5,0.0,20,2,True,1.0,0.0657
j161079,2,token_batch,2.5,0.8832,18.0,0.5,4403.052,21,1,True,1.0,0.05
j161079,2,token_batch,2.5,0.5973,18.0,0.5,4395.298,20,1,False,1.0,0.0
j162325,2,delay_tolerant,0.7233,0.0,7.7333,0.5,0.0,18,2,True,1.0,0.05
j162623,2,delay_tolerant,0.5183,0.0,7.7333,0.5,0.0,13,2,False,1.0,0.0
j162623,2,token_batch,2.5,1.101,18.0,0.5,4702.834,13,1,True,1.0,0.1233
j16266,2,delay_tolerant,0.7233,0.0,7.7333,0.5,0.0,13,2,False,1.0,0.0
j162760,2,delay_tolerant,0.5183,0.0,7.7333,0.5,0.0,5,2,True,1.0,0.0631
j162813,2,delay_tolerant,0.9283,0.0,7.7333,0.5,0.0,14,2,False,1.0,0.0
j162813,2,delay_tolerant,0.5183,0.0,7.7333,0.5,0.0,12,2,False,1.0,0.0
j163128,2,delay_tolerant,0.5183,0.0,7.7333,0.5,0.0,5,2,True,1.0,0.05
j163542,2,token_batch,1.475,1.0467,11.0,0.5,4050.204,17,1,False,1.0,0.0
j16393,2,delay_tolerant,0.5183,0.0,7.7333,0.5,0.0,16,2,True,1.0,0.05
j16393,2,delay_tolerant,0.7233,0.0,7.7333,0.5,0.0,21,2,True,1.0,0.0423
j16393,2,delay_tolerant,0.7233,0.0,7.7333,0.5,0.0,21,2,True,1.0,0.05
j16393,2,delay_tolerant,0.9967,0.0,7.7333,0.5,0.0,22,2,True,1.0,0.05
j164273,2,token_batch,1.475,0.0,11.0,0.5,4189.11,13,1,True,1.0,0.106
j164807,2,delay_tolerant,0.5183,0.0,7.7333,0.5,0.0,16,2,True,1.0,0.05
j16538,2,token_batch,1.475,0.5177,11.0,0.5,4427.869,19,1,True,1.0,0.05
j16539,2,delay_tolerant,0.5183,0.0,7.7333,0.5,0.0,16,2,True,1.0,0.05
j16677,2,delay_tolerant,1.065,0.0,8.2,0.5,0.0,10,2,False,1.0,0.0
j167471,2,token_batch,1.475,1.2314,11.0,0.5,3558.828,13,1,False,1.0,0.0
j167471,2,delay_tolerant,0.5183,0.0,7.7333,0.5,0.0,13,2,False,1.0,0.0
j167471,2,delay_tolerant,0.5183,0.0,7.7333,0.5,0.0,13,2,True,1.0,0.05
j167871,2,token_batch,1.475,1.039,11.0,0.5,3830.135,12,1,False,1.0,0.0
j16833,2,delay_tolerant,1.065,0.0,8.2,0.5,0.0,12,2,False,1.0,0.0
j168489,2,delay_tolerant,1.3383,0.0,10.0667,0.5,0.0,18,2,True,1.0,0.05
j170238,2,token_batch,2.5,0.4151,18.0,0.5,4416.913,16,1,True,1.0,0.1055
j170238,2,token_batch,1.885,0.6183,13.8,0.5,5357.624,12,1,True,1.0,0.05
j170238,2,token_batch,1.6117,1.2484,11.9333,0.5,4468.219,15,1,False,1.0,0.0
j170526,2,delay_tolerant,0.5183,0.0,7.7333,0.5,0.0,5,2,True,1.0,0.05
j17094,2,delay_tolerant,0.9967,0.2007,7.7333,0.5,0.0,13,2,True,1.0,0.05
j173837,2,delay_tolerant,0.9967,0.0,7.7333,0.5,0.0,11,2,True,1.0,0.05
j173920,2,delay_tolerant,0.5867,0.0,7.7333,0.5,0.0,5,2,False,1.0,0.0
j173958,2,token_batch,2.5,0.0,18.0,0.5,4842.689,23,1,True,1.0,0.1393
j175075,2,token_batch,1.475,0.895,11.0,0.5,4586.451,19,1,True,1.0,0.05
j175146,2,delay_tolerant,0.7917,0.0,7.7333,0.5,0.0,16,2,False,1.0,0.0
j175146,2,delay_tolerant,1.1333,0.0,8.6667,0.5,0.0,16,2,False,1.0,0.0
j17524,2,token_batch,1.9533,0.0,14.2667,0.5,5170.98,9,1,True,1.0,0.1664
j176219,2,delay_tolerant,0.9967,0.0,7.7333,0.5,0.0,23,2,True,1.0,0.0261
j176478,2,delay_tolerant,0.7233,0.0,7.7333,0.5,0.0,15,2,True,1.0,0.05
j17673,2,delay_tolerant,0.86,0.0,7.7333,0.5,0.0,13,2,False,1.0,0.0
j17673,2,delay_tolerant,0.5183,0.0,7.7333,0.5,0.0,12,2,True,1.0,0.05
j17673,2,delay_tolerant,0.5183,0.0,7.7333,0.5,0.0,11,2,True,1.0,0.05
j17673,2,delay_tolerant,1.4067,0.0,10.5333,0.5,0.0,12,2,False,1.0,0.0
j17675,2,delay_tolerant,1.1333,0.0,8.6667,0.5,0.0,19,2,False,1.0,0.0
j177993,2,delay_tolerant,0.9967,0.0,7.7333,0.5,0.0,16,2,True,1.0,0.05
j17807,2,delay_tolerant,1.27,0.0,9.6,0.5,0.0,23,2,False,1.0,0.0
j178223,2,token_batch,2.5,1.047,18.0,0.5,4819.623,6,1,False,1.0,0.0
j178427,2,token_batch,1.475,0.0,11.0,0.5,4360.229,18,1,True,1.0,0.1913
j17843,2,delay_tolerant,0.655,0.0,7.7333,0.5,0.0,19,2,False,1.0,0.0
j17843,2,delay_tolerant,0.5183,0.0,7.7333,0.5,0.0,19,2,False,1.0,0.0
j178753,2,delay_tolerant,0.9283,0.0,7.7333,0.5,0.0,21,2,False,1.0,0.0
j179157,2,token_batch,1.475,0.7716,11.0,0.5,3863.52,15,1,False,1.0,0.0
j179257,2,token_batch,1.475,1.0021,11.0,0.5,3758.344,20,1,True,1.0,0.05
j179343,2,delay_tolerant,1.2017,0.0,9.1333,0.5,0.0,17,2,True,1.0,0.0237
j179378,2,delay_tolerant,1.2017,0.0,9.1333,0.5,0.0,17,2,True,1.0,0.05
j179378,2,delay_tolerant,0.5183,0.0,7.7333,0.5,0.0,17,2,False,1.0,0.0
j179428,2,token_batch,1.475,0.9895,11.0,0.5,3468.493,18,1,False,1.0,0.0
j180120,2,token_batch,1.7483,0.6177,12.8667,0.5,4168.203,6,1,False,1.0,0.0
j180120,2,token_batch,2.5,0.0,18.0,0.5,5291.596,23,1,False,1.0,0.0
j180184,2,delay_tolerant,0.655,0.0,7.7333,0.5,0.0,6,2,True,1.0,0.05
j180552,2,delay_tolerant,1.2017,0.0,9.1333,0.5,0.0,20,2,False,1.0,0.0
j180552,2,delay_tolerant,0.5183,0.0,7.7333,0.5,0.0,20,2,True,1.0,0.05
j18134,2,delay_tolerant,0.5183,0.0,7.7333,0.5,0.0,9,2,False,1.0,0.0
j181525,2,token_batch,1.475,1.1211,11.0,0.5,3457.643,9,1,True,1.0,0.0988
j181525,2,delay_tolerant,1.3383,0.0,10.0667,0.5,0.0,9,2,False,1.0,0.0
j181566,2,token_batch,2.5,1.0188,18.0,0.5,5233.523,20,1,True,1.0,0.05
j181853,2,delay_tolerant,0.9967,0.0,7.7333,0.5,0.0,9,2,True,1.0,0.05
j182261,2,token_batch,1.475,0.9188,11.0,0.5,4359.505,12,1,False,1.0,0.0
j182303,2,delay_tolerant,1.3383,0.0,10.0667,0.5,0.0,16,2,True,1.0,0.05
j182705,2,delay_tolerant,1.065,0.0,8.2,0.5,0.0,12,2,False,1.0,0.0
j182971,2,delay_tolerant,0.655,0.0,7.7333,0.5,0.0,9,2,False,1.0,0.0
j184241,2,delay_tolerant,1.27,0.0,9.6,0.5,0.0,19,2,False,1.0,0.0
j18456,2,delay_tolerant,1.4067,0.0,10.5333,0.5,0.0,13,2,True,1.0,0.0674
j18456,2,delay_tolerant,0.7233,0.0,7.7333,0.5,0.0,11,2,False,1.0,0.0
j18456,2,delay_tolerant,0.7917,0.0,7.7333,0.5,0.0,12,2,True,1.0,0.05
j184697,2,delay_tolerant,0.86,0.0,7.7333,0.5,0.0,5,2,False,1.0,0.0
j184697,2,delay_tolerant,0.5183,0.0,7.7333,0.5,0.0,5,2,True,1.0,0.0332
j184697,2,delay_tolerant,0.5183,0.2501,7.7333,0.5,0.0,5,2,False,1.0,0.0
j185440,2,token_batch,1.475,0.4461,11.0,0.5,3595.364,12,1,True,1.0,0.1621
j185463,2,delay_sensitive,0.5183,0.0,7.7333,0.5,0.0,3,3,False,1.0,0.0
j185592,2,delay_tolerant,1.065,0.0,8.2,0.5,0.0,15,2,False,1.0,0.0
j186971,2,delay_tolerant,1.27,0.3288,9.6,0.5,0.0,17,2,False,1.0,0.0
j187380,2,delay_tolerant,1.2017,0.0,9.1333,0.5,0.0,18,2,False,1.0,0.0
j187380,2,token_batch,1.475,1.2197,11.0,0.5,3649.991,17,1,False,1.0,0.0
j187380,2,delay_tolerant,0.5867,0.0,7.7333,0.5,0.0,18,2,True,1.0,0.05
j18762,2,delay_tolerant,1.2017,0.0,9.1333,0.5,0.0,13,2,True,1.0,0.0515
j187789,2,delay_tolerant,0.5867,0.0,7.7333,0.5,0.0,5,2,True,1.0,0.05
j188528,2,token_batch,1.475,1.2778,11.0,0.5,4024.679,20,1,False,1.0,0.0
j188772,2,delay_tolerant,1.3383,0.0,10.0667,0.5,0.0,19,2,True,1.0,0.05
j188772,2,delay_tolerant,1.2017,0.0,9.1333,0.5,0.0,18,2,True,1.0,0.0206
j188772,2,delay_tolerant,0.655,0.0,7.7333,0.5,0.0,19,2,False,1.0,0.0
j188772,2,delay_tolerant,1.2017,0.0,9.1333,0.5,0.0,19,2,True,1.0,0.0393
j188904,2,token_batch,1.475,1.128,11.0,0.5,3633.259,16,1,True,1.0,0.05
j189684,2,token_batch,1.475,0.0,11.0,0.5,4077.572,13,1,False,1.0,0.0
j19023,2,delay_tolerant,1.2017,0.0,9.1333,0.5,0.0,17,2,True,1.0,0.05
j19023,2,delay_tolerant,1.065,0.0,8.2,0.5,0.0,16,2,False,1.0,0.0
j190417,2,delay_tolerant,1.1333,0.5816,8.6667,0.5,0.0,23,2,False,1.0,0.0
j191374,2,delay_tolerant,0.5183,0.0,7.7333,0.5,0.0,5,2,False,1.0,0.0
j191374,2,token_batch,1.475,1.3682,11.0,0.5,4563.64,22,1,False,1.0,0.0
j191455,2,token_batch,2.5,0.6473,18.0,0.5,4775.755,6,1,True,1.0,0.1733
j191455,2,token_batch,1.6117,0.0,11.9333,0.5,5095.124,11,1,True,1.0,0.1863
j191455,2,token_batch,2.5,1.3428,18.0,0.5,4242.557,10,1,True,1.0,0.139
j191815,2,delay_tolerant,1.065,0.0,8.2,0.5,0.0,19,2,True,1.0,0.05
j191994,2,token_batch,1.475,0.8394,11.0,0.5,4226.465,16,1,True,1.0,0.0906
j191994,2,delay_tolerant,1.4067,0.2222,10.5333,0.5,0.0,16,2,False,1.0,0.0
j192720,2,token_batch,1.475,0.7224,11.0,0.5,3999.584,11,1,True,1.0,0.05
j193351,2,token_batch,1.475,1.3139,11.0,0.5,4423.381,16,1,False,1.0,0.0
j193741,2,delay_tolerant,1.065,0.0,8.2,0.5,0.0,11,2,True,1.0,0.05
j193741,2,token_batch,1.475,0.9893,11.0,0.5,4040.067,11,1,True,1.0,0.156
j194155,2,delay_tolerant,1.27,0.3613,9.6,0.5,0.0,16,2,False,1.0,0.0
j194647,2,token_batch,2.5,1.3801,18.0,0.5,4687.01,23,1,True,1.0,0.05
j194764,2,delay_tolerant,0.5183,0.0,7.7333,0.5,0.0,21,2,False,1.0,0.0
j195111,2,delay_tolerant,0.5183,0.0,7.7333,0.5,0.0,21,2,True,1.0,0.05
j195987,2,delay_tolerant,0.5183,0.0,7.7333,0.5,0.0,16,2,False,1.0,0.0
j1970,2,token_batch,1.475,1.2764,11.0,0.5,3909.048,12,1,False,1.0,0.0
j19852,2,token_batch,1.885,0.4529,13.8,0.5,4758.007,23,1,False,1.0,0.0
j198761,2,token_batch,1.475,0.5,11.0,0.5,3904.556,16,1,True,1.0,0.05
j198842,2,delay_tolerant,1.065,0.0,8.2,0.5,0.0,22,2,False,1.0,0.0
j198842,2,delay_tolerant,0.5183,0.0,7.7333,0.5,0.0,14,2,True,1.0,0.0294
j199004,2,delay_tolerant,0.5183,0.0,7.7333,0.5,0.0,14,2,True,1.0,0.05
j199049,2,delay_tolerant,0.9283,0.0,7.7333,0.5,0.0,13,2,False,1.0,0.0
j199630,2,delay_tolerant,1.065,0.0,8.2,0.5,0.0,13,2,False,1.0,0.0
j199630,2,delay_tolerant,0.7917,0.0,7.7333,0.5,0.0,13,2,True,1.0,0.05
j200322,2,delay_tolerant,1.1333,0.0,8.6667,0.5,0.0,16,2,True,1.0,0.05
j201133,2,delay_tolerant,0.655,0.0,7.7333,0.5,0.0,5,2,False,1.0,0.0
j201243,2,delay_tolerant,0.5183,0.0,7.7333,0.5,0.0,5,2,False,1.0,0.0
j201243,2,token_batch,1.475,0.8791,11.0,0.5,4364.857,12,1,True,1.0,0.05
j20134,2,delay_tolerant,0.5183,0.0,7.7333,0.5,0.0,5,2,True,1.0,0.0673
j201521,2,delay_tolerant,0.5183,0.0,7.7333,0.5,0.0,6,2,False,1.0,0.0
j201956,2,delay_tolerant,0.5183,0.0,7.7333,0.5,0.0,5,2,True,1.0,0.05
j201972,2,delay_tolerant,1.4067,0.0,10.5333,0.5,0.0,15,2,False,1.0,0.0
j202336,2,delay_tolerant,0.7917,0.0,7.7333,0.5,0.0,19,2,False,1.0,0.0
j202376,2,delay_tolerant,1.4067,0.0,10.5333,0.5,0.0,21,2,False,1.0,0.0
j203552,2,delay_tolerant,0.5183,0.0,7.7333,0.5,0.0,16,2,False,1.0,0.0
j203552,2,token_batch,1.475,0.9113,11.0,0.5,3469.983,19,1,True,1.0,0.05
j203552,2,token_batch,1.475,0.0,11.0,0.5,4574.865,19,1,False,1.0,0.0
j203785,2,token_batch,1.7483,1.281,12.8667,0.5,4284.732,15,1,True,1.0,0.05
j204297,2,delay_tolerant,1.1333,0.0,8.6667,0.5,0.0,5,2,True,1.0,0.05
j204809,2,token_batch,1.475,0.0,11.0,0.5,4025.696,16,1,False,1.0,0.0
j204843,2,token_batch,2.5,0.4055,18.0,0.5,5248.78,20,1,True,1.0,0.05
j204957,2,delay_tolerant,1.4067,0.0,10.5333,0.5,0.0,9,2,False,1.0,0.0
j205178,2,token_batch,1.475,0.6549,11.0,0.5,3852.507,23,1,False,1.0,0.0
j205277,2,delay_tolerant,0.9283,0.0,7.7333,0.5,0.0,21,2,False,1.0,0.0
j205304,2,token_batch,1.475,0.0,11.0,0.5,3471.833,11,1,True,1.0,0.1683
j205432,2,token_batch,2.5,0.91,18.0,0.5,4203.757,6,1,False,1.0,0.0
j206699,2,delay_tolerant,1.2017,0.3674,9.1333,0.5,0.0,15,2,False,1.0,0.0
j207631,2,token_batch,1.475,0.898,11.0,0.5,3687.406,13,1,False,1.0,0.0
j207922,2,token_batch,1.475,0.0,11.0,0.5,4256.518,13,1,True,1.0,0.1232
j208063,2,delay_tolerant,1.3383,0.0,10.0667,0.5,0.0,7,2,True,1.0,0.05
j208063,2,delay_tolerant,0.5183,0.0,7.7333,0.5,0.0,14,2,True,1.0,0.05
j208888,2,delay_tolerant,0.5183,0.0,7.7333,0.5,0.0,10,2,True,1.0,0.05
j208888,2,delay_tolerant,1.1333,0.0,8.6667,0.5,0.0,11,2,True,1.0,0.05
j209390,2,delay_tolerant,1.27,0.2691,9.6,0.5,0.0,9,2,True,1.0,0.05
j209466,2,delay_tolerant,1.4067,0.0,10.5333,0.5,0.0,5,2,False,1.0,0.0
j209632,2,delay_tolerant,0.5183,0.0,7.7333,0.5,0.0,5,2,False,1.0,0.0
j210271,2,token_batch,2.5,0.6165,18.0,0.5,5563.768,14,1,True,1.0,0.05
j210271,2,delay_tolerant,0.9283,0.0,7.7333,0.5,0.0,5,2,False,1.0,0.0
j210271,2,token_batch,2.5,0.4765,18.0,0.5,4933.886,21,1,True,1.0,0.05
j210271,2,delay_tolerant,0.9283,0.0,7.7333,0.5,0.0,14,2,False,1.0,0.0
j210965,2,token_batch,1.475,0.7856,11.0,0.5,4267.026,18,1,True,1.0,0.05
j210965,2,delay_tolerant,1.065,0.0,8.2,0.5,0.0,17,2,True,1.0,0.05
j211113,2,delay_tolerant,1.4067,0.0,10.5333,0.5,0.0,19,2,True,1.0,0.05
j211475,2,delay_tolerant,0.655,0.0,7.7333,0.5,0.0,16,2,False,1.0,0.0
j211592,2,token_batch,1.475,0.7571,11.0,0.5,3904.965,16,1,False,1.0,0.0
j211592,2,token_batch,1.475,1.4846,11.0,0.5,4458.955,16,1,True,1.0,0.05
j212145,2,token_batch,1.475,0.0,11.0,0.5,3975.218,13,1,False,1.0,0.0
j212365,2,delay_tolerant,1.2017,0.0,9.1333,0.5,0.0,22,2,False,1.0,0.0
j212660,2,token_batch,1.475,0.9506,11.0,0.5,4328.493,11,1,False,1.0,0.0
j214813,2,token_batch,1.6117,1.3925,11.9333,0.5,4622.009,6,1,False,1.0,0.0
j215366,2,delay_tolerant,1.1333,0.0,8.6667,0.5,0.0,15,2,True,1.0,0.05
j215568,2,delay_tolerant,1.3383,0.0,10.0667,0.5,0.0,19,2,False,1.0,0.0
j215653,2,token_batch,1.475,1.348,11.0,0.5,3930.223,19,1,False,1.0,0.0
j216300,2,token_batch,1.475,0.0,11.0,0.5,4106.95,16,1,False,1.0,0.0
j216300,2,delay_tolerant,0.86,0.3831,7.7333,0.5,0.0,7,2,True,1.0,0.05
j216300,2,token_batch,1.475,1.1871,11.0,0.5,4098.905,16,1,True,1.0,0.05
j21649,2,token_batch,1.475,0.8439,11.0,0.5,4386.699,9,1,True,1.0,0.1288
j216884,2,delay_tolerant,1.065,0.0,8.2,0.5,0.0,20,2,False,1.0,0.0
j217707,2,delay_tolerant,0.7917,0.0,7.7333,0.5,0.0,14,2,False,1.0,0.0
j218188,2,delay_tolerant,0.5183,0.0,7.7333,0.5,0.0,5,2,False,1.0,0.0
j218374,2,token_batch,1.475,0.0,11.0,0.5,4064.426,10,1,True,1.0,0.1206
j218869,2,token_batch,1.475,0.5709,11.0,0.5,4538.648,7,1,True,1.0,0.1344
j218869,2,delay_tolerant,0.5183,0.0,7.7333,0.5,0.0,18,2,False,1.0,0.0
j218869,2,token_batch,1.6117,0.8637,11.9333,0.5,4655.96,7,1,False,1.0,0.0
j218869,2,delay_tolerant,1.27,0.0,9.6,0.5,0.0,7,2,False,1.0,0.0
j218890,2,token_batch,2.5,0.5704,18.0,0.5,4536.97,23,1,True,1.0,0.05
j219598,2,token_batch,2.5,1.039,18.0,0.5,4317.87,23,1,True,1.0,0.05
j220764,2,delay_tolerant,0.5183,0.0,7.7333,0.5,0.0,5,2,True,1.0,0.05
j221356,2,delay_tolerant,0.9283,0.0,7.7333,0.5,0.0,14,2,False,1.0,0.0
j221356,2,delay_tolerant,1.3383,0.486,10.0667,0.5,0.0,15,2,False,1.0,0.0
j221756,2,delay_tolerant,0.5183,0.0,7.7333,0.5,0.0,5,2,False,1.0,0.0
j222527,2,token_batch,1.475,1.4754,11.0,0.5,3883.497,9,1,True,1.0,0.05
j2226,2,delay_tolerant,0.5183,0.0,7.7333,0.5,0.0,5,2,False,1.0,0.0
j223241,2,delay_tolerant,1.2017,0.0,9.1333,0.5,0.0,16,2,False,1.0,0.0
j224678,2,delay_tolerant,0.9967,0.0,7.7333,0.5,0.0,15,2,True,1.0,0.05
j224678,2,delay_tolerant,0.9283,0.0,7.7333,0.5,0.0,14,2,False,1.0,0.0
j225090,2,delay_tolerant,1.27,0.5099,9.6,0.5,0.0,12,2,False,1.0,0.0
j225441,2,delay_tolerant,1.1333,0.0,8.6667,0.5,0.0,15,2,False,1.0,0.0
j2255,2,delay_tolerant,0.5183,0.0,7.7333,0.5,0.0,5,2,True,1.0,0.0599
j225789,2,delay_tolerant,0.5183,0.0,7.7333,0.5,0.0,5,2,True,1.0,0.05
j225789,2,delay_tolerant,0.7917,0.0,7.7333,0.5,0.0,20,2,True,1.0,0.0503
j226907,2,delay_tolerant,0.9967,0.0,7.7333,0.5,0.0,15,2,False,1.0,0.0
j226943,2,token_batch,1.475,1.2393,11.0,0.5,4404.913,9,1,False,1.0,0.0
j226943,2,delay_sensitive,1.5433,0.0,11.4667,0.5,0.0,3,3,False,1.0,0.0
j226943,2,delay_sensitive,1.2017,0.0,9.1333,0.5,0.0,3,3,False,1.0,0.0
j227140,2,token_batch,1.6117,1.4865,11.9333,0.5,4297.328,14,1,False,1.0,0.0
j227140,2,delay_tolerant,0.5183,0.0,7.7333,0.5,0.0,15,2,False,1.0,0.0
j227140,2,token_batch,2.5,0.7902,18.0,0.5,4892.312,6,1,True,1.0,0.05
j227511,2,delay_tolerant,0.5183,0.0,7.7333,0.5,0.0,14,2,True,1.0,0.0562
j228150,2,delay_tolerant,0.5183,0.0,7.7333,0.5,0.0,5,2,True,1.0,0.0982
j228850,2,delay_tolerant,1.1333,0.0,8.6667,0.5,0.0,15,2,False,1.0,0.0
j230238,2,token_batch,1.475,1.2159,11.0,0.5,3939.969,10,1,True,1.0,0.05
j231051,2,delay_tolerant,0.655,0.0,7.7333,0.5,0.0,19,2,True,1.0,0.0473
j231051,2,delay_tolerant,0.5183,0.0,7.7333,0.5,0.0,14,2,True,1.0,0.05
j231051,2,delay_tolerant,0.655,0.0,7.7333,0.5,0.0,19,2,False,1.0,0.0
j231130,2,delay_tolerant,0.5183,0.0,7.7333,0.5,0.0,15,2,False,1.0,0.0
j231408,2,delay_tolerant,0.5867,0.0,7.7333,0.5,0.0,22,2,True,1.0,0.05
j231704,2,delay_tolerant,1.4067,0.0,10.5333,0.5,0.0,19,2,False,1.0,0.0
j231793,2,token_batch,1.475,0.6415,11.0,0.5,3719.507,16,1,True,1.0,0.196
j232518,2,delay_tolerant,0.5867,0.0,7.7333,0.5,0.0,5,2,True,1.0,0.0656
j232518,2,token_batch,1.475,1.2916,11.0,0.5,4621.481,19,1,True,1.0,0.1229
j232786,2,delay_tolerant,0.5183,0.0,7.7333,0.5,0.0,15,2,False,1.0,0.0
j232786,2,delay_tolerant,0.5183,0.0,7.7333,0.5,0.0,15,2,False,1.0,0.0
j232786,2,delay_tolerant,1.065,0.0,8.2,0.5,0.0,5,2,True,1.0,0.0588
j233162,2,token_batch,2.5,1.1255,18.0,0.5,4988.091,19,1,True,1.0,0.1808
j233400,2,delay_tolerant,0.5183,0.0,7.7333,0.5,0.0,18,2,False,1.0,0.0
j234191,2,delay_tolerant,0.5183,0.0,7.7333,0.5,0.0,5,2,True,1.0,0.05
j234299,2,delay_tolerant,0.5183,0.0,7.7333,0.5,0.0,16,2,False,1.0,0.0
j235150,2,delay_tolerant,1.4067,0.5084,10.5333,0.5,0.0,6,2,True,1.0,0.05
j235150,2,delay_tolerant,0.5183,0.0,7.7333,0.5,0.0,5,2,True,1.0,0.05
j235150,2,delay_tolerant,0.5183,0.0,7.7333,0.5,0.0,6,2,False,1.0,0.0
j235150,2,token_batch,1.8167,1.0164,13.3333,0.5,5095.874,15,1,True,1.0,0.1833
j235150,2,delay_tolerant,1.1333,0.0,8.6667,0.5,0.0,15,2,False,1.0,0.0
j235431,2,token_batch,1.9533,0.6718,14.2667,0.5,4384.882,21,1,True,1.0,0.05
j235813,2,token_batch,1.475,1.4383,11.0,0.5,3874.497,12,1,False,1.0,0.0
j235865,2,delay_tolerant,0.5867,0.0,7.7333,0.5,0.0,5,2,False,1.0,0.0
j235865,2,delay_tolerant,0.5183,0.0,7.7333,0.5,0.0,5,2,False,1.0,0.0
j235865,2,token_batch,1.475,0.9628,11.0,0.5,4172.878,6,1,True,1.0,0.1288
j236200,2,delay_tolerant,0.5867,0.0,7.7333,0.5,0.0,20,2,False,1.0,0.0
j236267,2,token_batch,1.475,1.2781,11.0,0.5,3494.457,10,1,True,1.0,0.05
j237016,2,token_batch,1.475,0.9558,11.0,0.5,4617.327,22,1,False,1.0,0.0
j237252,2,delay_tolerant,0.7917,0.0,7.7333,0.5,0.0,16,2,False,1.0,0.0
j237509,2,delay_tolerant,1.4067,0.0,10.5333,0.5,0.0,18,2,True,1.0,0.05
j239115,2,delay_tolerant,0.5183,0.0,7.7333,0.5,0.0,21,2,True,1.0,0.0466
j239115,2,token_batch,2.0217,0.4017,14.7333,0.5,4304.361,14,1,True,1.0,0.05
j23912,2,delay_tolerant,0.655,0.0,7.7333,0.5,0.0,21,2,False,1.0,0.0
j23942,2,token_batch,1.7483,0.8128,12.8667,0.5,4532.712,15,1,True,1.0,0.1858
j23942,2,delay_tolerant,0.5183,0.0,7.7333,0.5,0.0,15,2,True,1.0,0.0758
j24022,2,delay_tolerant,0.9283,0.0,7.7333,0.5,0.0,13,2,True,1.0,0.0544
j240471,2,delay_tolerant,0.5183,0.0,7.7333,0.5,0.0,5,2,False,1.0,0.0
j240471,2,delay_tolerant,0.9967,0.0,7.7333,0.5,0.0,13,2,True,1.0,0.05
j240560,2,delay_tolerant,0.9967,0.0,7.7333,0.5,0.0,16,2,True,1.0,0.05
j241701,2,delay_tolerant,0.86,0.4629,7.7333,0.5,0.0,10,2,True,1.0,0.0816
j241938,2,token_batch,1.475,0.7874,11.0,0.5,3827.589,15,1,False,1.0,0.0
j241943,2,delay_tolerant,0.5183,0.0,7.7333,0.5,0.0,14,2,True,1.0,0.05
j241943,2,delay_tolerant,0.9283,0.0,7.7333,0.5,0.0,19,2,True,1.0,0.05
j242890,2,delay_tolerant,0.9967,0.4491,7.7333,0.5,0.0,20,2,False,1.0,0.0
j242890,2,token_batch,1.475,1.2546,11.0,0.5,3670.118,20,1,True,1.0,0.086
j243044,2,delay_tolerant,0.86,0.0,7.7333,0.5,0.0,20,2,True,1.0,0.05
j244060,2,delay_tolerant,0.7917,0.0,7.7333,0.5,0.0,19,2,False,1.0,0.0
j24428,2,token_batch,1.475,0.0,11.0,0.5,4614.592,15,1,True,1.0,0.09
j244695,2,delay_tolerant,1.4067,0.0,10.5333,0.5,0.0,17,2,False,1.0,0.0
j244882,2,token_batch,2.1583,0.6533,15.6667,0.5,5093.178,14,1,True,1.0,0.05
j244941,2,delay_tolerant,1.27,0.0,9.6,0.5,0.0,21,2,True,1.0,0.05
j245121,2,token_batch,1.475,0.7942,11.0,0.5,3645.783,23,1,True,1.0,0.05
j245121,2,delay_tolerant,0.5183,0.0,7.7333,0.5,0.0,5,2,False,1.0,0.0
j245446,2,token_batch,1.475,0.0,11.0,0.5,4597.243,19,1,False,1.0,0.0
j245931,2,delay_tolerant,1.27,0.0,9.6,0.5,0.0,19,2,True,1.0,0.05
j245931,2,token_batch,1.475,0.8073,11.0,0.5,3950.326,18,1,True,1.0,0.05
j245931,2,delay_tolerant,0.7917,0.0,7.7333,0.5,0.0,19,2,False,1.0,0.0
j246197,2,token_batch,1.475,0.0,11.0,0.5,3778.79,13,1,True,1.0,0.169
j247028,2,delay_tolerant,1.2017,0.0,9.1333,0.5,0.0,15,2,True,1.0,0.05
j24705,2,delay_tolerant,0.5183,0.0,7.7333,0.5,0.0,12,2,False,1.0,0.0
j247360,2,delay_tolerant,1.1333,0.0,8.6667,0.5,0.0,10,2,True,1.0,0.05
j24915,2,delay_tolerant,1.1333,0.0,8.6667,0.5,0.0,12,2,True,1.0,0.065
j249542,2,delay_tolerant,1.4067,0.0,10.5333,0.5,0.0,22,2,False,1.0,0.0
j249567,2,delay_tolerant,1.3383,0.0,10.0667,0.5,0.0,20,2,True,1.0,0.05
j250372,2,token_batch,2.5,0.7751,18.0,0.5,4661.266,14,1,True,1.0,0.05
j250372,2,delay_tolerant,1.065,0.0,8.2,0.5,0.0,22,2,True,1.0,0.05
j251133,2,token_batch,2.5,0.4219,18.0,0.5,5057.761,15,1,False,1.0,0.0
j251473,2,token_batch,1.475,0.6411,11.0,0.5,3441.554,20,1,True,1.0,0.091
j252060,2,delay_tolerant,1.1333,0.0,8.6667,0.5,0.0,21,2,False,1.0,0.0
j252060,2,delay_tolerant,0.5183,0.0,7.7333,0.5,0.0,5,2,False,1.0,0.0
j252113,2,token_batch,2.5,0.4047,18.0,0.5,4428.795,19,1,False,1.0,0.0
j252143,2,delay_tolerant,0.9967,0.0,7.7333,0.5,0.0,17,2,False,1.0,0.0
j252260,2,delay_tolerant,0.655,0.0,7.7333,0.5,0.0,11,2,False,1.0,0.0
j252854,2,delay_tolerant,0.5867,0.0,7.7333,0.5,0.0,6,2,False,1.0,0.0
j253079,2,delay_tolerant,0.9283,0.0,7.7333,0.5,0.0,22,2,True,1.0,0.0636
j253820,2,delay_tolerant,1.27,0.0,9.6,0.5,0.0,22,2,True,1.0,0.0659
j253857,2,token_batch,1.475,0.0,11.0,0.5,3803.888,10,1,False,1.0,0.0
j253920,2,delay_tolerant,0.9283,0.0,7.7333,0.5,0.0,9,2,True,1.0,0.05
j25394,2,token_batch,1.475,1.1357,11.0,0.5,3650.233,19,1,False,1.0,0.0
j254863,2,delay_tolerant,0.5183,0.0,7.7333,0.5,0.0,16,2,False,1.0,0.0
j255544,2,token_batch,1.475,1.1562,11.0,0.5,4319.333,12,1,False,1.0,0.0
j25594,2,token_batch,2.5,0.9699,18.0,0.5,5292.099,20,1,True,1.0,0.05
j257285,2,delay_tolerant,0.5867,0.0,7.7333,0.5,0.0,5,2,True,1.0,0.0597
j257438,2,delay_tolerant,1.065,0.0,8.2,0.5,0.0,19,2,True,1.0,0.0238
j257438,2,token_batch,2.5,0.5103,18.0,0.5,5374.927,19,1,True,1.0,0.1108
j257438,2,token_batch,1.8167,1.2455,13.3333,0.5,5092.401,6,1,True,1.0,0.05
j257542,2,delay_tolerant,0.7917,0.0,7.7333,0.5,0.0,5,2,True,1.0,0.0434
j257542,2,delay_tolerant,1.3383,0.0,10.0667,0.5,0.0,20,2,False,1.0,0.0
j258437,2,delay_sensitive,0.5183,0.0,7.7333,0.5,0.0,3,3,False,1.0,0.0
j258595,2,delay_sensitive,0.5183,0.0,7.7333,0.5,0.0,3,3,False,1.0,0.0
j258600,2,token_batch,1.885,0.5444,13.8,0.5,3985.846,20,1,True,1.0,0.1235
j259379,2,delay_tolerant,0.7233,0.0,7.7333,0.5,0.0,15,2,True,1.0,0.0419
j259828,2,token_batch,2.5,0.0,18.0,0.5,4976.925,21,1,True,1.0,0.116
j259828,2,delay_tolerant,1.27,0.0,9.6,0.5,0.0,19,2,False,1.0,0.0
j259828,2,token_batch,2.5,0.8592,18.0,0.5,5163.209,21,1,False,1.0,0.0
j25983,2,delay_tolerant,0.5183,0.0,7.7333,0.5,0.0,17,2,True,1.0,0.0915
j260355,2,token_batch,1.68,0.9229,12.4,0.5,4466.211,21,1,True,1.0,0.05
j260355,2,delay_tolerant,0.5183,0.0,7.7333,0.5,0.0,5,2,True,1.0,0.05
j260589,2,delay_tolerant,1.27,0.0,9.6,0.5,0.0,9,2,False,1.0,0.0
j260589,2,delay_tolerant,0.5867,0.0,7.7333,0.5,0.0,5,2,True,1.0,0.0772
j261309,2,token_batch,1.475,1.2368,11.0,0.5,4387.046,11,1,True,1.0,0.105
j261341,2,delay_tolerant,1.2017,0.0,9.1333,0.5,0.0,18,2,True,1.0,0.0812
j261464,2,delay_tolerant,1.27,0.0,9.6,0.5,0.0,16,2,True,1.0,0.05
j261582,2,delay_tolerant,0.655,0.3938,7.7333,0.5,0.0,6,2,True,1.0,0.05
j261582,2,delay_tolerant,0.86,0.0,7.7333,0.5,0.0,14,2,True,1.0,0.05
j26173,2,delay_tolerant,1.1333,0.0,8.6667,0.5,0.0,18,2,True,1.0,0.0695
j262264,2,delay_tolerant,1.3383,0.0,10.0667,0.5,0.0,19,2,True,1.0,0.05
j262575,2,delay_tolerant,1.1333,0.0,8.6667,0.5,0.0,13,2,False,1.0,0.0
j262575,2,token_batch,2.1583,0.4293,15.6667,0.5,5350.131,12,1,False,1.0,0.0
j263552,2,token_batch,1.475,0.9988,11.0,0.5,3735.223,11,1,False,1.0,0.0
j264138,2,token_batch,2.5,0.5829,18.0,0.5,4390.627,22,1,True,1.0,0.1826
j264138,2,token_batch,2.5,1.254,18.0,0.5,5035.138,21,1,False,1.0,0.0
j264138,2,delay_tolerant,0.5867,0.0,7.7333,0.5,0.0,21,2,False,1.0,0.0
j264204,2,delay_tolerant,1.4067,0.0,10.5333,0.5,0.0,13,2,True,1.0,0.05
j264275,2,delay_tolerant,1.1333,0.0,8.6667,0.5,0.0,12,2,True,1.0,0.0584
j264275,2,delay_tolerant,1.27,0.0,9.6,0.5,0.0,12,2,False,1.0,0.0
j264368,2,token_batch,2.5,0.9176,18.0,0.5,5373.184,17,1,False,1.0,0.0
j264630,2,token_batch,1.475,1.4046,11.0,0.5,4124.995,15,1,True,1.0,0.1795
j265042,2,token_batch,1.475,0.0,11.0,0.5,4179.86,22,1,False,1.0,0.0
j26570,2,delay_tolerant,0.86,0.0,7.7333,0.5,0.0,10,2,False,1.0,0.0
j266016,2,token_batch,1.475,0.5674,11.0,0.5,4358.169,19,1,True,1.0,0.05
j266079,2,token_batch,2.5,0.914,18.0,0.5,4464.305,17,1,True,1.0,0.1981
j266079,2,delay_tolerant,1.3383,0.0,10.0667,0.5,0.0,23,2,True,1.0,0.05
j266079,2,delay_tolerant,0.9283,0.0,7.7333,0.5,0.0,22,2,True,1.0,0.0982
j266079,2,token_batch,1.68,0.0,12.4,0.5,4589.34,22,1,True,1.0,0.1833
j266218,2,delay_tolerant,1.1333,0.0,8.6667,0.5,0.0,13,2,False,1.0,0.0
j266218,2,delay_tolerant,1.27,0.0,9.6,0.5,0.0,12,2,True,1.0,0.05
j266308,2,token_batch,1.475,1.2668,11.0,0.5,3630.798,16,1,True,1.0,0.1088
j266865,2,token_batch,1.475,1.2315,11.0,0.5,3850.568,9,1,True,1.0,0.126
j266879,2,delay_tolerant,1.4067,0.0,10.5333,0.5,0.0,20,2,False,1.0,0.0
j267008,2,delay_tolerant,0.655,0.0,7.7333,0.5,0.0,16,2,False,1.0,0.0
j267049,2,delay_tolerant,0.5183,0.0,7.7333,0.5,0.0,5,2,False,1.0,0.0
j267163,2,delay_tolerant,1.2017,0.5828,9.1333,0.5,0.0,12,2,False,1.0,0.0
j267173,2,delay_tolerant,1.065,0.0,8.2,0.5,0.0,18,2,True,1.0,0.05
j268414,2,delay_tolerant,1.2017,0.0,9.1333,0.5,0.0,14,2,False,1.0,0.0
j268414,2,delay_tolerant,0.5183,0.0,7.7333,0.5,0.0,5,2,True,1.0,0.05
j268586,2,delay_tolerant,0.86,0.354,7.7333,0.5,0.0,14,2,False,1.0,0.0
j268586,2,delay_tolerant,0.655,0.0,7.7333,0.5,0.0,6,2,True,1.0,0.05
j268944,2,delay_tolerant,0.5183,0.0,7.7333,0.5,0.0,18,2,True,1.0,0.0509
j269144,2,token_batch,1.475,0.0,11.0,0.5,4196.911,13,1,False,1.0,0.0
j270285,2,delay_tolerant,1.2017,0.0,9.1333,0.5,0.0,23,2,False,1.0,0.0
j270722,2,token_batch,1.475,0.9869,11.0,0.5,4264.484,9,1,True,1.0,0.05
j270857,2,delay_tolerant,0.5183,0.0,7.7333,0.5,0.0,14,2,False,1.0,0.0
j271069,2,delay_tolerant,0.9283,0.0,7.7333,0.5,0.0,20,2,True,1.0,0.05
j271069,2,delay_tolerant,1.065,0.0,8.2,0.5,0.0,22,2,False,1.0,0.0
j271240,2,token_batch,1.475,0.8889,11.0,0.5,3476.033,10,1,True,1.0,0.05
j271646,2,delay_tolerant,0.5183,0.0,7.7333,0.5,0.0,14,2,True,1.0,0.05
j272035,2,delay_tolerant,1.4067,0.0,10.5333,0.5,0.0,16,2,False,1.0,0.0
j272161,2,delay_tolerant,0.5183,0.0,7.7333,0.5,0.0,13,2,True,1.0,0.0284
j272161,2,delay_tolerant,1.1333,0.0,8.6667,0.5,0.0,5,2,True,1.0,0.05
j273112,2,token_batch,1.475,1.0116,11.0,0.5,3592.475,14,1,True,1.0,0.05
j273112,2,delay_tolerant,1.3383,0.0,10.0667,0.5,0.0,15,2,False,1.0,0.0
j273410,2,delay_tolerant,0.9283,0.0,7.7333,0.5,0.0,12,2,True,1.0,0.05
j274394,2,token_batch,1.475,0.4792,11.0,0.5,4424.551,16,1,True,1.0,0.05
j275366,2,delay_tolerant,1.27,0.0,9.6,0.5,0.0,17,2,False,1.0,0.0
j275821,2,delay_tolerant,0.7233,0.0,7.7333,0.5,0.0,19,2,False,1.0,0.0
j276076,2,delay_tolerant,0.5183,0.0,7.7333,0.5,0.0,5,2,False,1.0,0.0
j276352,2,token_batch,1.475,0.7253,11.0,0.5,3596.28,22,1,True,1.0,0.1347
j276582,2,delay_tolerant,0.7917,0.0,7.7333,0.5,0.0,15,2,False,1.0,0.0
j276582,2,delay_tolerant,0.5183,0.0,7.7333,0.5,0.0,5,2,False,1.0,0.0
j276649,2,token_batch,2.5,1.2712,18.0,0.5,5469.698,12,1,True,1.0,0.099
j276649,2,token_batch,1.7483,0.768,12.8667,0.5,5029.705,12,1,True,1.0,0.132
j276900,2,delay_tolerant,0.86,0.0,7.7333,0.5,0.0,13,2,True,1.0,0.05
j277106,2,token_batch,1.475,0.6451,11.0,0.5,3991.821,12,1,True,1.0,0.05
j277106,2,delay_tolerant,0.5867,0.0,7.7333,0.5,0.0,13,2,True,1.0,0.05
j27778,2,delay_tolerant,1.065,0.0,8.2,0.5,0.0,15,2,False,1.0,0.0
j278166,2,delay_tolerant,0.5183,0.0,7.7333,0.5,0.0,23,2,False,1.0,0.0
j278166,2,delay_tolerant,0.7233,0.0,7.7333,0.5,0.0,23,2,False,1.0,0.0
j278248,2,delay_tolerant,0.5183,0.0,7.7333,0.5,0.0,5,2,False,1.0,0.0
j278552,2,delay_tolerant,0.86,0.0,7.7333,0.5,0.0,19,2,True,1.0,0.05
j278682,2,token_batch,1.475,1.1789,11.0,0.5,4334.595,19,1,True,1.0,0.05
j279153,2,delay_tolerant,0.5183,0.0,7.7333,0.5,0.0,19,2,True,1.0,0.05
j279153,2,delay_tolerant,0.86,0.0,7.7333,0.5,0.0,19,2,True,1.0,0.05
j279285,2,token_batch,1.475,0.9088,11.0,0.5,4017.867,23,1,False,1.0,0.0
j28002,2,token_batch,1.475,0.6977,11.0,0.5,3487.066,10,1,True,1.0,0.05
j28002,2,delay_tolerant,0.5183,0.0,7.7333,0.5,0.0,10,2,False,1.0,0.0
j280302,2,token_batch,1.475,1.27,11.0,0.5,4126.24,19,1,True,1.0,0.05
j280504,2,token_batch,1.475,1.4213,11.0,0.5,4281.006,18,1,True,1.0,0.0829
j280504,2,token_batch,2.0217,0.0,14.7333,0.5,4393.091,18,1,False,1.0,0.0
j280504,2,delay_tolerant,0.7917,0.5312,7.7333,0.5,0.0,11,2,False,1.0,0.0
j280504,2,delay_tolerant,0.5183,0.3897,7.7333,0.5,0.0,19,2,True,1.0,0.0439
j280952,2,delay_tolerant,0.5183,0.0,7.7333,0.5,0.0,21,2,True,1.0,0.05
j280989,2,delay_tolerant,1.4067,0.0,10.5333,0.5,0.0,15,2,False,1.0,0.0
j281272,2,delay_tolerant,0.9283,0.0,7.7333,0.5,0.0,16,2,True,1.0,0.05
j282901,2,delay_tolerant,0.5183,0.0,7.7333,0.5,0.0,5,2,True,1.0,0.05
j282985,2,token_batch,1.475,0.8802,11.0,0.5,3909.638,18,1,True,1.0,0.1631
j282985,2,delay_tolerant,1.3383,0.3528,10.0667,0.5,0.0,18,2,False,1.0,0.0
j283147,2,delay_tolerant,1.4067,0.0,10.5333,0.5,0.0,20,2,False,1.0,0.0
j283528,2,token_batch,1.475,0.0,11.0,0.5,3812.682,22,1,False,1.0,0.0
j283885,2,delay_tolerant,0.655,0.0,7.7333,0.5,0.0,16,2,True,1.0,0.05
j283885,2,delay_tolerant,1.4067,0.0,10.5333,0.5,0.0,17,2,False,1.0,0.0
j283885,2,delay_tolerant,0.5183,0.0,7.7333,0.5,0.0,16,2,True,1.0,0.05
j283885,2,delay_tolerant,0.5183,0.0,7.7333,0.5,0.0,16,2,True,1.0,0.0882
j283885,2,delay_tolerant,0.7917,0.0,7.7333,0.5,0.0,16,2,True,1.0,0.05
j284517,2,token_batch,1.68,1.1986,12.4,0.5,5056.532,12,1,True,1.0,0.05
j28554,2,delay_tolerant,1.3383,0.0,10.0667,0.5,0.0,16,2,True,1.0,0.05
j28554,2,delay_tolerant,0.5183,0.0,7.7333,0.5,0.0,7,2,True,1.0,0.05
j285955,2,token_batch,1.475,0.0,11.0,0.5,4029.782,9,1,True,1.0,0.113
j286847,2,token_batch,1.475,1.0171,11.0,0.5,4411.131,12,1,False,1.0,0.0
j286877,2,delay_tolerant,1.27,0.2245,9.6,0.5,0.0,18,2,False,1.0,0.0
j287192,2,token_batch,1.475,0.4687,11.0,0.5,3482.7,18,1,True,1.0,0.05
j287263,2,delay_tolerant,0.5183,0.4833,7.7333,0.5,0.0,5,2,False,1.0,0.0
j287939,2,token_batch,1.475,0.0,11.0,0.5,3454.923,15,1,False,1.0,0.0
j287939,2,delay_tolerant,0.9967,0.0,7.7333,0.5,0.0,15,2,True,1.0,0.05
j287939,2,delay_tolerant,0.5183,0.0,7.7333,0.5,0.0,12,2,False,1.0,0.0
j289281,2,delay_tolerant,1.065,0.0,8.2,0.5,0.0,12,2,True,1.0,0.05
j289777,2,token_batch,1.475,0.4138,11.0,0.5,4592.972,23,1,True,1.0,0.05
j289799,2,delay_tolerant,1.1333,0.0,8.6667,0.5,0.0,18,2,False,1.0,0.0
j289799,2,token_batch,1.475,1.317,11.0,0.5,4583.427,18,1,True,1.0,0.05
j291297,2,token_batch,1.885,0.9531,13.8,0.5,4157.931,17,1,True,1.0,0.1671
j291297,2,delay_tolerant,0.5867,0.0,7.7333,0.5,0.0,7,2,True,1.0,0.0806
j291921,2,delay_tolerant,1.1333,0.0,8.6667,0.5,0.0,10,2,False,1.0,0.0
j291921,2,token_batch,1.475,0.0,11.0,0.5,4247.209,11,1,False,1.0,0.0
j292365,2,delay_tolerant,1.065,0.0,8.2,0.5,0.0,13,2,False,1.0,0.0
j292365,2,delay_tolerant,0.5183,0.0,7.7333,0.5,0.0,12,2,True,1.0,0.05
j292474,2,delay_tolerant,0.655,0.0,7.7333,0.5,0.0,12,2,False,1.0,0.0
j292755,2,token_batch,1.475,1.2057,11.0,0.5,3990.723,16,1,True,1.0,0.05
j293064,2,token_batch,1.475,0.7262,11.0,0.5,4560.798,18,1,True,1.0,0.1935
j293373,2,token_batch,1.475,0.5451,11.0,0.5,4552.303,13,1,True,1.0,0.1114
j29357,2,delay_tolerant,0.5867,0.0,7.7333,0.5,0.0,13,2,False,1.0,0.0
j293724,2,token_batch,1.475,0.0,11.0,0.5,3613.31,22,1,False,1.0,0.0
j293802,2,delay_tolerant,0.5183,0.0,7.7333,0.5,0.0,10,2,False,1.0,0.0
j29464,2,token_batch,1.475,0.9272,11.0,0.5,3905.847,10,1,True,1.0,0.1265
j29464,2,token_batch,1.475,0.0,11.0,0.5,4153.255,11,1,False,1.0,0.0
j294937,2,delay_tolerant,0.5183,0.0,7.7333,0.5,0.0,15,2,False,1.0,0.0
j294937,2,token_batch,1.475,0.6958,11.0,0.5,3798.339,15,1,False,1.0,0.0
j295755,2,token_batch,1.475,1.3848,11.0,0.5,3908.516,14,1,True,1.0,0.0969
j296163,2,delay_tolerant,0.5867,0.3185,7.7333,0.5,0.0,16,2,True,1.0,0.05
j296344,2,delay_tolerant,0.7233,0.0,7.7333,0.5,0.0,16,2,False,1.0,0.0
j296784,2,delay_tolerant,0.7233,0.0,7.7333,0.5,0.0,13,2,False,1.0,0.0
j297340,2,delay_tolerant,0.5183,0.0,7.7333,0.5,0.0,9,2,True,1.0,0.05
j297340,2,delay_tolerant,1.3383,0.0,10.0667,0.5,0.0,9,2,False,1.0,0.0
j29762,2,delay_tolerant,0.7233,0.0,7.7333,0.5,0.0,7,2,False,1.0,0.0
j297678,2,delay_tolerant,1.3383,0.0,10.0667,0.5,0.0,18,2,False,1.0,0.0
j298100,2,token_batch,1.475,0.0,11.0,0.5,4172.814,20,1,False,1.0,0.0
j298107,2,token_batch,1.475,0.0,11.0,0.5,4509.352,11,1,True,1.0,0.0897
j299331,2,delay_tolerant,0.5183,0.0,7.7333,0.5,0.0,16,2,True,1.0,0.05
j300127,2,token_batch,1.475,1.249,11.0,0.5,4554.332,23,1,False,1.0,0.0
j301452,2,delay_tolerant,0.655,0.0,7.7333,0.5,0.0,19,2,False,1.0,0.0
j302196,2,delay_tolerant,0.7917,0.229,7.7333,0.5,0.0,14,2,True,1.0,0.05
j302196,2,token_batch,1.475,0.0,11.0,0.5,3815.664,23,1,True,1.0,0.1123
j302196,2,token_batch,2.0217,0.0,14.7333,0.5,4944.578,17,1,True,1.0,0.1988
j302196,2,token_batch,1.475,1.46,11.0,0.5,4197.51,22,1,True,1.0,0.0809
j302582,2,delay_tolerant,0.5183,0.0,7.7333,0.5,0.0,14,2,True,1.0,0.05
j302582,2,delay_sensitive,0.5183,0.0,7.7333,0.5,0.0,3,3,False,1.0,0.0
j302754,2,delay_tolerant,1.27,0.0,9.6,0.5,0.0,13,2,False,1.0,0.0
j303439,2,token_batch,1.475,0.0,11.0,0.5,4230.785,23,1,False,1.0,0.0
j303439,2,token_batch,1.475,0.8181,11.0,0.5,3870.39,23,1,True,1.0,0.05
j303512,2,delay_tolerant,0.86,0.0,7.7333,0.5,0.0,16,2,True,1.0,0.05
j304123,2,delay_tolerant,0.7233,0.0,7.7333,0.5,0.0,15,2,True,1.0,0.05
j305414,2,delay_tolerant,1.3383,0.0,10.0667,0.5,0.0,16,2,True,1.0,0.05
j30561,2,token_batch,1.475,0.0,11.0,0.5,3547.407,19,1,False,1.0,0.0
j30562,2,delay_tolerant,0.7233,0.0,7.7333,0.5,0.0,16,2,False,1.0,0.0
j30562,2,delay_tolerant,1.2017,0.0,9.1333,0.5,0.0,20,2,False,1.0,0.0
j305702,2,token_batch,1.475,1.2162,11.0,0.5,4472.723,23,1,True,1.0,0.05
j305878,2,delay_tolerant,1.4067,0.3484,10.5333,0.5,0.0,10,2,False,1.0,0.0
j306080,2,token_batch,1.475,0.466,11.0,0.5,4592.306,13,1,True,1.0,0.1566
j306729,2,token_batch,1.475,1.4627,11.0,0.5,4254.715,16,1,False,1.0,0.0
j306729,2,token_batch,1.475,0.0,11.0,0.5,4625.632,16,1,True,1.0,0.1978
j308188,2,delay_tolerant,1.1333,0.0,8.6667,0.5,0.0,19,2,False,1.0,0.0
j308405,2,token_batch,1.475,1.4498,11.0,0.5,4455.247,12,1,True,1.0,0.0859
j308984,2,token_batch,1.475,0.6805,11.0,0.5,4156.313,23,1,True,1.0,0.1688
j310161,2,delay_tolerant,0.5183,0.0,7.7333,0.5,0.0,19,2,True,1.0,0.05
j310271,2,token_batch,1.5433,0.7233,11.4667,0.5,4156.984,13,1,True,1.0,0.1343
j311142,2,token_batch,1.475,0.9419,11.0,0.5,4400.194,16,1,True,1.0,0.05
j312136,2,delay_tolerant,1.065,0.0,8.2,0.5,0.0,12,2,False,1.0,0.0
j312157,2,delay_tolerant,1.4067,0.0,10.5333,0.5,0.0,13,2,False,1.0,0.0
j313380,2,delay_tolerant,0.9283,0.0,7.7333,0.5,0.0,9,2,False,1.0,0.0
j313653,2,delay_tolerant,1.3383,0.0,10.0667,0.5,0.0,16,2,False,1.0,0.0
j313703,2,delay_tolerant,0.5867,0.0,7.7333,0.5,0.0,5,2,False,1.0,0.0
j314004,2,token_batch,1.475,0.533,11.0,0.5,4616.402,21,1,True,1.0,0.05
j314177,2,delay_tolerant,0.655,0.0,7.7333,0.5,0.0,22,2,True,1.0,0.0649
j31462,2,delay_tolerant,1.3383,0.0,10.0667,0.5,0.0,16,2,False,1.0,0.0
j314660,2,delay_tolerant,0.5183,0.2669,7.7333,0.5,0.0,17,2,False,1.0,0.0
j31477,2,delay_sensitive,0.5183,0.0,7.7333,0.5,0.0,3,3,False,1.0,0.0
j315314,2,delay_tolerant,1.1333,0.0,8.6667,0.5,0.0,10,2,True,1.0,0.0465
j316395,2,token_batch,1.475,1.2352,11.0,0.5,4625.76,22,1,True,1.0,0.05
j316639,2,delay_tolerant,1.3383,0.0,10.0667,0.5,0.0,13,2,True,1.0,0.05
j316639,2,token_batch,1.475,0.9976,11.0,0.5,4182.502,13,1,False,1.0,0.0
j316639,2,delay_tolerant,0.7917,0.0,7.7333,0.5,0.0,12,2,False,1.0,0.0
j31687,2,delay_tolerant,0.5183,0.0,7.7333,0.5,0.0,11,2,False,1.0,0.0
j316952,2,delay_sensitive,1.68,0.0,12.4,0.5,0.0,3,3,False,1.0,0.0
j319246,2,delay_tolerant,0.5183,0.0,7.7333,0.5,0.0,22,2,True,1.0,0.05
j319432,2,delay_tolerant,1.065,0.0,8.2,0.5,0.0,15,2,True,1.0,0.05
j319432,2,delay_tolerant,1.4067,0.0,10.5333,0.5,0.0,15,2,False,1.0,0.0
j319620,2,delay_tolerant,0.7917,0.0,7.7333,0.5,0.0,21,2,True,1.0,0.05
j320035,2,delay_tolerant,0.86,0.0,7.7333,0.5,0.0,9,2,True,1.0,0.0857
j320177,2,token_batch,1.475,0.4898,11.0,0.5,3473.009,13,1,True,1.0,0.1382
j320177,2,token_batch,1.475,0.0,11.0,0.5,3960.486,14,1,True,1.0,0.0904
j320359,2,token_batch,1.8167,1.2079,13.3333,0.5,4357.053,6,1,True,1.0,0.05
j320365,2,delay_tolerant,0.9283,0.0,7.7333,0.5,0.0,19,2,False,1.0,0.0
j321346,2,delay_tolerant,1.2017,0.0,9.1333,0.5,0.0,10,2,False,1.0,0.0
j321346,2,token_batch,2.5,0.597,18.0,0.5,4392.086,10,1,False,1.0,0.0
j321346,2,token_batch,2.5,0.0,18.0,0.5,5586.182,10,1,True,1.0,0.1645
j321346,2,delay_tolerant,0.5183,0.0,7.7333,0.5,0.0,10,2,True,1.0,0.05
j322020,2,token_batch,1.475,1.0522,11.0,0.5,4173.363,21,1,True,1.0,0.05
j322047,2,token_batch,1.475,0.0,11.0,0.5,4410.909,17,1,True,1.0,0.1843
j322298,2,delay_tolerant,0.5183,0.0,7.7333,0.5,0.0,5,2,True,1.0,0.05
j322821,2,delay_tolerant,0.5183,0.0,7.7333,0.5,0.0,5,2,True,1.0,0.05
j322821,2,delay_tolerant,0.5867,0.0,7.7333,0.5,0.0,14,2,False,1.0,0.0
j323205,2,delay_tolerant,0.5867,0.0,7.7333,0.5,0.0,9,2,True,1.0,0.05
j323205,2,token_batch,1.475,0.0,11.0,0.5,4485.658,9,1,False,1.0,0.0
j323876,2,token_batch,1.475,1.1043,11.0,0.5,4296.957,10,1,False,1.0,0.0
j325158,2,delay_tolerant,0.5183,0.0,7.7333,0.5,0.0,5,2,False,1.0,0.0
j325158,2,delay_tolerant,1.065,0.3589,8.2,0.5,0.0,12,2,True,1.0,0.0377
j325603,2,delay_tolerant,0.7233,0.0,7.7333,0.5,0.0,16,2,True,1.0,0.05
j325893,2,token_batch,2.5,0.9295,18.0,0.5,4508.426,16,1,False,1.0,0.0
j326458,2,delay_tolerant,1.3383,0.0,10.0667,0.5,0.0,15,2,False,1.0,0.0
j326891,2,token_batch,1.475,0.4585,11.0,0.5,4621.12,12,1,False,1.0,0.0
j327597,2,delay_tolerant,1.27,0.5472,9.6,0.5,0.0,23,2,True,1.0,0.05
j327710,2,token_batch,1.475,1.2005,11.0,0.5,3507.979,13,1,False,1.0,0.0
j32851,2,delay_tolerant,0.9967,0.0,7.7333,0.5,0.0,17,2,True,1.0,0.0578
j329095,2,token_batch,1.475,0.6824,11.0,0.5,4578.963,13,1,True,1.0,0.1339
j329308,2,delay_tolerant,1.065,0.0,8.2,0.5,0.0,16,2,True,1.0,0.05
j330407,2,delay_tolerant,1.2017,0.0,9.1333,0.5,0.0,22,2,False,1.0,0.0
j330697,2,delay_tolerant,0.5183,0.3673,7.7333,0.5,0.0,11,2,False,1.0,0.0
j331130,2,delay_tolerant,0.86,0.0,7.7333,0.5,0.0,19,2,True,1.0,0.0278
j331521,2,delay_tolerant,0.7233,0.0,7.7333,0.5,0.0,22,2,False,1.0,0.0
j331951,2,delay_tolerant,0.5867,0.0,7.7333,0.5,0.0,9,2,True,1.0,0.05
j332002,2,delay_tolerant,0.5867,0.0,7.7333,0.5,0.0,22,2,False,1.0,0.0
j332186,2,delay_tolerant,0.5183,0.0,7.7333,0.5,0.0,23,2,True,1.0,0.0683
j332323,2,delay_tolerant,1.4067,0.0,10.5333,0.5,0.0,14,2,True,1.0,0.05
j332333,2,token_batch,1.8167,0.0,13.3333,0.5,4053.549,14,1,False,1.0,0.0
j332333,2,delay_tolerant,1.4067,0.0,10.5333,0.5,0.0,14,2,True,1.0,0.0342
j332333,2,delay_tolerant,0.5183,0.0,7.7333,0.5,0.0,5,2,True,1.0,0.05
j332333,2,delay_tolerant,0.5183,0.0,7.7333,0.5,0.0,21,2,False,1.0,0.0
j332333,2,token_batch,2.5,0.7752,18.0,0.5,4314.744,22,1,True,1.0,0.05
j332333,2,delay_tolerant,0.5183,0.0,7.7333,0.5,0.0,21,2,False,1.0,0.0
j332333,2,token_batch,2.5,0.4431,18.0,0.5,5177.121,14,1,False,1.0,0.0
j333036,2,token_batch,1.475,0.8963,11.0,0.5,3519.522,9,1,True,1.0,0.1012
j333644,2,delay_sensitive,0.5183,0.0,7.7333,0.5,0.0,3,3,False,1.0,0.0
j333677,2,token_batch,1.475,0.4912,11.0,0.5,4400.886,17,1,True,1.0,0.0897
j3349,2,delay_tolerant,1.4067,0.0,10.5333,0.5,0.0,20,2,True,1.0,0.05
j3349,2,delay_tolerant,1.065,0.0,8.2,0.5,0.0,20,2,False,1.0,0.0
j336175,2,delay_tolerant,0.5867,0.0,7.7333,0.5,0.0,9,2,True,1.0,0.0496
j336175,2,token_batch,1.475,1.4393,11.0,0.5,4520.566,9,1,True,1.0,0.05
j336273,2,delay_tolerant,1.4067,0.0,10.5333,0.5,0.0,22,2,True,1.0,0.05
j336366,2,delay_tolerant,0.7917,0.0,7.7333,0.5,0.0,17,2,True,1.0,0.05
j33641,2,delay_tolerant,1.065,0.0,8.2,0.5,0.0,10,2,False,1.0,0.0
j33641,2,delay_tolerant,0.5183,0.0,7.7333,0.5,0.0,5,2,False,1.0,0.0
j336592,2,token_batch,1.475,1.329,11.0,0.5,4145.495,13,1,True,1.0,0.05
j336927,2,delay_tolerant,1.1333,0.0,8.6667,0.5,0.0,14,2,False,1.0,0.0
j337128,2,delay_tolerant,1.065,0.0,8.2,0.5,0.0,16,2,False,1.0,0.0
j337161,2,delay_tolerant,0.5183,0.0,7.7333,0.5,0.0,15,2,True,1.0,0.0611
j337161,2,delay_tolerant,0.5183,0.0,7.7333,0.5,0.0,15,2,False,1.0,0.0
j337266,2,delay_tolerant,1.4067,0.0,10.5333,0.5,0.0,12,2,True,1.0,0.05
j337266,2,token_batch,1.475,0.5945,11.0,0.5,4470.372,12,1,True,1.0,0.1893
j337266,2,delay_tolerant,0.5183,0.0,7.7333,0.5,0.0,5,2,False,1.0,0.0
j337725,2,delay_tolerant,0.7233,0.0,7.7333,0.5,0.0,6,2,True,1.0,0.05
j338415,2,delay_tolerant,0.86,0.0,7.7333,0.5,0.0,17,2,False,1.0,0.0
j338894,2,delay_tolerant,1.065,0.0,8.2,0.5,0.0,22,2,False,1.0,0.0
j338894,2,delay_tolerant,0.7917,0.0,7.7333,0.5,0.0,22,2,False,1.0,0.0
j339305,2,delay_tolerant,0.5183,0.0,7.7333,0.5,0.0,12,2,False,1.0,0.0
j339385,2,delay_tolerant,0.9967,0.0,7.7333,0.5,0.0,12,2,False,1.0,0.0
j339428,2,delay_tolerant,1.065,0.5961,8.2,0.5,0.0,23,2,True,1.0,0.05
j339707,2,delay_tolerant,0.5183,0.0,7.7333,0.5,0.0,21,2,False,1.0,0.0
j339755,2,token_batch,2.5,0.794,18.0,0.5,4218.541,23,1,True,1.0,0.1784
j340028,2,token_batch,1.475,0.0,11.0,0.5,4524.328,18,1,False,1.0,0.0
j340188,2,delay_tolerant,0.7917,0.0,7.7333,0.5,0.0,5,2,False,1.0,0.0
j340464,2,delay_tolerant,1.2017,0.0,9.1333,0.5,0.0,13,2,True,1.0,0.026
j340464,2,token_batch,1.475,1.2177,11.0,0.5,3925.777,13,1,True,1.0,0.1749
j340574,2,delay_tolerant,1.3383,0.0,10.0667,0.5,0.0,20,2,False,1.0,0.0
j34185,2,delay_tolerant,0.5183,0.0,7.7333,0.5,0.0,5,2,True,1.0,0.05
j342098,2,delay_tolerant,0.5183,0.0,7.7333,0.5,0.0,10,2,True,1.0,0.07
j342148,2,delay_tolerant,1.4067,0.0,10.5333,0.5,0.0,13,2,False,1.0,0.0
j342148,2,delay_tolerant,1.1333,0.0,8.6667,0.5,0.0,12,2,True,1.0,0.0768
j342225,2,token_batch,1.475,1.1832,11.0,0.5,3819.334,15,1,True,1.0,0.05
j342548,2,delay_tolerant,1.27,0.0,9.6,0.5,0.0,20,2,True,1.0,0.05
j343533,2,delay_tolerant,0.7917,0.0,7.7333,0.5,0.0,16,2,False,1.0,0.0
j343533,2,delay_tolerant,0.5183,0.0,7.7333,0.5,0.0,5,2,False,1.0,0.0
j344282,2,delay_tolerant,1.1333,0.0,8.6667,0.5,0.0,5,2,False,1.0,0.0
j344282,2,token_batch,2.5,1.3745,18.0,0.5,5350.325,13,1,True,1.0,0.05
j344399,2,delay_tolerant,0.5183,0.0,7.7333,0.5,0.0,5,2,False,1.0,0.0
j344679,2,delay_tolerant,0.7917,0.0,7.7333,0.5,0.0,16,2,False,1.0,0.0
j345067,2,token_batch,1.475,0.8249,11.0,0.5,4462.252,19,1,True,1.0,0.1075
j345370,2,delay_sensitive,0.5183,0.0,7.7333,0.5,0.0,3,3,False,1.0,0.0
j345370,2,delay_sensitive,0.5183,0.0,7.7333,0.5,0.0,3,3,False,1.0,0.0
j345983,2,delay_tolerant,1.1333,0.0,8.6667,0.5,0.0,22,2,True,1.0,0.05
j346151,2,token_batch,2.5,0.0,18.0,0.5,4553.182,14,1,False,1.0,0.0
j346314,2,delay_tolerant,0.5183,0.0,7.7333,0.5,0.0,6,2,True,1.0,0.05
j346735,2,delay_tolerant,0.9967,0.0,7.7333,0.5,0.0,19,2,True,1.0,0.0901
j34733,2,delay_tolerant,0.7233,0.0,7.7333,0.5,0.0,13,2,False,1.0,0.0
j347720,2,delay_tolerant,1.2017,0.0,9.1333,0.5,0.0,9,2,True,1.0,0.05
j347720,2,delay_tolerant,0.9967,0.0,7.7333,0.5,0.0,10,2,False,1.0,0.0
j347752,2,token_batch,2.5,1.1332,18.0,0.5,4337.413,23,1,False,1.0,0.0
j347841,2,delay_tolerant,0.5183,0.0,7.7333,0.5,0.0,5,2,True,1.0,0.0304
j348434,2,delay_tolerant,0.5183,0.5116,7.7333,0.5,0.0,15,2,True,1.0,0.05
j348448,2,token_batch,2.5,0.7939,18.0,0.5,4360.039,22,1,True,1.0,0.05
j348601,2,delay_tolerant,1.27,0.0,9.6,0.5,0.0,20,2,False,1.0,0.0
j348848,2,delay_tolerant,0.5183,0.0,7.7333,0.5,0.0,14,2,False,1.0,0.0
j348848,2,token_batch,2.5,0.6938,18.0,0.5,5072.877,23,1,True,1.0,0.05
j351258,2,delay_tolerant,1.27,0.0,9.6,0.5,0.0,11,2,True,1.0,0.05
j351258,2,token_batch,1.475,1.3482,11.0,0.5,4125.434,11,1,True,1.0,0.05
j351320,2,token_batch,1.475,0.7288,11.0,0.5,4209.834,18,1,True,1.0,0.1861
j352453,2,token_batch,1.475,0.5886,11.0,0.5,4122.833,16,1,False,1.0,0.0
j352830,2,delay_tolerant,1.2017,0.0,9.1333,0.5,0.0,14,2,True,1.0,0.0468
j352830,2,delay_tolerant,1.2017,0.0,9.1333,0.5,0.0,15,2,True,1.0,0.05
j353138,2,token_batch,2.5,0.4897,18.0,0.5,5384.435,7,1,False,1.0,0.0
j353138,2,delay_tolerant,0.5183,0.0,7.7333,0.5,0.0,7,2,False,1.0,0.0
j353138,2,delay_tolerant,0.5183,0.0,7.7333,0.5,0.0,7,2,False,1.0,0.0
j353138,2,token_batch,2.5,0.8683,18.0,0.5,4288.372,17,1,True,1.0,0.05
j353138,2,token_batch,2.5,0.5998,18.0,0.5,4199.557,17,1,True,1.0,0.1005
j353138,2,delay_tolerant,0.5867,0.0,7.7333,0.5,0.0,5,2,False,1.0,0.0
j353138,2,delay_sensitive,0.5183,0.0,7.7333,0.5,0.0,3,3,False,1.0,0.0
j353138,2,delay_tolerant,0.655,0.0,7.7333,0.5,0.0,7,2,False,1.0,0.0
j353138,2,delay_tolerant,0.7233,0.0,7.7333,0.5,0.0,5,2,True,1.0,0.05
j35318,2,token_batch,1.475,0.5195,11.0,0.5,3985.992,18,1,False,1.0,0.0
j354334,2,delay_tolerant,1.4067,0.0,10.5333,0.5,0.0,21,2,True,1.0,0.0901
j354697,2,token_batch,1.475,1.4212,11.0,0.5,4116.398,22,1,False,1.0,0.0
j355783,2,token_batch,1.475,1.2803,11.0,0.5,4101.276,12,1,False,1.0,0.0
j358272,2,delay_sensitive,0.5183,0.0,7.7333,0.5,0.0,3,3,False,1.0,0.0
j358272,2,token_batch,1.885,0.0,13.8,0.5,4014.39,18,1,False,1.0,0.0
j358272,2,delay_sensitive,1.6117,0.0,11.9333,0.5,0.0,3,3,False,1.0,0.0
j35850,2,delay_tolerant,0.5183,0.0,7.7333,0.5,0.0,15,2,False,1.0,0.0
j35850,2,token_batch,1.5433,0.0,11.4667,0.5,5042.036,15,1,True,1.0,0.1733
j35850,2,delay_tolerant,0.5183,0.0,7.7333,0.5,0.0,6,2,False,1.0,0.0
j35850,2,token_batch,1.5433,1.3397,11.4667,0.5,4967.567,15,1,False,1.0,0.0
j359343,2,delay_tolerant,0.86,0.0,7.7333,0.5,0.0,16,2,True,1.0,0.05
j359343,2,delay_tolerant,0.5183,0.0,7.7333,0.5,0.0,9,2,False,1.0,0.0
j359343,2,delay_tolerant,0.5183,0.0,7.7333,0.5,0.0,6,2,False,1.0,0.0
j35978,2,delay_tolerant,0.9283,0.0,7.7333,0.5,0.0,18,2,True,1.0,0.05
j35978,2,delay_tolerant,0.7917,0.0,7.7333,0.5,0.0,19,2,False,1.0,0.0
j360355,2,delay_tolerant,0.9967,0.0,7.7333,0.5,0.0,21,2,False,1.0,0.0
j360650,2,delay_tolerant,0.9283,0.0,7.7333,0.5,0.0,15,2,True,1.0,0.05
j360771,2,delay_tolerant,1.27,0.0,9.6,0.5,0.0,13,2,True,1.0,0.05
j360860,2,token_batch,1.475,1.1555,11.0,0.5,4365.096,11,1,True,1.0,0.05
j361112,2,delay_tolerant,1.3383,0.0,10.0667,0.5,0.0,23,2,True,1.0,0.0692
j361453,2,token_batch,1.475,1.1765,11.0,0.5,3981.779,13,1,True,1.0,0.05
j364257,2,delay_tolerant,0.9967,0.0,7.7333,0.5,0.0,12,2,True,1.0,0.0512
j364436,2,delay_tolerant,1.2017,0.0,9.1333,0.5,0.0,12,2,True,1.0,0.0975
j364945,2,delay_tolerant,0.5183,0.0,7.7333,0.5,0.0,9,2,False,1.0,0.0
j36505,2,delay_tolerant,0.5183,0.0,7.7333,0.5,0.0,5,2,False,1.0,0.0
j365639,2,token_batch,1.475,1.2912,11.0,0.5,4281.896,16,1,True,1.0,0.05
j365639,2,delay_tolerant,0.5867,0.0,7.7333,0.5,0.0,5,2,True,1.0,0.0823
j367456,2,token_batch,1.475,1.1688,11.0,0.5,4261.466,23,1,True,1.0,0.1231
j367859,2,delay_tolerant,1.4067,0.0,10.5333,0.5,0.0,12,2,True,1.0,0.0701
j367859,2,delay_tolerant,0.5183,0.0,7.7333,0.5,0.0,13,2,False,1.0,0.0
j367859,2,token_batch,2.5,0.6929,18.0,0.5,5501.159,14,1,True,1.0,0.1077
j36806,2,delay_tolerant,1.2017,0.0,9.1333,0.5,0.0,12,2,False,1.0,0.0
j36806,2,delay_tolerant,0.7917,0.0,7.7333,0.5,0.0,12,2,False,1.0,0.0
j368193,2,token_batch,1.885,1.0634,13.8,0.5,4000.171,14,1,True,1.0,0.1079
j368193,2,delay_tolerant,0.7917,0.0,7.7333,0.5,0.0,20,2,False,1.0,0.0
j368193,2,delay_tolerant,0.5183,0.0,7.7333,0.5,0.0,14,2,True,1.0,0.05
j369147,2,token_batch,1.475,1.2136,11.0,0.5,3823.273,23,1,True,1.0,0.05
j36915,2,token_batch,1.475,0.814,11.0,0.5,4073.755,22,1,False,1.0,0.0
j36915,2,delay_tolerant,0.7917,0.0,7.7333,0.5,0.0,22,2,False,1.0,0.0
j36915,2,delay_tolerant,0.5183,0.0,7.7333,0.5,0.0,19,2,True,1.0,0.0428
j369341,2,delay_tolerant,0.5183,0.0,7.7333,0.5,0.0,19,2,False,1.0,0.0
j369344,2,delay_tolerant,0.9967,0.0,7.7333,0.5,0.0,19,2,True,1.0,0.05
j370396,2,token_batch,1.475,1.0517,11.0,0.5,4276.883,19,1,True,1.0,0.05
j370964,2,delay_tolerant,0.86,0.2552,7.7333,0.5,0.0,14,2,False,1.0,0.0
j371885,2,delay_tolerant,0.7917,0.0,7.7333,0.5,0.0,13,2,True,1.0,0.05
j371888,2,delay_tolerant,0.7917,0.0,7.7333,0.5,0.0,21,2,False,1.0,0.0
j371888,2,token_batch,1.475,0.0,11.0,0.5,3938.396,22,1,False,1.0,0.0
j371920,2,delay_tolerant,0.9967,0.0,7.7333,0.5,0.0,13,2,True,1.0,0.0854
j3724,2,token_batch,1.475,0.0,11.0,0.5,3961.898,16,1,False,1.0,0.0
j372703,2,delay_tolerant,0.7917,0.0,7.7333,0.5,0.0,5,2,False,1.0,0.0
j373161,2,delay_tolerant,0.5183,0.0,7.7333,0.5,0.0,13,2,False,1.0,0.0
j373245,2,token_batch,1.475,1.3379,11.0,0.5,4019.128,12,1,True,1.0,0.05
j37398,2,delay_tolerant,0.5183,0.0,7.7333,0.5,0.0,10,2,True,1.0,0.05
j374338,2,token_batch,1.475,1.3315,11.0,0.5,4528.191,19,1,False,1.0,0.0
j374344,2,delay_tolerant,1.3383,0.0,10.0667,0.5,0.0,17,2,False,1.0,0.0
j375201,2,delay_tolerant,0.5183,0.0,7.7333,0.5,0.0,13,2,True,1.0,0.05
j375201,2,delay_tolerant,0.655,0.0,7.7333,0.5,0.0,13,2,False,1.0,0.0
j375201,2,delay_tolerant,0.7917,0.0,7.7333,0.5,0.0,13,2,True,1.0,0.0272
j375207,2,delay_tolerant,1.3383,0.2548,10.0667,0.5,0.0,16,2,True,1.0,0.0774
j37554,2,delay_tolerant,0.5183,0.0,7.7333,0.5,0.0,11,2,True,1.0,0.05
j37554,2,delay_tolerant,0.9967,0.0,7.7333,0.5,0.0,11,2,True,1.0,0.05
j37554,2,token_batch,1.475,0.4176,11.0,0.5,3628.696,12,1,True,1.0,0.1095
j375830,2,token_batch,1.475,0.5595,11.0,0.5,4583.988,13,1,False,1.0,0.0
j376755,2,delay_tolerant,1.4067,0.0,10.5333,0.5,0.0,20,2,False,1.0,0.0
j376896,2,delay_tolerant,0.7917,0.0,7.7333,0.5,0.0,13,2,True,1.0,0.0389
j377596,2,delay_tolerant,0.5183,0.0,7.7333,0.5,0.0,14,2,False,1.0,0.0
j378711,2,delay_tolerant,0.5183,0.0,7.7333,0.5,0.0,21,2,True,1.0,0.05
j378912,2,delay_tolerant,1.2017,0.0,9.1333,0.5,0.0,12,2,False,1.0,0.0
j379696,2,delay_tolerant,1.065,0.3412,8.2,0.5,0.0,13,2,True,1.0,0.05
j379696,2,token_batch,1.475,0.0,11.0,0.5,3478.829,13,1,False,1.0,0.0
j37972,2,delay_tolerant,0.5183,0.0,7.7333,0.5,0.0,22,2,False,1.0,0.0
j380297,2,delay_tolerant,0.7233,0.2381,7.7333,0.5,0.0,5,2,True,1.0,0.0796
j380297,2,token_batch,1.475,1.4775,11.0,0.5,3837.165,12,1,False,1.0,0.0
j380345,2,delay_tolerant,1.2017,0.5084,9.1333,0.5,0.0,11,2,True,1.0,0.05
j3808,2,delay_tolerant,0.5867,0.0,7.7333,0.5,0.0,7,2,False,1.0,0.0
j3808,2,delay_tolerant,0.5183,0.5039,7.7333,0.5,0.0,5,2,False,1.0,0.0
j3808,2,delay_tolerant,0.5183,0.0,7.7333,0.5,0.0,12,2,True,1.0,0.0582
j3811,2,delay_tolerant,0.86,0.0,7.7333,0.5,0.0,14,2,False,1.0,0.0
j381247,2,delay_tolerant,1.4067,0.0,10.5333,0.5,0.0,13,2,True,1.0,0.05
j381328,2,delay_tolerant,0.9283,0.0,7.7333,0.5,0.0,11,2,False,1.0,0.0
j381353,2,token_batch,2.5,0.9717,18.0,0.5,4202.157,12,1,True,1.0,0.05
j381353,2,delay_tolerant,0.86,0.0,7.7333,0.5,0.0,18,2,True,1.0,0.0638
j38142,2,delay_tolerant,0.5183,0.0,7.7333,0.5,0.0,5,2,True,1.0,0.05
j383162,2,delay_tolerant,0.5183,0.0,7.7333,0.5,0.0,14,2,True,1.0,0.0375
j383162,2,delay_tolerant,1.3383,0.0,10.0667,0.5,0.0,19,2,True,1.0,0.05
j383232,2,token_batch,1.475,1.3372,11.0,0.5,4138.525,19,1,True,1.0,0.05
j383637,2,token_batch,2.0217,0.9138,14.7333,0.5,4831.869,18,1,True,1.0,0.05
j383742,2,delay_tolerant,0.5183,0.0,7.7333,0.5,0.0,5,2,True,1.0,0.05
j383973,2,token_batch,1.475,0.42,11.0,0.5,3753.242,23,1,True,1.0,0.1814
j383983,2,delay_tolerant,1.3383,0.0,10.0667,0.5,0.0,21,2,False,1.0,0.0
j384218,2,delay_tolerant,0.5183,0.211,7.7333,0.5,0.0,5,2,False,1.0,0.0
j384516,2,delay_tolerant,0.655,0.0,7.7333,0.5,0.0,5,2,False,1.0,0.0
j385539,2,token_batch,2.5,0.8717,18.0,0.5,4403.269,11,1,True,1.0,0.05
j385539,2,token_batch,2.5,0.0,18.0,0.5,4879.992,9,1,False,1.0,0.0
j386745,2,token_batch,1.475,0.938,11.0,0.5,4287.246,21,1,False,1.0,0.0
j386892,2,delay_tolerant,0.5183,0.0,7.7333,0.5,0.0,16,2,False,1.0,0.0
j386892,2,delay_tolerant,0.7233,0.0,7.7333,0.5,0.0,19,2,False,1.0,0.0
j387572,2,delay_tolerant,1.3383,0.0,10.0667,0.5,0.0,18,2,False,1.0,0.0
j388584,2,delay_tolerant,1.4067,0.0,10.5333,0.5,0.0,20,2,False,1.0,0.0
j388652,2,delay_tolerant,0.5867,0.0,7.7333,0.5,0.0,19,2,False,1.0,0.0
j389613,2,delay_tolerant,0.5183,0.0,7.7333,0.5,0.0,12,2,True,1.0,0.0435
j39015,2,token_batch,1.475,1.1803,11.0,0.5,3938.369,12,1,True,1.0,0.05
j39032,2,token_batch,1.475,1.3888,11.0,0.5,4175.231,10,1,True,1.0,0.05
j390868,2,delay_tolerant,0.9967,0.0,7.7333,0.5,0.0,13,2,True,1.0,0.05
j392253,2,token_batch,2.5,1.3836,18.0,0.5,4798.313,20,1,True,1.0,0.05
j392253,2,token_batch,1.885,1.1348,13.8,0.5,3992.609,6,1,True,1.0,0.1285
j392253,2,delay_tolerant,0.7917,0.0,7.7333,0.5,0.0,20,2,True,1.0,0.05
j392253,2,token_batch,2.5,0.0,18.0,0.5,5347.925,16,1,True,1.0,0.1282
j392290,2,token_batch,2.5,0.402,18.0,0.5,5193.409,23,1,False,1.0,0.0
j393230,2,delay_tolerant,1.065,0.0,8.2,0.5,0.0,20,2,True,1.0,0.05
j393560,2,token_batch,1.475,1.2404,11.0,0.5,3652.84,12,1,True,1.0,0.05
j393689,2,token_batch,1.475,0.6767,11.0,0.5,4240.846,16,1,True,1.0,0.101
j394590,2,delay_sensitive,0.5183,0.0,7.7333,0.5,0.0,3,3,False,1.0,0.0
j394789,2,delay_tolerant,0.86,0.0,7.7333,0.5,0.0,5,2,False,1.0,0.0
j394789,2,token_batch,1.8167,0.678,13.3333,0.5,4264.357,6,1,True,1.0,0.1774
j394789,2,delay_tolerant,0.5183,0.0,7.7333,0.5,0.0,13,2,False,1.0,0.0
j395332,2,delay_tolerant,1.065,0.0,8.2,0.5,0.0,16,2,True,1.0,0.05
j395381,2,token_batch,1.475,0.623,11.0,0.5,3946.646,19,1,False,1.0,0.0
j396508,2,delay_tolerant,1.2017,0.0,9.1333,0.5,0.0,20,2,False,1.0,0.0
j396648,2,delay_tolerant,1.1333,0.0,8.6667,0.5,0.0,12,2,True,1.0,0.05
j396717,2,delay_tolerant,0.7917,0.0,7.7333,0.5,0.0,16,2,False,1.0,0.0
j397566,2,delay_tolerant,1.4067,0.0,10.5333,0.5,0.0,22,2,True,1.0,0.05
j398081,2,delay_tolerant,1.1333,0.0,8.6667,0.5,0.0,16,2,True,1.0,0.05
j398731,2,delay_tolerant,0.86,0.3273,7.7333,0.5,0.0,14,2,True,1.0,0.0688
j399032,2,delay_tolerant,1.4067,0.0,10.5333,0.5,0.0,17,2,True,1.0,0.0794
j399195,2,delay_tolerant,0.5183,0.0,7.7333,0.5,0.0,5,2,False,1.0,0.0
j399698,2,delay_tolerant,1.4067,0.0,10.5333,0.5,0.0,13,2,True,1.0,0.05
j400063,2,delay_tolerant,0.7917,0.0,7.7333,0.5,0.0,5,2,True,1.0,0.0809
j40049,2,delay_tolerant,0.9283,0.0,7.7333,0.5,0.0,5,2,True,1.0,0.05
j400671,2,token_batch,2.5,0.5742,18.0,0.5,4759.201,20,1,True,1.0,0.1988
j402087,2,token_batch,1.475,0.6275,11.0,0.5,3755.92,18,1,False,1.0,0.0
j402087,2,delay_tolerant,0.5183,0.0,7.7333,0.5,0.0,16,2,False,1.0,0.0
j402169,2,delay_tolerant,0.7233,0.0,7.7333,0.5,0.0,22,2,False,1.0,0.0
j402220,2,token_batch,1.475,1.0497,11.0,0.5,4160.309,22,1,False,1.0,0.0
j402843,2,token_batch,1.475,0.0,11.0,0.5,4551.958,19,1,False,1.0,0.0
j403017,2,delay_tolerant,0.7233,0.0,7.7333,0.5,0.0,16,2,False,1.0,0.0
j403017,2,delay_tolerant,0.9967,0.0,7.7333,0.5,0.0,16,2,False,1.0,0.0
j403635,2,delay_tolerant,0.86,0.0,7.7333,0.5,0.0,18,2,True,1.0,0.05
j403635,2,token_batch,2.5,0.0,18.0,0.5,4679.314,18,1,False,1.0,0.0
j403635,2,token_batch,1.8167,1.4312,13.3333,0.5,4530.033,19,1,True,1.0,0.05
j403635,2,token_batch,2.5,0.0,18.0,0.5,5082.419,19,1,True,1.0,0.0821
j405736,2,token_batch,1.475,0.0,11.0,0.5,4535.64,17,1,False,1.0,0.0
j406211,2,token_batch,1.475,1.2561,11.0,0.5,3512.383,10,1,True,1.0,0.05
j406211,2,delay_tolerant,0.5183,0.0,7.7333,0.5,0.0,5,2,True,1.0,0.05
j406211,2,delay_tolerant,0.9283,0.0,7.7333,0.5,0.0,9,2,False,1.0,0.0
j406988,2,delay_tolerant,0.5867,0.0,7.7333,0.5,0.0,14,2,True,1.0,0.05
j407265,2,delay_tolerant,0.9283,0.0,7.7333,0.5,0.0,16,2,True,1.0,0.0817
j40729,2,delay_tolerant,1.1333,0.0,8.6667,0.5,0.0,9,2,True,1.0,0.0752
j407354,2,delay_tolerant,0.86,0.0,7.7333,0.5,0.0,22,2,False,1.0,0.0
j407354,2,delay_tolerant,1.2017,0.0,9.1333,0.5,0.0,23,2,False,1.0,0.0
j407354,2,delay_tolerant,0.9967,0.0,7.7333,0.5,0.0,23,2,False,1.0,0.0
j407354,2,token_batch,1.475,1.2724,11.0,0.5,4139.313,23,1,False,1.0,0.0
j407953,2,delay_tolerant,0.7917,0.0,7.7333,0.5,0.0,5,2,False,1.0,0.0
j407953,2,token_batch,1.7483,1.3793,12.8667,0.5,5012.453,6,1,True,1.0,0.05
j407953,2,delay_tolerant,1.065,0.0,8.2,0.5,0.0,9,2,False,1.0,0.0
j407953,2,token_batch,1.7483,0.0,12.8667,0.5,4541.757,9,1,True,1.0,0.1849
j408691,2,token_batch,2.5,0.871,18.0,0.5,4869.322,19,1,True,1.0,0.05
j408691,2,token_batch,1.885,0.8646,13.8,0.5,4287.183,19,1,False,1.0,0.0
j408691,2,delay_tolerant,0.86,0.0,7.7333,0.5,0.0,19,2,True,1.0,0.05
j408691,2,token_batch,2.5,1.2249,18.0,0.5,5431.15,19,1,True,1.0,0.05
j408691,2,token_batch,2.5,0.0,18.0,0.5,5067.445,18,1,False,1.0,0.0
j408691,2,token_batch,1.8167,1.2162,13.3333,0.5,4569.569,6,1,True,1.0,0.1776
j408691,2,token_batch,2.5,0.4944,18.0,0.5,4162.526,12,1,True,1.0,0.05
j408691,2,delay_tolerant,1.065,0.0,8.2,0.5,0.0,17,2,True,1.0,0.05
j409753,2,delay_tolerant,0.7233,0.0,7.7333,0.5,0.0,11,2,False,1.0,0.0
j409773,2,delay_tolerant,1.3383,0.0,10.0667,0.5,0.0,11,2,False,1.0,0.0
j410230,2,token_batch,1.475,0.8819,11.0,0.5,3428.194,21,1,True,1.0,0.1774
j411846,2,token_batch,1.475,1.493,11.0,0.5,4577.02,22,1,False,1.0,0.0
j412488,2,delay_tolerant,0.7917,0.0,7.7333,0.5,0.0,14,2,True,1.0,0.05
j412488,2,token_batch,1.475,0.0,11.0,0.5,4089.216,15,1,True,1.0,0.1935
j41255,2,token_batch,1.475,0.5576,11.0,0.5,3996.493,21,1,True,1.0,0.05
j41255,2,token_batch,1.475,1.2902,11.0,0.5,3546.305,21,1,True,1.0,0.05
j412846,2,delay_tolerant,0.86,0.0,7.7333,0.5,0.0,13,2,True,1.0,0.05
j41303,2,delay_tolerant,0.7233,0.0,7.7333,0.5,0.0,14,2,True,1.0,0.05
j413332,2,token_batch,1.475,0.0,11.0,0.5,3803.664,12,1,True,1.0,0.1497
j413438,2,delay_tolerant,0.9283,0.0,7.7333,0.5,0.0,5,2,True,1.0,0.0526
j413898,2,token_batch,1.6117,0.0,11.9333,0.5,4553.528,6,1,False,1.0,0.0
j413898,2,delay_tolerant,0.5183,0.0,7.7333,0.5,0.0,17,2,False,1.0,0.0
j413898,2,delay_tolerant,1.1333,0.2279,8.6667,0.5,0.0,18,2,True,1.0,0.05
j413898,2,delay_tolerant,0.9283,0.0,7.7333,0.5,0.0,17,2,False,1.0,0.0
j413898,2,delay_tolerant,1.27,0.0,9.6,0.5,0.0,7,2,True,1.0,0.05
j413898,2,delay_tolerant,0.5867,0.0,7.7333,0.5,0.0,17,2,True,1.0,0.05
j413898,2,delay_tolerant,0.5183,0.555,7.7333,0.5,0.0,9,2,True,1.0,0.0485
j413898,2,delay_tolerant,0.9967,0.0,7.7333,0.5,0.0,6,2,False,1.0,0.0
j413898,2,delay_tolerant,0.5183,0.0,7.7333,0.5,0.0,5,2,False,1.0,0.0
j41394,2,delay_tolerant,0.7233,0.0,7.7333,0.5,0.0,5,2,True,1.0,0.05
j414208,2,token_batch,1.475,0.0,11.0,0.5,4125.294,9,1,False,1.0,0.0
j414620,2,delay_tolerant,1.4067,0.0,10.5333,0.5,0.0,20,2,False,1.0,0.0
j414968,2,delay_tolerant,1.3383,0.0,10.0667,0.5,0.0,10,2,True,1.0,0.0517
j415609,2,delay_tolerant,0.5183,0.0,7.7333,0.5,0.0,5,2,False,1.0,0.0
j41658,2,token_batch,1.475,0.7823,11.0,0.5,4339.406,12,1,True,1.0,0.095
j41658,2,delay_tolerant,1.1333,0.0,8.6667,0.5,0.0,12,2,False,1.0,0.0
j41658,2,token_batch,1.475,0.7336,11.0,0.5,3477.548,13,1,True,1.0,0.05
j416587,2,delay_tolerant,1.27,0.0,9.6,0.5,0.0,13,2,True,1.0,0.05
j416587,2,delay_tolerant,0.9283,0.0,7.7333,0.5,0.0,13,2,True,1.0,0.05
j416716,2,delay_tolerant,0.5867,0.0,7.7333,0.5,0.0,5,2,True,1.0,0.05
j417086,2,delay_tolerant,0.655,0.0,7.7333,0.5,0.0,5,2,True,1.0,0.0827
j417087,2,delay_tolerant,1.2017,0.0,9.1333,0.5,0.0,19,2,False,1.0,0.0
j417087,2,delay_tolerant,0.5867,0.0,7.7333,0.5,0.0,5,2,False,1.0,0.0
j417426,2,delay_sensitive,0.5183,0.0,7.7333,0.5,0.0,3,3,False,1.0,0.0
j417917,2,delay_tolerant,0.5183,0.0,7.7333,0.5,0.0,16,2,True,1.0,0.0611
j417959,2,delay_tolerant,0.5867,0.0,7.7333,0.5,0.0,15,2,False,1.0,0.0
j419382,2,delay_tolerant,0.5183,0.0,7.7333,0.5,0.0,12,2,True,1.0,0.05
j419382,2,token_batch,1.475,0.0,11.0,0.5,4575.175,13,1,False,1.0,0.0
j419755,2,delay_tolerant,0.7233,0.0,7.7333,0.5,0.0,19,2,False,1.0,0.0
j419755,2,delay_tolerant,1.4067,0.0,10.5333,0.5,0.0,12,2,False,1.0,0.0
j419755,2,token_batch,1.6117,1.0038,11.9333,0.5,4547.457,9,1,False,1.0,0.0
j419755,2,token_batch,2.5,0.9152,18.0,0.5,5197.093,18,1,False,1.0,0.0
j419755,2,delay_tolerant,0.5183,0.0,7.7333,0.5,0.0,12,2,False,1.0,0.0
j419755,2,token_batch,1.8167,1.4079,13.3333,0.5,4633.588,9,1,True,1.0,0.1549
j419755,2,delay_tolerant,0.7917,0.0,7.7333,0.5,0.0,5,2,True,1.0,0.0546
j419755,2,token_batch,1.885,0.0,13.8,0.5,4812.701,12,1,False,1.0,0.0
j419755,2,delay_tolerant,1.2017,0.0,9.1333,0.5,0.0,19,2,False,1.0,0.0
j420001,2,delay_tolerant,0.5183,0.0,7.7333,0.5,0.0,22,2,True,1.0,0.0319
j420143,2,token_batch,1.475,0.5441,11.0,0.5,4475.308,13,1,False,1.0,0.0
j420592,2,delay_tolerant,0.5183,0.0,7.7333,0.5,0.0,12,2,True,1.0,0.0923
j421098,2,token_batch,2.5,1.2357,18.0,0.5,4726.889,19,1,False,1.0,0.0
j421502,2,token_batch,1.475,1.4413,11.0,0.5,4239.944,18,1,True,1.0,0.05
j421502,2,delay_tolerant,1.065,0.0,8.2,0.5,0.0,18,2,True,1.0,0.0692
j421556,2,delay_tolerant,0.9283,0.0,7.7333,0.5,0.0,5,2,False,1.0,0.0
j423089,2,delay_tolerant,0.5183,0.0,7.7333,0.5,0.0,5,2,False,1.0,0.0
j423246,2,delay_tolerant,0.655,0.2103,7.7333,0.5,0.0,5,2,True,1.0,0.05
j423246,2,delay_tolerant,0.7917,0.0,7.7333,0.5,0.0,15,2,False,1.0,0.0
j423246,2,token_batch,1.475,0.4185,11.0,0.5,4517.283,15,1,True,1.0,0.1506
j423448,2,delay_tolerant,1.065,0.0,8.2,0.5,0.0,17,2,False,1.0,0.0
j424355,2,delay_tolerant,1.3383,0.0,10.0667,0.5,0.0,16,2,False,1.0,0.0
j424547,2,delay_tolerant,1.4067,0.0,10.5333,0.5,0.0,23,2,True,1.0,0.05
j424547,2,delay_tolerant,1.27,0.0,9.6,0.5,0.0,23,2,False,1.0,0.0
j424748,2,delay_tolerant,0.5183,0.0,7.7333,0.5,0.0,5,2,False,1.0,0.0
j424796,2,delay_tolerant,0.5183,0.5042,7.7333,0.5,0.0,19,2,True,1.0,0.05
j424796,2,delay_tolerant,0.5183,0.0,7.7333,0.5,0.0,18,2,False,1.0,0.0
j424839,2,delay_tolerant,0.9967,0.0,7.7333,0.5,0.0,11,2,False,1.0,0.0
j426028,2,token_batch,1.6117,0.5493,11.9333,0.5,4928.631,6,1,True,1.0,0.05
j426112,2,token_batch,2.5,1.3277,18.0,0.5,4843.298,23,1,True,1.0,0.05
j426737,2,delay_tolerant,0.655,0.0,7.7333,0.5,0.0,22,2,True,1.0,0.0251
j428223,2,delay_tolerant,1.2017,0.0,9.1333,0.5,0.0,21,2,False,1.0,0.0
j428227,2,token_batch,2.0217,0.6879,14.7333,0.5,4517.362,6,1,True,1.0,0.05
j428490,2,token_batch,1.475,1.0887,11.0,0.5,4164.056,15,1,False,1.0,0.0
j428774,2,delay_tolerant,0.9283,0.0,7.7333,0.5,0.0,9,2,False,1.0,0.0
j428971,2,delay_tolerant,0.5183,0.0,7.7333,0.5,0.0,20,2,True,1.0,0.0478
j429051,2,token_batch,1.475,0.9481,11.0,0.5,4347.479,20,1,True,1.0,0.1609
j429498,2,delay_tolerant,0.7233,0.3605,7.7333,0.5,0.0,16,2,False,1.0,0.0
j42964,2,delay_tolerant,0.5183,0.0,7.7333,0.5,0.0,22,2,True,1.0,0.05
j429795,2,token_batch,1.475,0.0,11.0,0.5,3528.608,18,1,True,1.0,0.1868
j429861,2,delay_tolerant,1.3383,0.0,10.0667,0.5,0.0,11,2,True,1.0,0.05
j429861,2,delay_tolerant,0.86,0.0,7.7333,0.5,0.0,12,2,False,1.0,0.0
j430447,2,delay_tolerant,0.7233,0.0,7.7333,0.5,0.0,15,2,False,1.0,0.0
j430447,2,delay_tolerant,1.4067,0.2229,10.5333,0.5,0.0,15,2,False,1.0,0.0
j430447,2,delay_tolerant,0.655,0.0,7.7333,0.5,0.0,14,2,False,1.0,0.0
j430747,2,delay_tolerant,0.5867,0.0,7.7333,0.5,0.0,13,2,True,1.0,0.05
j431224,2,delay_tolerant,0.5183,0.0,7.7333,0.5,0.0,5,2,False,1.0,0.0
j431490,2,token_batch,1.475,0.0,11.0,0.5,3865.135,22,1,False,1.0,0.0
j432051,2,delay_tolerant,0.5183,0.0,7.7333,0.5,0.0,16,2,False,1.0,0.0
j432765,2,delay_tolerant,0.5183,0.0,7.7333,0.5,0.0,9,2,True,1.0,0.05
j434492,2,delay_tolerant,0.7917,0.0,7.7333,0.5,0.0,9,2,True,1.0,0.05
j435080,2,delay_tolerant,0.5183,0.0,7.7333,0.5,0.0,14,2,False,1.0,0.0
j435080,2,delay_tolerant,0.5183,0.0,7.7333,0.5,0.0,20,2,True,1.0,0.05
j435080,2,delay_tolerant,0.5183,0.0,7.7333,0.5,0.0,22,2,False,1.0,0.0
j436314,2,delay_tolerant,0.7917,0.0,7.7333,0.5,0.0,13,2,False,1.0,0.0
j43693,2,delay_tolerant,1.1333,0.0,8.6667,0.5,0.0,13,2,True,1.0,0.05
j43879,2,delay_tolerant,0.86,0.0,7.7333,0.5,0.0,12,2,True,1.0,0.05
j438933,2,token_batch,1.475,0.4786,11.0,0.5,4453.369,12,1,False,1.0,0.0
j438933,2,delay_tolerant,0.7917,0.0,7.7333,0.5,0.0,12,2,True,1.0,0.0306
j438933,2,delay_tolerant,1.3383,0.0,10.0667,0.5,0.0,12,2,False,1.0,0.0
j440073,2,token_batch,1.475,0.4301,11.0,0.5,3500.935,16,1,True,1.0,0.05
j441083,2,token_batch,1.475,0.6346,11.0,0.5,4291.42,18,1,True,1.0,0.1987
j441455,2,delay_tolerant,0.5183,0.0,7.7333,0.5,0.0,13,2,False,1.0,0.0
j441455,2,delay_tolerant,0.5867,0.0,7.7333,0.5,0.0,13,2,False,1.0,0.0
j442453,2,delay_tolerant,0.86,0.585,7.7333,0.5,0.0,19,2,False,1.0,0.0
j442453,2,delay_tolerant,1.1333,0.0,8.6667,0.5,0.0,9,2,True,1.0,0.05
j442805,2,delay_tolerant,0.5183,0.0,7.7333,0.5,0.0,21,2,True,1.0,0.05
j442857,2,delay_tolerant,0.9283,0.0,7.7333,0.5,0.0,10,2,False,1.0,0.0
j443021,2,token_batch,1.475,0.9164,11.0,0.5,3556.652,22,1,True,1.0,0.05
j443090,2,delay_tolerant,0.9967,0.0,7.7333,0.5,0.0,20,2,False,1.0,0.0
j44345,2,token_batch,1.475,0.8034,11.0,0.5,3783.291,18,1,True,1.0,0.123
j443815,2,delay_tolerant,1.1333,0.0,8.6667,0.5,0.0,22,2,True,1.0,0.05
j444660,2,delay_tolerant,1.4067,0.0,10.5333,0.5,0.0,20,2,False,1.0,0.0
j444983,2,delay_tolerant,1.2017,0.0,9.1333,0.5,0.0,20,2,False,1.0,0.0
j445311,2,delay_tolerant,0.9283,0.0,7.7333,0.5,0.0,21,2,False,1.0,0.0
j445960,2,token_batch,1.475,1.3807,11.0,0.5,4394.721,17,1,False,1.0,0.0
j446925,2,delay_tolerant,0.7917,0.0,7.7333,0.5,0.0,14,2,True,1.0,0.0668
j447168,2,delay_tolerant,0.7917,0.0,7.7333,0.5,0.0,10,2,False,1.0,0.0
j447168,2,token_batch,1.475,1.4689,11.0,0.5,3864.28,10,1,True,1.0,0.05
j447506,2,delay_tolerant,1.2017,0.0,9.1333,0.5,0.0,12,2,False,1.0,0.0
j447539,2,delay_tolerant,1.4067,0.0,10.5333,0.5,0.0,16,2,True,1.0,0.05
j447603,2,token_batch,1.475,0.7696,11.0,0.5,3469.784,10,1,False,1.0,0.0
j447603,2,token_batch,1.475,0.0,11.0,0.5,3617.117,9,1,True,1.0,0.1149
j447736,2,delay_tolerant,0.5183,0.0,7.7333,0.5,0.0,16,2,True,1.0,0.0486
j447996,2,delay_tolerant,0.7917,0.0,7.7333,0.5,0.0,16,2,True,1.0,0.05
j447997,2,token_batch,1.475,1.3077,11.0,0.5,3499.289,12,1,True,1.0,0.05
j448396,2,delay_tolerant,0.5183,0.0,7.7333,0.5,0.0,16,2,True,1.0,0.05
j44997,2,delay_tolerant,0.9967,0.0,7.7333,0.5,0.0,15,2,False,1.0,0.0
j450468,2,delay_tolerant,0.655,0.0,7.7333,0.5,0.0,5,2,True,1.0,0.05
j450631,2,delay_tolerant,0.5867,0.4991,7.7333,0.5,0.0,10,2,True,1.0,0.05
j450631,2,delay_tolerant,1.065,0.0,8.2,0.5,0.0,5,2,False,1.0,0.0
j450848,2,delay_tolerant,1.3383,0.0,10.0667,0.5,0.0,20,2,True,1.0,0.0567
j451008,2,delay_tolerant,0.655,0.0,7.7333,0.5,0.0,16,2,False,1.0,0.0
j451669,2,delay_tolerant,0.9283,0.0,7.7333,0.5,0.0,22,2,True,1.0,0.0353
j451917,2,token_batch,1.475,0.8283,11.0,0.5,3655.696,13,1,True,1.0,0.1421
j452663,2,token_batch,1.475,0.5379,11.0,0.5,3475.86,18,1,True,1.0,0.05
j452663,2,token_batch,1.475,0.5233,11.0,0.5,3541.053,17,1,False,1.0,0.0
j453001,2,token_batch,1.475,0.6551,11.0,0.5,4328.949,19,1,True,1.0,0.1422
j453325,2,delay_tolerant,1.3383,0.0,10.0667,0.5,0.0,12,2,False,1.0,0.0
j453397,2,token_batch,1.475,0.9104,11.0,0.5,4266.874,22,1,False,1.0,0.0
j453744,2,delay_tolerant,0.5183,0.233,7.7333,0.5,0.0,18,2,False,1.0,0.0
j453744,2,token_batch,2.5,0.5769,18.0,0.5,5238.823,9,1,True,1.0,0.1699
j453744,2,token_batch,1.885,0.7073,13.8,0.5,4690.025,18,1,True,1.0,0.05
j454482,2,token_batch,1.475,0.0,11.0,0.5,3793.499,12,1,True,1.0,0.1326
j454889,2,delay_tolerant,1.065,0.0,8.2,0.5,0.0,13,2,False,1.0,0.0
j454976,2,delay_tolerant,0.5183,0.0,7.7333,0.5,0.0,5,2,True,1.0,0.0973
j45581,2,delay_tolerant,0.5867,0.0,7.7333,0.5,0.0,5,2,True,1.0,0.0551
j456913,2,delay_tolerant,0.5183,0.0,7.7333,0.5,0.0,23,2,False,1.0,0.0
j456913,2,delay_tolerant,0.9967,0.0,7.7333,0.5,0.0,22,2,True,1.0,0.05
j457055,2,delay_tolerant,0.5183,0.0,7.7333,0.5,0.0,15,2,False,1.0,0.0
j457428,2,delay_tolerant,0.7917,0.0,7.7333,0.5,0.0,14,2,False,1.0,0.0
j458372,2,delay_tolerant,1.1333,0.0,8.6667,0.5,0.0,21,2,True,1.0,0.05
j458372,2,delay_tolerant,1.065,0.0,8.2,0.5,0.0,21,2,False,1.0,0.0
j45924,2,delay_tolerant,1.27,0.0,9.6,0.5,0.0,16,2,True,1.0,0.05
j45924,2,delay_tolerant,1.3383,0.0,10.0667,0.5,0.0,16,2,False,1.0,0.0
j459510,2,token_batch,1.475,0.673,11.0,0.5,4295.218,20,1,True,1.0,0.1735
j459814,2,delay_tolerant,1.27,0.0,9.6,0.5,0.0,23,2,False,1.0,0.0
j459814,2,token_batch,1.475,0.0,11.0,0.5,4626.924,23,1,False,1.0,0.0
j460838,2,delay_tolerant,0.9283,0.0,7.7333,0.5,0.0,5,2,False,1.0,0.0
j460838,2,token_batch,1.8167,0.0,13.3333,0.5,4826.116,6,1,True,1.0,0.0854
j460838,2,token_batch,1.5433,0.0,11.4667,0.5,4243.015,7,1,False,1.0,0.0
j460924,2,delay_tolerant,1.065,0.0,8.2,0.5,0.0,19,2,True,1.0,0.0916
j460924,2,delay_tolerant,1.3383,0.0,10.0667,0.5,0.0,18,2,False,1.0,0.0
j461057,2,delay_tolerant,0.5183,0.0,7.7333,0.5,0.0,5,2,False,1.0,0.0
j461529,2,delay_tolerant,0.5183,0.0,7.7333,0.5,0.0,5,2,False,1.0,0.0
j461529,2,delay_tolerant,0.5183,0.0,7.7333,0.5,0.0,15,2,True,1.0,0.05
j461957,2,token_batch,1.475,0.0,11.0,0.5,3706.494,19,1,True,1.0,0.1568
j462027,2,token_batch,2.4317,1.4588,17.5333,0.5,5353.723,17,1,True,1.0,0.05
j462036,2,delay_tolerant,0.9283,0.0,7.7333,0.5,0.0,16,2,True,1.0,0.0599
j462887,2,delay_tolerant,1.4067,0.0,10.5333,0.5,0.0,5,2,False,1.0,0.0
j462887,2,token_batch,2.5,1.1469,18.0,0.5,4298.834,15,1,False,1.0,0.0
j462887,2,token_batch,1.68,0.0,12.4,0.5,5211.687,13,1,True,1.0,0.0967
j462887,2,token_batch,2.5,0.8626,18.0,0.5,5038.025,13,1,False,1.0,0.0
j462887,2,delay_tolerant,0.9283,0.0,7.7333,0.5,0.0,13,2,True,1.0,0.05
j463271,2,token_batch,1.475,0.6941,11.0,0.5,4265.344,19,1,True,1.0,0.05
j464611,2,delay_tolerant,1.4067,0.0,10.5333,0.5,0.0,15,2,True,1.0,0.05
j465013,2,delay_tolerant,0.5183,0.0,7.7333,0.5,0.0,10,2,True,1.0,0.05
j466026,2,token_batch,1.475,1.0764,11.0,0.5,4438.866,13,1,True,1.0,0.1943
j466336,2,delay_tolerant,0.9967,0.0,7.7333,0.5,0.0,20,2,False,1.0,0.0
j466912,2,delay_tolerant,0.5183,0.0,7.7333,0.5,0.0,5,2,False,1.0,0.0
j467885,2,token_batch,1.475,0.9715,11.0,0.5,4424.554,10,1,True,1.0,0.1831
j467885,2,token_batch,1.475,1.4405,11.0,0.5,4022.564,11,1,False,1.0,0.0
j468086,2,delay_tolerant,0.655,0.0,7.7333,0.5,0.0,5,2,False,1.0,0.0
j468137,2,delay_tolerant,0.9283,0.0,7.7333,0.5,0.0,13,2,False,1.0,0.0
j468552,2,delay_tolerant,1.1333,0.0,8.6667,0.5,0.0,18,2,False,1.0,0.0
j468907,2,delay_tolerant,1.4067,0.0,10.5333,0.5,0.0,21,2,False,1.0,0.0
j469244,2,delay_tolerant,1.27,0.0,9.6,0.5,0.0,15,2,True,1.0,0.05
j469244,2,token_batch,1.475,0.0,11.0,0.5,3626.115,14,1,False,1.0,0.0
j47021,2,delay_tolerant,0.5183,0.0,7.7333,0.5,0.0,5,2,True,1.0,0.05
j470555,2,token_batch,1.475,0.0,11.0,0.5,3705.615,13,1,True,1.0,0.0998
j470555,2,delay_tolerant,0.5183,0.0,7.7333,0.5,0.0,13,2,False,1.0,0.0
j470661,2,delay_tolerant,1.27,0.0,9.6,0.5,0.0,19,2,False,1.0,0.0
j472093,2,delay_tolerant,0.7233,0.0,7.7333,0.5,0.0,12,2,True,1.0,0.05
j472153,2,delay_tolerant,0.86,0.0,7.7333,0.5,0.0,14,2,True,1.0,0.0314
j47217,2,delay_tolerant,0.5183,0.0,7.7333,0.5,0.0,5,2,False,1.0,0.0
j472681,2,token_batch,1.475,1.4422,11.0,0.5,4187.718,13,1,True,1.0,0.05
j472705,2,delay_tolerant,1.27,0.0,9.6,0.5,0.0,16,2,True,1.0,0.0774
j472705,2,delay_tolerant,0.9967,0.0,7.7333,0.5,0.0,15,2,True,1.0,0.0445
j473029,2,delay_tolerant,0.7233,0.0,7.7333,0.5,0.0,19,2,False,1.0,0.0
j473029,2,delay_tolerant,0.5867,0.0,7.7333,0.5,0.0,19,2,True,1.0,0.05
j473029,2,delay_tolerant,0.5183,0.0,7.7333,0.5,0.0,19,2,False,1.0,0.0
j473281,2,delay_tolerant,0.655,0.0,7.7333,0.5,0.0,14,2,True,1.0,0.05
j473289,2,delay_tolerant,1.4067,0.0,10.5333,0.5,0.0,18,2,False,1.0,0.0
j475286,2,delay_tolerant,0.5183,0.4522,7.7333,0.5,0.0,17,2,True,1.0,0.0986
j475829,2,delay_tolerant,0.5867,0.0,7.7333,0.5,0.0,5,2,True,1.0,0.05
j475852,2,token_batch,1.68,0.0,12.4,0.5,4085.837,19,1,True,1.0,0.1868
j476345,2,delay_tolerant,1.2017,0.0,9.1333,0.5,0.0,22,2,False,1.0,0.0
j476345,2,token_batch,1.475,0.4128,11.0,0.5,4252.71,22,1,True,1.0,0.05
j476361,2,token_batch,1.6117,1.1542,11.9333,0.5,3901.199,15,1,True,1.0,0.08
j476361,2,delay_tolerant,1.27,0.0,9.6,0.5,0.0,15,2,False,1.0,0.0
j476361,2,token_batch,1.6117,0.9314,11.9333,0.5,4047.297,14,1,False,1.0,0.0
j476361,2,token_batch,1.475,1.3127,11.0,0.5,3829.164,16,1,False,1.0,0.0
j476461,2,token_batch,1.475,0.9092,11.0,0.5,3958.475,13,1,True,1.0,0.05
j476593,2,token_batch,1.475,0.8478,11.0,0.5,4618.152,12,1,True,1.0,0.1894
j476593,2,delay_tolerant,1.4067,0.0,10.5333,0.5,0.0,12,2,False,1.0,0.0
j476740,2,delay_tolerant,0.5183,0.0,7.7333,0.5,0.0,17,2,True,1.0,0.0544
j477042,2,token_batch,1.475,0.8491,11.0,0.5,3740.507,10,1,False,1.0,0.0
j477042,2,delay_tolerant,0.7917,0.0,7.7333,0.5,0.0,11,2,False,1.0,0.0
j47814,2,token_batch,1.475,0.6709,11.0,0.5,4478.39,19,1,True,1.0,0.05
j47814,2,delay_tolerant,1.065,0.0,8.2,0.5,0.0,19,2,True,1.0,0.0984
j478178,2,delay_tolerant,1.2017,0.52,9.1333,0.5,0.0,12,2,False,1.0,0.0
j478182,2,delay_tolerant,0.5183,0.0,7.7333,0.5,0.0,5,2,False,1.0,0.0
j479153,2,delay_tolerant,0.86,0.0,7.7333,0.5,0.0,12,2,True,1.0,0.0654
j479153,2,delay_tolerant,0.9967,0.0,7.7333,0.5,0.0,12,2,True,1.0,0.05
j479822,2,delay_tolerant,1.065,0.0,8.2,0.5,0.0,21,2,False,1.0,0.0
j479822,2,token_batch,2.5,0.5211,18.0,0.5,4891.816,21,1,False,1.0,0.0
j479822,2,delay_tolerant,1.27,0.0,9.6,0.5,0.0,5,2,True,1.0,0.0653
j479822,2,delay_tolerant,0.5183,0.0,7.7333,0.5,0.0,19,2,True,1.0,0.05
j479822,2,token_batch,1.6117,1.2015,11.9333,0.5,4812.761,16,1,False,1.0,0.0
j480459,2,delay_tolerant,1.27,0.0,9.6,0.5,0.0,10,2,False,1.0,0.0
j480669,2,delay_tolerant,0.9283,0.0,7.7333,0.5,0.0,18,2,True,1.0,0.05
j480932,2,token_batch,2.5,1.0955,18.0,0.5,5238.232,18,1,True,1.0,0.05
j481279,2,delay_tolerant,0.86,0.0,7.7333,0.5,0.0,22,2,False,1.0,0.0
j481341,2,token_batch,1.475,0.0,11.0,0.5,3486.586,23,1,True,1.0,0.1567
j481925,2,delay_tolerant,0.655,0.0,7.7333,0.5,0.0,9,2,True,1.0,0.0614
j482098,2,token_batch,1.475,0.0,11.0,0.5,3924.404,21,1,False,1.0,0.0
j482130,2,token_batch,1.475,0.6678,11.0,0.5,3835.951,22,1,False,1.0,0.0
j482130,2,delay_tolerant,0.86,0.0,7.7333,0.5,0.0,5,2,True,1.0,0.05
j482214,2,delay_tolerant,1.4067,0.0,10.5333,0.5,0.0,11,2,False,1.0,0.0
j482214,2,token_batch,1.475,0.906,11.0,0.5,3640.825,12,1,False,1.0,0.0
j482783,2,delay_tolerant,0.9283,0.0,7.7333,0.5,0.0,13,2,True,1.0,0.05
j485034,2,delay_tolerant,0.5183,0.0,7.7333,0.5,0.0,22,2,True,1.0,0.0617
j485315,2,token_batch,1.475,0.5699,11.0,0.5,4082.637,13,1,True,1.0,0.05
j485315,2,delay_tolerant,1.065,0.2807,8.2,0.5,0.0,12,2,False,1.0,0.0
j486111,2,delay_tolerant,0.5183,0.0,7.7333,0.5,0.0,12,2,True,1.0,0.05
j487781,2,delay_tolerant,0.86,0.0,7.7333,0.5,0.0,22,2,True,1.0,0.0932
j487781,2,token_batch,1.475,0.5133,11.0,0.5,4188.26,23,1,True,1.0,0.05
j487957,2,delay_tolerant,0.5183,0.3108,7.7333,0.5,0.0,9,2,True,1.0,0.05
j487957,2,delay_tolerant,1.3383,0.0,10.0667,0.5,0.0,10,2,False,1.0,0.0
j488408,2,delay_tolerant,0.7917,0.0,7.7333,0.5,0.0,21,2,True,1.0,0.05
j488582,2,delay_tolerant,0.7917,0.0,7.7333,0.5,0.0,9,2,False,1.0,0.0
j48928,2,delay_tolerant,1.4067,0.544,10.5333,0.5,0.0,17,2,False,1.0,0.0
j490105,2,delay_tolerant,0.86,0.0,7.7333,0.5,0.0,9,2,False,1.0,0.0
j490402,2,token_batch,2.5,0.6275,18.0,0.5,4388.514,21,1,True,1.0,0.05
j490754,2,delay_tolerant,0.5867,0.0,7.7333,0.5,0.0,16,2,False,1.0,0.0
j490754,2,delay_tolerant,0.5183,0.0,7.7333,0.5,0.0,14,2,False,1.0,0.0
j491191,2,delay_tolerant,1.27,0.0,9.6,0.5,0.0,13,2,True,1.0,0.05
j492716,2,delay_tolerant,0.5183,0.0,7.7333,0.5,0.0,16,2,False,1.0,0.0
j49312,2,token_batch,1.475,0.0,11.0,0.5,3485.615,22,1,False,1.0,0.0
j493300,2,token_batch,1.475,0.7003,11.0,0.5,3924.73,12,1,True,1.0,0.05
j4937,2,delay_tolerant,1.065,0.0,8.2,0.5,0.0,12,2,False,1.0,0.0
j494066,2,token_batch,1.475,0.8107,11.0,0.5,3762.967,22,1,True,1.0,0.05
j494372,2,delay_tolerant,0.7233,0.0,7.7333,0.5,0.0,21,2,False,1.0,0.0
j495203,2,delay_tolerant,1.3383,0.0,10.0667,0.5,0.0,16,2,False,1.0,0.0
j495203,2,token_batch,1.475,1.2462,11.0,0.5,3463.963,16,1,True,1.0,0.05
j495203,2,delay_tolerant,0.5183,0.0,7.7333,0.5,0.0,16,2,True,1.0,0.05
j495203,2,delay_tolerant,1.2017,0.0,9.1333,0.5,0.0,15,2,False,1.0,0.0
j49810,2,delay_tolerant,1.4067,0.0,10.5333,0.5,0.0,13,2,False,1.0,0.0
j49810,2,delay_tolerant,0.5183,0.3473,7.7333,0.5,0.0,5,2,False,1.0,0.0
j49810,2,delay_tolerant,1.27,0.0,9.6,0.5,0.0,13,2,True,1.0,0.05
j498214,2,delay_tolerant,1.065,0.0,8.2,0.5,0.0,19,2,False,1.0,0.0
j498259,2,token_batch,1.475,0.6062,11.0,0.5,3818.571,18,1,True,1.0,0.1346
j498911,2,token_batch,2.5,0.0,18.0,0.5,4762.754,21,1,False,1.0,0.0
j499160,2,token_batch,1.475,0.9176,11.0,0.5,3648.394,13,1,True,1.0,0.1895
j499384,2,delay_tolerant,1.2017,0.0,9.1333,0.5,0.0,11,2,False,1.0,0.0
j499384,2,token_batch,1.475,0.0,11.0,0.5,3640.543,10,1,True,1.0,0.1786
j499384,2,delay_tolerant,0.5183,0.0,7.7333,0.5,0.0,10,2,False,1.0,0.0
j499384,2,delay_tolerant,0.86,0.0,7.7333,0.5,0.0,10,2,False,1.0,0.0
j499384,2,token_batch,1.475,1.287,11.0,0.5,4469.628,10,1,True,1.0,0.1965
j499721,2,delay_tolerant,1.1333,0.2221,8.6667,0.5,0.0,19,2,False,1.0,0.0
j499721,2,token_batch,1.475,0.556,11.0,0.5,3455.06,6,1,True,1.0,0.05
j499835,2,delay_tolerant,1.27,0.0,9.6,0.5,0.0,12,2,False,1.0,0.0
j500980,2,token_batch,2.5,0.0,18.0,0.5,4659.077,12,1,True,1.0,0.0871
j501046,2,delay_tolerant,1.3383,0.0,10.0667,0.5,0.0,19,2,False,1.0,0.0
j50133,2,delay_tolerant,0.7917,0.0,7.7333,0.5,0.0,12,2,False,1.0,0.0
j50133,2,delay_tolerant,1.2017,0.0,9.1333,0.5,0.0,13,2,True,1.0,0.0957
j501625,2,token_batch,1.475,1.2359,11.0,0.5,4497.221,12,1,False,1.0,0.0
j503065,2,delay_tolerant,0.7917,0.0,7.7333,0.5,0.0,14,2,False,1.0,0.0
j503584,2,delay_tolerant,0.5183,0.0,7.7333,0.5,0.0,14,2,True,1.0,0.0594
j503664,2,token_batch,1.475,1.1801,11.0,0.5,4170.366,13,1,True,1.0,0.05
j503963,2,delay_tolerant,1.27,0.0,9.6,0.5,0.0,22,2,True,1.0,0.05
j504453,2,token_batch,1.475,0.0,11.0,0.5,4208.98,23,1,False,1.0,0.0
j504838,2,delay_tolerant,0.7233,0.0,7.7333,0.5,0.0,5,2,True,1.0,0.0892
j505160,2,delay_tolerant,1.3383,0.0,10.0667,0.5,0.0,19,2,True,1.0,0.05
j505191,2,delay_tolerant,0.86,0.0,7.7333,0.5,0.0,20,2,True,1.0,0.05
j505323,2,token_batch,1.475,0.0,11.0,0.5,4194.055,16,1,True,1.0,0.1621
j50617,2,token_batch,2.5,0.8988,18.0,0.5,4727.73,22,1,True,1.0,0.1223
j506194,2,delay_tolerant,1.3383,0.0,10.0667,0.5,0.0,13,2,False,1.0,0.0
j506665,2,delay_tolerant,0.5183,0.0,7.7333,0.5,0.0,5,2,False,1.0,0.0
j506665,2,delay_tolerant,0.5183,0.5571,7.7333,0.5,0.0,5,2,True,1.0,0.05
j507064,2,delay_tolerant,0.5183,0.0,7.7333,0.5,0.0,12,2,True,1.0,0.05
j507194,2,delay_tolerant,0.9967,0.0,7.7333,0.5,0.0,16,2,False,1.0,0.0
j507344,2,token_batch,1.475,0.4357,11.0,0.5,4080.058,15,1,True,1.0,0.1558
j507568,2,token_batch,1.475,0.0,11.0,0.5,4142.467,19,1,False,1.0,0.0
j507568,2,delay_tolerant,0.655,0.0,7.7333,0.5,0.0,16,2,True,1.0,0.05
j507568,2,delay_tolerant,0.5183,0.0,7.7333,0.5,0.0,5,2,True,1.0,0.0464
j508024,2,delay_tolerant,1.2017,0.0,9.1333,0.5,0.0,16,2,False,1.0,0.0
j508024,2,token_batch,1.475,1.3126,11.0,0.5,4499.55,16,1,True,1.0,0.05
j508728,2,delay_tolerant,0.655,0.0,7.7333,0.5,0.0,5,2,False,1.0,0.0
j509660,2,delay_tolerant,0.5867,0.0,7.7333,0.5,0.0,5,2,True,1.0,0.0255
j509678,2,delay_tolerant,1.1333,0.2416,8.6667,0.5,0.0,15,2,False,1.0,0.0
j509793,2,delay_tolerant,0.9967,0.5211,7.7333,0.5,0.0,12,2,False,1.0,0.0
j509793,2,delay_sensitive,0.5183,0.0,7.7333,0.5,0.0,3,3,False,1.0,0.0
j509793,2,delay_tolerant,1.3383,0.0,10.0667,0.5,0.0,13,2,True,1.0,0.05
j509957,2,token_batch,1.475,0.8482,11.0,0.5,4499.919,22,1,True,1.0,0.05
j5103,2,delay_tolerant,0.86,0.3057,7.7333,0.5,0.0,13,2,False,1.0,0.0
j510504,2,delay_tolerant,0.9283,0.0,7.7333,0.5,0.0,12,2,True,1.0,0.05
j510506,2,delay_tolerant,1.27,0.0,9.6,0.5,0.0,15,2,True,1.0,0.0262
j510594,2,token_batch,1.475,0.4866,11.0,0.5,4575.176,16,1,True,1.0,0.05
j510738,2,delay_tolerant,0.5183,0.0,7.7333,0.5,0.0,12,2,False,1.0,0.0
j510762,2,delay_tolerant,1.4067,0.0,10.5333,0.5,0.0,7,2,True,1.0,0.0408
j510762,2,token_batch,1.68,1.484,12.4,0.5,4017.139,16,1,False,1.0,0.0
j511094,2,delay_tolerant,1.4067,0.0,10.5333,0.5,0.0,16,2,True,1.0,0.05
j511094,2,token_batch,1.475,0.5213,11.0,0.5,4512.141,16,1,False,1.0,0.0
j511383,2,delay_tolerant,0.5183,0.4103,7.7333,0.5,0.0,13,2,False,1.0,0.0
j511946,2,delay_tolerant,1.27,0.0,9.6,0.5,0.0,7,2,True,1.0,0.05
j511946,2,token_batch,2.5,0.0,18.0,0.5,5568.359,15,1,True,1.0,0.176
j511946,2,token_batch,1.8167,0.7364,13.3333,0.5,4937.334,15,1,False,1.0,0.0
j512507,2,delay_tolerant,1.27,0.0,9.6,0.5,0.0,19,2,True,1.0,0.05
j512507,2,token_batch,1.475,0.0,11.0,0.5,3573.43,18,1,False,1.0,0.0
j512656,2,delay_tolerant,0.5183,0.0,7.7333,0.5,0.0,5,2,False,1.0,0.0
j512656,2,delay_tolerant,0.86,0.3024,7.7333,0.5,0.0,19,2,False,1.0,0.0
j513366,2,delay_tolerant,1.3383,0.0,10.0667,0.5,0.0,23,2,False,1.0,0.0
j514169,2,token_batch,1.475,0.408,11.0,0.5,3980.128,16,1,True,1.0,0.05
j514169,2,token_batch,1.475,0.0,11.0,0.5,3983.145,16,1,False,1.0,0.0
j51569,2,token_batch,1.475,0.8902,11.0,0.5,3525.438,23,1,True,1.0,0.05
j516032,2,delay_tolerant,1.2017,0.0,9.1333,0.5,0.0,22,2,False,1.0,0.0
j516317,2,delay_tolerant,0.5183,0.0,7.7333,0.5,0.0,5,2,True,1.0,0.0614
j516451,2,token_batch,1.475,1.3649,11.0,0.5,3577.447,13,1,True,1.0,0.05
j517133,2,token_batch,1.475,0.0,11.0,0.5,3530.113,13,1,True,1.0,0.1583
j517247,2,token_batch,2.5,0.4396,18.0,0.5,4275.42,12,1,True,1.0,0.05
j517247,2,token_batch,2.5,0.4891,18.0,0.5,4519.839,12,1,False,1.0,0.0
j517247,2,token_batch,2.5,1.0281,18.0,0.5,5231.348,18,1,True,1.0,0.05
j518269,2,delay_tolerant,0.5183,0.0,7.7333,0.5,0.0,14,2,False,1.0,0.0
j518269,2,delay_tolerant,0.5183,0.0,7.7333,0.5,0.0,14,2,False,1.0,0.0
j518593,2,delay_tolerant,0.7233,0.0,7.7333,0.5,0.0,11,2,False,1.0,0.0
j518930,2,delay_tolerant,0.655,0.0,7.7333,0.5,0.0,16,2,False,1.0,0.0
j51983,2,delay_tolerant,0.9283,0.0,7.7333,0.5,0.0,12,2,True,1.0,0.0786
j520552,2,delay_tolerant,0.5183,0.0,7.7333,0.5,0.0,19,2,True,1.0,0.05
j520861,2,delay_tolerant,0.5183,0.3344,7.7333,0.5,0.0,12,2,True,1.0,0.0748
j521193,2,delay_tolerant,0.9283,0.42,7.7333,0.5,0.0,16,2,False,1.0,0.0
j521196,2,delay_tolerant,0.655,0.4392,7.7333,0.5,0.0,20,2,True,1.0,0.0518
j521255,2,delay_tolerant,0.9967,0.0,7.7333,0.5,0.0,17,2,True,1.0,0.05
j521374,2,delay_tolerant,1.1333,0.0,8.6667,0.5,0.0,20,2,True,1.0,0.05
j522670,2,delay_tolerant,0.655,0.0,7.7333,0.5,0.0,5,2,True,1.0,0.05
j52283,2,delay_tolerant,0.5183,0.0,7.7333,0.5,0.0,9,2,False,1.0,0.0
j523256,2,delay_tolerant,1.3383,0.0,10.0667,0.5,0.0,23,2,False,1.0,0.0
j5233,2,token_batch,1.475,0.7426,11.0,0.5,3543.476,12,1,True,1.0,0.05
j523393,2,delay_tolerant,0.5183,0.0,7.7333,0.5,0.0,10,2,True,1.0,0.0457
j523408,2,token_batch,2.5,0.4145,18.0,0.5,5050.632,19,1,True,1.0,0.05
j524207,2,delay_tolerant,0.655,0.0,7.7333,0.5,0.0,10,2,False,1.0,0.0
j5247,2,token_batch,1.475,1.1398,11.0,0.5,3649.107,19,1,True,1.0,0.141
j525734,2,token_batch,1.475,1.3989,11.0,0.5,3620.218,19,1,False,1.0,0.0
j525753,2,delay_tolerant,0.5183,0.0,7.7333,0.5,0.0,12,2,False,1.0,0.0
j525951,2,delay_tolerant,1.065,0.0,8.2,0.5,0.0,16,2,False,1.0,0.0
j525961,2,delay_tolerant,0.5867,0.0,7.7333,0.5,0.0,5,2,True,1.0,0.0573
j526283,2,delay_tolerant,0.86,0.0,7.7333,0.5,0.0,19,2,True,1.0,0.05
j526744,2,delay_tolerant,0.5867,0.0,7.7333,0.5,0.0,5,2,True,1.0,0.05
j528139,2,delay_tolerant,0.5183,0.0,7.7333,0.5,0.0,10,2,False,1.0,0.0
j528407,2,token_batch,1.475,0.0,11.0,0.5,4419.884,10,1,True,1.0,0.1787
j529214,2,delay_tolerant,0.7233,0.0,7.7333,0.5,0.0,19,2,True,1.0,0.05
j529963,2,token_batch,2.5,0.0,18.0,0.5,4149.264,22,1,False,1.0,0.0
j53100,2,delay_tolerant,1.2017,0.0,9.1333,0.5,0.0,23,2,False,1.0,0.0
j53154,2,token_batch,1.475,0.7857,11.0,0.5,3544.291,6,1,True,1.0,0.05
j53154,2,token_batch,2.5,0.0,18.0,0.5,4512.802,21,1,False,1.0,0.0
j531649,2,delay_tolerant,0.655,0.0,7.7333,0.5,0.0,19,2,True,1.0,0.0499
j533466,2,delay_tolerant,0.5867,0.0,7.7333,0.5,0.0,5,2,False,1.0,0.0
j533607,2,delay_tolerant,0.5867,0.0,7.7333,0.5,0.0,5,2,True,1.0,0.05
j534298,2,delay_tolerant,0.7233,0.0,7.7333,0.5,0.0,12,2,False,1.0,0.0
j535551,2,token_batch,1.475,0.0,11.0,0.5,3999.937,11,1,True,1.0,0.1062
j535620,2,delay_tolerant,0.9283,0.0,7.7333,0.5,0.0,10,2,True,1.0,0.05
j535620,2,delay_tolerant,1.065,0.0,8.2,0.5,0.0,9,2,False,1.0,0.0
j535867,2,delay_tolerant,0.9967,0.0,7.7333,0.5,0.0,23,2,False,1.0,0.0
j536587,2,delay_tolerant,0.5183,0.0,7.7333,0.5,0.0,7,2,True,1.0,0.05
j537240,2,delay_tolerant,1.3383,0.0,10.0667,0.5,0.0,15,2,False,1.0,0.0
j537277,2,token_batch,1.475,0.0,11.0,0.5,4026.469,12,1,False,1.0,0.0
j537887,2,delay_tolerant,0.5183,0.0,7.7333,0.5,0.0,5,2,True,1.0,0.05
j538194,2,token_batch,1.475,1.3333,11.0,0.5,3551.51,20,1,False,1.0,0.0
j538331,2,token_batch,2.5,0.9597,18.0,0.5,4861.115,12,1,True,1.0,0.05
j538331,2,token_batch,2.5,0.4923,18.0,0.5,4321.29,6,1,True,1.0,0.05
j538791,2,delay_tolerant,1.4067,0.0,10.5333,0.5,0.0,11,2,False,1.0,0.0
j539160,2,delay_tolerant,0.655,0.0,7.7333,0.5,0.0,11,2,True,1.0,0.05
j542098,2,token_batch,1.475,0.0,11.0,0.5,4553.972,19,1,False,1.0,0.0
j542187,2,delay_tolerant,0.9283,0.0,7.7333,0.5,0.0,18,2,True,1.0,0.05
j542877,2,delay_tolerant,0.7917,0.0,7.7333,0.5,0.0,10,2,False,1.0,0.0
j542877,2,delay_tolerant,0.5183,0.0,7.7333,0.5,0.0,5,2,False,1.0,0.0
j544037,2,delay_tolerant,1.27,0.0,9.6,0.5,0.0,10,2,False,1.0,0.0
j544881,2,token_batch,1.475,0.8344,11.0,0.5,3891.857,16,1,False,1.0,0.0
j545084,2,delay_tolerant,1.2017,0.0,9.1333,0.5,0.0,19,2,False,1.0,0.0
j545116,2,delay_tolerant,0.655,0.4228,7.7333,0.5,0.0,11,2,False,1.0,0.0
j545147,2,delay_tolerant,0.5183,0.0,7.7333,0.5,0.0,5,2,True,1.0,0.05
j54568,2,delay_tolerant,0.7233,0.2028,7.7333,0.5,0.0,17,2,False,1.0,0.0
j545943,2,delay_tolerant,1.4067,0.5684,10.5333,0.5,0.0,15,2,True,1.0,0.05
j545943,2,token_batch,1.475,0.5047,11.0,0.5,4378.161,15,1,True,1.0,0.05
j546202,2,token_batch,1.475,0.9446,11.0,0.5,3444.685,22,1,False,1.0,0.0
j546219,2,delay_tolerant,0.5183,0.0,7.7333,0.5,0.0,5,2,True,1.0,0.05
j546270,2,delay_tolerant,1.4067,0.0,10.5333,0.5,0.0,22,2,False,1.0,0.0
j547180,2,token_batch,1.475,0.0,11.0,0.5,4161.712,20,1,False,1.0,0.0
j547196,2,delay_tolerant,0.5183,0.0,7.7333,0.5,0.0,15,2,True,1.0,0.0537
j547367,2,delay_tolerant,0.655,0.0,7.7333,0.5,0.0,11,2,False,1.0,0.0
j547589,2,token_batch,1.885,1.1148,13.8,0.5,4020.887,7,1,True,1.0,0.05
j547988,2,delay_tolerant,0.5183,0.0,7.7333,0.5,0.0,5,2,True,1.0,0.05
j547988,2,delay_tolerant,0.5867,0.2562,7.7333,0.5,0.0,12,2,False,1.0,0.0
j548680,2,delay_tolerant,0.7917,0.0,7.7333,0.5,0.0,20,2,False,1.0,0.0
j549172,2,delay_tolerant,0.86,0.0,7.7333,0.5,0.0,16,2,True,1.0,0.085
j550000,2,delay_tolerant,0.7233,0.0,7.7333,0.5,0.0,10,2,False,1.0,0.0
j550404,2,delay_tolerant,0.5867,0.0,7.7333,0.5,0.0,5,2,False,1.0,0.0
j550561,2,token_batch,1.475,0.8408,11.0,0.5,4010.871,23,1,True,1.0,0.05
j550573,2,delay_tolerant,0.7917,0.0,7.7333,0.5,0.0,21,2,True,1.0,0.0766
j550573,2,token_batch,1.475,0.0,11.0,0.5,3504.352,22,1,False,1.0,0.0
j550573,2,token_batch,1.475,0.9069,11.0,0.5,4499.837,22,1,True,1.0,0.05
j550647,2,delay_tolerant,0.9283,0.0,7.7333,0.5,0.0,20,2,True,1.0,0.05
j551122,2,token_batch,1.475,0.7415,11.0,0.5,3592.563,16,1,True,1.0,0.05
j551684,2,delay_tolerant,0.86,0.5372,7.7333,0.5,0.0,15,2,False,1.0,0.0
j553263,2,delay_tolerant,0.5867,0.0,7.7333,0.5,0.0,19,2,False,1.0,0.0
j553475,2,token_batch,1.475,1.3902,11.0,0.5,4101.02,10,1,True,1.0,0.05
j554153,2,token_batch,2.5,0.0,18.0,0.5,5127.925,19,1,False,1.0,0.0
j554153,2,delay_tolerant,1.3383,0.0,10.0667,0.5,0.0,19,2,True,1.0,0.0451
j554204,2,token_batch,1.475,0.671,11.0,0.5,3960.744,18,1,False,1.0,0.0
j554496,2,delay_tolerant,0.5183,0.2564,7.7333,0.5,0.0,19,2,False,1.0,0.0
j554632,2,delay_tolerant,0.5183,0.0,7.7333,0.5,0.0,5,2,True,1.0,0.0544
j554666,2,delay_tolerant,0.5183,0.0,7.7333,0.5,0.0,14,2,False,1.0,0.0
j554813,2,token_batch,1.475,1.1621,11.0,0.5,4535.552,13,1,False,1.0,0.0
j554813,2,token_batch,1.475,0.0,11.0,0.5,3776.308,14,1,True,1.0,0.17
j55518,2,delay_tolerant,1.065,0.0,8.2,0.5,0.0,9,2,False,1.0,0.0
j555737,2,token_batch,1.885,1.0954,13.8,0.5,4099.99,6,1,False,1.0,0.0
j555737,2,delay_tolerant,0.5183,0.0,7.7333,0.5,0.0,11,2,True,1.0,0.05
j555737,2,delay_tolerant,0.5183,0.0,7.7333,0.5,0.0,5,2,True,1.0,0.05
j555737,2,token_batch,1.68,0.0,12.4,0.5,3990.847,19,1,True,1.0,0.0826
j555737,2,token_batch,1.68,1.0424,12.4,0.5,4103.988,19,1,True,1.0,0.196
j555737,2,delay_tolerant,0.7233,0.0,7.7333,0.5,0.0,9,2,True,1.0,0.0416
j556274,2,token_batch,1.8167,0.5322,13.3333,0.5,4382.574,21,1,True,1.0,0.05
j556274,2,token_batch,1.5433,0.0,11.4667,0.5,4097.132,20,1,False,1.0,0.0
j557322,2,delay_tolerant,0.655,0.0,7.7333,0.5,0.0,19,2,True,1.0,0.0967
j557451,2,delay_tolerant,0.5867,0.0,7.7333,0.5,0.0,19,2,False,1.0,0.0
j557655,2,token_batch,1.475,0.9946,11.0,0.5,4486.744,13,1,False,1.0,0.0
j558155,2,delay_tolerant,0.7233,0.5655,7.7333,0.5,0.0,17,2,True,1.0,0.05
j55852,2,delay_tolerant,0.655,0.0,7.7333,0.5,0.0,5,2,False,1.0,0.0
j558992,2,token_batch,2.5,0.0,18.0,0.5,5254.111,10,1,True,1.0,0.1313
j558992,2,delay_tolerant,1.3383,0.0,10.0667,0.5,0.0,5,2,True,1.0,0.05
j558992,2,token_batch,1.6117,0.786,11.9333,0.5,4116.922,11,1,True,1.0,0.1197
j558992,2,delay_tolerant,1.2017,0.0,9.1333,0.5,0.0,9,2,True,1.0,0.05
j558992,2,delay_tolerant,0.5183,0.2072,7.7333,0.5,0.0,9,2,False,1.0,0.0
j559075,2,delay_tolerant,0.5183,0.0,7.7333,0.5,0.0,16,2,True,1.0,0.05
j5591,2,token_batch,1.475,1.0591,11.0,0.5,4560.402,22,1,False,1.0,0.0
j55991,2,token_batch,2.0217,0.9647,14.7333,0.5,4025.358,13,1,True,1.0,0.05
j55991,2,delay_tolerant,0.5867,0.0,7.7333,0.5,0.0,5,2,True,1.0,0.05
j55991,2,delay_tolerant,0.5183,0.0,7.7333,0.5,0.0,14,2,True,1.0,0.05
j560069,2,delay_tolerant,0.5183,0.0,7.7333,0.5,0.0,5,2,True,1.0,0.05
j560149,2,delay_tolerant,0.86,0.0,7.7333,0.5,0.0,19,2,True,1.0,0.0343
j56021,2,delay_tolerant,0.5183,0.0,7.7333,0.5,0.0,5,2,True,1.0,0.0948
j560259,2,token_batch,1.475,0.4666,11.0,0.5,4276.386,18,1,True,1.0,0.05
j560259,2,delay_tolerant,1.2017,0.0,9.1333,0.5,0.0,16,2,False,1.0,0.0
j560259,2,delay_tolerant,0.655,0.0,7.7333,0.5,0.0,5,2,True,1.0,0.05
j560259,2,token_batch,1.475,0.6364,11.0,0.5,4141.931,18,1,False,1.0,0.0
j561171,2,delay_tolerant,0.7917,0.0,7.7333,0.5,0.0,5,2,True,1.0,0.05
j562121,2,token_batch,1.475,1.4164,11.0,0.5,3717.502,12,1,False,1.0,0.0
j562775,2,delay_tolerant,0.86,0.0,7.7333,0.5,0.0,14,2,True,1.0,0.0437
j562911,2,delay_tolerant,0.5183,0.0,7.7333,0.5,0.0,16,2,True,1.0,0.05
j562911,2,delay_tolerant,0.5183,0.0,7.7333,0.5,0.0,16,2,True,1.0,0.05
j563041,2,delay_tolerant,0.5183,0.0,7.7333,0.5,0.0,14,2,False,1.0,0.0
j563084,2,delay_tolerant,1.4067,0.0,10.5333,0.5,0.0,12,2,True,1.0,0.05
j563516,2,token_batch,1.475,1.0326,11.0,0.5,3790.803,14,1,True,1.0,0.05
j563583,2,delay_tolerant,0.7917,0.0,7.7333,0.5,0.0,21,2,True,1.0,0.05
j563583,2,delay_tolerant,0.5183,0.0,7.7333,0.5,0.0,19,2,False,1.0,0.0
j563734,2,delay_tolerant,0.5183,0.0,7.7333,0.5,0.0,10,2,True,1.0,0.05
j563998,2,delay_tolerant,1.3383,0.0,10.0667,0.5,0.0,22,2,False,1.0,0.0
j563998,2,delay_tolerant,0.5183,0.0,7.7333,0.5,0.0,14,2,False,1.0,0.0
j564888,2,delay_tolerant,1.2017,0.0,9.1333,0.5,0.0,12,2,False,1.0,0.0
j565831,2,delay_tolerant,0.5183,0.0,7.7333,0.5,0.0,16,2,True,1.0,0.0662
j565841,2,delay_tolerant,1.4067,0.0,10.5333,0.5,0.0,13,2,False,1.0,0.0
j565894,2,delay_tolerant,0.5183,0.0,7.7333,0.5,0.0,13,2,False,1.0,0.0
j566152,2,delay_tolerant,0.5183,0.0,7.7333,0.5,0.0,13,2,False,1.0,0.0
j566737,2,token_batch,1.475,0.8392,11.0,0.5,3874.352,23,1,True,1.0,0.05
j566759,2,delay_tolerant,0.86,0.0,7.7333,0.5,0.0,18,2,False,1.0,0.0
j567179,2,delay_tolerant,0.5183,0.0,7.7333,0.5,0.0,10,2,True,1.0,0.0219
j567198,2,token_batch,2.5,0.0,18.0,0.5,4519.985,12,1,False,1.0,0.0
j567198,2,token_batch,1.5433,0.0,11.4667,0.5,5143.509,10,1,False,1.0,0.0
j567198,2,delay_tolerant,1.1333,0.0,8.6667,0.5,0.0,10,2,True,1.0,0.05
j567198,2,delay_tolerant,1.3383,0.0,10.0667,0.5,0.0,5,2,True,1.0,0.05
j567198,2,delay_tolerant,0.5183,0.0,7.7333,0.5,0.0,5,2,True,1.0,0.05
j567488,2,delay_sensitive,0.5867,0.0,7.7333,0.5,0.0,3,3,False,1.0,0.0
j567488,2,delay_tolerant,0.9283,0.0,7.7333,0.5,0.0,15,2,False,1.0,0.0
j567875,2,delay_tolerant,1.27,0.0,9.6,0.5,0.0,21,2,True,1.0,0.05
j567875,2,token_batch,1.475,0.6082,11.0,0.5,3757.582,22,1,True,1.0,0.1703
j56793,2,delay_tolerant,0.86,0.0,7.7333,0.5,0.0,14,2,False,1.0,0.0
j56795,2,delay_tolerant,0.655,0.0,7.7333,0.5,0.0,6,2,True,1.0,0.05
j568552,2,delay_tolerant,1.065,0.0,8.2,0.5,0.0,15,2,True,1.0,0.05
j568552,2,delay_tolerant,0.5183,0.0,7.7333,0.5,0.0,14,2,True,1.0,0.05
j568761,2,delay_tolerant,0.5183,0.5103,7.7333,0.5,0.0,16,2,False,1.0,0.0
j569109,2,delay_tolerant,0.5183,0.0,7.7333,0.5,0.0,13,2,True,1.0,0.0771
j569344,2,delay_tolerant,0.5183,0.0,7.7333,0.5,0.0,5,2,True,1.0,0.0462
j569610,2,delay_tolerant,0.5183,0.0,7.7333,0.5,0.0,12,2,True,1.0,0.0891
j569776,2,delay_sensitive,0.5183,0.0,7.7333,0.5,0.0,3,3,False,1.0,0.0
j570655,2,delay_tolerant,1.27,0.0,9.6,0.5,0.0,15,2,True,1.0,0.0543
j57069,2,delay_tolerant,1.3383,0.0,10.0667,0.5,0.0,16,2,True,1.0,0.05
j570858,2,delay_tolerant,1.27,0.0,9.6,0.5,0.0,14,2,False,1.0,0.0
j571537,2,delay_tolerant,0.5183,0.0,7.7333,0.5,0.0,7,2,False,1.0,0.0
j571566,2,delay_tolerant,1.065,0.0,8.2,0.5,0.0,19,2,False,1.0,0.0
j572280,2,token_batch,1.475,0.7427,11.0,0.5,4126.751,20,1,True,1.0,0.05
j573102,2,delay_tolerant,0.5183,0.0,7.7333,0.5,0.0,5,2,False,1.0,0.0
j574163,2,delay_tolerant,0.7233,0.0,7.7333,0.5,0.0,16,2,False,1.0,0.0
j574284,2,token_batch,1.475,0.0,11.0,0.5,3685.205,12,1,True,1.0,0.1388
j574422,2,delay_tolerant,0.5183,0.0,7.7333,0.5,0.0,15,2,False,1.0,0.0
j574639,2,token_batch,1.9533,1.3913,14.2667,0.5,5266.872,6,1,False,1.0,0.0
j574639,2,delay_tolerant,1.27,0.0,9.6,0.5,0.0,5,2,True,1.0,0.05
j574639,2,token_batch,2.5,0.9585,18.0,0.5,4368.776,11,1,False,1.0,0.0
j574639,2,token_batch,1.475,0.5474,11.0,0.5,4025.688,10,1,True,1.0,0.1155
j574639,2,delay_tolerant,1.27,0.0,9.6,0.5,0.0,10,2,False,1.0,0.0
j574639,2,delay_tolerant,0.5183,0.0,7.7333,0.5,0.0,5,2,True,1.0,0.05
j574778,2,token_batch,2.5,0.0,18.0,0.5,4962.914,13,1,False,1.0,0.0
j574778,2,delay_tolerant,0.86,0.5166,7.7333,0.5,0.0,5,2,True,1.0,0.05
j574778,2,delay_tolerant,0.5867,0.0,7.7333,0.5,0.0,12,2,False,1.0,0.0
j574778,2,token_batch,1.7483,0.4113,12.8667,0.5,4710.088,12,1,True,1.0,0.05
j574778,2,token_batch,2.5,0.5917,18.0,0.5,4702.859,13,1,True,1.0,0.05
j574778,2,delay_tolerant,0.655,0.0,7.7333,0.5,0.0,12,2,False,1.0,0.0
j574923,2,delay_tolerant,0.9967,0.0,7.7333,0.5,0.0,17,2,False,1.0,0.0
j575271,2,delay_tolerant,0.7917,0.0,7.7333,0.5,0.0,12,2,True,1.0,0.05
j57546,2,delay_tolerant,0.9283,0.0,7.7333,0.5,0.0,13,2,True,1.0,0.0538
j575771,2,delay_tolerant,0.5183,0.0,7.7333,0.5,0.0,6,2,True,1.0,0.05
j57580,2,delay_tolerant,1.3383,0.0,10.0667,0.5,0.0,19,2,True,1.0,0.0289
j577233,2,delay_tolerant,1.4067,0.0,10.5333,0.5,0.0,22,2,False,1.0,0.0
j577244,2,delay_tolerant,0.5867,0.0,7.7333,0.5,0.0,12,2,True,1.0,0.05
j577902,2,token_batch,1.475,0.5899,11.0,0.5,4562.389,23,1,True,1.0,0.1217
j577902,2,delay_tolerant,0.5183,0.0,7.7333,0.5,0.0,22,2,True,1.0,0.0377
j578709,2,token_batch,1.475,0.9949,11.0,0.5,4543.612,16,1,True,1.0,0.05
j579018,2,delay_tolerant,0.655,0.0,7.7333,0.5,0.0,15,2,False,1.0,0.0
j579038,2,delay_tolerant,1.4067,0.0,10.5333,0.5,0.0,10,2,True,1.0,0.0699
j579038,2,delay_tolerant,0.7233,0.0,7.7333,0.5,0.0,5,2,False,1.0,0.0
j579660,2,token_batch,1.475,1.3892,11.0,0.5,4042.797,23,1,True,1.0,0.1295
j579716,2,delay_tolerant,1.1333,0.0,8.6667,0.5,0.0,22,2,True,1.0,0.0473
j580280,2,token_batch,1.885,1.1771,13.8,0.5,4043.167,9,1,False,1.0,0.0
j580280,2,delay_tolerant,0.86,0.0,7.7333,0.5,0.0,16,2,False,1.0,0.0
j581096,2,delay_tolerant,0.655,0.0,7.7333,0.5,0.0,14,2,True,1.0,0.0221
j582189,2,delay_tolerant,0.5867,0.0,7.7333,0.5,0.0,5,2,True,1.0,0.05
j582341,2,delay_tolerant,0.9967,0.0,7.7333,0.5,0.0,10,2,True,1.0,0.05
j582358,2,token_batch,1.885,0.7985,13.8,0.5,4279.14,18,1,True,1.0,0.1077
j582358,2,delay_tolerant,1.3383,0.0,10.0667,0.5,0.0,9,2,False,1.0,0.0
j582358,2,token_batch,2.0217,1.1103,14.7333,0.5,4771.234,9,1,True,1.0,0.05
j582358,2,token_batch,2.5,1.4194,18.0,0.5,4729.315,19,1,True,1.0,0.1696
j582358,2,token_batch,2.5,0.0,18.0,0.5,5420.05,19,1,False,1.0,0.0
j582979,2,delay_tolerant,1.065,0.0,8.2,0.5,0.0,13,2,False,1.0,0.0
j584015,2,delay_tolerant,0.7233,0.0,7.7333,0.5,0.0,5,2,False,1.0,0.0
j584015,2,token_batch,1.885,0.0,13.8,0.5,4936.645,10,1,False,1.0,0.0
j584112,2,token_batch,1.475,0.0,11.0,0.5,4029.495,15,1,True,1.0,0.16
j584755,2,delay_tolerant,0.5183,0.0,7.7333,0.5,0.0,5,2,True,1.0,0.026
j584817,2,delay_tolerant,1.2017,0.0,9.1333,0.5,0.0,22,2,True,1.0,0.05
j584817,2,delay_tolerant,1.1333,0.0,8.6667,0.5,0.0,21,2,True,1.0,0.05
j585459,2,token_batch,1.475,1.2186,11.0,0.5,3532.843,19,1,True,1.0,0.05
j586222,2,delay_tolerant,0.5183,0.0,7.7333,0.5,0.0,13,2,False,1.0,0.0
j586715,2,delay_tolerant,0.5183,0.0,7.7333,0.5,0.0,5,2,True,1.0,0.05
j58727,2,delay_tolerant,0.5183,0.0,7.7333,0.5,0.0,10,2,True,1.0,0.0728
j587407,2,delay_tolerant,1.1333,0.0,8.6667,0.5,0.0,22,2,True,1.0,0.067
j587407,2,token_batch,1.475,1.4965,11.0,0.5,3863.851,22,1,False,1.0,0.0
j587633,2,delay_tolerant,0.9283,0.0,7.7333,0.5,0.0,13,2,False,1.0,0.0
j588081,2,delay_tolerant,0.5183,0.0,7.7333,0.5,0.0,19,2,False,1.0,0.0
j589198,2,delay_tolerant,0.5183,0.0,7.7333,0.5,0.0,21,2,False,1.0,0.0
j58948,2,delay_tolerant,1.2017,0.0,9.1333,0.5,0.0,16,2,False,1.0,0.0
j589922,2,delay_tolerant,0.5183,0.0,7.7333,0.5,0.0,5,2,True,1.0,0.05
j589922,2,token_batch,1.475,0.8831,11.0,0.5,3888.575,13,1,True,1.0,0.05
j59065,2,delay_tolerant,0.7917,0.0,7.7333,0.5,0.0,9,2,False,1.0,0.0
j590656,2,delay_tolerant,1.065,0.0,8.2,0.5,0.0,9,2,False,1.0,0.0
j590656,2,delay_tolerant,1.2017,0.0,9.1333,0.5,0.0,10,2,False,1.0,0.0
j591503,2,delay_tolerant,0.5183,0.0,7.7333,0.5,0.0,5,2,False,1.0,0.0
j591588,2,token_batch,1.475,1.3248,11.0,0.5,4389.828,13,1,True,1.0,0.1471
j591628,2,token_batch,1.475,1.292,11.0,0.5,3511.026,15,1,False,1.0,0.0
j591628,2,delay_tolerant,0.9967,0.0,7.7333,0.5,0.0,15,2,False,1.0,0.0
j591890,2,token_batch,1.475,0.6751,11.0,0.5,4491.64,16,1,False,1.0,0.0
j592009,2,delay_tolerant,0.9283,0.0,7.7333,0.5,0.0,16,2,True,1.0,0.05
j592009,2,delay_tolerant,0.7917,0.0,7.7333,0.5,0.0,20,2,False,1.0,0.0
j593550,2,delay_tolerant,0.5183,0.0,7.7333,0.5,0.0,9,2,False,1.0,0.0
j593736,2,token_batch,1.475,0.0,11.0,0.5,3668.824,13,1,True,1.0,0.1536
j594396,2,token_batch,1.475,0.6507,11.0,0.5,4575.619,23,1,True,1.0,0.05
j59547,2,token_batch,1.475,1.4155,11.0,0.5,3859.517,20,1,False,1.0,0.0
j595474,2,delay_tolerant,1.2017,0.0,9.1333,0.5,0.0,16,2,False,1.0,0.0
j596632,2,token_batch,1.475,0.0,11.0,0.5,3762.082,18,1,True,1.0,0.1111
j596818,2,delay_tolerant,0.5867,0.0,7.7333,0.5,0.0,11,2,False,1.0,0.0
j597193,2,delay_tolerant,0.655,0.0,7.7333,0.5,0.0,7,2,False,1.0,0.0
j597193,2,token_batch,1.475,0.0,11.0,0.5,4209.745,12,1,True,1.0,0.0928
j597674,2,delay_tolerant,0.5183,0.0,7.7333,0.5,0.0,14,2,False,1.0,0.0
j597674,2,delay_tolerant,1.27,0.0,9.6,0.5,0.0,23,2,False,1.0,0.0
j598473,2,delay_tolerant,0.5183,0.0,7.7333,0.5,0.0,11,2,False,1.0,0.0
j599441,2,token_batch,1.6117,1.3522,11.9333,0.5,4182.053,19,1,True,1.0,0.1645
j600793,2,delay_tolerant,0.7917,0.2255,7.7333,0.5,0.0,12,2,False,1.0,0.0
j6011,2,delay_tolerant,0.86,0.2243,7.7333,0.5,0.0,13,2,False,1.0,0.0
j601766,2,delay_tolerant,0.5183,0.0,7.7333,0.5,0.0,10,2,False,1.0,0.0
j601792,2,delay_tolerant,0.86,0.0,7.7333,0.5,0.0,13,2,False,1.0,0.0
j601925,2,delay_tolerant,0.5183,0.0,7.7333,0.5,0.0,5,2,False,1.0,0.0
j602105,2,delay_tolerant,1.4067,0.0,10.5333,0.5,0.0,19,2,False,1.0,0.0
j602105,2,delay_tolerant,1.4067,0.0,10.5333,0.5,0.0,19,2,True,1.0,0.05
j602201,2,token_batch,2.5,1.0333,18.0,0.5,4417.782,14,1,True,1.0,0.05
j602201,2,token_batch,1.68,1.097,12.4,0.5,3947.727,7,1,True,1.0,0.1668
j602201,2,delay_tolerant,0.7233,0.0,7.7333,0.5,0.0,13,2,False,1.0,0.0
j602341,2,delay_tolerant,0.5183,0.0,7.7333,0.5,0.0,17,2,True,1.0,0.0407
j602571,2,token_batch,1.475,0.0,11.0,0.5,3577.991,23,1,True,1.0,0.1578
j602939,2,token_batch,1.475,0.463,11.0,0.5,3650.303,15,1,True,1.0,0.05
j602948,2,token_batch,1.475,1.0479,11.0,0.5,3637.633,9,1,True,1.0,0.05
j603232,2,delay_tolerant,1.4067,0.0,10.5333,0.5,0.0,19,2,True,1.0,0.068
j603319,2,delay_tolerant,0.9967,0.0,7.7333,0.5,0.0,15,2,True,1.0,0.0248
j604212,2,token_batch,1.475,1.1357,11.0,0.5,3446.679,13,1,False,1.0,0.0
j604212,2,delay_tolerant,1.2017,0.0,9.1333,0.5,0.0,12,2,False,1.0,0.0
j60466,2,delay_sensitive,0.5183,0.0,7.7333,0.5,0.0,3,3,False,1.0,0.0
j604708,2,delay_tolerant,0.5183,0.0,7.7333,0.5,0.0,12,2,True,1.0,0.05
j605890,2,token_batch,1.475,0.9588,11.0,0.5,4628.102,14,1,True,1.0,0.05
j607136,2,delay_tolerant,0.7917,0.0,7.7333,0.5,0.0,18,2,True,1.0,0.05
j60736,2,delay_tolerant,0.5183,0.0,7.7333,0.5,0.0,5,2,True,1.0,0.05
j60736,2,delay_tolerant,0.5183,0.0,7.7333,0.5,0.0,5,2,False,1.0,0.0
j60736,2,token_batch,1.475,0.0,11.0,0.5,3756.114,9,1,False,1.0,0.0
j607419,2,delay_tolerant,0.5183,0.0,7.7333,0.5,0.0,20,2,False,1.0,0.0
j607419,2,delay_tolerant,1.1333,0.0,8.6667,0.5,0.0,21,2,False,1.0,0.0
j607419,2,token_batch,1.475,0.0,11.0,0.5,4543.11,22,1,False,1.0,0.0
j60818,2,delay_tolerant,1.4067,0.0,10.5333,0.5,0.0,13,2,False,1.0,0.0
j610168,2,token_batch,1.475,0.4984,11.0,0.5,3728.823,23,1,True,1.0,0.1671
j610179,2,token_batch,1.475,1.0293,11.0,0.5,3676.724,15,1,True,1.0,0.1953
j610179,2,token_batch,1.475,0.0,11.0,0.5,3580.865,15,1,True,1.0,0.1754
j610528,2,token_batch,2.5,0.7631,18.0,0.5,5600.607,19,1,True,1.0,0.05
j611428,2,token_batch,2.5,1.0559,18.0,0.5,4542.26,9,1,False,1.0,0.0
j6120,2,delay_tolerant,0.7917,0.0,7.7333,0.5,0.0,19,2,False,1.0,0.0
j61216,2,token_batch,2.5,0.0,18.0,0.5,4851.442,16,1,False,1.0,0.0
j61216,2,token_batch,2.5,0.6136,18.0,0.5,5144.893,16,1,True,1.0,0.05
j612805,2,delay_sensitive,0.5183,0.0,7.7333,0.5,0.0,3,3,False,1.0,0.0
j612805,2,token_batch,1.475,1.2275,11.0,0.5,3862.162,12,1,False,1.0,0.0
j612946,2,token_batch,1.6117,1.2114,11.9333,0.5,4759.687,18,1,False,1.0,0.0
j612946,2,token_batch,1.68,0.0,12.4,0.5,4264.669,18,1,False,1.0,0.0
j615445,2,token_batch,2.5,0.6455,18.0,0.5,4478.979,17,1,False,1.0,0.0
j616590,2,token_batch,1.475,0.6495,11.0,0.5,3923.053,14,1,True,1.0,0.1503
j61690,2,delay_tolerant,1.27,0.4213,9.6,0.5,0.0,20,2,True,1.0,0.05
j617611,2,delay_tolerant,0.5867,0.0,7.7333,0.5,0.0,5,2,False,1.0,0.0
j617953,2,delay_tolerant,0.655,0.0,7.7333,0.5,0.0,16,2,True,1.0,0.05
j61837,2,delay_tolerant,1.2017,0.0,9.1333,0.5,0.0,19,2,True,1.0,0.05
j618890,2,token_batch,1.475,0.0,11.0,0.5,4008.905,23,1,True,1.0,0.117
j619025,2,token_batch,1.475,0.0,11.0,0.5,3658.968,16,1,False,1.0,0.0
j619560,2,delay_tolerant,0.9283,0.0,7.7333,0.5,0.0,20,2,False,1.0,0.0
j619700,2,token_batch,1.475,0.0,11.0,0.5,3814.135,9,1,False,1.0,0.0
j619700,2,delay_tolerant,0.5867,0.0,7.7333,0.5,0.0,5,2,False,1.0,0.0
j620208,2,token_batch,1.475,1.1921,11.0,0.5,4491.742,15,1,False,1.0,0.0
j620208,2,delay_sensitive,0.5183,0.0,7.7333,0.5,0.0,3,3,False,1.0,0.0
j620706,2,delay_tolerant,0.655,0.0,7.7333,0.5,0.0,9,2,False,1.0,0.0
j620936,2,token_batch,1.475,0.6312,11.0,0.5,4508.11,20,1,True,1.0,0.05
j621032,2,delay_tolerant,0.9967,0.0,7.7333,0.5,0.0,20,2,False,1.0,0.0
j62128,2,delay_tolerant,1.27,0.0,9.6,0.5,0.0,22,2,False,1.0,0.0
j621775,2,delay_tolerant,0.7233,0.2115,7.7333,0.5,0.0,5,2,False,1.0,0.0
j622257,2,token_batch,1.475,1.1323,11.0,0.5,4600.291,9,1,False,1.0,0.0
j622257,2,delay_tolerant,0.5183,0.0,7.7333,0.5,0.0,5,2,True,1.0,0.05
j622693,2,delay_tolerant,0.5183,0.0,7.7333,0.5,0.0,19,2,True,1.0,0.05
j622945,2,token_batch,1.475,1.1555,11.0,0.5,4500.35,20,1,True,1.0,0.1308
j623830,2,delay_tolerant,1.065,0.0,8.2,0.5,0.0,23,2,False,1.0,0.0
j623988,2,delay_tolerant,1.1333,0.0,8.6667,0.5,0.0,22,2,False,1.0,0.0
j624245,2,delay_tolerant,0.5183,0.0,7.7333,0.5,0.0,11,2,False,1.0,0.0
j624421,2,token_batch,1.475,1.1099,11.0,0.5,3555.8,9,1,True,1.0,0.05
j625279,2,delay_tolerant,0.9967,0.0,7.7333,0.5,0.0,21,2,False,1.0,0.0
j625930,2,delay_tolerant,0.5183,0.0,7.7333,0.5,0.0,5,2,False,1.0,0.0
j625950,2,token_batch,1.475,0.9806,11.0,0.5,3645.192,23,1,True,1.0,0.05
j626324,2,token_batch,1.475,0.0,11.0,0.5,3620.777,14,1,False,1.0,0.0
j627342,2,delay_tolerant,1.27,0.0,9.6,0.5,0.0,13,2,False,1.0,0.0
j627453,2,token_batch,1.475,1.3549,11.0,0.5,3839.666,19,1,True,1.0,0.1371
j6278,2,token_batch,1.475,1.3544,11.0,0.5,4545.477,18,1,True,1.0,0.1084
j628163,2,delay_tolerant,0.9967,0.0,7.7333,0.5,0.0,21,2,True,1.0,0.05
j62998,2,delay_tolerant,0.5183,0.0,7.7333,0.5,0.0,5,2,True,1.0,0.0964
j630352,2,delay_tolerant,0.9967,0.0,7.7333,0.5,0.0,13,2,False,1.0,0.0
j63099,2,delay_tolerant,1.1333,0.0,8.6667,0.5,0.0,19,2,False,1.0,0.0
j63099,2,delay_tolerant,1.065,0.0,8.2,0.5,0.0,19,2,False,1.0,0.0
j631846,2,delay_tolerant,1.4067,0.0,10.5333,0.5,0.0,10,2,True,1.0,0.05
j631846,2,delay_tolerant,0.5183,0.0,7.7333,0.5,0.0,5,2,False,1.0,0.0
j631846,2,delay_tolerant,0.5183,0.0,7.7333,0.5,0.0,11,2,False,1.0,0.0
j631934,2,delay_tolerant,1.27,0.0,9.6,0.5,0.0,16,2,True,1.0,0.05
j632111,2,delay_tolerant,0.5183,0.0,7.7333,0.5,0.0,16,2,True,1.0,0.05
j632111,2,delay_tolerant,1.065,0.0,8.2,0.5,0.0,22,2,False,1.0,0.0
j632111,2,delay_tolerant,1.065,0.0,8.2,0.5,0.0,21,2,True,1.0,0.0601
j632111,2,token_batch,1.9533,0.6916,14.2667,0.5,5312.243,21,1,False,1.0,0.0
j632111,2,delay_tolerant,1.065,0.0,8.2,0.5,0.0,21,2,False,1.0,0.0
j633171,2,delay_sensitive,0.5183,0.0,7.7333,0.5,0.0,3,3,False,1.0,0.0
j633223,2,delay_tolerant,0.5183,0.0,7.7333,0.5,0.0,5,2,False,1.0,0.0
j633683,2,delay_tolerant,0.9967,0.0,7.7333,0.5,0.0,22,2,False,1.0,0.0
j633683,2,delay_tolerant,0.5867,0.0,7.7333,0.5,0.0,14,2,True,1.0,0.05
j633972,2,delay_tolerant,0.86,0.0,7.7333,0.5,0.0,16,2,True,1.0,0.05
j634335,2,token_batch,1.475,0.5203,11.0,0.5,3858.756,10,1,True,1.0,0.05
j634335,2,delay_tolerant,0.5183,0.0,7.7333,0.5,0.0,5,2,False,1.0,0.0
j63451,2,token_batch,1.475,0.8473,11.0,0.5,3902.714,13,1,True,1.0,0.103
j635176,2,delay_tolerant,0.7233,0.0,7.7333,0.5,0.0,5,2,False,1.0,0.0
j636103,2,token_batch,1.475,1.478,11.0,0.5,4479.126,12,1,True,1.0,0.0835
j636103,2,delay_tolerant,1.2017,0.0,9.1333,0.5,0.0,12,2,False,1.0,0.0
j636219,2,delay_tolerant,1.1333,0.0,8.6667,0.5,0.0,22,2,True,1.0,0.05
j636279,2,delay_tolerant,0.86,0.0,7.7333,0.5,0.0,12,2,False,1.0,0.0
j636800,2,token_batch,1.475,0.5139,11.0,0.5,3583.072,20,1,True,1.0,0.171
j637602,2,delay_tolerant,1.1333,0.0,8.6667,0.5,0.0,9,2,False,1.0,0.0
j637602,2,token_batch,1.475,1.2018,11.0,0.5,3931.816,9,1,True,1.0,0.05
j637930,2,delay_tolerant,0.5867,0.3748,7.7333,0.5,0.0,12,2,True,1.0,0.05
j637930,2,delay_tolerant,1.2017,0.0,9.1333,0.5,0.0,14,2,True,1.0,0.05
j63916,2,delay_tolerant,0.5867,0.3857,7.7333,0.5,0.0,5,2,True,1.0,0.0647
j63916,2,delay_tolerant,0.5183,0.0,7.7333,0.5,0.0,5,2,False,1.0,0.0
j63916,2,delay_sensitive,0.5183,0.0,7.7333,0.5,0.0,3,3,False,1.0,0.0
j639698,2,token_batch,1.475,0.5808,11.0,0.5,4131.769,16,1,True,1.0,0.05
j639780,2,delay_tolerant,0.5183,0.0,7.7333,0.5,0.0,14,2,False,1.0,0.0
j639780,2,delay_tolerant,0.5183,0.0,7.7333,0.5,0.0,5,2,False,1.0,0.0
j639780,2,token_batch,2.5,0.5858,18.0,0.5,4548.497,14,1,True,1.0,0.1994
j639954,2,delay_tolerant,0.9283,0.0,7.7333,0.5,0.0,19,2,True,1.0,0.05
j639954,2,delay_tolerant,1.2017,0.0,9.1333,0.5,0.0,19,2,False,1.0,0.0
j640381,2,token_batch,1.475,1.1873,11.0,0.5,3678.832,11,1,False,1.0,0.0
j640491,2,delay_tolerant,0.7233,0.0,7.7333,0.5,0.0,23,2,True,1.0,0.0613
j64118,2,token_batch,1.68,0.0,12.4,0.5,4447.491,6,1,False,1.0,0.0
j64118,2,delay_tolerant,0.7233,0.0,7.7333,0.5,0.0,21,2,False,1.0,0.0
j64118,2,delay_tolerant,0.7917,0.0,7.7333,0.5,0.0,21,2,True,1.0,0.05
j641465,2,delay_tolerant,0.5183,0.0,7.7333,0.5,0.0,12,2,True,1.0,0.0526
j641465,2,token_batch,1.475,1.0447,11.0,0.5,4005.943,16,1,True,1.0,0.1085
j641791,2,delay_tolerant,0.5183,0.0,7.7333,0.5,0.0,10,2,True,1.0,0.0923
j641791,2,delay_tolerant,0.5183,0.0,7.7333,0.5,0.0,5,2,False,1.0,0.0
j641847,2,delay_tolerant,1.4067,0.0,10.5333,0.5,0.0,5,2,False,1.0,0.0
j642591,2,token_batch,1.475,0.0,11.0,0.5,3836.89,11,1,False,1.0,0.0
j643652,2,token_batch,1.475,0.0,11.0,0.5,4512.929,23,1,False,1.0,0.0
j643652,2,delay_tolerant,0.5183,0.0,7.7333,0.5,0.0,5,2,False,1.0,0.0
j643961,2,token_batch,1.475,0.7894,11.0,0.5,4352.631,13,1,True,1.0,0.05
j644131,2,delay_tolerant,0.5183,0.0,7.7333,0.5,0.0,5,2,False,1.0,0.0
j644131,2,delay_tolerant,0.655,0.0,7.7333,0.5,0.0,9,2,False,1.0,0.0
j644866,2,token_batch,1.475,0.466,11.0,0.5,3784.99,16,1,True,1.0,0.1599
j64496,2,delay_tolerant,0.9283,0.0,7.7333,0.5,0.0,15,2,False,1.0,0.0
j644980,2,token_batch,1.475,0.0,11.0,0.5,3644.761,19,1,True,1.0,0.0901
j645302,2,token_batch,1.475,0.823,11.0,0.5,4340.987,9,1,True,1.0,0.1458
j645781,2,token_batch,2.5,0.0,18.0,0.5,5106.645,10,1,False,1.0,0.0
j646346,2,token_batch,1.475,1.0732,11.0,0.5,3664.081,11,1,False,1.0,0.0
j646346,2,delay_tolerant,1.2017,0.0,9.1333,0.5,0.0,10,2,True,1.0,0.05
j646464,2,token_batch,2.5,0.81,18.0,0.5,4400.479,7,1,True,1.0,0.1189
j646551,2,token_batch,1.475,0.7043,11.0,0.5,4066.847,13,1,False,1.0,0.0
j647340,2,delay_tolerant,0.5183,0.0,7.7333,0.5,0.0,6,2,True,1.0,0.05
j647340,2,delay_tolerant,0.5183,0.0,7.7333,0.5,0.0,12,2,True,1.0,0.05
j647340,2,token_batch,1.6117,0.7339,11.9333,0.5,4930.292,18,1,False,1.0,0.0
j647340,2,delay_tolerant,1.1333,0.0,8.6667,0.5,0.0,18,2,True,1.0,0.0568
j647340,2,token_batch,1.7483,0.0,12.8667,0.5,4722.94,18,1,True,1.0,0.1628
j647340,2,delay_tolerant,0.5183,0.0,7.7333,0.5,0.0,9,2,False,1.0,0.0
j647340,2,token_batch,1.68,0.4867,12.4,0.5,5043.118,16,1,True,1.0,0.1429
j647340,2,delay_tolerant,0.655,0.0,7.7333,0.5,0.0,12,2,False,1.0,0.0
j647503,2,delay_tolerant,1.1333,0.0,8.6667,0.5,0.0,13,2,False,1.0,0.0
j647718,2,token_batch,1.475,0.8881,11.0,0.5,4417.875,10,1,False,1.0,0.0
j648160,2,delay_tolerant,0.5183,0.0,7.7333,0.5,0.0,12,2,True,1.0,0.0305
j648856,2,delay_tolerant,0.5867,0.0,7.7333,0.5,0.0,12,2,False,1.0,0.0
j649858,2,delay_tolerant,0.7917,0.5971,7.7333,0.5,0.0,14,2,True,1.0,0.05
j651201,2,token_batch,1.475,1.4397,11.0,0.5,4122.759,11,1,True,1.0,0.1667
j651465,2,delay_tolerant,1.1333,0.0,8.6667,0.5,0.0,19,2,False,1.0,0.0
j651592,2,delay_tolerant,0.86,0.0,7.7333,0.5,0.0,15,2,True,1.0,0.05
j652139,2,token_batch,1.8167,1.4201,13.3333,0.5,4287.027,6,1,True,1.0,0.05
j652139,2,delay_tolerant,1.065,0.0,8.2,0.5,0.0,18,2,True,1.0,0.05
j652139,2,delay_tolerant,0.9967,0.0,7.7333,0.5,0.0,17,2,False,1.0,0.0
j652139,2,token_batch,1.6117,0.802,11.9333,0.5,5150.043,17,1,False,1.0,0.0
j652751,2,delay_tolerant,0.7917,0.0,7.7333,0.5,0.0,19,2,False,1.0,0.0
j652961,2,delay_tolerant,1.4067,0.0,10.5333,0.5,0.0,15,2,True,1.0,0.05
j655655,2,token_batch,1.475,0.0,11.0,0.5,3849.663,13,1,False,1.0,0.0
j656679,2,delay_tolerant,1.3383,0.0,10.0667,0.5,0.0,19,2,True,1.0,0.05
j656759,2,delay_tolerant,0.5867,0.0,7.7333,0.5,0.0,12,2,False,1.0,0.0
j656759,2,token_batch,1.475,0.0,11.0,0.5,3824.147,17,1,False,1.0,0.0
j656803,2,delay_tolerant,1.3383,0.0,10.0667,0.5,0.0,11,2,False,1.0,0.0
j656803,2,delay_tolerant,0.655,0.0,7.7333,0.5,0.0,7,2,False,1.0,0.0
j656847,2,delay_tolerant,1.1333,0.0,8.6667,0.5,0.0,15,2,False,1.0,0.0
j656948,2,delay_tolerant,0.7917,0.0,7.7333,0.5,0.0,9,2,False,1.0,0.0
j65714,2,token_batch,1.475,0.9785,11.0,0.5,3637.407,16,1,True,1.0,0.132
j657213,2,delay_tolerant,0.5867,0.0,7.7333,0.5,0.0,5,2,True,1.0,0.05
j65804,2,delay_tolerant,0.7233,0.0,7.7333,0.5,0.0,22,2,True,1.0,0.05
j658611,2,delay_tolerant,0.5183,0.0,7.7333,0.5,0.0,18,2,True,1.0,0.0218
j658611,2,token_batch,2.5,0.9641,18.0,0.5,4906.267,19,1,True,1.0,0.05
j658621,2,delay_tolerant,0.5183,0.0,7.7333,0.5,0.0,5,2,True,1.0,0.05
j658891,2,token_batch,1.475,0.9168,11.0,0.5,3452.752,16,1,True,1.0,0.1248
j659101,2,delay_sensitive,0.5183,0.0,7.7333,0.5,0.0,3,3,False,1.0,0.0
j659206,2,delay_tolerant,0.7233,0.0,7.7333,0.5,0.0,12,2,True,1.0,0.05
j659280,2,delay_tolerant,0.5183,0.0,7.7333,0.5,0.0,5,2,True,1.0,0.071
j65958,2,token_batch,2.5,0.0,18.0,0.5,5597.345,22,1,True,1.0,0.1167
j659635,2,delay_tolerant,0.9967,0.0,7.7333,0.5,0.0,12,2,False,1.0,0.0
j659980,2,delay_tolerant,1.27,0.0,9.6,0.5,0.0,15,2,False,1.0,0.0
j659980,2,delay_tolerant,0.7233,0.0,7.7333,0.5,0.0,12,2,False,1.0,0.0
j660169,2,token_batch,2.1583,0.8036,15.6667,0.5,4122.643,12,1,True,1.0,0.05
j660169,2,token_batch,2.0217,0.0,14.7333,0.5,4726.411,10,1,True,1.0,0.1733
j660529,2,delay_tolerant,0.5867,0.0,7.7333,0.5,0.0,22,2,False,1.0,0.0
j660529,2,token_batch,1.475,0.8178,11.0,0.5,3878.964,22,1,True,1.0,0.05
j66091,2,delay_tolerant,1.3383,0.0,10.0667,0.5,0.0,16,2,True,1.0,0.05
j661368,2,delay_sensitive,0.5183,0.0,7.7333,0.5,0.0,3,3,False,1.0,0.0
j662254,2,delay_tolerant,1.3383,0.0,10.0667,0.5,0.0,16,2,False,1.0,0.0
j662254,2,delay_tolerant,0.7917,0.0,7.7333,0.5,0.0,5,2,False,1.0,0.0
j662933,2,token_batch,1.475,0.0,11.0,0.5,3603.594,9,1,True,1.0,0.1236
j662933,2,token_batch,1.475,0.0,11.0,0.5,3897.481,9,1,False,1.0,0.0
j662933,2,token_batch,1.475,0.0,11.0,0.5,4620.499,9,1,False,1.0,0.0
j663018,2,delay_tolerant,0.655,0.0,7.7333,0.5,0.0,14,2,False,1.0,0.0
j66313,2,token_batch,1.475,0.0,11.0,0.5,4573.135,23,1,False,1.0,0.0
j663238,2,token_batch,1.475,0.4453,11.0,0.5,4090.953,16,1,False,1.0,0.0
j664046,2,delay_tolerant,0.7233,0.0,7.7333,0.5,0.0,19,2,True,1.0,0.0737
j664086,2,delay_tolerant,0.9283,0.0,7.7333,0.5,0.0,5,2,True,1.0,0.0258
j66431,2,delay_tolerant,1.2017,0.0,9.1333,0.5,0.0,12,2,False,1.0,0.0
j665368,2,delay_tolerant,1.2017,0.0,9.1333,0.5,0.0,15,2,True,1.0,0.0775
j665368,2,token_batch,1.475,1.2425,11.0,0.5,4544.411,15,1,True,1.0,0.0919
j665640,2,delay_tolerant,0.5183,0.0,7.7333,0.5,0.0,5,2,True,1.0,0.05
j667393,2,delay_tolerant,1.1333,0.0,8.6667,0.5,0.0,13,2,False,1.0,0.0
j667697,2,delay_tolerant,0.5867,0.0,7.7333,0.5,0.0,15,2,True,1.0,0.05
j668091,2,delay_tolerant,0.9283,0.4332,7.7333,0.5,0.0,22,2,True,1.0,0.05
j668752,2,token_batch,1.475,1.1888,11.0,0.5,3830.752,12,1,True,1.0,0.05
j668782,2,delay_tolerant,1.4067,0.0,10.5333,0.5,0.0,16,2,False,1.0,0.0
j668902,2,delay_tolerant,1.27,0.0,9.6,0.5,0.0,12,2,False,1.0,0.0
j668902,2,token_batch,1.475,0.0,11.0,0.5,4473.145,12,1,True,1.0,0.1361
j670629,2,delay_tolerant,0.5867,0.0,7.7333,0.5,0.0,5,2,False,1.0,0.0
j670735,2,delay_tolerant,1.4067,0.0,10.5333,0.5,0.0,20,2,False,1.0,0.0
j671721,2,delay_tolerant,0.5183,0.0,7.7333,0.5,0.0,9,2,True,1.0,0.05
j672064,2,delay_tolerant,0.7917,0.0,7.7333,0.5,0.0,7,2,True,1.0,0.05
j672090,2,delay_sensitive,0.5183,0.0,7.7333,0.5,0.0,3,3,False,1.0,0.0
j67276,2,delay_tolerant,1.065,0.0,8.2,0.5,0.0,18,2,False,1.0,0.0
j67276,2,token_batch,1.68,0.0,12.4,0.5,4736.9,9,1,True,1.0,0.0899
j673045,2,token_batch,1.475,1.2963,11.0,0.5,4538.049,16,1,True,1.0,0.1376
j673111,2,delay_tolerant,0.5867,0.0,7.7333,0.5,0.0,13,2,True,1.0,0.0906
j674111,2,token_batch,1.475,0.8565,11.0,0.5,3465.984,11,1,True,1.0,0.1204
j674963,2,token_batch,1.475,0.0,11.0,0.5,3427.945,12,1,True,1.0,0.1681
j675086,2,token_batch,1.475,0.962,11.0,0.5,4277.855,11,1,True,1.0,0.1004
j675710,2,token_batch,1.475,0.5562,11.0,0.5,4218.991,19,1,True,1.0,0.05
j675710,2,delay_tolerant,0.86,0.0,7.7333,0.5,0.0,16,2,False,1.0,0.0
j676835,2,token_batch,1.475,0.904,11.0,0.5,4632.333,11,1,True,1.0,0.05
j678779,2,delay_tolerant,1.4067,0.0,10.5333,0.5,0.0,10,2,False,1.0,0.0
j679036,2,delay_tolerant,0.5183,0.0,7.7333,0.5,0.0,5,2,False,1.0,0.0
j679221,2,delay_tolerant,0.5183,0.0,7.7333,0.5,0.0,16,2,False,1.0,0.0
j679669,2,delay_tolerant,0.5867,0.0,7.7333,0.5,0.0,20,2,True,1.0,0.05
j679837,2,delay_tolerant,0.7233,0.0,7.7333,0.5,0.0,22,2,False,1.0,0.0
j68026,2,token_batch,1.475,1.0804,11.0,0.5,3627.965,20,1,True,1.0,0.05
j68034,2,token_batch,1.475,1.4927,11.0,0.5,3676.561,20,1,False,1.0,0.0
j680424,2,token_batch,1.475,1.4235,11.0,0.5,4136.84,14,1,False,1.0,0.0
j681293,2,delay_tolerant,0.7917,0.0,7.7333,0.5,0.0,14,2,False,1.0,0.0
j681788,2,delay_tolerant,1.065,0.0,8.2,0.5,0.0,15,2,True,1.0,0.05
j68280,2,token_batch,1.475,1.3569,11.0,0.5,4053.593,16,1,False,1.0,0.0
j683116,2,token_batch,2.2267,1.3789,16.1333,0.5,4207.313,19,1,True,1.0,0.05
j683971,2,delay_tolerant,0.7233,0.0,7.7333,0.5,0.0,17,2,True,1.0,0.05
j684230,2,delay_tolerant,0.5183,0.0,7.7333,0.5,0.0,12,2,False,1.0,0.0
j684230,2,token_batch,1.475,0.0,11.0,0.5,3984.785,12,1,True,1.0,0.1512
j684562,2,delay_tolerant,1.4067,0.0,10.5333,0.5,0.0,19,2,False,1.0,0.0
j684620,2,token_batch,2.5,1.47,18.0,0.5,4765.822,22,1,False,1.0,0.0
j686100,2,token_batch,1.475,0.0,11.0,0.5,3855.003,22,1,False,1.0,0.0
j686153,2,token_batch,1.475,0.7014,11.0,0.5,3644.155,17,1,True,1.0,0.05
j686153,2,token_batch,1.475,0.0,11.0,0.5,3704.219,17,1,False,1.0,0.0
j686167,2,token_batch,1.475,1.3735,11.0,0.5,3577.215,21,1,False,1.0,0.0
j686167,2,token_batch,1.475,1.0543,11.0,0.5,3590.145,22,1,True,1.0,0.05
j686167,2,delay_tolerant,0.5183,0.0,7.7333,0.5,0.0,16,2,True,1.0,0.05
j686537,2,delay_tolerant,1.27,0.0,9.6,0.5,0.0,18,2,False,1.0,0.0
j686866,2,token_batch,2.5,1.4817,18.0,0.5,5002.222,12,1,False,1.0,0.0
j687203,2,delay_tolerant,0.5183,0.0,7.7333,0.5,0.0,14,2,True,1.0,0.0599
j688112,2,delay_tolerant,0.5183,0.0,7.7333,0.5,0.0,5,2,True,1.0,0.0667
j688112,2,delay_tolerant,1.1333,0.0,8.6667,0.5,0.0,12,2,False,1.0,0.0
j688530,2,delay_tolerant,0.5183,0.0,7.7333,0.5,0.0,5,2,True,1.0,0.05
j688577,2,delay_tolerant,0.5183,0.0,7.7333,0.5,0.0,5,2,True,1.0,0.05
j68893,2,delay_sensitive,0.5183,0.0,7.7333,0.5,0.0,3,3,False,1.0,0.0
j68893,2,token_batch,2.5,0.5502,18.0,0.5,5431.106,15,1,True,1.0,0.05
j689012,2,token_batch,1.475,0.7055,11.0,0.5,3518.477,13,1,True,1.0,0.05
j689012,2,delay_tolerant,0.9283,0.0,7.7333,0.5,0.0,13,2,False,1.0,0.0
j689012,2,token_batch,1.475,0.8722,11.0,0.5,4499.74,13,1,True,1.0,0.1416
j689338,2,delay_tolerant,0.5183,0.0,7.7333,0.5,0.0,18,2,False,1.0,0.0
j689806,2,token_batch,1.475,1.4796,11.0,0.5,4614.702,10,1,False,1.0,0.0
j690077,2,token_batch,2.5,0.0,18.0,0.5,4814.634,15,1,True,1.0,0.0811
j690077,2,token_batch,2.5,1.442,18.0,0.5,4619.892,7,1,True,1.0,0.05
j690419,2,token_batch,1.475,1.2516,11.0,0.5,4275.83,15,1,True,1.0,0.1067
j690763,2,delay_tolerant,0.86,0.0,7.7333,0.5,0.0,18,2,True,1.0,0.05
j69088,2,delay_tolerant,0.5183,0.2687,7.7333,0.5,0.0,14,2,True,1.0,0.0324
j69088,2,delay_tolerant,0.5183,0.0,7.7333,0.5,0.0,5,2,False,1.0,0.0
j69088,2,delay_tolerant,0.9283,0.0,7.7333,0.5,0.0,19,2,True,1.0,0.05
j69088,2,delay_tolerant,0.86,0.0,7.7333,0.5,0.0,17,2,True,1.0,0.05
j691496,2,token_batch,1.475,0.0,11.0,0.5,3528.573,22,1,True,1.0,0.1009
j691496,2,delay_tolerant,0.5183,0.0,7.7333,0.5,0.0,5,2,False,1.0,0.0
j692127,2,token_batch,2.5,0.0,18.0,0.5,5188.271,12,1,True,1.0,0.181
j692958,2,delay_tolerant,0.5183,0.0,7.7333,0.5,0.0,20,2,True,1.0,0.0723
j69331,2,token_batch,1.5433,0.0,11.4667,0.5,5062.281,16,1,True,1.0,0.18
j693560,2,delay_tolerant,1.2017,0.0,9.1333,0.5,0.0,13,2,False,1.0,0.0
j69433,2,delay_tolerant,0.9283,0.0,7.7333,0.5,0.0,17,2,True,1.0,0.05
j694512,2,token_batch,1.475,1.0697,11.0,0.5,4522.384,18,1,False,1.0,0.0
j694818,2,token_batch,2.5,1.1875,18.0,0.5,4585.283,22,1,False,1.0,0.0
j694818,2,delay_tolerant,0.5183,0.0,7.7333,0.5,0.0,22,2,True,1.0,0.0227
j694818,2,delay_tolerant,1.1333,0.0,8.6667,0.5,0.0,5,2,True,1.0,0.0266
j695726,2,delay_tolerant,0.86,0.0,7.7333,0.5,0.0,7,2,False,1.0,0.0
j696659,2,token_batch,1.475,1.3125,11.0,0.5,3913.396,13,1,True,1.0,0.05
j697959,2,token_batch,1.475,1.2449,11.0,0.5,4165.843,22,1,True,1.0,0.1125
j697959,2,token_batch,1.475,1.3498,11.0,0.5,3798.062,22,1,True,1.0,0.1034
j699108,2,delay_tolerant,0.5183,0.0,7.7333,0.5,0.0,13,2,True,1.0,0.0578
j699108,2,delay_tolerant,0.5183,0.0,7.7333,0.5,0.0,13,2,False,1.0,0.0
j699108,2,delay_tolerant,0.7917,0.0,7.7333,0.5,0.0,5,2,False,1.0,0.0
j699131,2,delay_tolerant,0.7233,0.0,7.7333,0.5,0.0,5,2,False,1.0,0.0
j699131,2,delay_tolerant,0.655,0.0,7.7333,0.5,0.0,16,2,True,1.0,0.05
j699742,2,token_batch,1.475,0.5228,11.0,0.5,4300.453,13,1,False,1.0,0.0
j699834,2,delay_tolerant,1.3383,0.0,10.0667,0.5,0.0,16,2,False,1.0,0.0
j699834,2,delay_tolerant,0.5183,0.0,7.7333,0.5,0.0,9,2,False,1.0,0.0
j699867,2,delay_tolerant,1.2017,0.0,9.1333,0.5,0.0,22,2,False,1.0,0.0
j69988,2,delay_tolerant,0.7917,0.0,7.7333,0.5,0.0,16,2,True,1.0,0.05
j700880,2,token_batch,2.5,0.8624,18.0,0.5,4247.016,19,1,True,1.0,0.05
j700880,2,token_batch,2.0217,0.0,14.7333,0.5,4715.024,14,1,False,1.0,0.0
j702564,2,token_batch,1.475,0.8788,11.0,0.5,3437.05,18,1,True,1.0,0.1114
j702776,2,token_batch,2.5,0.638,18.0,0.5,4528.347,22,1,True,1.0,0.05
j70341,2,delay_tolerant,0.86,0.0,7.7333,0.5,0.0,5,2,True,1.0,0.05
j70341,2,token_batch,2.5,1.2398,18.0,0.5,5538.867,22,1,True,1.0,0.05
j70341,2,delay_tolerant,0.5183,0.4203,7.7333,0.5,0.0,21,2,True,1.0,0.0338
j70341,2,token_batch,2.5,1.1124,18.0,0.5,4997.292,22,1,True,1.0,0.05
j70341,2,delay_tolerant,0.5183,0.0,7.7333,0.5,0.0,22,2,True,1.0,0.05
j704589,2,token_batch,1.475,0.0,11.0,0.5,3425.089,16,1,False,1.0,0.0
j704589,2,token_batch,1.475,0.0,11.0,0.5,3804.552,16,1,False,1.0,0.0
j704732,2,delay_tolerant,1.065,0.0,8.2,0.5,0.0,18,2,False,1.0,0.0
j704764,2,delay_tolerant,0.5183,0.0,7.7333,0.5,0.0,21,2,False,1.0,0.0
j704899,2,token_batch,2.5,0.5511,18.0,0.5,5360.819,10,1,True,1.0,0.05
j704899,2,token_batch,2.5,0.7946,18.0,0.5,4579.311,6,1,False,1.0,0.0
j705296,2,delay_tolerant,1.065,0.0,8.2,0.5,0.0,10,2,False,1.0,0.0
j705389,2,token_batch,1.475,0.6894,11.0,0.5,4537.619,13,1,True,1.0,0.05
j705508,2,delay_tolerant,0.9967,0.0,7.7333,0.5,0.0,10,2,False,1.0,0.0
j705526,2,delay_tolerant,0.5183,0.0,7.7333,0.5,0.0,15,2,False,1.0,0.0
j705970,2,delay_tolerant,1.3383,0.0,10.0667,0.5,0.0,13,2,True,1.0,0.0323
j70599,2,token_batch,2.5,0.8508,18.0,0.5,5281.636,12,1,True,1.0,0.05
j706544,2,token_batch,2.5,1.4589,18.0,0.5,4733.287,15,1,False,1.0,0.0
j70774,2,delay_tolerant,0.9283,0.0,7.7333,0.5,0.0,22,2,True,1.0,0.05
j709169,2,delay_tolerant,1.1333,0.0,8.6667,0.5,0.0,19,2,True,1.0,0.05
j710058,2,delay_tolerant,0.655,0.0,7.7333,0.5,0.0,22,2,True,1.0,0.0807
j710518,2,delay_tolerant,0.655,0.0,7.7333,0.5,0.0,5,2,False,1.0,0.0
j711692,2,delay_tolerant,0.5183,0.0,7.7333,0.5,0.0,16,2,False,1.0,0.0
j712,2,delay_tolerant,0.5183,0.0,7.7333,0.5,0.0,21,2,False,1.0,0.0
j712156,2,token_batch,1.475,0.901,11.0,0.5,4250.131,18,1,True,1.0,0.05
j712486,2,delay_tolerant,1.3383,0.0,10.0667,0.5,0.0,12,2,True,1.0,0.05
j712486,2,delay_tolerant,0.9283,0.0,7.7333,0.5,0.0,12,2,True,1.0,0.0697
j712994,2,token_batch,1.475,0.0,11.0,0.5,3486.724,22,1,True,1.0,0.0862
j713029,2,delay_tolerant,1.1333,0.3134,8.6667,0.5,0.0,15,2,False,1.0,0.0
j713321,2,delay_tolerant,1.4067,0.4034,10.5333,0.5,0.0,13,2,True,1.0,0.0913
j713636,2,delay_tolerant,0.86,0.0,7.7333,0.5,0.0,20,2,True,1.0,0.05
j713795,2,delay_tolerant,1.2017,0.0,9.1333,0.5,0.0,13,2,True,1.0,0.0753
j713795,2,delay_tolerant,1.2017,0.0,9.1333,0.5,0.0,13,2,False,1.0,0.0
j713795,2,delay_tolerant,1.065,0.0,8.2,0.5,0.0,13,2,True,1.0,0.0365
j714265,2,token_batch,1.475,0.7772,11.0,0.5,3825.295,13,1,False,1.0,0.0
j716237,2,token_batch,1.475,0.7087,11.0,0.5,3894.43,21,1,True,1.0,0.05
j716257,2,delay_sensitive,0.5183,0.0,7.7333,0.5,0.0,3,3,False,1.0,0.0
j717095,2,token_batch,2.5,0.5725,18.0,0.5,4903.757,15,1,True,1.0,0.05
j717095,2,token_batch,2.5,1.4348,18.0,0.5,4850.711,16,1,True,1.0,0.083
j717560,2,delay_tolerant,1.3383,0.0,10.0667,0.5,0.0,12,2,True,1.0,0.05
j717630,2,token_batch,1.475,0.75,11.0,0.5,4609.957,19,1,True,1.0,0.05
j717630,2,delay_tolerant,1.4067,0.0,10.5333,0.5,0.0,20,2,False,1.0,0.0
j717951,2,token_batch,2.5,0.0,18.0,0.5,5114.758,7,1,False,1.0,0.0
j71801,2,token_batch,2.5,0.0,18.0,0.5,5579.086,13,1,True,1.0,0.141
j71801,2,token_batch,2.5,0.7758,18.0,0.5,5284.183,13,1,False,1.0,0.0
j718339,2,delay_tolerant,1.3383,0.0,10.0667,0.5,0.0,13,2,False,1.0,0.0
j718934,2,token_batch,2.5,1.256,18.0,0.5,5070.091,15,1,True,1.0,0.1834
j718934,2,token_batch,2.5,0.928,18.0,0.5,4493.793,14,1,True,1.0,0.05
j719432,2,delay_tolerant,0.5183,0.0,7.7333,0.5,0.0,12,2,True,1.0,0.0646
j71946,2,token_batch,1.475,0.7256,11.0,0.5,4372.722,10,1,True,1.0,0.05
j71946,2,token_batch,1.475,0.4982,11.0,0.5,4408.329,11,1,False,1.0,0.0
j720333,2,delay_tolerant,0.7233,0.0,7.7333,0.5,0.0,17,2,True,1.0,0.0666
j720401,2,delay_tolerant,1.3383,0.0,10.0667,0.5,0.0,18,2,True,1.0,0.05
j720828,2,delay_tolerant,0.7233,0.0,7.7333,0.5,0.0,14,2,True,1.0,0.05
j722450,2,token_batch,1.475,0.8788,11.0,0.5,4470.083,20,1,False,1.0,0.0
j723340,2,delay_tolerant,1.065,0.0,8.2,0.5,0.0,13,2,True,1.0,0.0559
j72361,2,token_batch,2.5,0.0,18.0,0.5,5118.976,21,1,False,1.0,0.0
j723835,2,delay_tolerant,1.3383,0.0,10.0667,0.5,0.0,16,2,True,1.0,0.05
j724363,2,delay_tolerant,0.7233,0.0,7.7333,0.5,0.0,13,2,False,1.0,0.0
j724542,2,delay_tolerant,0.7233,0.0,7.7333,0.5,0.0,7,2,False,1.0,0.0
j724591,2,delay_tolerant,1.3383,0.0,10.0667,0.5,0.0,22,2,False,1.0,0.0
j724684,2,delay_tolerant,0.5183,0.0,7.7333,0.5,0.0,20,2,False,1.0,0.0
j724749,2,token_batch,1.475,0.0,11.0,0.5,4012.841,12,1,False,1.0,0.0
j724829,2,token_batch,1.475,1.4231,11.0,0.5,4443.555,13,1,False,1.0,0.0
j724914,2,delay_tolerant,1.27,0.0,9.6,0.5,0.0,20,2,True,1.0,0.05
j725832,2,delay_tolerant,0.7917,0.4281,7.7333,0.5,0.0,17,2,True,1.0,0.0619
j726438,2,token_batch,1.475,0.0,11.0,0.5,3862.702,23,1,False,1.0,0.0
j726493,2,delay_tolerant,0.9283,0.0,7.7333,0.5,0.0,11,2,True,1.0,0.05
j726493,2,delay_tolerant,0.5183,0.0,7.7333,0.5,0.0,10,2,True,1.0,0.0611
j726493,2,delay_tolerant,0.5183,0.0,7.7333,0.5,0.0,10,2,False,1.0,0.0
j726493,2,delay_tolerant,0.9967,0.0,7.7333,0.5,0.0,10,2,False,1.0,0.0
j726996,2,delay_tolerant,0.5183,0.0,7.7333,0.5,0.0,5,2,False,1.0,0.0
j727440,2,delay_tolerant,1.2017,0.0,9.1333,0.5,0.0,11,2,False,1.0,0.0
j728268,2,token_batch,1.475,0.0,11.0,0.5,4214.783,23,1,False,1.0,0.0
j728497,2,delay_tolerant,0.9283,0.0,7.7333,0.5,0.0,20,2,False,1.0,0.0
j729,2,delay_tolerant,0.5183,0.0,7.7333,0.5,0.0,11,2,False,1.0,0.0
j729,2,delay_tolerant,0.5183,0.0,7.7333,0.5,0.0,5,2,False,1.0,0.0
j72902,2,delay_tolerant,0.9967,0.0,7.7333,0.5,0.0,22,2,True,1.0,0.05
j729477,2,token_batch,1.475,0.5107,11.0,0.5,4226.8,14,1,True,1.0,0.05
j729702,2,token_batch,1.68,1.0401,12.4,0.5,4576.392,21,1,True,1.0,0.1449
j729796,2,token_batch,1.475,0.9379,11.0,0.5,4485.299,13,1,True,1.0,0.05
j729796,2,token_batch,1.475,1.4646,11.0,0.5,3684.216,13,1,False,1.0,0.0
j729796,2,token_batch,1.475,0.0,11.0,0.5,4031.554,14,1,False,1.0,0.0
j730772,2,delay_tolerant,1.2017,0.0,9.1333,0.5,0.0,12,2,False,1.0,0.0
j730772,2,token_batch,1.475,1.0155,11.0,0.5,3489.945,12,1,True,1.0,0.1886
j730772,2,delay_tolerant,1.3383,0.0,10.0667,0.5,0.0,13,2,True,1.0,0.0873
j732282,2,delay_tolerant,1.1333,0.0,8.6667,0.5,0.0,17,2,True,1.0,0.05
j732315,2,delay_tolerant,0.5183,0.0,7.7333,0.5,0.0,5,2,True,1.0,0.0404
j73232,2,delay_tolerant,1.065,0.0,8.2,0.5,0.0,21,2,False,1.0,0.0
j734604,2,delay_tolerant,0.7233,0.0,7.7333,0.5,0.0,5,2,False,1.0,0.0
j735274,2,delay_tolerant,0.5183,0.0,7.7333,0.5,0.0,15,2,False,1.0,0.0
j735311,2,token_batch,1.475,1.4478,11.0,0.5,4226.088,16,1,False,1.0,0.0
j735324,2,delay_tolerant,0.655,0.5638,7.7333,0.5,0.0,7,2,True,1.0,0.05
j735324,2,delay_tolerant,1.4067,0.0,10.5333,0.5,0.0,12,2,True,1.0,0.0339
j735647,2,delay_tolerant,0.5183,0.0,7.7333,0.5,0.0,5,2,True,1.0,0.05
j735647,2,delay_tolerant,0.9967,0.0,7.7333,0.5,0.0,18,2,False,1.0,0.0
j735647,2,delay_tolerant,0.655,0.0,7.7333,0.5,0.0,5,2,False,1.0,0.0
j735651,2,delay_tolerant,0.5183,0.5614,7.7333,0.5,0.0,5,2,False,1.0,0.0
j735651,2,delay_tolerant,0.5183,0.0,7.7333,0.5,0.0,7,2,True,1.0,0.0406
j735651,2,token_batch,1.475,1.126,11.0,0.5,4075.739,6,1,False,1.0,0.0
j735651,2,token_batch,2.5,1.1272,18.0,0.5,5421.161,15,1,True,1.0,0.151
j735651,2,delay_tolerant,0.5183,0.0,7.7333,0.5,0.0,14,2,True,1.0,0.0921
j735651,2,delay_tolerant,1.2017,0.0,9.1333,0.5,0.0,15,2,False,1.0,0.0
j735651,2,token_batch,2.5,1.3231,18.0,0.5,5352.042,14,1,True,1.0,0.05
j735651,2,token_batch,1.7483,1.1801,12.8667,0.5,4072.727,16,1,False,1.0,0.0
j735651,2,delay_tolerant,0.5183,0.0,7.7333,0.5,0.0,5,2,False,1.0,0.0
j735651,2,delay_tolerant,0.5183,0.0,7.7333,0.5,0.0,15,2,False,1.0,0.0
j735651,2,delay_tolerant,1.27,0.0,9.6,0.5,0.0,5,2,True,1.0,0.0297
j736743,2,delay_tolerant,1.1333,0.0,8.6667,0.5,0.0,19,2,True,1.0,0.0878
j736743,2,token_batch,1.475,1.1461,11.0,0.5,4417.158,19,1,True,1.0,0.05
j737007,2,token_batch,1.475,0.4343,11.0,0.5,4013.434,22,1,True,1.0,0.05
j73755,2,delay_tolerant,0.9283,0.0,7.7333,0.5,0.0,12,2,False,1.0,0.0
j737677,2,token_batch,1.475,0.0,11.0,0.5,3935.289,16,1,False,1.0,0.0
j738190,2,delay_tolerant,0.9967,0.0,7.7333,0.5,0.0,19,2,True,1.0,0.05
j738703,2,delay_sensitive,1.065,0.0,8.2,0.5,0.0,3,3,False,1.0,0.0
j73881,2,token_batch,1.5433,0.0,11.4667,0.5,3985.52,15,1,False,1.0,0.0
j739946,2,delay_tolerant,0.7233,0.0,7.7333,0.5,0.0,5,2,False,1.0,0.0
j74110,2,delay_tolerant,0.5183,0.0,7.7333,0.5,0.0,12,2,True,1.0,0.05
j741517,2,delay_tolerant,1.1333,0.0,8.6667,0.5,0.0,22,2,False,1.0,0.0
j742761,2,delay_tolerant,1.065,0.0,8.2,0.5,0.0,13,2,True,1.0,0.05
j744910,2,delay_tolerant,1.3383,0.0,10.0667,0.5,0.0,21,2,True,1.0,0.05
j745241,2,delay_tolerant,0.655,0.0,7.7333,0.5,0.0,9,2,False,1.0,0.0
j745423,2,delay_tolerant,0.5183,0.0,7.7333,0.5,0.0,5,2,False,1.0,0.0
j745678,2,delay_tolerant,0.5867,0.0,7.7333,0.5,0.0,5,2,False,1.0,0.0
j746314,2,delay_tolerant,0.7917,0.0,7.7333,0.5,0.0,13,2,True,1.0,0.05
j746630,2,delay_tolerant,0.7917,0.0,7.7333,0.5,0.0,22,2,True,1.0,0.05
j746630,2,delay_tolerant,0.5867,0.0,7.7333,0.5,0.0,14,2,True,1.0,0.05
j747360,2,delay_tolerant,1.2017,0.0,9.1333,0.5,0.0,15,2,True,1.0,0.05
j747393,2,delay_tolerant,1.065,0.0,8.2,0.5,0.0,13,2,True,1.0,0.05
j747451,2,token_batch,1.475,0.0,11.0,0.5,3497.038,22,1,True,1.0,0.1696
j748874,2,token_batch,1.475,1.3077,11.0,0.5,3891.169,14,1,True,1.0,0.1379
j748874,2,token_batch,1.475,0.0,11.0,0.5,3663.583,15,1,False,1.0,0.0
j749413,2,delay_tolerant,1.4067,0.0,10.5333,0.5,0.0,23,2,True,1.0,0.05
j749745,2,delay_tolerant,0.5183,0.0,7.7333,0.5,0.0,5,2,True,1.0,0.05
j749755,2,delay_tolerant,1.065,0.0,8.2,0.5,0.0,23,2,True,1.0,0.0301
j750683,2,delay_tolerant,1.2017,0.0,9.1333,0.5,0.0,20,2,False,1.0,0.0
j751185,2,delay_tolerant,0.9283,0.0,7.7333,0.5,0.0,14,2,False,1.0,0.0
j751544,2,delay_tolerant,0.9967,0.0,7.7333,0.5,0.0,13,2,False,1.0,0.0
j751966,2,delay_tolerant,1.3383,0.0,10.0667,0.5,0.0,19,2,False,1.0,0.0
j751966,2,token_batch,2.5,0.0,18.0,0.5,4811.334,18,1,True,1.0,0.1223
j751966,2,token_batch,2.5,0.0,18.0,0.5,5383.994,19,1,True,1.0,0.112
j752503,2,delay_tolerant,0.5867,0.0,7.7333,0.5,0.0,5,2,False,1.0,0.0
j753520,2,delay_tolerant,0.5183,0.0,7.7333,0.5,0.0,5,2,False,1.0,0.0
j753520,2,delay_tolerant,0.5183,0.0,7.7333,0.5,0.0,11,2,True,1.0,0.0467
j753520,2,delay_tolerant,1.4067,0.0,10.5333,0.5,0.0,11,2,False,1.0,0.0
j753520,2,delay_tolerant,0.655,0.0,7.7333,0.5,0.0,5,2,True,1.0,0.05
j754294,2,delay_tolerant,1.2017,0.0,9.1333,0.5,0.0,19,2,False,1.0,0.0
j755197,2,delay_tolerant,0.7233,0.0,7.7333,0.5,0.0,9,2,True,1.0,0.05
j755448,2,delay_tolerant,0.5183,0.0,7.7333,0.5,0.0,5,2,False,1.0,0.0
j756180,2,delay_tolerant,0.7233,0.0,7.7333,0.5,0.0,17,2,True,1.0,0.05
j756492,2,delay_tolerant,1.065,0.0,8.2,0.5,0.0,16,2,False,1.0,0.0
j756492,2,delay_tolerant,0.5183,0.0,7.7333,0.5,0.0,16,2,False,1.0,0.0
j758189,2,delay_tolerant,0.7917,0.0,7.7333,0.5,0.0,12,2,False,1.0,0.0
j758485,2,delay_tolerant,0.7917,0.0,7.7333,0.5,0.0,11,2,True,1.0,0.0246
j759390,2,delay_tolerant,0.5183,0.0,7.7333,0.5,0.0,5,2,False,1.0,0.0
j759754,2,delay_tolerant,0.7917,0.2469,7.7333,0.5,0.0,5,2,False,1.0,0.0
j760030,2,token_batch,1.475,0.0,11.0,0.5,4348.648,16,1,False,1.0,0.0
j760030,2,delay_tolerant,0.5183,0.3832,7.7333,0.5,0.0,15,2,False,1.0,0.0
j760519,2,token_batch,1.475,1.0535,11.0,0.5,4623.122,19,1,True,1.0,0.05
j760519,2,delay_tolerant,0.5183,0.0,7.7333,0.5,0.0,5,2,False,1.0,0.0
j761007,2,delay_tolerant,0.7917,0.0,7.7333,0.5,0.0,18,2,True,1.0,0.0546
j761007,2,delay_tolerant,0.9967,0.2124,7.7333,0.5,0.0,16,2,False,1.0,0.0
j76205,2,delay_tolerant,1.27,0.0,9.6,0.5,0.0,19,2,True,1.0,0.0352
j762784,2,token_batch,1.475,0.7196,11.0,0.5,4565.66,18,1,True,1.0,0.165
j762920,2,delay_tolerant,1.27,0.0,9.6,0.5,0.0,11,2,True,1.0,0.0369
j762920,2,delay_tolerant,1.3383,0.0,10.0667,0.5,0.0,12,2,False,1.0,0.0
j763859,2,delay_tolerant,0.655,0.0,7.7333,0.5,0.0,22,2,True,1.0,0.05
j763859,2,delay_tolerant,1.2017,0.0,9.1333,0.5,0.0,22,2,False,1.0,0.0
j763859,2,delay_tolerant,1.2017,0.0,9.1333,0.5,0.0,23,2,True,1.0,0.05
j764151,2,token_batch,1.475,0.0,11.0,0.5,3989.878,11,1,False,1.0,0.0
j764998,2,delay_tolerant,0.5183,0.0,7.7333,0.5,0.0,21,2,False,1.0,0.0
j765507,2,delay_tolerant,0.7917,0.0,7.7333,0.5,0.0,20,2,True,1.0,0.065
j765507,2,delay_tolerant,0.86,0.0,7.7333,0.5,0.0,20,2,False,1.0,0.0
j76558,2,delay_tolerant,1.1333,0.0,8.6667,0.5,0.0,13,2,False,1.0,0.0
j765768,2,delay_tolerant,1.3383,0.0,10.0667,0.5,0.0,16,2,True,1.0,0.05
j765768,2,delay_tolerant,0.9283,0.0,7.7333,0.5,0.0,15,2,True,1.0,0.0404
j767231,2,delay_tolerant,0.9283,0.0,7.7333,0.5,0.0,13,2,False,1.0,0.0
j768926,2,delay_tolerant,0.7917,0.0,7.7333,0.5,0.0,11,2,True,1.0,0.0852
j769072,2,delay_tolerant,0.5183,0.0,7.7333,0.5,0.0,19,2,False,1.0,0.0
j769247,2,delay_tolerant,0.9967,0.0,7.7333,0.5,0.0,10,2,True,1.0,0.05
j769628,2,delay_tolerant,1.2017,0.0,9.1333,0.5,0.0,15,2,True,1.0,0.05
j770690,2,delay_tolerant,0.5183,0.0,7.7333,0.5,0.0,19,2,True,1.0,0.0629
j770766,2,token_batch,1.475,0.5293,11.0,0.5,3967.34,13,1,False,1.0,0.0
j771162,2,token_batch,1.475,0.6561,11.0,0.5,4572.382,16,1,False,1.0,0.0
j77125,2,token_batch,1.475,0.9281,11.0,0.5,3751.501,19,1,False,1.0,0.0
j771269,2,delay_tolerant,1.2017,0.0,9.1333,0.5,0.0,11,2,False,1.0,0.0
j771862,2,delay_tolerant,1.27,0.0,9.6,0.5,0.0,14,2,False,1.0,0.0
j772501,2,token_batch,1.475,0.9119,11.0,0.5,4140.675,22,1,True,1.0,0.05
j77275,2,delay_tolerant,0.5183,0.0,7.7333,0.5,0.0,14,2,True,1.0,0.0808
j773337,2,delay_sensitive,0.86,0.0,7.7333,0.5,0.0,3,3,False,1.0,0.0
j773337,2,token_batch,1.475,0.9978,11.0,0.5,4208.947,11,1,True,1.0,0.1627
j773337,2,token_batch,1.475,0.5552,11.0,0.5,4462.368,12,1,True,1.0,0.1408
j773337,2,delay_tolerant,0.9283,0.0,7.7333,0.5,0.0,12,2,False,1.0,0.0
j773934,2,delay_tolerant,0.7917,0.0,7.7333,0.5,0.0,14,2,True,1.0,0.05
j773934,2,token_batch,1.475,0.0,11.0,0.5,4285.546,23,1,False,1.0,0.0
j774640,2,delay_tolerant,0.7917,0.0,7.7333,0.5,0.0,15,2,False,1.0,0.0
j774812,2,delay_tolerant,0.5183,0.0,7.7333,0.5,0.0,21,2,True,1.0,0.05
j774812,2,delay_tolerant,0.5183,0.0,7.7333,0.5,0.0,20,2,True,1.0,0.0665
j774952,2,token_batch,1.475,1.1287,11.0,0.5,3854.932,16,1,False,1.0,0.0
j775094,2,token_batch,1.475,0.0,11.0,0.5,4534.043,13,1,False,1.0,0.0
j775184,2,delay_tolerant,0.86,0.0,7.7333,0.5,0.0,19,2,True,1.0,0.05
j775186,2,token_batch,1.475,0.0,11.0,0.5,3895.937,11,1,False,1.0,0.0
j775410,2,token_batch,1.475,0.6313,11.0,0.5,4373.517,12,1,False,1.0,0.0
j775852,2,delay_tolerant,0.9967,0.0,7.7333,0.5,0.0,5,2,True,1.0,0.05
j775852,2,token_batch,1.885,0.8842,13.8,0.5,4330.219,20,1,False,1.0,0.0
j77592,2,delay_tolerant,1.2017,0.0,9.1333,0.5,0.0,12,2,False,1.0,0.0
j776567,2,delay_tolerant,1.065,0.0,8.2,0.5,0.0,18,2,True,1.0,0.05
j776567,2,delay_tolerant,0.7233,0.0,7.7333,0.5,0.0,19,2,False,1.0,0.0
j776808,2,delay_tolerant,1.4067,0.0,10.5333,0.5,0.0,15,2,True,1.0,0.05
j777161,2,delay_tolerant,0.655,0.0,7.7333,0.5,0.0,5,2,False,1.0,0.0
j777228,2,delay_tolerant,1.065,0.0,8.2,0.5,0.0,5,2,True,1.0,0.05
j777228,2,delay_tolerant,0.5183,0.4333,7.7333,0.5,0.0,5,2,True,1.0,0.0712
j777228,2,delay_tolerant,1.4067,0.0,10.5333,0.5,0.0,18,2,False,1.0,0.0
j777228,2,delay_tolerant,0.5183,0.0,7.7333,0.5,0.0,19,2,True,1.0,0.0711
j777276,2,token_batch,1.475,0.5676,11.0,0.5,4445.503,12,1,False,1.0,0.0
j777405,2,token_batch,1.475,0.9835,11.0,0.5,3849.071,15,1,True,1.0,0.05
j777838,2,delay_tolerant,1.1333,0.0,8.6667,0.5,0.0,13,2,True,1.0,0.0958
j778268,2,token_batch,1.475,0.0,11.0,0.5,4525.104,19,1,True,1.0,0.0886
j7783,2,delay_tolerant,0.86,0.0,7.7333,0.5,0.0,18,2,False,1.0,0.0
j778823,2,delay_tolerant,0.9967,0.0,7.7333,0.5,0.0,15,2,False,1.0,0.0
j779636,2,delay_tolerant,0.9967,0.0,7.7333,0.5,0.0,13,2,True,1.0,0.05
j781156,2,delay_tolerant,0.655,0.0,7.7333,0.5,0.0,14,2,False,1.0,0.0
j781662,2,token_batch,1.475,1.4652,11.0,0.5,4233.097,13,1,True,1.0,0.05
j783055,2,delay_tolerant,0.5183,0.0,7.7333,0.5,0.0,5,2,False,1.0,0.0
j783055,2,delay_tolerant,0.5183,0.0,7.7333,0.5,0.0,5,2,True,1.0,0.0488
j783055,2,delay_tolerant,0.5183,0.0,7.7333,0.5,0.0,19,2,True,1.0,0.05
j78315,2,delay_tolerant,0.5867,0.0,7.7333,0.5,0.0,19,2,False,1.0,0.0
j783188,2,delay_tolerant,0.86,0.0,7.7333,0.5,0.0,18,2,True,1.0,0.05
j783253,2,token_batch,1.475,0.0,11.0,0.5,3779.072,21,1,False,1.0,0.0
j783345,2,delay_tolerant,0.5183,0.0,7.7333,0.5,0.0,5,2,True,1.0,0.0792
j78339,2,delay_tolerant,0.5183,0.0,7.7333,0.5,0.0,7,2,True,1.0,0.05
j783567,2,delay_tolerant,0.9283,0.0,7.7333,0.5,0.0,5,2,False,1.0,0.0
j784069,2,token_batch,1.475,0.6167,11.0,0.5,3884.69,11,1,True,1.0,0.1865
j784176,2,token_batch,1.475,0.0,11.0,0.5,3971.211,19,1,True,1.0,0.1253
j784456,2,delay_tolerant,0.5183,0.0,7.7333,0.5,0.0,13,2,False,1.0,0.0
j78491,2,delay_tolerant,0.86,0.0,7.7333,0.5,0.0,19,2,False,1.0,0.0
j788970,2,delay_tolerant,1.27,0.0,9.6,0.5,0.0,11,2,True,1.0,0.05
j789187,2,delay_tolerant,1.2017,0.0,9.1333,0.5,0.0,23,2,False,1.0,0.0
j789187,2,delay_tolerant,0.7233,0.0,7.7333,0.5,0.0,19,2,False,1.0,0.0
j789593,2,delay_tolerant,0.5183,0.0,7.7333,0.5,0.0,5,2,True,1.0,0.05
j789613,2,delay_tolerant,0.5183,0.0,7.7333,0.5,0.0,6,2,False,1.0,0.0
j789661,2,delay_tolerant,0.5183,0.0,7.7333,0.5,0.0,5,2,True,1.0,0.05
j789661,2,delay_tolerant,0.5183,0.0,7.7333,0.5,0.0,12,2,False,1.0,0.0
j789661,2,delay_tolerant,0.655,0.3274,7.7333,0.5,0.0,5,2,True,1.0,0.05
j789861,2,delay_tolerant,0.5183,0.0,7.7333,0.5,0.0,12,2,True,1.0,0.0404
j78991,2,token_batch,1.475,1.0586,11.0,0.5,4203.25,20,1,True,1.0,0.1311
j78991,2,token_batch,1.475,0.0,11.0,0.5,3629.139,20,1,False,1.0,0.0
j792539,2,token_batch,1.475,0.9721,11.0,0.5,3572.164,18,1,True,1.0,0.1758
j793786,2,token_batch,2.5,1.2937,18.0,0.5,4606.431,7,1,False,1.0,0.0
j793828,2,delay_tolerant,0.7233,0.0,7.7333,0.5,0.0,22,2,False,1.0,0.0
j793943,2,delay_tolerant,0.5183,0.0,7.7333,0.5,0.0,5,2,False,1.0,0.0
j794131,2,delay_tolerant,0.5183,0.0,7.7333,0.5,0.0,17,2,True,1.0,0.05
j794131,2,delay_tolerant,1.3383,0.0,10.0667,0.5,0.0,17,2,True,1.0,0.05
j79415,2,delay_tolerant,0.9283,0.0,7.7333,0.5,0.0,17,2,False,1.0,0.0
j794667,2,token_batch,1.475,1.0653,11.0,0.5,4205.424,15,1,True,1.0,0.05
j795757,2,delay_tolerant,0.5183,0.0,7.7333,0.5,0.0,9,2,True,1.0,0.05
j795805,2,delay_tolerant,1.3383,0.0,10.0667,0.5,0.0,20,2,True,1.0,0.0813
j795805,2,delay_tolerant,0.5183,0.0,7.7333,0.5,0.0,5,2,True,1.0,0.05
j79723,2,delay_tolerant,0.9283,0.0,7.7333,0.5,0.0,20,2,False,1.0,0.0
j797449,2,delay_tolerant,0.7917,0.0,7.7333,0.5,0.0,12,2,True,1.0,0.0601
j797449,2,delay_tolerant,0.5183,0.0,7.7333,0.5,0.0,7,2,True,1.0,0.05
j797743,2,token_batch,2.295,0.4907,16.6,0.5,5310.386,22,1,True,1.0,0.05
j79797,2,token_batch,1.475,0.9172,11.0,0.5,4229.217,13,1,True,1.0,0.05
j798458,2,token_batch,2.5,0.0,18.0,0.5,4652.523,15,1,False,1.0,0.0
j798458,2,token_batch,2.5,0.6772,18.0,0.5,5327.038,16,1,True,1.0,0.05
j798458,2,token_batch,1.9533,0.4017,14.2667,0.5,5095.079,14,1,True,1.0,0.05
j798640,2,token_batch,2.5,0.5747,18.0,0.5,5486.901,14,1,True,1.0,0.1931
j799023,2,delay_tolerant,0.5183,0.0,7.7333,0.5,0.0,5,2,False,1.0,0.0
j801121,2,token_batch,1.475,0.4954,11.0,0.5,4474.577,6,1,False,1.0,0.0
j801196,2,delay_tolerant,0.5183,0.0,7.7333,0.5,0.0,10,2,False,1.0,0.0
j801886,2,token_batch,2.5,0.0,18.0,0.5,4603.05,20,1,True,1.0,0.1049
j801886,2,token_batch,2.5,0.0,18.0,0.5,4660.252,19,1,False,1.0,0.0
j801971,2,delay_tolerant,1.4067,0.0,10.5333,0.5,0.0,10,2,False,1.0,0.0
j802382,2,delay_tolerant,0.7917,0.0,7.7333,0.5,0.0,19,2,True,1.0,0.0651
j80275,2,delay_tolerant,0.5183,0.0,7.7333,0.5,0.0,17,2,True,1.0,0.093
j804038,2,delay_tolerant,0.9283,0.0,7.7333,0.5,0.0,13,2,True,1.0,0.05
j804104,2,token_batch,1.475,1.3314,11.0,0.5,4235.251,17,1,False,1.0,0.0
j804178,2,token_batch,1.475,0.9851,11.0,0.5,3874.893,14,1,False,1.0,0.0
j804447,2,delay_tolerant,0.5867,0.0,7.7333,0.5,0.0,13,2,False,1.0,0.0
j804447,2,delay_tolerant,0.5867,0.0,7.7333,0.5,0.0,5,2,False,1.0,0.0
j804558,2,delay_tolerant,1.27,0.0,9.6,0.5,0.0,19,2,False,1.0,0.0
j806069,2,token_batch,2.5,0.0,18.0,0.5,5259.469,9,1,False,1.0,0.0
j806470,2,delay_tolerant,0.5183,0.0,7.7333,0.5,0.0,14,2,False,1.0,0.0
j806470,2,token_batch,2.5,0.0,18.0,0.5,4834.597,20,1,True,1.0,0.1468
j807167,2,delay_tolerant,0.9283,0.0,7.7333,0.5,0.0,10,2,True,1.0,0.05
j808766,2,delay_tolerant,1.4067,0.2694,10.5333,0.5,0.0,15,2,False,1.0,0.0
j809481,2,delay_tolerant,0.9283,0.281,7.7333,0.5,0.0,19,2,False,1.0,0.0
j809768,2,token_batch,1.475,0.9594,11.0,0.5,3784.683,19,1,False,1.0,0.0
j809768,2,delay_tolerant,1.1333,0.5764,8.6667,0.5,0.0,19,2,False,1.0,0.0
j8114,2,token_batch,1.475,1.3469,11.0,0.5,4398.066,12,1,False,1.0,0.0
j811671,2,token_batch,1.475,0.8557,11.0,0.5,4572.086,17,1,True,1.0,0.0813
j811868,2,token_batch,1.8167,1.1724,13.3333,0.5,4322.298,6,1,False,1.0,0.0
j811868,2,token_batch,2.0217,0.6026,14.7333,0.5,5293.518,6,1,True,1.0,0.05
j811868,2,delay_tolerant,0.7233,0.3658,7.7333,0.5,0.0,10,2,True,1.0,0.0419
j811868,2,delay_tolerant,1.065,0.0,8.2,0.5,0.0,10,2,True,1.0,0.0615
j81253,2,delay_tolerant,1.3383,0.3944,10.0667,0.5,0.0,22,2,True,1.0,0.05
j813635,2,token_batch,1.475,1.1672,11.0,0.5,3861.943,9,1,True,1.0,0.1749
j813700,2,token_batch,1.475,1.4881,11.0,0.5,3555.115,12,1,True,1.0,0.1167
j813865,2,delay_tolerant,0.5183,0.0,7.7333,0.5,0.0,12,2,False,1.0,0.0
j814664,2,delay_tolerant,0.5183,0.0,7.7333,0.5,0.0,7,2,True,1.0,0.0217
j814776,2,token_batch,1.475,0.615,11.0,0.5,4299.689,22,1,False,1.0,0.0
j815627,2,delay_tolerant,0.7233,0.5833,7.7333,0.5,0.0,12,2,True,1.0,0.05
j816376,2,delay_tolerant,1.065,0.0,8.2,0.5,0.0,9,2,False,1.0,0.0
j816376,2,delay_tolerant,1.1333,0.0,8.6667,0.5,0.0,19,2,False,1.0,0.0
j816376,2,token_batch,2.09,0.5424,15.2,0.5,4604.479,19,1,True,1.0,0.05
j816627,2,delay_tolerant,0.5867,0.0,7.7333,0.5,0.0,6,2,True,1.0,0.05
j817830,2,token_batch,1.475,0.0,11.0,0.5,3572.243,22,1,False,1.0,0.0
j818263,2,delay_tolerant,0.7233,0.0,7.7333,0.5,0.0,16,2,True,1.0,0.05
j818353,2,delay_tolerant,0.9283,0.0,7.7333,0.5,0.0,19,2,True,1.0,0.05
j820660,2,delay_tolerant,1.065,0.0,8.2,0.5,0.0,17,2,True,1.0,0.05
j820881,2,delay_tolerant,1.27,0.0,9.6,0.5,0.0,12,2,True,1.0,0.05
j821020,2,delay_tolerant,0.5183,0.0,7.7333,0.5,0.0,22,2,False,1.0,0.0
j821058,2,delay_tolerant,0.5183,0.0,7.7333,0.5,0.0,13,2,True,1.0,0.05
j821689,2,token_batch,2.5,0.4521,18.0,0.5,4977.515,12,1,False,1.0,0.0
j821689,2,delay_tolerant,0.7233,0.0,7.7333,0.5,0.0,5,2,False,1.0,0.0
j821689,2,delay_tolerant,0.5183,0.0,7.7333,0.5,0.0,5,2,False,1.0,0.0
j821860,2,delay_tolerant,0.9283,0.0,7.7333,0.5,0.0,13,2,False,1.0,0.0
j821991,2,delay_tolerant,0.5183,0.0,7.7333,0.5,0.0,5,2,False,1.0,0.0
j822158,2,delay_tolerant,1.4067,0.0,10.5333,0.5,0.0,13,2,False,1.0,0.0
j822340,2,delay_tolerant,1.2017,0.0,9.1333,0.5,0.0,19,2,True,1.0,0.05
j8229,2,delay_tolerant,0.5183,0.0,7.7333,0.5,0.0,13,2,True,1.0,0.05
j823294,2,delay_tolerant,0.5183,0.0,7.7333,0.5,0.0,5,2,False,1.0,0.0
j823919,2,delay_tolerant,0.86,0.0,7.7333,0.5,0.0,16,2,True,1.0,0.05
j824128,2,delay_tolerant,0.9967,0.0,7.7333,0.5,0.0,12,2,False,1.0,0.0
j824128,2,delay_tolerant,0.7233,0.0,7.7333,0.5,0.0,12,2,False,1.0,0.0
j824176,2,delay_tolerant,0.655,0.0,7.7333,0.5,0.0,20,2,True,1.0,0.05
j824176,2,delay_tolerant,0.655,0.0,7.7333,0.5,0.0,16,2,True,1.0,0.05
j825624,2,token_batch,1.885,0.8759,13.8,0.5,4809.099,23,1,False,1.0,0.0
j826386,2,delay_tolerant,0.9283,0.0,7.7333,0.5,0.0,22,2,True,1.0,0.05
j826465,2,delay_tolerant,0.7917,0.0,7.7333,0.5,0.0,5,2,True,1.0,0.05
j826719,2,delay_tolerant,0.86,0.0,7.7333,0.5,0.0,19,2,True,1.0,0.05
j826999,2,token_batch,1.475,0.0,11.0,0.5,4232.876,16,1,False,1.0,0.0
j827398,2,token_batch,1.885,1.3712,13.8,0.5,4009.257,14,1,False,1.0,0.0
j827398,2,token_batch,2.5,0.6859,18.0,0.5,4357.323,22,1,False,1.0,0.0
j827398,2,delay_tolerant,1.3383,0.266,10.0667,0.5,0.0,22,2,False,1.0,0.0
j827398,2,delay_tolerant,0.5183,0.0,7.7333,0.5,0.0,21,2,False,1.0,0.0
j827398,2,token_batch,2.5,0.0,18.0,0.5,4518.763,21,1,False,1.0,0.0
j827398,2,delay_tolerant,1.3383,0.0,10.0667,0.5,0.0,14,2,False,1.0,0.0
j828569,2,delay_tolerant,0.86,0.2677,7.7333,0.5,0.0,9,2,False,1.0,0.0
j828789,2,token_batch,1.475,0.6366,11.0,0.5,4183.196,23,1,True,1.0,0.05
j828789,2,delay_tolerant,1.3383,0.0,10.0667,0.5,0.0,22,2,False,1.0,0.0
j828929,2,token_batch,1.475,0.0,11.0,0.5,4304.932,22,1,True,1.0,0.1253
j828929,2,token_batch,1.475,0.8095,11.0,0.5,3701.463,22,1,True,1.0,0.05
j828951,2,delay_tolerant,1.2017,0.0,9.1333,0.5,0.0,14,2,False,1.0,0.0
j82907,2,delay_tolerant,1.3383,0.0,10.0667,0.5,0.0,18,2,False,1.0,0.0
j829682,2,token_batch,1.475,0.0,11.0,0.5,3719.768,22,1,True,1.0,0.1326
j829682,2,delay_tolerant,1.065,0.0,8.2,0.5,0.0,21,2,False,1.0,0.0
j829955,2,token_batch,1.475,1.2845,11.0,0.5,4063.682,22,1,False,1.0,0.0
j830049,2,delay_tolerant,0.7917,0.5961,7.7333,0.5,0.0,19,2,False,1.0,0.0
j830049,2,delay_tolerant,0.5867,0.0,7.7333,0.5,0.0,17,2,True,1.0,0.0226
j830049,2,delay_tolerant,0.5183,0.0,7.7333,0.5,0.0,14,2,True,1.0,0.05
j830049,2,token_batch,1.475,1.1004,11.0,0.5,4007.867,23,1,True,1.0,0.05
j830588,2,delay_tolerant,0.9967,0.0,7.7333,0.5,0.0,13,2,False,1.0,0.0
j831514,2,delay_tolerant,1.27,0.0,9.6,0.5,0.0,9,2,False,1.0,0.0
j83154,2,delay_tolerant,0.5867,0.0,7.7333,0.5,0.0,12,2,False,1.0,0.0
j831925,2,token_batch,1.475,0.8716,11.0,0.5,3675.39,23,1,False,1.0,0.0
j832319,2,delay_tolerant,1.065,0.0,8.2,0.5,0.0,22,2,True,1.0,0.0689
j832925,2,token_batch,2.5,1.3127,18.0,0.5,4716.262,21,1,False,1.0,0.0
j832925,2,token_batch,2.5,1.4982,18.0,0.5,4618.917,16,1,True,1.0,0.05
j832925,2,delay_tolerant,0.5183,0.0,7.7333,0.5,0.0,14,2,False,1.0,0.0
j833458,2,token_batch,2.0217,1.3963,14.7333,0.5,5315.306,6,1,True,1.0,0.05
j833458,2,token_batch,2.5,0.8972,18.0,0.5,4518.359,13,1,True,1.0,0.05
j833744,2,token_batch,1.7483,0.0,12.8667,0.5,4550.161,16,1,False,1.0,0.0
j834878,2,delay_tolerant,0.655,0.0,7.7333,0.5,0.0,18,2,False,1.0,0.0
j835487,2,token_batch,1.475,0.4866,11.0,0.5,4524.831,18,1,True,1.0,0.1686
j835769,2,token_batch,1.475,0.0,11.0,0.5,3661.72,19,1,False,1.0,0.0
j835769,2,token_batch,1.475,0.0,11.0,0.5,4282.211,19,1,False,1.0,0.0
j835769,2,delay_tolerant,0.7917,0.0,7.7333,0.5,0.0,19,2,False,1.0,0.0
j836769,2,delay_tolerant,0.655,0.2926,7.7333,0.5,0.0,5,2,True,1.0,0.0998
j837117,2,token_batch,2.5,0.9131,18.0,0.5,5574.478,16,1,False,1.0,0.0
j837117,2,token_batch,2.5,0.5794,18.0,0.5,4163.135,6,1,True,1.0,0.05
j837223,2,delay_tolerant,0.9967,0.0,7.7333,0.5,0.0,15,2,True,1.0,0.0615
j837340,2,delay_tolerant,1.065,0.0,8.2,0.5,0.0,23,2,True,1.0,0.05
j837520,2,delay_tolerant,0.7917,0.0,7.7333,0.5,0.0,12,2,True,1.0,0.0379
j837639,2,delay_tolerant,1.3383,0.0,10.0667,0.5,0.0,18,2,True,1.0,0.05
j838002,2,delay_tolerant,0.5183,0.0,7.7333,0.5,0.0,5,2,False,1.0,0.0
j838002,2,delay_tolerant,0.5183,0.3535,7.7333,0.5,0.0,10,2,True,1.0,0.0631
j838002,2,delay_tolerant,0.86,0.0,7.7333,0.5,0.0,11,2,True,1.0,0.05
j838080,2,delay_tolerant,0.5183,0.0,7.7333,0.5,0.0,5,2,False,1.0,0.0
j838509,2,delay_tolerant,1.065,0.0,8.2,0.5,0.0,13,2,True,1.0,0.0912
j83854,2,delay_tolerant,1.3383,0.0,10.0667,0.5,0.0,22,2,True,1.0,0.0891
j839355,2,delay_tolerant,0.86,0.0,7.7333,0.5,0.0,16,2,True,1.0,0.05
j839423,2,token_batch,1.475,0.5867,11.0,0.5,3548.418,15,1,False,1.0,0.0
j839848,2,delay_tolerant,1.065,0.0,8.2,0.5,0.0,20,2,False,1.0,0.0
j84000,2,delay_tolerant,0.5183,0.0,7.7333,0.5,0.0,14,2,False,1.0,0.0
j840962,2,delay_tolerant,0.5183,0.0,7.7333,0.5,0.0,5,2,False,1.0,0.0
j840962,2,token_batch,1.475,0.5242,11.0,0.5,3425.814,20,1,False,1.0,0.0
j841323,2,token_batch,2.5,1.3859,18.0,0.5,4459.306,19,1,True,1.0,0.05
j841323,2,delay_tolerant,0.7917,0.0,7.7333,0.5,0.0,16,2,True,1.0,0.0686
j841323,2,delay_tolerant,0.5183,0.0,7.7333,0.5,0.0,17,2,True,1.0,0.05
j841323,2,delay_tolerant,1.1333,0.0,8.6667,0.5,0.0,7,2,False,1.0,0.0
j841323,2,token_batch,2.5,0.7674,18.0,0.5,4663.302,19,1,True,1.0,0.05
j841323,2,token_batch,1.6117,1.4011,11.9333,0.5,4668.97,17,1,True,1.0,0.05
j841323,2,delay_sensitive,0.655,0.0,7.7333,0.5,0.0,3,3,False,1.0,0.0
j841323,2,token_batch,2.5,0.0,18.0,0.5,4214.285,7,1,True,1.0,0.1269
j841323,2,delay_tolerant,0.5183,0.0,7.7333,0.5,0.0,18,2,False,1.0,0.0
j841524,2,delay_tolerant,0.5183,0.0,7.7333,0.5,0.0,5,2,True,1.0,0.05
j841904,2,delay_tolerant,0.9283,0.0,7.7333,0.5,0.0,13,2,True,1.0,0.0434
j841911,2,token_batch,2.5,0.9441,18.0,0.5,5090.675,20,1,True,1.0,0.1141
j841915,2,delay_tolerant,0.655,0.0,7.7333,0.5,0.0,12,2,True,1.0,0.0729
j842275,2,delay_tolerant,0.5183,0.0,7.7333,0.5,0.0,5,2,True,1.0,0.0841
j842285,2,delay_tolerant,0.5183,0.2571,7.7333,0.5,0.0,16,2,True,1.0,0.05
j843663,2,token_batch,2.5,0.0,18.0,0.5,4307.974,20,1,False,1.0,0.0
j843894,2,delay_tolerant,0.86,0.0,7.7333,0.5,0.0,19,2,False,1.0,0.0
j84399,2,delay_tolerant,1.2017,0.0,9.1333,0.5,0.0,12,2,False,1.0,0.0
j84399,2,delay_tolerant,0.9967,0.0,7.7333,0.5,0.0,13,2,True,1.0,0.094
j844533,2,delay_tolerant,0.655,0.0,7.7333,0.5,0.0,20,2,False,1.0,0.0
j84527,2,delay_tolerant,0.9967,0.0,7.7333,0.5,0.0,11,2,False,1.0,0.0
j845328,2,delay_tolerant,0.5183,0.0,7.7333,0.5,0.0,10,2,False,1.0,0.0
j845328,2,delay_tolerant,0.655,0.0,7.7333,0.5,0.0,11,2,False,1.0,0.0
j845362,2,delay_sensitive,0.7233,0.0,7.7333,0.5,0.0,3,3,False,1.0,0.0
j845362,2,delay_tolerant,1.2017,0.0,9.1333,0.5,0.0,15,2,False,1.0,0.0
j846465,2,token_batch,1.475,0.8244,11.0,0.5,3428.824,18,1,True,1.0,0.0927
j84722,2,delay_tolerant,1.4067,0.0,10.5333,0.5,0.0,9,2,True,1.0,0.0412
j84722,2,token_batch,1.885,0.609,13.8,0.5,4905.691,9,1,False,1.0,0.0
j847438,2,delay_tolerant,0.5183,0.0,7.7333,0.5,0.0,5,2,True,1.0,0.0779
j847513,2,token_batch,1.7483,0.0,12.8667,0.5,5144.591,14,1,False,1.0,0.0
j847513,2,token_batch,2.5,0.0,18.0,0.5,4262.32,12,1,False,1.0,0.0
j847783,2,token_batch,1.475,0.6589,11.0,0.5,3547.368,23,1,False,1.0,0.0
j849435,2,delay_tolerant,0.5183,0.0,7.7333,0.5,0.0,15,2,True,1.0,0.0859
j849708,2,delay_tolerant,0.5183,0.0,7.7333,0.5,0.0,5,2,False,1.0,0.0
j849793,2,delay_tolerant,1.3383,0.0,10.0667,0.5,0.0,10,2,False,1.0,0.0
j849793,2,delay_tolerant,1.27,0.0,9.6,0.5,0.0,9,2,True,1.0,0.05
j84983,2,delay_tolerant,1.3383,0.0,10.0667,0.5,0.0,23,2,True,1.0,0.05
j851212,2,delay_tolerant,1.27,0.0,9.6,0.5,0.0,12,2,False,1.0,0.0
j851728,2,delay_tolerant,0.5183,0.0,7.7333,0.5,0.0,13,2,False,1.0,0.0
j851728,2,delay_tolerant,0.86,0.0,7.7333,0.5,0.0,12,2,False,1.0,0.0
j851791,2,delay_tolerant,1.2017,0.0,9.1333,0.5,0.0,22,2,False,1.0,0.0
j852040,2,delay_tolerant,1.1333,0.0,8.6667,0.5,0.0,20,2,False,1.0,0.0
j852349,2,token_batch,1.475,0.481,11.0,0.5,3973.243,20,1,True,1.0,0.128
j852418,2,token_batch,1.475,0.0,11.0,0.5,3554.305,22,1,False,1.0,0.0
j852775,2,delay_tolerant,0.655,0.0,7.7333,0.5,0.0,10,2,True,1.0,0.0853
j852813,2,delay_tolerant,0.86,0.0,7.7333,0.5,0.0,21,2,True,1.0,0.0952
j852813,2,delay_tolerant,0.5183,0.0,7.7333,0.5,0.0,14,2,True,1.0,0.05
j853565,2,token_batch,1.475,1.27,11.0,0.5,3583.611,23,1,False,1.0,0.0
j853565,2,delay_tolerant,0.5867,0.0,7.7333,0.5,0.0,22,2,False,1.0,0.0
j85367,2,delay_tolerant,0.655,0.0,7.7333,0.5,0.0,23,2,True,1.0,0.05
j85367,2,delay_tolerant,1.065,0.0,8.2,0.5,0.0,23,2,True,1.0,0.0347
j854452,2,delay_tolerant,0.5867,0.0,7.7333,0.5,0.0,19,2,False,1.0,0.0
j854768,2,delay_tolerant,0.655,0.3138,7.7333,0.5,0.0,7,2,False,1.0,0.0
j854836,2,token_batch,1.475,0.0,11.0,0.5,4216.746,16,1,False,1.0,0.0
j8552,2,delay_tolerant,0.9967,0.0,7.7333,0.5,0.0,13,2,True,1.0,0.0293
j857770,2,delay_tolerant,0.5183,0.0,7.7333,0.5,0.0,5,2,True,1.0,0.0236
j857770,2,delay_tolerant,1.3383,0.0,10.0667,0.5,0.0,22,2,False,1.0,0.0
j858753,2,delay_tolerant,0.9283,0.0,7.7333,0.5,0.0,10,2,False,1.0,0.0
j858937,2,delay_tolerant,1.1333,0.0,8.6667,0.5,0.0,18,2,True,1.0,0.05
j859006,2,token_batch,1.475,0.7013,11.0,0.5,3931.17,20,1,True,1.0,0.05
j859129,2,token_batch,1.475,0.5539,11.0,0.5,3737.209,16,1,True,1.0,0.05
j859129,2,delay_tolerant,0.5183,0.0,7.7333,0.5,0.0,5,2,True,1.0,0.0293
j859206,2,token_batch,1.6117,1.2453,11.9333,0.5,4985.62,6,1,True,1.0,0.05
j859206,2,token_batch,1.6117,0.0,11.9333,0.5,4226.09,11,1,False,1.0,0.0
j859206,2,delay_tolerant,0.5183,0.0,7.7333,0.5,0.0,5,2,False,1.0,0.0
j859206,2,token_batch,1.8167,1.194,13.3333,0.5,4871.68,6,1,False,1.0,0.0
j859206,2,token_batch,1.8167,0.0,13.3333,0.5,5061.003,12,1,False,1.0,0.0
j859206,2,delay_tolerant,0.5183,0.0,7.7333,0.5,0.0,5,2,True,1.0,0.05
j859561,2,token_batch,1.475,1.064,11.0,0.5,4318.721,10,1,True,1.0,0.05
j860224,2,delay_tolerant,0.5183,0.5645,7.7333,0.5,0.0,14,2,True,1.0,0.05
j860329,2,delay_tolerant,0.5183,0.0,7.7333,0.5,0.0,13,2,True,1.0,0.0477
j860698,2,delay_tolerant,0.9967,0.0,7.7333,0.5,0.0,14,2,False,1.0,0.0
j860698,2,token_batch,1.475,1.0488,11.0,0.5,3852.161,13,1,True,1.0,0.116
j860767,2,delay_tolerant,0.5183,0.0,7.7333,0.5,0.0,22,2,False,1.0,0.0
j861942,2,delay_tolerant,0.5183,0.4359,7.7333,0.5,0.0,14,2,True,1.0,0.0283
j861942,2,token_batch,1.475,0.7742,11.0,0.5,4599.89,23,1,True,1.0,0.05
j861942,2,delay_tolerant,0.5183,0.0,7.7333,0.5,0.0,5,2,False,1.0,0.0
j862342,2,delay_tolerant,1.27,0.0,9.6,0.5,0.0,17,2,False,1.0,0.0
j862814,2,token_batch,1.475,1.2322,11.0,0.5,3950.321,23,1,False,1.0,0.0
j863467,2,token_batch,1.475,0.0,11.0,0.5,3459.574,22,1,False,1.0,0.0
j863484,2,delay_tolerant,0.5867,0.0,7.7333,0.5,0.0,5,2,True,1.0,0.05
j863513,2,delay_tolerant,0.5183,0.0,7.7333,0.5,0.0,12,2,False,1.0,0.0
j863735,2,token_batch,1.475,1.1142,11.0,0.5,4204.275,11,1,True,1.0,0.1711
j863735,2,delay_tolerant,1.065,0.0,8.2,0.5,0.0,10,2,False,1.0,0.0
j8639,2,token_batch,1.475,0.4214,11.0,0.5,4056.674,14,1,True,1.0,0.1291
j863912,2,delay_tolerant,0.7917,0.0,7.7333,0.5,0.0,5,2,True,1.0,0.05
j864318,2,token_batch,2.5,0.8507,18.0,0.5,5508.915,19,1,True,1.0,0.1783
j864318,2,delay_tolerant,1.27,0.0,9.6,0.5,0.0,22,2,False,1.0,0.0
j86539,2,delay_tolerant,0.9967,0.0,7.7333,0.5,0.0,20,2,False,1.0,0.0
j865409,2,delay_tolerant,0.5183,0.0,7.7333,0.5,0.0,5,2,True,1.0,0.05
j865651,2,delay_sensitive,0.5183,0.0,7.7333,0.5,0.0,3,3,False,1.0,0.0
j865651,2,delay_tolerant,0.5183,0.0,7.7333,0.5,0.0,12,2,False,1.0,0.0
j866112,2,delay_tolerant,0.5183,0.0,7.7333,0.5,0.0,9,2,False,1.0,0.0
j866112,2,delay_tolerant,0.5183,0.0,7.7333,0.5,0.0,5,2,True,1.0,0.05
j866112,2,token_batch,1.475,0.7638,11.0,0.5,3977.898,19,1,True,1.0,0.05
j866327,2,delay_tolerant,1.4067,0.0,10.5333,0.5,0.0,20,2,False,1.0,0.0
j86677,2,token_batch,1.475,0.5679,11.0,0.5,4094.656,23,1,False,1.0,0.0
j867191,2,delay_tolerant,1.3383,0.0,10.0667,0.5,0.0,18,2,False,1.0,0.0
j86785,2,delay_tolerant,0.86,0.0,7.7333,0.5,0.0,5,2,False,1.0,0.0
j867952,2,token_batch,1.5433,1.3332,11.4667,0.5,4312.426,20,1,True,1.0,0.1621
j867952,2,delay_tolerant,0.86,0.0,7.7333,0.5,0.0,16,2,False,1.0,0.0
j867952,2,delay_tolerant,0.5183,0.0,7.7333,0.5,0.0,20,2,False,1.0,0.0
j868450,2,token_batch,1.475,0.512,11.0,0.5,3671.643,12,1,True,1.0,0.1704
j869158,2,delay_tolerant,0.5183,0.0,7.7333,0.5,0.0,17,2,False,1.0,0.0
j869158,2,token_batch,2.5,0.9086,18.0,0.5,4930.74,9,1,True,1.0,0.05
j869262,2,delay_tolerant,0.5183,0.0,7.7333,0.5,0.0,5,2,True,1.0,0.05
j869470,2,token_batch,1.475,0.4863,11.0,0.5,4549.441,20,1,True,1.0,0.05
j870275,2,delay_tolerant,0.9967,0.0,7.7333,0.5,0.0,12,2,True,1.0,0.0203
j871689,2,delay_tolerant,1.2017,0.5842,9.1333,0.5,0.0,15,2,True,1.0,0.05
j871689,2,delay_tolerant,0.7233,0.0,7.7333,0.5,0.0,16,2,True,1.0,0.05
j871689,2,delay_tolerant,0.5183,0.0,7.7333,0.5,0.0,12,2,False,1.0,0.0
j872923,2,delay_tolerant,0.9283,0.0,7.7333,0.5,0.0,13,2,True,1.0,0.0719
j873150,2,token_batch,2.5,0.9991,18.0,0.5,4652.03,19,1,True,1.0,0.05
j873330,2,token_batch,1.5433,0.0,11.4667,0.5,4728.875,6,1,False,1.0,0.0
j873330,2,delay_tolerant,0.5867,0.0,7.7333,0.5,0.0,15,2,True,1.0,0.05
j873330,2,delay_tolerant,0.9967,0.0,7.7333,0.5,0.0,15,2,False,1.0,0.0
j873330,2,token_batch,2.5,0.8438,18.0,0.5,4687.233,15,1,False,1.0,0.0
j873330,2,delay_tolerant,1.4067,0.0,10.5333,0.5,0.0,15,2,False,1.0,0.0
j873330,2,delay_tolerant,0.5183,0.0,7.7333,0.5,0.0,7,2,True,1.0,0.05
j873330,2,token_batch,1.885,0.7595,13.8,0.5,3980.496,16,1,True,1.0,0.05
j873675,2,delay_tolerant,0.9967,0.3119,7.7333,0.5,0.0,22,2,False,1.0,0.0
j873973,2,token_batch,1.475,0.7555,11.0,0.5,3920.841,10,1,True,1.0,0.125
j874019,2,delay_tolerant,1.2017,0.0,9.1333,0.5,0.0,22,2,False,1.0,0.0
j874291,2,delay_tolerant,0.7233,0.0,7.7333,0.5,0.0,16,2,True,1.0,0.0577
j874331,2,token_batch,1.475,1.2616,11.0,0.5,4299.159,11,1,False,1.0,0.0
j874331,2,delay_tolerant,1.2017,0.0,9.1333,0.5,0.0,12,2,False,1.0,0.0
j875010,2,delay_tolerant,0.5183,0.0,7.7333,0.5,0.0,5,2,True,1.0,0.05
j875519,2,delay_tolerant,0.86,0.0,7.7333,0.5,0.0,16,2,True,1.0,0.05
j875603,2,token_batch,1.475,0.5301,11.0,0.5,4188.83,19,1,True,1.0,0.05
j875977,2,delay_tolerant,0.9967,0.0,7.7333,0.5,0.0,18,2,True,1.0,0.05
j876070,2,delay_tolerant,0.86,0.0,7.7333,0.5,0.0,22,2,True,1.0,0.05
j876302,2,token_batch,1.475,0.0,11.0,0.5,4448.817,12,1,False,1.0,0.0
j876747,2,delay_tolerant,0.5183,0.0,7.7333,0.5,0.0,9,2,False,1.0,0.0
j878171,2,delay_tolerant,1.3383,0.0,10.0667,0.5,0.0,19,2,True,1.0,0.0229
j879673,2,delay_tolerant,0.655,0.0,7.7333,0.5,0.0,6,2,False,1.0,0.0
j879673,2,delay_tolerant,0.5183,0.0,7.7333,0.5,0.0,15,2,False,1.0,0.0
j879677,2,token_batch,2.5,1.0468,18.0,0.5,5476.622,14,1,True,1.0,0.1478
j879677,2,token_batch,1.5433,0.0,11.4667,0.5,4323.242,16,1,True,1.0,0.1284
j879677,2,token_batch,2.5,1.2384,18.0,0.5,5488.783,23,1,True,1.0,0.171
j879677,2,token_batch,2.5,0.5109,18.0,0.5,5032.787,22,1,True,1.0,0.1451
j879677,2,token_batch,2.5,1.2111,18.0,0.5,5428.066,22,1,True,1.0,0.05
j879847,2,delay_tolerant,0.9967,0.0,7.7333,0.5,0.0,12,2,True,1.0,0.0983
j879847,2,delay_tolerant,0.86,0.0,7.7333,0.5,0.0,15,2,False,1.0,0.0
j879847,2,delay_tolerant,0.655,0.0,7.7333,0.5,0.0,16,2,True,1.0,0.05
j879847,2,delay_tolerant,1.27,0.0,9.6,0.5,0.0,6,2,False,1.0,0.0
j879969,2,token_batch,1.475,0.652,11.0,0.5,3674.933,11,1,False,1.0,0.0
j880063,2,delay_tolerant,1.2017,0.0,9.1333,0.5,0.0,10,2,False,1.0,0.0
j880321,2,token_batch,1.8167,0.5054,13.3333,0.5,4461.779,6,1,True,1.0,0.05
j880769,2,delay_tolerant,0.5183,0.5494,7.7333,0.5,0.0,14,2,True,1.0,0.05
j880813,2,delay_tolerant,0.9967,0.3988,7.7333,0.5,0.0,20,2,True,1.0,0.05
j880817,2,delay_tolerant,0.5183,0.0,7.7333,0.5,0.0,12,2,True,1.0,0.0547
j881450,2,delay_tolerant,0.9967,0.0,7.7333,0.5,0.0,9,2,False,1.0,0.0
j882454,2,delay_tolerant,0.5867,0.0,7.7333,0.5,0.0,21,2,False,1.0,0.0
j882569,2,delay_tolerant,1.3383,0.0,10.0667,0.5,0.0,17,2,False,1.0,0.0
j882569,2,token_batch,1.475,0.5362,11.0,0.5,3804.976,18,1,True,1.0,0.0848
j882569,2,delay_tolerant,0.655,0.0,7.7333,0.5,0.0,17,2,True,1.0,0.06
j882752,2,delay_tolerant,1.2017,0.0,9.1333,0.5,0.0,9,2,True,1.0,0.05
j882879,2,delay_tolerant,1.4067,0.0,10.5333,0.5,0.0,12,2,False,1.0,0.0
j883875,2,delay_tolerant,0.5183,0.0,7.7333,0.5,0.0,14,2,True,1.0,0.05
j883875,2,token_batch,2.5,0.0,18.0,0.5,4985.28,20,1,False,1.0,0.0
j884111,2,token_batch,1.475,0.6957,11.0,0.5,3951.483,10,1,False,1.0,0.0
j887333,2,delay_tolerant,1.27,0.3346,9.6,0.5,0.0,19,2,True,1.0,0.0875
j887333,2,delay_tolerant,1.2017,0.0,9.1333,0.5,0.0,19,2,False,1.0,0.0
j888516,2,delay_tolerant,0.5183,0.0,7.7333,0.5,0.0,5,2,False,1.0,0.0
j888516,2,delay_tolerant,0.9967,0.0,7.7333,0.5,0.0,11,2,False,1.0,0.0
j888777,2,delay_tolerant,0.5183,0.0,7.7333,0.5,0.0,14,2,True,1.0,0.0852
j888790,2,token_batch,2.5,1.0411,18.0,0.5,4854.159,19,1,True,1.0,0.1851
j888790,2,delay_tolerant,1.1333,0.0,8.6667,0.5,0.0,19,2,False,1.0,0.0
j888790,2,token_batch,2.5,0.7064,18.0,0.5,5030.294,14,1,False,1.0,0.0
j889106,2,delay_tolerant,0.86,0.0,7.7333,0.5,0.0,12,2,False,1.0,0.0
j890057,2,delay_tolerant,1.27,0.0,9.6,0.5,0.0,15,2,False,1.0,0.0
j890057,2,delay_tolerant,0.9967,0.0,7.7333,0.5,0.0,14,2,False,1.0,0.0
j890057,2,delay_tolerant,0.7233,0.0,7.7333,0.5,0.0,15,2,True,1.0,0.05
j890487,2,token_batch,1.9533,0.0,14.2667,0.5,5325.067,9,1,True,1.0,0.1253
j890487,2,delay_tolerant,0.7917,0.0,7.7333,0.5,0.0,9,2,True,1.0,0.05
j890540,2,delay_tolerant,1.4067,0.0,10.5333,0.5,0.0,9,2,False,1.0,0.0
j890540,2,delay_tolerant,0.9967,0.0,7.7333,0.5,0.0,10,2,False,1.0,0.0
j890540,2,delay_tolerant,0.5867,0.0,7.7333,0.5,0.0,9,2,False,1.0,0.0
j891276,2,delay_tolerant,1.4067,0.0,10.5333,0.5,0.0,21,2,True,1.0,0.0566
j891276,2,token_batch,2.5,1.0549,18.0,0.5,4892.372,22,1,True,1.0,0.05
j891276,2,delay_tolerant,0.7233,0.0,7.7333,0.5,0.0,23,2,False,1.0,0.0
j891410,2,delay_tolerant,1.27,0.0,9.6,0.5,0.0,16,2,False,1.0,0.0
j891514,2,delay_tolerant,0.9283,0.0,7.7333,0.5,0.0,13,2,True,1.0,0.05
j892092,2,token_batch,1.475,0.5305,11.0,0.5,3719.445,22,1,False,1.0,0.0
j892214,2,delay_tolerant,0.5183,0.0,7.7333,0.5,0.0,15,2,False,1.0,0.0
j892936,2,token_batch,1.475,0.5788,11.0,0.5,3938.164,12,1,False,1.0,0.0
j893164,2,delay_tolerant,0.5183,0.0,7.7333,0.5,0.0,12,2,True,1.0,0.05
j893225,2,token_batch,1.475,0.6156,11.0,0.5,4215.716,13,1,True,1.0,0.1003
j893766,2,delay_tolerant,0.5183,0.0,7.7333,0.5,0.0,13,2,True,1.0,0.0792
j893766,2,token_batch,2.5,0.0,18.0,0.5,5018.243,6,1,False,1.0,0.0
j893766,2,delay_tolerant,0.5183,0.0,7.7333,0.5,0.0,14,2,False,1.0,0.0
j894147,2,token_batch,1.475,1.3084,11.0,0.5,3859.273,12,1,True,1.0,0.05
j894275,2,delay_tolerant,0.5183,0.0,7.7333,0.5,0.0,18,2,False,1.0,0.0
j895256,2,delay_tolerant,0.86,0.0,7.7333,0.5,0.0,5,2,False,1.0,0.0
j895287,2,token_batch,1.475,1.4174,11.0,0.5,3672.677,13,1,False,1.0,0.0
j895370,2,token_batch,1.68,0.9408,12.4,0.5,4180.646,19,1,True,1.0,0.1816
j895808,2,delay_tolerant,1.1333,0.0,8.6667,0.5,0.0,18,2,True,1.0,0.0256
j895974,2,delay_tolerant,0.7233,0.0,7.7333,0.5,0.0,15,2,True,1.0,0.05
j895974,2,delay_tolerant,0.5183,0.0,7.7333,0.5,0.0,5,2,True,1.0,0.05
j89622,2,delay_tolerant,0.5183,0.0,7.7333,0.5,0.0,9,2,True,1.0,0.05
j89622,2,token_batch,2.5,0.6911,18.0,0.5,4817.037,20,1,True,1.0,0.05
j89622,2,delay_tolerant,1.2017,0.0,9.1333,0.5,0.0,9,2,True,1.0,0.0413
j89622,2,token_batch,2.5,0.9765,18.0,0.5,4743.808,14,1,True,1.0,0.05
j89622,2,delay_tolerant,0.86,0.0,7.7333,0.5,0.0,11,2,False,1.0,0.0
j896514,2,delay_tolerant,0.86,0.0,7.7333,0.5,0.0,10,2,False,1.0,0.0
j897968,2,delay_tolerant,0.7917,0.0,7.7333,0.5,0.0,16,2,False,1.0,0.0
j898077,2,token_batch,1.475,0.0,11.0,0.5,4320.526,23,1,False,1.0,0.0
j89829,2,delay_tolerant,1.4067,0.4854,10.5333,0.5,0.0,18,2,True,1.0,0.05
j898318,2,delay_tolerant,1.1333,0.0,8.6667,0.5,0.0,12,2,True,1.0,0.0311
j898324,2,token_batch,1.475,1.0168,11.0,0.5,4610.981,10,1,False,1.0,0.0
j898433,2,token_batch,2.5,0.0,18.0,0.5,4443.012,23,1,True,1.0,0.1784
j89866,2,delay_tolerant,1.27,0.0,9.6,0.5,0.0,23,2,False,1.0,0.0
j899017,2,delay_tolerant,0.5183,0.4099,7.7333,0.5,0.0,5,2,True,1.0,0.0952
j899978,2,delay_tolerant,0.9283,0.0,7.7333,0.5,0.0,17,2,True,1.0,0.05
j900000,2,delay_tolerant,1.1333,0.0,8.6667,0.5,0.0,12,2,False,1.0,0.0
j900058,2,token_batch,1.475,0.0,11.0,0.5,3652.142,16,1,True,1.0,0.1002
j900143,2,delay_tolerant,0.5183,0.4143,7.7333,0.5,0.0,5,2,False,1.0,0.0
j900479,2,delay_tolerant,1.1333,0.0,8.6667,0.5,0.0,17,2,True,1.0,0.05
j900479,2,token_batch,1.885,0.5326,13.8,0.5,4968.602,17,1,True,1.0,0.1543
j900702,2,delay_sensitive,0.5183,0.0,7.7333,0.5,0.0,3,3,False,1.0,0.0
j900702,2,token_batch,2.5,0.7372,18.0,0.5,4437.546,17,1,False,1.0,0.0
j900702,2,delay_tolerant,1.27,0.0,9.6,0.5,0.0,6,2,False,1.0,0.0
j900702,2,delay_tolerant,0.9283,0.0,7.7333,0.5,0.0,15,2,False,1.0,0.0
j900702,2,delay_tolerant,1.27,0.0,9.6,0.5,0.0,12,2,True,1.0,0.05
j900702,2,token_batch,2.5,1.3804,18.0,0.5,4630.616,17,1,False,1.0,0.0
j90164,2,token_batch,1.475,0.8064,11.0,0.5,4179.991,10,1,True,1.0,0.143
j903203,2,token_batch,1.7483,0.6212,12.8667,0.5,4589.671,19,1,True,1.0,0.05
j904379,2,token_batch,1.475,0.0,11.0,0.5,3848.491,20,1,False,1.0,0.0
j904596,2,token_batch,1.475,0.4253,11.0,0.5,4308.603,16,1,True,1.0,0.1053
j904596,2,delay_tolerant,0.5183,0.0,7.7333,0.5,0.0,15,2,False,1.0,0.0
j904613,2,delay_tolerant,0.7233,0.4289,7.7333,0.5,0.0,14,2,False,1.0,0.0
j905491,2,delay_tolerant,0.655,0.0,7.7333,0.5,0.0,5,2,False,1.0,0.0
j905491,2,token_batch,1.6117,0.547,11.9333,0.5,4294.6,6,1,True,1.0,0.1805
j905491,2,token_batch,2.1583,0.5848,15.6667,0.5,5094.613,6,1,True,1.0,0.05
j905491,2,delay_tolerant,0.5183,0.0,7.7333,0.5,0.0,10,2,True,1.0,0.0234
j905491,2,delay_tolerant,0.5183,0.0,7.7333,0.5,0.0,10,2,True,1.0,0.05
j905491,2,delay_tolerant,0.655,0.0,7.7333,0.5,0.0,10,2,False,1.0,0.0
j906393,2,delay_tolerant,0.5867,0.0,7.7333,0.5,0.0,12,2,False,1.0,0.0
j906404,2,delay_tolerant,0.5867,0.0,7.7333,0.5,0.0,5,2,False,1.0,0.0
j906453,2,token_batch,1.475,1.4864,11.0,0.5,3506.904,22,1,True,1.0,0.05
j907337,2,token_batch,1.475,0.5627,11.0,0.5,4045.684,20,1,True,1.0,0.05
j907337,2,delay_tolerant,0.5183,0.0,7.7333,0.5,0.0,5,2,True,1.0,0.05
j907941,2,delay_tolerant,1.27,0.0,9.6,0.5,0.0,19,2,True,1.0,0.05
j908185,2,token_batch,1.475,0.0,11.0,0.5,4443.551,22,1,False,1.0,0.0
j908185,2,delay_tolerant,0.5183,0.0,7.7333,0.5,0.0,21,2,False,1.0,0.0
j908588,2,delay_tolerant,0.7233,0.0,7.7333,0.5,0.0,7,2,True,1.0,0.05
j909118,2,delay_tolerant,0.655,0.0,7.7333,0.5,0.0,17,2,False,1.0,0.0
j911525,2,delay_tolerant,1.4067,0.0,10.5333,0.5,0.0,22,2,False,1.0,0.0
j91267,2,token_batch,2.5,0.0,18.0,0.5,5504.14,21,1,True,1.0,0.1511
j913808,2,delay_tolerant,0.5183,0.0,7.7333,0.5,0.0,10,2,False,1.0,0.0
j914346,2,delay_tolerant,0.5183,0.0,7.7333,0.5,0.0,5,2,True,1.0,0.05
j91461,2,token_batch,1.475,0.5949,11.0,0.5,3854.241,19,1,False,1.0,0.0
j914676,2,delay_tolerant,0.9967,0.0,7.7333,0.5,0.0,19,2,False,1.0,0.0
j92039,2,delay_tolerant,0.5183,0.0,7.7333,0.5,0.0,15,2,True,1.0,0.0212
j92039,2,delay_tolerant,1.3383,0.0,10.0667,0.5,0.0,14,2,False,1.0,0.0
j92844,2,delay_tolerant,1.065,0.0,8.2,0.5,0.0,11,2,True,1.0,0.05
j93028,2,delay_tolerant,0.5183,0.0,7.7333,0.5,0.0,5,2,False,1.0,0.0
j93446,2,delay_tolerant,1.065,0.0,8.2,0.5,0.0,20,2,True,1.0,0.05
j93477,2,token_batch,1.7483,1.1585,12.8667,0.5,4194.711,21,1,True,1.0,0.05
j93477,2,token_batch,2.5,0.6516,18.0,0.5,5022.488,21,1,True,1.0,0.1136
j93477,2,delay_tolerant,1.2017,0.0,9.1333,0.5,0.0,21,2,False,1.0,0.0
j93477,2,token_batch,1.885,1.2916,13.8,0.5,4677.731,6,1,False,1.0,0.0
j93477,2,delay_tolerant,0.655,0.0,7.7333,0.5,0.0,21,2,False,1.0,0.0
j93477,2,token_batch,2.5,1.4721,18.0,0.5,4420.346,21,1,True,1.0,0.05
j9447,2,token_batch,1.5433,0.9838,11.4667,0.5,3994.514,6,1,True,1.0,0.1305
j9447,2,token_batch,2.5,1.4481,18.0,0.5,4286.354,6,1,False,1.0,0.0
j9447,2,token_batch,2.5,1.1296,18.0,0.5,5085.017,13,1,False,1.0,0.0
j9447,2,token_batch,1.885,0.8107,13.8,0.5,4667.779,13,1,True,1.0,0.05
j9447,2,token_batch,1.885,0.8854,13.8,0.5,4357.905,12,1,True,1.0,0.05
j95005,2,delay_tolerant,0.5183,0.0,7.7333,0.5,0.0,22,2,True,1.0,0.064
j95914,2,delay_tolerant,0.9967,0.0,7.7333,0.5,0.0,19,2,True,1.0,0.05
j96226,2,delay_tolerant,0.9283,0.2663,7.7333,0.5,0.0,5,2,True,1.0,0.05
j97493,2,token_batch,1.475,1.0137,11.0,0.5,3535.277,19,1,True,1.0,0.05
j97493,2,delay_tolerant,1.27,0.0,9.6,0.5,0.0,18,2,True,1.0,0.05
j97493,2,delay_tolerant,1.3383,0.0,10.0667,0.5,0.0,19,2,True,1.0,0.05
j97493,2,token_batch,1.475,1.1568,11.0,0.5,4449.62,19,1,True,1.0,0.05
j97493,2,delay_tolerant,1.065,0.0,8.2,0.5,0.0,19,2,False,1.0,0.0
j97547,2,delay_tolerant,0.5183,0.5503,7.7333,0.5,0.0,14,2,True,1.0,0.05
j99456,2,token_batch,2.5,1.1387,18.0,0.5,4387.549,6,1,True,1.0,0.05
j99456,2,delay_tolerant,1.065,0.0,8.2,0.5,0.0,5,2,False,1.0,0.0
j99456,2,token_batch,2.5,1.0474,18.0,0.5,5188.458,11,1,False,1.0,0.0
j102158,3,token_batch,2.5,1.1701,18.0,0.5,4905.664,14,1,True,1.0,0.05
j10250,3,delay_tolerant,0.86,0.0,7.7333,0.5,0.0,22,2,True,1.0,0.05
j103896,3,delay_tolerant,0.5183,0.0,7.7333,0.5,0.0,23,2,False,1.0,0.0
j10847,3,token_batch,1.475,0.9909,11.0,0.5,4272.146,23,1,True,1.0,0.05
j108574,3,token_batch,1.68,0.6831,12.4,0.5,4521.273,7,1,False,1.0,0.0
j113365,3,delay_tolerant,0.5183,0.5143,7.7333,0.5,0.0,6,2,False,1.0,0.0
j115640,3,delay_tolerant,0.5183,0.0,7.7333,0.5,0.0,6,2,True,1.0,0.05
j115908,3,token_batch,1.475,0.0,11.0,0.5,3764.633,23,1,False,1.0,0.0
j122863,3,delay_tolerant,0.655,0.0,7.7333,0.5,0.0,6,2,True,1.0,0.05
j124362,3,token_batch,1.7483,0.9113,12.8667,0.5,4911.391,7,1,False,1.0,0.0
j124622,3,delay_tolerant,0.7917,0.0,7.7333,0.5,0.0,20,2,True,1.0,0.05
j126121,3,delay_tolerant,0.5183,0.0,7.7333,0.5,0.0,22,2,True,1.0,0.0937
j126949,3,delay_tolerant,0.7233,0.4786,7.7333,0.5,0.0,17,2,False,1.0,0.0
j126949,3,token_batch,2.5,0.0,18.0,0.5,5255.951,23,1,False,1.0,0.0
j127168,3,token_batch,1.5433,0.0,11.4667,0.5,4701.703,7,1,True,1.0,0.148
j127174,3,token_batch,1.475,0.7719,11.0,0.5,3728.849,23,1,True,1.0,0.05
j129330,3,delay_sensitive,0.5183,0.0,7.7333,0.5,0.0,4,3,False,1.0,0.0
j129330,3,token_batch,1.475,0.4297,11.0,0.5,4512.4,7,1,True,1.0,0.05
j13137,3,delay_tolerant,0.5183,0.0,7.7333,0.5,0.0,6,2,False,1.0,0.0
j131883,3,delay_tolerant,0.5183,0.0,7.7333,0.5,0.0,6,2,True,1.0,0.05
j133970,3,delay_tolerant,0.7233,0.0,7.7333,0.5,0.0,23,2,False,1.0,0.0
j133970,3,delay_tolerant,0.9283,0.0,7.7333,0.5,0.0,22,2,True,1.0,0.05
j133970,3,delay_tolerant,1.2017,0.0,9.1333,0.5,0.0,23,2,False,1.0,0.0
j133970,3,delay_tolerant,0.655,0.0,7.7333,0.5,0.0,22,2,False,1.0,0.0
j134355,3,token_batch,2.5,0.4884,18.0,0.5,5135.88,22,1,False,1.0,0.0
j136728,3,token_batch,1.7483,0.0,12.8667,0.5,4836.515,23,1,False,1.0,0.0
j136728,3,delay_tolerant,0.9967,0.0,7.7333,0.5,0.0,14,2,False,1.0,0.0
j136728,3,delay_tolerant,0.5867,0.0,7.7333,0.5,0.0,23,2,False,1.0,0.0
j139075,3,delay_tolerant,0.5183,0.5739,7.7333,0.5,0.0,6,2,False,1.0,0.0
j139107,3,delay_sensitive,0.7233,0.0,7.7333,0.5,0.0,4,3,False,1.0,0.0
j139107,3,delay_tolerant,1.1333,0.0,8.6667,0.5,0.0,6,2,True,1.0,0.0959
j140180,3,delay_tolerant,0.5867,0.0,7.7333,0.5,0.0,6,2,False,1.0,0.0
j142945,3,delay_tolerant,1.27,0.0,9.6,0.5,0.0,22,2,False,1.0,0.0
j145109,3,delay_tolerant,1.4067,0.0,10.5333,0.5,0.0,23,2,False,1.0,0.0
j145109,3,delay_tolerant,1.3383,0.0,10.0667,0.5,0.0,23,2,False,1.0,0.0
j145753,3,delay_tolerant,0.5183,0.0,7.7333,0.5,0.0,17,2,False,1.0,0.0
j148285,3,delay_tolerant,0.5183,0.0,7.7333,0.5,0.0,6,2,True,1.0,0.0655
j150324,3,delay_sensitive,0.7233,0.0,7.7333,0.5,0.0,4,3,False,1.0,0.0
j150324,3,delay_sensitive,1.4067,0.0,10.5333,0.5,0.0,4,3,False,1.0,0.0
j150718,3,delay_sensitive,0.5183,0.0,7.7333,0.5,0.0,4,3,False,1.0,0.0
j15099,3,delay_tolerant,0.5183,0.0,7.7333,0.5,0.0,6,2,True,1.0,0.05
j157253,3,delay_tolerant,0.5183,0.0,7.7333,0.5,0.0,6,2,True,1.0,0.02
j157853,3,delay_sensitive,0.7233,0.0,7.7333,0.5,0.0,4,3,False,1.0,0.0
j158040,3,token_batch,1.885,0.0,13.8,0.5,4445.666,14,1,True,1.0,0.1602
j160584,3,delay_tolerant,1.065,0.0,8.2,0.5,0.0,14,2,False,1.0,0.0
j16262,3,delay_tolerant,1.4067,0.0,10.5333,0.5,0.0,6,2,False,1.0,0.0
j16262,3,token_batch,2.5,0.5805,18.0,0.5,4195.501,23,1,True,1.0,0.1828
j164250,3,token_batch,1.885,0.0,13.8,0.5,4166.915,22,1,False,1.0,0.0
j169163,3,delay_tolerant,0.7917,0.0,7.7333,0.5,0.0,6,2,False,1.0,0.0
j169363,3,token_batch,2.5,1.0246,18.0,0.5,4503.46,23,1,True,1.0,0.0993
j170044,3,delay_tolerant,0.5183,0.0,7.7333,0.5,0.0,6,2,False,1.0,0.0
j171322,3,delay_tolerant,0.5183,0.4688,7.7333,0.5,0.0,22,2,True,1.0,0.05
j171322,3,delay_tolerant,1.3383,0.0,10.0667,0.5,0.0,23,2,True,1.0,0.0648
j171545,3,token_batch,2.5,1.3389,18.0,0.5,4962.683,23,1,True,1.0,0.1269
j173328,3,delay_tolerant,0.7233,0.0,7.7333,0.5,0.0,23,2,True,1.0,0.05
j173683,3,token_batch,2.5,1.0623,18.0,0.5,4973.657,23,1,True,1.0,0.1101
j175057,3,delay_tolerant,1.4067,0.0,10.5333,0.5,0.0,23,2,False,1.0,0.0
j175192,3,delay_sensitive,0.5183,0.0,7.7333,0.5,0.0,4,3,False,1.0,0.0
j175412,3,delay_tolerant,0.9283,0.0,7.7333,0.5,0.0,22,2,False,1.0,0.0
j176050,3,delay_tolerant,0.5183,0.0,7.7333,0.5,0.0,6,2,False,1.0,0.0
j176429,3,delay_tolerant,0.7233,0.0,7.7333,0.5,0.0,22,2,True,1.0,0.0456
j177740,3,delay_tolerant,0.5183,0.4302,7.7333,0.5,0.0,6,2,False,1.0,0.0
j180618,3,delay_tolerant,0.7917,0.0,7.7333,0.5,0.0,19,2,False,1.0,0.0
j181313,3,delay_tolerant,0.5183,0.2203,7.7333,0.5,0.0,23,2,True,1.0,0.05
j185028,3,delay_tolerant,0.5183,0.0,7.7333,0.5,0.0,6,2,True,1.0,0.05
j188292,3,delay_tolerant,0.5183,0.0,7.7333,0.5,0.0,22,2,True,1.0,0.0201
j19136,3,delay_tolerant,0.5183,0.0,7.7333,0.5,0.0,6,2,True,1.0,0.05
j191542,3,token_batch,1.8167,1.1055,13.3333,0.5,4306.121,22,1,False,1.0,0.0
j191689,3,delay_tolerant,0.5183,0.0,7.7333,0.5,0.0,6,2,True,1.0,0.0714
j193977,3,token_batch,1.8167,1.3107,13.3333,0.5,5296.936,17,1,False,1.0,0.0
j194175,3,delay_tolerant,0.5183,0.0,7.7333,0.5,0.0,6,2,False,1.0,0.0
j197323,3,delay_tolerant,0.7917,0.0,7.7333,0.5,0.0,6,2,False,1.0,0.0
j197759,3,delay_tolerant,0.86,0.0,7.7333,0.5,0.0,22,2,False,1.0,0.0
j198558,3,delay_sensitive,1.4067,0.0,10.5333,0.5,0.0,4,3,False,1.0,0.0
j203703,3,delay_tolerant,0.9283,0.5177,7.7333,0.5,0.0,6,2,True,1.0,0.0353
j203703,3,delay_tolerant,0.5183,0.0,7.7333,0.5,0.0,23,2,False,1.0,0.0
j204646,3,delay_tolerant,1.4067,0.0,10.5333,0.5,0.0,17,2,False,1.0,0.0
j205023,3,delay_tolerant,1.1333,0.0,8.6667,0.5,0.0,6,2,False,1.0,0.0
j20548,3,delay_tolerant,0.5183,0.0,7.7333,0.5,0.0,23,2,True,1.0,0.0692
j206392,3,delay_tolerant,1.4067,0.0,10.5333,0.5,0.0,23,2,False,1.0,0.0
j206554,3,delay_tolerant,0.655,0.0,7.7333,0.5,0.0,6,2,False,1.0,0.0
j206780,3,token_batch,1.5433,1.3572,11.4667,0.5,4067.876,7,1,False,1.0,0.0
j206992,3,delay_tolerant,1.3383,0.0,10.0667,0.5,0.0,22,2,False,1.0,0.0
j208469,3,delay_sensitive,0.5183,0.0,7.7333,0.5,0.0,4,3,False,1.0,0.0
j20905,3,delay_tolerant,0.5183,0.0,7.7333,0.5,0.0,22,2,False,1.0,0.0
j210079,3,delay_tolerant,0.86,0.0,7.7333,0.5,0.0,22,2,False,1.0,0.0
j210736,3,token_batch,1.885,0.683,13.8,0.5,4599.302,7,1,False,1.0,0.0
j210736,3,delay_tolerant,0.5183,0.0,7.7333,0.5,0.0,23,2,False,1.0,0.0
j213417,3,delay_tolerant,0.5867,0.0,7.7333,0.5,0.0,23,2,False,1.0,0.0
j215500,3,delay_tolerant,0.5183,0.0,7.7333,0.5,0.0,6,2,True,1.0,0.0255
j215774,3,delay_sensitive,0.5183,0.0,7.7333,0.5,0.0,4,3,False,1.0,0.0
j21600,3,delay_tolerant,0.7917,0.0,7.7333,0.5,0.0,22,2,False,1.0,0.0
j219744,3,delay_tolerant,0.9967,0.0,7.7333,0.5,0.0,6,2,False,1.0,0.0
j220058,3,delay_tolerant,0.7233,0.0,7.7333,0.5,0.0,6,2,False,1.0,0.0
j226194,3,delay_tolerant,0.5183,0.4923,7.7333,0.5,0.0,22,2,True,1.0,0.05
j226270,3,delay_tolerant,0.5183,0.0,7.7333,0.5,0.0,23,2,False,1.0,0.0
j229759,3,token_batch,2.5,1.2609,18.0,0.5,4432.408,20,1,True,1.0,0.05
j229759,3,token_batch,2.09,1.3304,15.2,0.5,4029.402,22,1,True,1.0,0.05
j229759,3,delay_tolerant,1.3383,0.3239,10.0667,0.5,0.0,22,2,False,1.0,0.0
j229949,3,delay_tolerant,0.5183,0.0,7.7333,0.5,0.0,6,2,False,1.0,0.0
j229949,3,delay_tolerant,0.5183,0.0,7.7333,0.5,0.0,6,2,True,1.0,0.0811
j231865,3,delay_tolerant,0.5183,0.0,7.7333,0.5,0.0,6,2,True,1.0,0.05
j233036,3,delay_tolerant,0.9283,0.0,7.7333,0.5,0.0,22,2,False,1.0,0.0
j234527,3,token_batch,1.8167,1.2672,13.3333,0.5,4572.038,17,1,True,1.0,0.05
j238132,3,delay_sensitive,0.5183,0.0,7.7333,0.5,0.0,4,3,False,1.0,0.0
j238132,3,delay_tolerant,0.5867,0.0,7.7333,0.5,0.0,6,2,False,1.0,0.0
j239902,3,token_batch,1.5433,0.0,11.4667,0.5,5038.61,7,1,False,1.0,0.0
j24257,3,delay_sensitive,0.5183,0.0,7.7333,0.5,0.0,4,3,False,1.0,0.0
j243424,3,delay_sensitive,0.5183,0.0,7.7333,0.5,0.0,4,3,False,1.0,0.0
j248558,3,delay_tolerant,0.7233,0.0,7.7333,0.5,0.0,6,2,True,1.0,0.05
j248558,3,delay_tolerant,0.7233,0.0,7.7333,0.5,0.0,23,2,True,1.0,0.0295
j249587,3,delay_tolerant,0.5183,0.0,7.7333,0.5,0.0,6,2,True,1.0,0.05
j249587,3,delay_sensitive,1.7483,0.0,12.8667,0.5,0.0,4,3,False,1.0,0.0
j249587,3,delay_tolerant,0.7233,0.5133,7.7333,0.5,0.0,14,2,False,1.0,0.0
j249587,3,token_batch,2.5,0.0,18.0,0.5,5231.415,14,1,True,1.0,0.1331
j251825,3,delay_tolerant,0.655,0.0,7.7333,0.5,0.0,6,2,False,1.0,0.0
j254481,3,delay_tolerant,0.655,0.0,7.7333,0.5,0.0,19,2,True,1.0,0.0922
j25678,3,delay_tolerant,1.1333,0.0,8.6667,0.5,0.0,6,2,False,1.0,0.0
j258286,3,delay_tolerant,0.5183,0.0,7.7333,0.5,0.0,6,2,True,1.0,0.05
j258303,3,delay_sensitive,0.5183,0.0,7.7333,0.5,0.0,4,3,False,1.0,0.0
j259201,3,delay_tolerant,1.065,0.0,8.2,0.5,0.0,22,2,True,1.0,0.0663
j260706,3,delay_sensitive,0.5183,0.0,7.7333,0.5,0.0,4,3,False,1.0,0.0
j262179,3,delay_sensitive,0.5183,0.0,7.7333,0.5,0.0,4,3,False,1.0,0.0
j262179,3,delay_tolerant,0.5183,0.0,7.7333,0.5,0.0,23,2,False,1.0,0.0
j263308,3,delay_tolerant,0.5183,0.0,7.7333,0.5,0.0,6,2,False,1.0,0.0
j268599,3,delay_tolerant,0.655,0.0,7.7333,0.5,0.0,23,2,False,1.0,0.0
j268725,3,delay_sensitive,1.6117,0.0,11.9333,0.5,0.0,4,3,False,1.0,0.0
j271224,3,delay_tolerant,0.5183,0.0,7.7333,0.5,0.0,6,2,False,1.0,0.0
j274594,3,delay_tolerant,0.7917,0.0,7.7333,0.5,0.0,6,2,False,1.0,0.0
j277568,3,delay_tolerant,0.5183,0.0,7.7333,0.5,0.0,17,2,True,1.0,0.05
j278351,3,delay_tolerant,0.7917,0.0,7.7333,0.5,0.0,23,2,False,1.0,0.0
j279139,3,delay_sensitive,0.5183,0.0,7.7333,0.5,0.0,4,3,False,1.0,0.0
j279514,3,delay_tolerant,1.27,0.2435,9.6,0.5,0.0,14,2,True,1.0,0.05
j280739,3,delay_sensitive,0.5183,0.0,7.7333,0.5,0.0,4,3,False,1.0,0.0
j283483,3,token_batch,1.885,0.0,13.8,0.5,4741.766,7,1,False,1.0,0.0
j28468,3,token_batch,2.5,1.3607,18.0,0.5,4724.031,23,1,False,1.0,0.0
j286211,3,delay_sensitive,0.5183,0.0,7.7333,0.5,0.0,4,3,False,1.0,0.0
j287487,3,token_batch,1.9533,0.0,14.2667,0.5,4741.008,22,1,True,1.0,0.183
j288002,3,token_batch,1.475,0.0,11.0,0.5,4121.669,23,1,False,1.0,0.0
j290109,3,token_batch,1.475,1.1653,11.0,0.5,4308.358,22,1,False,1.0,0.0
j290362,3,delay_tolerant,0.7917,0.0,7.7333,0.5,0.0,22,2,False,1.0,0.0
j293640,3,token_batch,2.5,0.9391,18.0,0.5,5541.971,20,1,True,1.0,0.05
j293721,3,token_batch,1.5433,0.0,11.4667,0.5,4980.553,22,1,False,1.0,0.0
j294399,3,token_batch,2.09,1.281,15.2,0.5,5276.78,23,1,True,1.0,0.05
j294399,3,delay_sensitive,0.7233,0.0,7.7333,0.5,0.0,4,3,False,1.0,0.0
j295006,3,delay_tolerant,0.5183,0.0,7.7333,0.5,0.0,23,2,True,1.0,0.05
j29676,3,token_batch,2.5,0.9626,18.0,0.5,4199.256,22,1,True,1.0,0.0884
j297194,3,delay_sensitive,0.9967,0.0,7.7333,0.5,0.0,4,3,False,1.0,0.0
j297943,3,delay_tolerant,0.5183,0.0,7.7333,0.5,0.0,6,2,False,1.0,0.0
j298038,3,delay_sensitive,0.5183,0.0,7.7333,0.5,0.0,4,3,False,1.0,0.0
j299488,3,delay_tolerant,0.7233,0.0,7.7333,0.5,0.0,22,2,False,1.0,0.0
j299624,3,delay_sensitive,0.5183,0.0,7.7333,0.5,0.0,4,3,False,1.0,0.0
j299704,3,delay_tolerant,1.27,0.0,9.6,0.5,0.0,6,2,True,1.0,0.05
j30223,3,delay_tolerant,0.5183,0.0,7.7333,0.5,0.0,22,2,False,1.0,0.0
j303300,3,delay_tolerant,0.5183,0.0,7.7333,0.5,0.0,22,2,True,1.0,0.05
j305433,3,delay_tolerant,1.3383,0.0,10.0667,0.5,0.0,23,2,True,1.0,0.05
j306636,3,token_batch,2.5,1.322,18.0,0.5,5422.197,23,1,False,1.0,0.0
j306636,3,delay_tolerant,0.86,0.0,7.7333,0.5,0.0,22,2,False,1.0,0.0
j30879,3,delay_tolerant,0.5183,0.0,7.7333,0.5,0.0,14,2,False,1.0,0.0
j309564,3,token_batch,1.885,0.5705,13.8,0.5,5001.029,23,1,True,1.0,0.05
j311932,3,delay_tolerant,0.5183,0.0,7.7333,0.5,0.0,6,2,True,1.0,0.074
j315336,3,token_batch,1.6117,1.2394,11.9333,0.5,4393.132,22,1,True,1.0,0.05
j318273,3,delay_tolerant,0.5183,0.0,7.7333,0.5,0.0,14,2,True,1.0,0.05
j326485,3,delay_sensitive,1.3383,0.0,10.0667,0.5,0.0,4,3,False,1.0,0.0
j329889,3,token_batch,2.5,1.132,18.0,0.5,5249.812,23,1,False,1.0,0.0
j330722,3,delay_tolerant,1.2017,0.0,9.1333,0.5,0.0,23,2,True,1.0,0.0859
j33167,3,delay_sensitive,0.5183,0.0,7.7333,0.5,0.0,4,3,False,1.0,0.0
j334648,3,token_batch,1.5433,1.1404,11.4667,0.5,4260.792,22,1,True,1.0,0.1632
j334648,3,token_batch,1.7483,1.3992,12.8667,0.5,5293.698,22,1,False,1.0,0.0
j334648,3,token_batch,1.68,1.196,12.4,0.5,4799.066,22,1,False,1.0,0.0
j334648,3,delay_sensitive,1.065,0.0,8.2,0.5,0.0,4,3,False,1.0,0.0
j334648,3,token_batch,1.885,0.6206,13.8,0.5,4109.146,17,1,True,1.0,0.05
j337640,3,delay_tolerant,0.5183,0.0,7.7333,0.5,0.0,6,2,False,1.0,0.0
j337884,3,delay_tolerant,0.7233,0.0,7.7333,0.5,0.0,22,2,True,1.0,0.0317
j337884,3,delay_tolerant,1.3383,0.0,10.0667,0.5,0.0,23,2,False,1.0,0.0
j337886,3,delay_tolerant,1.27,0.0,9.6,0.5,0.0,23,2,True,1.0,0.0906
j339520,3,delay_sensitive,0.5183,0.0,7.7333,0.5,0.0,4,3,False,1.0,0.0
j344153,3,delay_tolerant,0.5183,0.2954,7.7333,0.5,0.0,6,2,False,1.0,0.0
j344296,3,token_batch,1.6117,0.5983,11.9333,0.5,4243.146,23,1,True,1.0,0.05
j344643,3,delay_tolerant,0.9283,0.5539,7.7333,0.5,0.0,22,2,True,1.0,0.076
j345442,3,delay_tolerant,0.5183,0.0,7.7333,0.5,0.0,6,2,True,1.0,0.05
j345673,3,delay_tolerant,0.655,0.0,7.7333,0.5,0.0,6,2,False,1.0,0.0
j345869,3,token_batch,1.475,0.52,11.0,0.5,4172.173,23,1,True,1.0,0.1603
j345869,3,delay_tolerant,0.5183,0.0,7.7333,0.5,0.0,17,2,True,1.0,0.0742
j346523,3,delay_sensitive,0.5183,0.0,7.7333,0.5,0.0,4,3,False,1.0,0.0
j347574,3,delay_tolerant,0.655,0.0,7.7333,0.5,0.0,6,2,False,1.0,0.0
j348530,3,delay_tolerant,0.5183,0.0,7.7333,0.5,0.0,6,2,True,1.0,0.0498
j348780,3,delay_tolerant,0.5183,0.0,7.7333,0.5,0.0,6,2,False,1.0,0.0
j349588,3,token_batch,1.5433,0.5614,11.4667,0.5,4488.411,17,1,True,1.0,0.05
j350581,3,delay_sensitive,1.4067,0.0,10.5333,0.5,0.0,4,3,False,1.0,0.0
j351087,3,token_batch,1.475,0.0,11.0,0.5,4511.292,7,1,False,1.0,0.0
j351087,3,delay_tolerant,1.27,0.0,9.6,0.5,0.0,23,2,True,1.0,0.05
j351087,3,delay_tolerant,1.4067,0.0,10.5333,0.5,0.0,17,2,False,1.0,0.0
j351087,3,token_batch,1.885,0.0,13.8,0.5,4689.821,23,1,False,1.0,0.0
j352639,3,delay_sensitive,0.5183,0.0,7.7333,0.5,0.0,4,3,False,1.0,0.0
j352691,3,delay_tolerant,0.9967,0.0,7.7333,0.5,0.0,6,2,False,1.0,0.0
j353478,3,delay_tolerant,0.5183,0.0,7.7333,0.5,0.0,6,2,True,1.0,0.05
j35379,3,token_batch,1.475,1.1564,11.0,0.5,4139.991,23,1,False,1.0,0.0
j354408,3,token_batch,1.475,1.0276,11.0,0.5,4413.269,23,1,True,1.0,0.05
j361012,3,delay_tolerant,0.86,0.0,7.7333,0.5,0.0,23,2,True,1.0,0.0617
j361153,3,delay_tolerant,0.7917,0.0,7.7333,0.5,0.0,22,2,False,1.0,0.0
j363895,3,token_batch,2.5,0.9634,18.0,0.5,4767.913,20,1,False,1.0,0.0
j365781,3,token_batch,1.475,0.0,11.0,0.5,4281.025,23,1,True,1.0,0.1284
j366447,3,delay_tolerant,0.5183,0.0,7.7333,0.5,0.0,19,2,True,1.0,0.05
j366447,3,token_batch,2.2267,1.3471,16.1333,0.5,4728.599,14,1,True,1.0,0.119
j366558,3,delay_sensitive,0.5183,0.0,7.7333,0.5,0.0,4,3,False,1.0,0.0
j367181,3,delay_tolerant,0.7917,0.0,7.7333,0.5,0.0,17,2,False,1.0,0.0
j367289,3,delay_tolerant,1.1333,0.0,8.6667,0.5,0.0,22,2,False,1.0,0.0
j368128,3,delay_tolerant,1.065,0.0,8.2,0.5,0.0,23,2,False,1.0,0.0
j368128,3,delay_tolerant,0.5867,0.0,7.7333,0.5,0.0,23,2,False,1.0,0.0
j369730,3,delay_sensitive,0.5183,0.0,7.7333,0.5,0.0,4,3,False,1.0,0.0
j369730,3,token_batch,1.475,0.4455,11.0,0.5,4018.926,23,1,False,1.0,0.0
j370158,3,delay_tolerant,0.7233,0.0,7.7333,0.5,0.0,6,2,True,1.0,0.05
j373631,3,delay_tolerant,0.5867,0.0,7.7333,0.5,0.0,23,2,True,1.0,0.05
j374711,3,delay_tolerant,0.5183,0.0,7.7333,0.5,0.0,22,2,False,1.0,0.0
j375075,3,delay_sensitive,1.885,0.0,13.8,0.5,0.0,4,3,False,1.0,0.0
j377403,3,delay_tolerant,0.5183,0.0,7.7333,0.5,0.0,23,2,True,1.0,0.0927
j378484,3,delay_sensitive,0.5183,0.0,7.7333,0.5,0.0,4,3,False,1.0,0.0
j378484,3,token_batch,1.8167,0.9296,13.3333,0.5,5161.879,23,1,True,1.0,0.05
j378484,3,delay_tolerant,0.5183,0.2954,7.7333,0.5,0.0,23,2,True,1.0,0.0425
j379114,3,delay_sensitive,0.5183,0.0,7.7333,0.5,0.0,4,3,False,1.0,0.0
j381177,3,delay_tolerant,0.655,0.0,7.7333,0.5,0.0,6,2,False,1.0,0.0
j381340,3,delay_sensitive,0.5183,0.0,7.7333,0.5,0.0,4,3,False,1.0,0.0
j383921,3,delay_sensitive,0.655,0.0,7.7333,0.5,0.0,4,3,False,1.0,0.0
j38528,3,delay_sensitive,0.5183,0.0,7.7333,0.5,0.0,4,3,False,1.0,0.0
j387840,3,delay_tolerant,0.5867,0.0,7.7333,0.5,0.0,22,2,False,1.0,0.0
j391597,3,delay_tolerant,0.5867,0.0,7.7333,0.5,0.0,6,2,True,1.0,0.0278
j392767,3,delay_tolerant,0.5867,0.4325,7.7333,0.5,0.0,22,2,False,1.0,0.0
j392767,3,token_batch,2.5,0.0,18.0,0.5,5038.58,19,1,False,1.0,0.0
j392931,3,delay_tolerant,0.86,0.0,7.7333,0.5,0.0,22,2,False,1.0,0.0
j392931,3,token_batch,1.6117,0.0,11.9333,0.5,4347.421,22,1,False,1.0,0.0
j397541,3,delay_tolerant,0.5183,0.0,7.7333,0.5,0.0,20,2,True,1.0,0.05
j398749,3,delay_tolerant,0.5183,0.0,7.7333,0.5,0.0,20,2,True,1.0,0.05
j400487,3,delay_sensitive,1.3383,0.0,10.0667,0.5,0.0,4,3,False,1.0,0.0
j400487,3,token_batch,1.475,0.6869,11.0,0.5,4332.034,22,1,False,1.0,0.0
j405871,3,token_batch,2.09,0.0,15.2,0.5,4416.212,7,1,False,1.0,0.0
j406333,3,delay_tolerant,0.9283,0.0,7.7333,0.5,0.0,6,2,True,1.0,0.0978
j406811,3,delay_sensitive,0.5183,0.0,7.7333,0.5,0.0,4,3,False,1.0,0.0
j408421,3,token_batch,2.5,1.2284,18.0,0.5,4450.391,23,1,True,1.0,0.05
j409893,3,delay_tolerant,0.5183,0.0,7.7333,0.5,0.0,6,2,False,1.0,0.0
j412380,3,delay_tolerant,0.5183,0.0,7.7333,0.5,0.0,17,2,True,1.0,0.0428
j415285,3,token_batch,1.6117,0.0,11.9333,0.5,4150.314,22,1,False,1.0,0.0
j415292,3,delay_sensitive,0.655,0.0,7.7333,0.5,0.0,4,3,False,1.0,0.0
j416083,3,delay_sensitive,0.7233,0.0,7.7333,0.5,0.0,4,3,False,1.0,0.0
j416083,3,delay_tolerant,0.5183,0.0,7.7333,0.5,0.0,23,2,True,1.0,0.0347
j416083,3,delay_sensitive,0.5183,0.0,7.7333,0.5,0.0,4,3,False,1.0,0.0
j416083,3,delay_tolerant,0.5183,0.0,7.7333,0.5,0.0,23,2,False,1.0,0.0
j416083,3,token_batch,2.5,0.9667,18.0,0.5,5237.73,19,1,True,1.0,0.05
j418545,3,token_batch,1.68,0.852,12.4,0.5,5191.043,7,1,False,1.0,0.0
j420257,3,delay_sensitive,0.5183,0.0,7.7333,0.5,0.0,4,3,False,1.0,0.0
j422381,3,token_batch,1.475,1.438,11.0,0.5,4521.106,23,1,False,1.0,0.0
j425058,3,token_batch,1.8167,0.0,13.3333,0.5,4266.171,17,1,False,1.0,0.0
j425058,3,delay_tolerant,1.1333,0.0,8.6667,0.5,0.0,23,2,False,1.0,0.0
j425866,3,delay_tolerant,0.5183,0.0,7.7333,0.5,0.0,22,2,True,1.0,0.05
j432773,3,delay_tolerant,1.4067,0.0,10.5333,0.5,0.0,23,2,False,1.0,0.0
j433571,3,delay_tolerant,0.5867,0.0,7.7333,0.5,0.0,6,2,False,1.0,0.0
j434481,3,delay_tolerant,0.5183,0.2091,7.7333,0.5,0.0,6,2,True,1.0,0.05
j434648,3,delay_tolerant,1.27,0.0,9.6,0.5,0.0,23,2,True,1.0,0.0869
j437056,3,delay_tolerant,0.86,0.383,7.7333,0.5,0.0,22,2,True,1.0,0.05
j440277,3,delay_tolerant,0.7233,0.0,7.7333,0.5,0.0,6,2,True,1.0,0.0483
j441711,3,token_batch,2.5,0.594,18.0,0.5,4896.793,22,1,True,1.0,0.1492
j442637,3,delay_sensitive,0.5183,0.0,7.7333,0.5,0.0,4,3,False,1.0,0.0
j443802,3,token_batch,1.7483,1.1734,12.8667,0.5,4956.65,22,1,True,1.0,0.1201
j448758,3,token_batch,1.7483,0.6963,12.8667,0.5,5070.197,7,1,False,1.0,0.0
j45268,3,token_batch,1.475,0.0,11.0,0.5,4103.765,23,1,False,1.0,0.0
j45268,3,delay_tolerant,0.5183,0.0,7.7333,0.5,0.0,23,2,False,1.0,0.0
j456289,3,delay_tolerant,0.5183,0.0,7.7333,0.5,0.0,6,2,False,1.0,0.0
j456744,3,delay_tolerant,1.2017,0.0,9.1333,0.5,0.0,23,2,True,1.0,0.075
j456945,3,delay_tolerant,0.5183,0.0,7.7333,0.5,0.0,6,2,True,1.0,0.05
j458040,3,token_batch,1.68,1.1341,12.4,0.5,4565.626,7,1,True,1.0,0.05
j459062,3,delay_tolerant,0.5183,0.0,7.7333,0.5,0.0,23,2,False,1.0,0.0
j459340,3,delay_sensitive,0.5183,0.0,7.7333,0.5,0.0,4,3,False,1.0,0.0
j459432,3,delay_tolerant,0.86,0.0,7.7333,0.5,0.0,19,2,False,1.0,0.0
j45969,3,delay_tolerant,0.5183,0.0,7.7333,0.5,0.0,23,2,False,1.0,0.0
j460895,3,token_batch,2.5,0.8467,18.0,0.5,4437.258,22,1,True,1.0,0.05
j461435,3,delay_tolerant,1.1333,0.0,8.6667,0.5,0.0,14,2,True,1.0,0.05
j461636,3,token_batch,1.475,1.0032,11.0,0.5,4113.584,23,1,True,1.0,0.05
j461636,3,token_batch,2.5,0.7757,18.0,0.5,5101.643,23,1,True,1.0,0.05
j461961,3,delay_tolerant,0.5183,0.0,7.7333,0.5,0.0,17,2,False,1.0,0.0
j469557,3,delay_tolerant,1.2017,0.0,9.1333,0.5,0.0,14,2,True,1.0,0.0931
j471621,3,delay_tolerant,0.9283,0.3543,7.7333,0.5,0.0,22,2,True,1.0,0.0477
j474022,3,delay_sensitive,0.5183,0.0,7.7333,0.5,0.0,4,3,False,1.0,0.0
j477427,3,token_batch,2.1583,0.6906,15.6667,0.5,4890.02,7,1,True,1.0,0.1596
j477481,3,delay_tolerant,0.7233,0.0,7.7333,0.5,0.0,19,2,True,1.0,0.05
j477843,3,delay_tolerant,0.5867,0.0,7.7333,0.5,0.0,22,2,False,1.0,0.0
j477930,3,delay_tolerant,0.5183,0.0,7.7333,0.5,0.0,6,2,True,1.0,0.0258
j478746,3,delay_tolerant,0.5183,0.0,7.7333,0.5,0.0,6,2,True,1.0,0.05
j479193,3,delay_tolerant,0.7917,0.0,7.7333,0.5,0.0,14,2,False,1.0,0.0
j482813,3,delay_tolerant,1.2017,0.0,9.1333,0.5,0.0,17,2,True,1.0,0.0801
j482868,3,token_batch,1.475,0.7688,11.0,0.5,4301.322,23,1,True,1.0,0.05
j482868,3,token_batch,1.475,0.0,11.0,0.5,3838.54,23,1,False,1.0,0.0
j484046,3,token_batch,2.5,0.6428,18.0,0.5,5447.621,22,1,True,1.0,0.1798
j493902,3,delay_tolerant,0.86,0.0,7.7333,0.5,0.0,6,2,True,1.0,0.05
j493902,3,delay_tolerant,1.3383,0.0,10.0667,0.5,0.0,6,2,True,1.0,0.05
j495096,3,delay_tolerant,0.5183,0.0,7.7333,0.5,0.0,6,2,False,1.0,0.0
j496127,3,delay_tolerant,1.3383,0.0,10.0667,0.5,0.0,23,2,True,1.0,0.031
j496127,3,delay_tolerant,1.2017,0.0,9.1333,0.5,0.0,23,2,True,1.0,0.05
j496688,3,delay_tolerant,0.86,0.0,7.7333,0.5,0.0,17,2,False,1.0,0.0
j496688,3,delay_tolerant,0.5183,0.0,7.7333,0.5,0.0,23,2,True,1.0,0.05
j496688,3,delay_tolerant,1.3383,0.0,10.0667,0.5,0.0,23,2,False,1.0,0.0
j496688,3,delay_tolerant,0.5183,0.0,7.7333,0.5,0.0,23,2,False,1.0,0.0
j496772,3,delay_tolerant,0.5183,0.0,7.7333,0.5,0.0,6,2,True,1.0,0.05
j498263,3,delay_tolerant,0.9283,0.0,7.7333,0.5,0.0,22,2,True,1.0,0.05
j499332,3,delay_sensitive,0.5183,0.0,7.7333,0.5,0.0,4,3,False,1.0,0.0
j501535,3,delay_tolerant,0.5183,0.0,7.7333,0.5,0.0,23,2,False,1.0,0.0
j50337,3,delay_sensitive,1.885,0.0,13.8,0.5,0.0,4,3,False,1.0,0.0
j503393,3,delay_tolerant,0.5183,0.0,7.7333,0.5,0.0,22,2,True,1.0,0.0317
j504256,3,delay_tolerant,0.86,0.0,7.7333,0.5,0.0,23,2,False,1.0,0.0
j504441,3,delay_tolerant,0.5867,0.5938,7.7333,0.5,0.0,22,2,True,1.0,0.0561
j507102,3,token_batch,2.5,0.9443,18.0,0.5,4591.52,22,1,True,1.0,0.05
j50872,3,token_batch,1.475,1.0096,11.0,0.5,3870.082,23,1,True,1.0,0.1929
j509406,3,delay_tolerant,0.7233,0.0,7.7333,0.5,0.0,6,2,False,1.0,0.0
j509427,3,delay_sensitive,0.5183,0.0,7.7333,0.5,0.0,4,3,False,1.0,0.0
j514471,3,delay_sensitive,0.5183,0.0,7.7333,0.5,0.0,4,3,False,1.0,0.0
j516116,3,delay_sensitive,0.5183,0.0,7.7333,0.5,0.0,4,3,False,1.0,0.0
j517064,3,delay_tolerant,0.5183,0.0,7.7333,0.5,0.0,6,2,False,1.0,0.0
j520320,3,token_batch,1.475,0.4832,11.0,0.5,3557.386,23,1,True,1.0,0.05
j520425,3,delay_tolerant,0.5183,0.0,7.7333,0.5,0.0,6,2,True,1.0,0.05
j529258,3,delay_tolerant,0.5183,0.3688,7.7333,0.5,0.0,23,2,True,1.0,0.0307
j529633,3,token_batch,1.885,1.3277,13.8,0.5,4456.733,7,1,True,1.0,0.1707
j53014,3,delay_tolerant,0.655,0.0,7.7333,0.5,0.0,22,2,True,1.0,0.05
j53014,3,delay_tolerant,0.5183,0.0,7.7333,0.5,0.0,14,2,True,1.0,0.05
j530215,3,delay_tolerant,0.5183,0.0,7.7333,0.5,0.0,22,2,True,1.0,0.05
j530215,3,delay_tolerant,0.86,0.0,7.7333,0.5,0.0,22,2,False,1.0,0.0
j532208,3,delay_sensitive,0.655,0.0,7.7333,0.5,0.0,4,3,False,1.0,0.0
j535584,3,delay_tolerant,0.5183,0.279,7.7333,0.5,0.0,23,2,False,1.0,0.0
j536228,3,delay_tolerant,1.27,0.0,9.6,0.5,0.0,22,2,True,1.0,0.05
j536228,3,delay_tolerant,1.065,0.0,8.2,0.5,0.0,22,2,True,1.0,0.05
j536634,3,delay_sensitive,1.885,0.0,13.8,0.5,0.0,4,3,False,1.0,0.0
j538820,3,delay_sensitive,0.5183,0.0,7.7333,0.5,0.0,4,3,False,1.0,0.0
j542084,3,token_batch,1.6117,0.7468,11.9333,0.5,4941.328,7,1,True,1.0,0.1593
j542345,3,delay_sensitive,0.5183,0.0,7.7333,0.5,0.0,4,3,False,1.0,0.0
j54282,3,delay_tolerant,0.7233,0.0,7.7333,0.5,0.0,22,2,False,1.0,0.0
j544162,3,delay_tolerant,0.655,0.0,7.7333,0.5,0.0,6,2,False,1.0,0.0
j544251,3,token_batch,1.475,0.7934,11.0,0.5,4035.827,22,1,False,1.0,0.0
j547753,3,delay_tolerant,0.5183,0.0,7.7333,0.5,0.0,22,2,True,1.0,0.05
j548117,3,delay_sensitive,0.5183,0.0,7.7333,0.5,0.0,4,3,False,1.0,0.0
j549397,3,delay_tolerant,0.7233,0.0,7.7333,0.5,0.0,22,2,True,1.0,0.05
j549888,3,delay_tolerant,0.5183,0.0,7.7333,0.5,0.0,6,2,False,1.0,0.0
j552013,3,delay_tolerant,0.5183,0.0,7.7333,0.5,0.0,6,2,True,1.0,0.0866
j553080,3,delay_tolerant,0.655,0.0,7.7333,0.5,0.0,19,2,False,1.0,0.0
j554094,3,delay_tolerant,0.5183,0.0,7.7333,0.5,0.0,22,2,False,1.0,0.0
j555037,3,delay_tolerant,0.5183,0.0,7.7333,0.5,0.0,6,2,False,1.0,0.0
j555037,3,delay_tolerant,1.3383,0.0,10.0667,0.5,0.0,6,2,False,1.0,0.0
j560877,3,delay_sensitive,1.5433,0.0,11.4667,0.5,0.0,4,3,False,1.0,0.0
j560978,3,delay_tolerant,1.4067,0.0,10.5333,0.5,0.0,23,2,True,1.0,0.05
j560978,3,delay_tolerant,0.9283,0.0,7.7333,0.5,0.0,19,2,False,1.0,0.0
j560978,3,delay_tolerant,0.5183,0.0,7.7333,0.5,0.0,23,2,False,1.0,0.0
j563814,3,delay_tolerant,0.5183,0.0,7.7333,0.5,0.0,22,2,False,1.0,0.0
j56666,3,delay_sensitive,0.5183,0.0,7.7333,0.5,0.0,4,3,False,1.0,0.0
j56842,3,delay_tolerant,0.7233,0.2861,7.7333,0.5,0.0,14,2,False,1.0,0.0
j56842,3,token_batch,1.5433,0.0,11.4667,0.5,4676.914,23,1,False,1.0,0.0
j569516,3,delay_tolerant,0.5183,0.5407,7.7333,0.5,0.0,22,2,False,1.0,0.0
j57008,3,token_batch,2.5,0.899,18.0,0.5,5266.968,22,1,True,1.0,0.05
j571364,3,delay_tolerant,0.5867,0.5691,7.7333,0.5,0.0,6,2,False,1.0,0.0
j572247,3,delay_tolerant,0.9967,0.0,7.7333,0.5,0.0,23,2,False,1.0,0.0
j576931,3,delay_tolerant,0.655,0.0,7.7333,0.5,0.0,23,2,False,1.0,0.0
j578431,3,token_batch,1.885,0.9396,13.8,0.5,5299.369,23,1,True,1.0,0.05
j579740,3,delay_tolerant,0.5183,0.0,7.7333,0.5,0.0,22,2,True,1.0,0.05
j579848,3,delay_tolerant,0.5183,0.0,7.7333,0.5,0.0,22,2,True,1.0,0.05
j579848,3,delay_tolerant,1.27,0.0,9.6,0.5,0.0,17,2,True,1.0,0.05
j580437,3,delay_tolerant,0.7917,0.0,7.7333,0.5,0.0,23,2,False,1.0,0.0
j583248,3,token_batch,2.5,0.8124,18.0,0.5,4597.439,23,1,True,1.0,0.1241
j583248,3,token_batch,2.5,0.4622,18.0,0.5,5268.21,23,1,True,1.0,0.05
j583332,3,token_batch,1.6117,0.0,11.9333,0.5,4218.864,23,1,True,1.0,0.1352
j583332,3,delay_tolerant,0.5183,0.0,7.7333,0.5,0.0,23,2,False,1.0,0.0
j587517,3,delay_tolerant,0.5183,0.0,7.7333,0.5,0.0,23,2,True,1.0,0.05
j587836,3,token_batch,1.475,0.7839,11.0,0.5,4284.588,23,1,False,1.0,0.0
j587836,3,token_batch,1.475,0.9653,11.0,0.5,3500.38,23,1,False,1.0,0.0
j588623,3,delay_tolerant,0.86,0.0,7.7333,0.5,0.0,23,2,False,1.0,0.0
j588623,3,delay_tolerant,0.655,0.0,7.7333,0.5,0.0,23,2,True,1.0,0.05
j591927,3,delay_tolerant,0.5867,0.0,7.7333,0.5,0.0,22,2,True,1.0,0.0487
j594255,3,delay_tolerant,0.5183,0.0,7.7333,0.5,0.0,6,2,False,1.0,0.0
j594331,3,delay_tolerant,0.5183,0.0,7.7333,0.5,0.0,23,2,True,1.0,0.05
j595785,3,token_batch,1.6117,0.9589,11.9333,0.5,4365.653,22,1,True,1.0,0.05
j596073,3,delay_sensitive,1.3383,0.0,10.0667,0.5,0.0,4,3,False,1.0,0.0
j596345,3,delay_tolerant,0.5867,0.0,7.7333,0.5,0.0,22,2,True,1.0,0.05
j596400,3,delay_tolerant,1.2017,0.0,9.1333,0.5,0.0,19,2,False,1.0,0.0
j597739,3,delay_tolerant,0.5183,0.0,7.7333,0.5,0.0,6,2,False,1.0,0.0
j60404,3,token_batch,1.475,1.4863,11.0,0.5,3556.121,23,1,True,1.0,0.05
j604040,3,delay_tolerant,0.5183,0.0,7.7333,0.5,0.0,6,2,False,1.0,0.0
j605370,3,token_batch,1.475,1.3901,11.0,0.5,3533.794,23,1,False,1.0,0.0
j606319,3,delay_tolerant,0.5183,0.0,7.7333,0.5,0.0,23,2,False,1.0,0.0
j606835,3,delay_tolerant,1.27,0.0,9.6,0.5,0.0,23,2,False,1.0,0.0
j60830,3,delay_tolerant,1.27,0.0,9.6,0.5,0.0,6,2,True,1.0,0.0996
j608359,3,delay_tolerant,0.5183,0.0,7.7333,0.5,0.0,6,2,True,1.0,0.05
j609496,3,delay_tolerant,0.5183,0.0,7.7333,0.5,0.0,22,2,False,1.0,0.0
j610610,3,delay_tolerant,0.5183,0.0,7.7333,0.5,0.0,19,2,True,1.0,0.05
j611017,3,delay_tolerant,1.4067,0.0,10.5333,0.5,0.0,23,2,False,1.0,0.0
j612373,3,delay_sensitive,0.5183,0.0,7.7333,0.5,0.0,4,3,False,1.0,0.0
j612639,3,delay_tolerant,0.9283,0.0,7.7333,0.5,0.0,23,2,False,1.0,0.0
j613049,3,delay_sensitive,1.5433,0.0,11.4667,0.5,0.0,4,3,False,1.0,0.0
j613049,3,delay_tolerant,0.5183,0.0,7.7333,0.5,0.0,6,2,True,1.0,0.05
j613782,3,delay_sensitive,1.4067,0.0,10.5333,0.5,0.0,4,3,False,1.0,0.0
j614008,3,delay_tolerant,0.5183,0.0,7.7333,0.5,0.0,22,2,False,1.0,0.0
j614008,3,delay_sensitive,0.5183,0.0,7.7333,0.5,0.0,4,3,False,1.0,0.0
j614218,3,delay_tolerant,0.655,0.0,7.7333,0.5,0.0,22,2,True,1.0,0.05
j618508,3,delay_tolerant,1.2017,0.0,9.1333,0.5,0.0,6,2,True,1.0,0.05
j621144,3,delay_tolerant,0.5183,0.0,7.7333,0.5,0.0,6,2,False,1.0,0.0
j621152,3,delay_tolerant,0.5183,0.0,7.7333,0.5,0.0,6,2,True,1.0,0.05
j621523,3,delay_tolerant,0.5183,0.5746,7.7333,0.5,0.0,6,2,False,1.0,0.0
j622807,3,delay_tolerant,0.9283,0.0,7.7333,0.5,0.0,6,2,False,1.0,0.0
j624623,3,delay_tolerant,0.5183,0.0,7.7333,0.5,0.0,23,2,False,1.0,0.0
j626931,3,delay_tolerant,1.2017,0.0,9.1333,0.5,0.0,6,2,False,1.0,0.0
j62787,3,delay_sensitive,0.7917,0.0,7.7333,0.5,0.0,4,3,False,1.0,0.0
j628325,3,delay_tolerant,0.655,0.0,7.7333,0.5,0.0,23,2,True,1.0,0.05
j628430,3,token_batch,2.5,1.2618,18.0,0.5,4313.502,22,1,True,1.0,0.05
j632257,3,delay_tolerant,0.5183,0.4675,7.7333,0.5,0.0,14,2,False,1.0,0.0
j632257,3,delay_tolerant,1.27,0.0,9.6,0.5,0.0,14,2,False,1.0,0.0
j632257,3,delay_tolerant,0.7917,0.0,7.7333,0.5,0.0,23,2,True,1.0,0.023
j632950,3,token_batch,2.5,0.0,18.0,0.5,5510.221,17,1,True,1.0,0.1396
j633164,3,token_batch,1.475,0.5828,11.0,0.5,4554.188,23,1,True,1.0,0.05
j634948,3,token_batch,1.475,0.4457,11.0,0.5,3805.058,23,1,False,1.0,0.0
j635757,3,delay_tolerant,1.065,0.0,8.2,0.5,0.0,23,2,False,1.0,0.0
j636234,3,delay_sensitive,1.4067,0.0,10.5333,0.5,0.0,4,3,False,1.0,0.0
j64086,3,token_batch,2.5,1.3303,18.0,0.5,4727.598,17,1,False,1.0,0.0
j64086,3,delay_sensitive,0.9283,0.0,7.7333,0.5,0.0,4,3,False,1.0,0.0
j643661,3,delay_tolerant,0.7917,0.0,7.7333,0.5,0.0,23,2,False,1.0,0.0
j644810,3,token_batch,2.5,0.7386,18.0,0.5,4728.602,23,1,False,1.0,0.0
j645050,3,delay_tolerant,0.5183,0.0,7.7333,0.5,0.0,22,2,True,1.0,0.0303
j645759,3,delay_tolerant,0.7233,0.0,7.7333,0.5,0.0,23,2,False,1.0,0.0
j647104,3,delay_tolerant,0.5183,0.0,7.7333,0.5,0.0,19,2,True,1.0,0.077
j647915,3,delay_tolerant,1.4067,0.0,10.5333,0.5,0.0,22,2,False,1.0,0.0
j647954,3,delay_sensitive,0.5183,0.0,7.7333,0.5,0.0,4,3,False,1.0,0.0
j648472,3,delay_tolerant,0.655,0.4059,7.7333,0.5,0.0,19,2,True,1.0,0.0257
j648472,3,delay_tolerant,0.5183,0.0,7.7333,0.5,0.0,22,2,True,1.0,0.05
j648472,3,delay_tolerant,0.5183,0.0,7.7333,0.5,0.0,19,2,True,1.0,0.05
j648472,3,delay_tolerant,1.065,0.0,8.2,0.5,0.0,17,2,True,1.0,0.05
j648472,3,delay_tolerant,1.3383,0.0,10.0667,0.5,0.0,17,2,False,1.0,0.0
j649039,3,delay_tolerant,0.5183,0.0,7.7333,0.5,0.0,22,2,False,1.0,0.0
j651932,3,delay_sensitive,0.5183,0.0,7.7333,0.5,0.0,4,3,False,1.0,0.0
j651932,3,delay_tolerant,0.5183,0.0,7.7333,0.5,0.0,17,2,False,1.0,0.0
j654028,3,delay_tolerant,0.7233,0.0,7.7333,0.5,0.0,22,2,True,1.0,0.05
j655453,3,token_batch,2.5,0.0,18.0,0.5,4625.121,17,1,False,1.0,0.0
j656540,3,delay_tolerant,0.655,0.0,7.7333,0.5,0.0,6,2,False,1.0,0.0
j656618,3,delay_tolerant,1.27,0.0,9.6,0.5,0.0,23,2,False,1.0,0.0
j659834,3,delay_tolerant,0.655,0.0,7.7333,0.5,0.0,23,2,True,1.0,0.05
j660544,3,delay_tolerant,0.7233,0.0,7.7333,0.5,0.0,6,2,False,1.0,0.0
j664162,3,delay_tolerant,0.9967,0.0,7.7333,0.5,0.0,23,2,True,1.0,0.05
j666404,3,delay_tolerant,0.7917,0.3397,7.7333,0.5,0.0,23,2,True,1.0,0.05
j673744,3,delay_tolerant,0.9283,0.0,7.7333,0.5,0.0,6,2,False,1.0,0.0
j674298,3,delay_tolerant,0.5867,0.0,7.7333,0.5,0.0,6,2,False,1.0,0.0
j675575,3,token_batch,1.5433,0.0,11.4667,0.5,4563.4,22,1,False,1.0,0.0
j675575,3,token_batch,1.7483,1.3179,12.8667,0.5,4276.028,17,1,True,1.0,0.05
j675575,3,delay_tolerant,0.9967,0.0,7.7333,0.5,0.0,17,2,True,1.0,0.05
j675575,3,token_batch,1.7483,1.3843,12.8667,0.5,5182.443,17,1,True,1.0,0.05
j675721,3,token_batch,2.5,0.6722,18.0,0.5,4882.659,22,1,True,1.0,0.05
j676872,3,delay_sensitive,0.5183,0.0,7.7333,0.5,0.0,4,3,False,1.0,0.0
j676926,3,delay_tolerant,1.2017,0.522,9.1333,0.5,0.0,23,2,False,1.0,0.0
j676993,3,delay_sensitive,0.5183,0.0,7.7333,0.5,0.0,4,3,False,1.0,0.0
j677998,3,delay_tolerant,0.5183,0.0,7.7333,0.5,0.0,23,2,False,1.0,0.0
j678831,3,delay_tolerant,0.5183,0.0,7.7333,0.5,0.0,6,2,False,1.0,0.0
j67989,3,delay_sensitive,0.5183,0.0,7.7333,0.5,0.0,4,3,False,1.0,0.0
j685318,3,delay_sensitive,0.5183,0.0,7.7333,0.5,0.0,4,3,False,1.0,0.0
j686663,3,delay_tolerant,0.86,0.0,7.7333,0.5,0.0,23,2,False,1.0,0.0
j686813,3,delay_tolerant,0.5183,0.0,7.7333,0.5,0.0,6,2,False,1.0,0.0
j690660,3,delay_tolerant,1.4067,0.0,10.5333,0.5,0.0,23,2,True,1.0,0.05
j690679,3,delay_sensitive,0.5183,0.0,7.7333,0.5,0.0,4,3,False,1.0,0.0
j690746,3,delay_tolerant,0.655,0.0,7.7333,0.5,0.0,22,2,True,1.0,0.0509
j691112,3,delay_tolerant,1.2017,0.0,9.1333,0.5,0.0,23,2,True,1.0,0.0837
j694055,3,delay_sensitive,0.5183,0.0,7.7333,0.5,0.0,4,3,False,1.0,0.0
j694196,3,delay_tolerant,0.5183,0.0,7.7333,0.5,0.0,22,2,False,1.0,0.0
j69706,3,token_batch,1.7483,0.8972,12.8667,0.5,4422.401,7,1,False,1.0,0.0
j697201,3,delay_tolerant,1.1333,0.0,8.6667,0.5,0.0,6,2,False,1.0,0.0
j701486,3,delay_tolerant,0.7233,0.0,7.7333,0.5,0.0,22,2,False,1.0,0.0
j702218,3,delay_tolerant,0.9967,0.0,7.7333,0.5,0.0,22,2,True,1.0,0.0649
j703241,3,token_batch,1.475,1.148,11.0,0.5,3803.541,23,1,True,1.0,0.05
j706120,3,delay_sensitive,0.5183,0.0,7.7333,0.5,0.0,4,3,False,1.0,0.0
j708456,3,delay_tolerant,0.5183,0.0,7.7333,0.5,0.0,6,2,True,1.0,0.0214
j712880,3,delay_tolerant,0.5183,0.0,7.7333,0.5,0.0,6,2,True,1.0,0.05
j713090,3,delay_tolerant,1.3383,0.0,10.0667,0.5,0.0,6,2,False,1.0,0.0
j714181,3,token_batch,1.5433,0.6727,11.4667,0.5,3904.411,22,1,True,1.0,0.1783
j716222,3,delay_tolerant,0.655,0.5903,7.7333,0.5,0.0,22,2,False,1.0,0.0
j717602,3,delay_tolerant,0.655,0.0,7.7333,0.5,0.0,6,2,False,1.0,0.0
j718369,3,token_batch,1.5433,0.0,11.4667,0.5,4965.089,22,1,True,1.0,0.1907
j719217,3,token_batch,2.5,1.0054,18.0,0.5,4469.096,23,1,True,1.0,0.05
j719549,3,delay_sensitive,0.655,0.0,7.7333,0.5,0.0,4,3,False,1.0,0.0
j722832,3,delay_tolerant,0.655,0.0,7.7333,0.5,0.0,22,2,True,1.0,0.022
j725029,3,delay_sensitive,0.655,0.0,7.7333,0.5,0.0,4,3,False,1.0,0.0
j725071,3,delay_sensitive,0.5183,0.0,7.7333,0.5,0.0,4,3,False,1.0,0.0
j726004,3,delay_tolerant,0.5183,0.0,7.7333,0.5,0.0,6,2,False,1.0,0.0
j728598,3,delay_tolerant,0.7233,0.0,7.7333,0.5,0.0,6,2,False,1.0,0.0
j731438,3,token_batch,2.5,0.7232,18.0,0.5,4271.157,23,1,True,1.0,0.05
j733782,3,delay_tolerant,0.655,0.0,7.7333,0.5,0.0,23,2,False,1.0,0.0
j738596,3,delay_tolerant,0.5183,0.0,7.7333,0.5,0.0,23,2,True,1.0,0.0592
j739673,3,token_batch,1.475,1.1567,11.0,0.5,4422.927,7,1,True,1.0,0.1648
j740923,3,token_batch,1.475,0.7191,11.0,0.5,4130.077,23,1,False,1.0,0.0
j740923,3,delay_tolerant,0.5183,0.4788,7.7333,0.5,0.0,23,2,False,1.0,0.0
j743178,3,delay_tolerant,0.5183,0.0,7.7333,0.5,0.0,6,2,False,1.0,0.0
j743628,3,token_batch,1.475,1.3762,11.0,0.5,3452.093,22,1,True,1.0,0.0956
j743628,3,delay_tolerant,0.9283,0.3099,7.7333,0.5,0.0,22,2,False,1.0,0.0
j745081,3,delay_tolerant,0.7233,0.0,7.7333,0.5,0.0,22,2,False,1.0,0.0
j749494,3,delay_sensitive,0.5183,0.0,7.7333,0.5,0.0,4,3,False,1.0,0.0
j750229,3,delay_tolerant,1.3383,0.0,10.0667,0.5,0.0,6,2,False,1.0,0.0
j750749,3,delay_tolerant,0.5183,0.0,7.7333,0.5,0.0,22,2,False,1.0,0.0
j751690,3,delay_tolerant,0.5183,0.2548,7.7333,0.5,0.0,23,2,False,1.0,0.0
j751823,3,delay_tolerant,0.7917,0.3268,7.7333,0.5,0.0,22,2,False,1.0,0.0
j753216,3,delay_tolerant,0.5183,0.0,7.7333,0.5,0.0,6,2,True,1.0,0.0716
j753820,3,delay_tolerant,0.5183,0.0,7.7333,0.5,0.0,6,2,True,1.0,0.05
j754083,3,delay_sensitive,0.5183,0.0,7.7333,0.5,0.0,4,3,False,1.0,0.0
j754593,3,delay_tolerant,0.5183,0.0,7.7333,0.5,0.0,23,2,False,1.0,0.0
j754945,3,delay_sensitive,0.9283,0.0,7.7333,0.5,0.0,4,3,False,1.0,0.0
j756557,3,delay_tolerant,0.5183,0.0,7.7333,0.5,0.0,22,2,True,1.0,0.05
j756624,3,delay_tolerant,0.5183,0.0,7.7333,0.5,0.0,6,2,False,1.0,0.0
j757537,3,delay_tolerant,0.5183,0.0,7.7333,0.5,0.0,6,2,True,1.0,0.0506
j757537,3,token_batch,1.475,0.0,11.0,0.5,4535.06,22,1,False,1.0,0.0
j75888,3,delay_tolerant,0.5183,0.0,7.7333,0.5,0.0,23,2,False,1.0,0.0
j759860,3,delay_tolerant,0.5183,0.0,7.7333,0.5,0.0,6,2,False,1.0,0.0
j764084,3,delay_tolerant,0.5183,0.0,7.7333,0.5,0.0,23,2,True,1.0,0.05
j7643,3,delay_tolerant,0.5183,0.0,7.7333,0.5,0.0,22,2,False,1.0,0.0
j764309,3,delay_tolerant,1.27,0.0,9.6,0.5,0.0,22,2,True,1.0,0.05
j764309,3,delay_tolerant,1.4067,0.3301,10.5333,0.5,0.0,22,2,True,1.0,0.05
j764309,3,delay_tolerant,0.7917,0.0,7.7333,0.5,0.0,22,2,False,1.0,0.0
j764545,3,delay_tolerant,0.5183,0.0,7.7333,0.5,0.0,6,2,True,1.0,0.05
j768268,3,delay_tolerant,0.5867,0.0,7.7333,0.5,0.0,6,2,True,1.0,0.05
j774254,3,delay_sensitive,0.5183,0.0,7.7333,0.5,0.0,4,3,False,1.0,0.0
j775696,3,delay_tolerant,0.655,0.0,7.7333,0.5,0.0,6,2,True,1.0,0.0454
j776736,3,delay_tolerant,0.5183,0.0,7.7333,0.5,0.0,22,2,False,1.0,0.0
j777729,3,delay_tolerant,0.5867,0.3131,7.7333,0.5,0.0,22,2,True,1.0,0.05
j777978,3,delay_tolerant,1.1333,0.0,8.6667,0.5,0.0,6,2,False,1.0,0.0
j779158,3,delay_tolerant,1.27,0.3638,9.6,0.5,0.0,23,2,True,1.0,0.05
j77968,3,delay_tolerant,0.5183,0.0,7.7333,0.5,0.0,6,2,True,1.0,0.0242
j780681,3,delay_tolerant,0.5183,0.0,7.7333,0.5,0.0,6,2,False,1.0,0.0
j781865,3,token_batch,2.5,1.2225,18.0,0.5,4456.393,23,1,True,1.0,0.05
j782994,3,token_batch,1.5433,0.0,11.4667,0.5,4190.161,7,1,True,1.0,0.1693
j784185,3,token_batch,2.5,1.4276,18.0,0.5,4461.236,22,1,True,1.0,0.0868
j785373,3,token_batch,2.5,0.9483,18.0,0.5,5049.92,22,1,False,1.0,0.0
j788359,3,delay_tolerant,0.5183,0.0,7.7333,0.5,0.0,23,2,True,1.0,0.05
j791347,3,delay_tolerant,0.655,0.0,7.7333,0.5,0.0,23,2,True,1.0,0.05
j792226,3,delay_tolerant,0.5867,0.0,7.7333,0.5,0.0,22,2,False,1.0,0.0
j793093,3,delay_sensitive,1.68,0.0,12.4,0.5,0.0,4,3,False,1.0,0.0
j793962,3,delay_tolerant,0.9283,0.0,7.7333,0.5,0.0,23,2,False,1.0,0.0
j794403,3,delay_tolerant,0.5183,0.0,7.7333,0.5,0.0,6,2,False,1.0,0.0
j795515,3,token_batch,2.5,0.9158,18.0,0.5,4514.017,22,1,False,1.0,0.0
j797843,3,token_batch,1.475,0.8911,11.0,0.5,3891.779,23,1,True,1.0,0.1667
j80111,3,delay_tolerant,0.5183,0.0,7.7333,0.5,0.0,6,2,True,1.0,0.05
j807099,3,delay_tolerant,0.5867,0.0,7.7333,0.5,0.0,22,2,False,1.0,0.0
j807486,3,delay_tolerant,0.5183,0.0,7.7333,0.5,0.0,6,2,True,1.0,0.0212
j810691,3,token_batch,2.4317,0.4016,17.5333,0.5,4449.416,22,1,False,1.0,0.0
j811595,3,delay_tolerant,0.5183,0.0,7.7333,0.5,0.0,6,2,False,1.0,0.0
j813953,3,delay_tolerant,0.5867,0.0,7.7333,0.5,0.0,22,2,True,1.0,0.05
j814168,3,delay_tolerant,1.2017,0.0,9.1333,0.5,0.0,23,2,True,1.0,0.05
j815135,3,delay_tolerant,0.5183,0.0,7.7333,0.5,0.0,22,2,False,1.0,0.0
j816530,3,delay_sensitive,0.5183,0.0,7.7333,0.5,0.0,4,3,False,1.0,0.0
j816662,3,delay_tolerant,0.5183,0.0,7.7333,0.5,0.0,6,2,False,1.0,0.0
j818483,3,delay_tolerant,0.7233,0.0,7.7333,0.5,0.0,22,2,False,1.0,0.0
j818871,3,delay_tolerant,0.5867,0.0,7.7333,0.5,0.0,6,2,True,1.0,0.05
j821340,3,delay_sensitive,0.5183,0.0,7.7333,0.5,0.0,4,3,False,1.0,0.0
j823432,3,delay_tolerant,0.7917,0.0,7.7333,0.5,0.0,23,2,True,1.0,0.05
j824702,3,delay_tolerant,0.5183,0.0,7.7333,0.5,0.0,6,2,True,1.0,0.05
j828017,3,delay_sensitive,1.4067,0.0,10.5333,0.5,0.0,4,3,False,1.0,0.0
j830681,3,delay_tolerant,1.2017,0.0,9.1333,0.5,0.0,6,2,True,1.0,0.05
j834137,3,delay_sensitive,0.5183,0.0,7.7333,0.5,0.0,4,3,False,1.0,0.0
j835878,3,token_batch,1.6117,0.0,11.9333,0.5,5100.344,22,1,True,1.0,0.1757
j836866,3,delay_tolerant,0.5867,0.0,7.7333,0.5,0.0,22,2,False,1.0,0.0
j838323,3,delay_tolerant,0.5867,0.0,7.7333,0.5,0.0,22,2,False,1.0,0.0
j838572,3,delay_tolerant,1.4067,0.0,10.5333,0.5,0.0,14,2,False,1.0,0.0
j839674,3,delay_tolerant,0.5183,0.0,7.7333,0.5,0.0,22,2,True,1.0,0.05
j84437,3,token_batch,1.475,0.987,11.0,0.5,3432.234,23,1,True,1.0,0.05
j84437,3,delay_sensitive,0.5183,0.0,7.7333,0.5,0.0,4,3,False,1.0,0.0
j844411,3,delay_tolerant,0.5183,0.0,7.7333,0.5,0.0,17,2,True,1.0,0.05
j845633,3,delay_tolerant,0.5183,0.0,7.7333,0.5,0.0,23,2,True,1.0,0.05
j845744,3,delay_tolerant,0.5183,0.0,7.7333,0.5,0.0,23,2,False,1.0,0.0
j846788,3,delay_tolerant,0.5183,0.0,7.7333,0.5,0.0,6,2,False,1.0,0.0
j847072,3,delay_tolerant,0.5183,0.5632,7.7333,0.5,0.0,6,2,False,1.0,0.0
j847540,3,delay_tolerant,0.5183,0.0,7.7333,0.5,0.0,6,2,True,1.0,0.0696
j847540,3,delay_tolerant,0.5867,0.0,7.7333,0.5,0.0,22,2,False,1.0,0.0
j847540,3,delay_tolerant,1.4067,0.0,10.5333,0.5,0.0,6,2,False,1.0,0.0
j850423,3,delay_tolerant,1.4067,0.0,10.5333,0.5,0.0,23,2,False,1.0,0.0
j850758,3,delay_tolerant,1.4067,0.0,10.5333,0.5,0.0,22,2,True,1.0,0.05
j851705,3,token_batch,1.885,0.6769,13.8,0.5,4943.666,22,1,False,1.0,0.0
j851705,3,token_batch,1.8167,0.8397,13.3333,0.5,4473.54,22,1,True,1.0,0.1927
j852710,3,delay_tolerant,0.7233,0.0,7.7333,0.5,0.0,22,2,False,1.0,0.0
j85302,3,delay_tolerant,0.86,0.0,7.7333,0.5,0.0,23,2,False,1.0,0.0
j853338,3,delay_sensitive,0.5183,0.0,7.7333,0.5,0.0,4,3,False,1.0,0.0
j853344,3,delay_sensitive,0.5183,0.0,7.7333,0.5,0.0,4,3,False,1.0,0.0
j85773,3,delay_tolerant,0.86,0.0,7.7333,0.5,0.0,23,2,False,1.0,0.0
j85825,3,delay_tolerant,0.5183,0.0,7.7333,0.5,0.0,22,2,False,1.0,0.0
j858589,3,delay_tolerant,0.9967,0.0,7.7333,0.5,0.0,6,2,True,1.0,0.05
j863579,3,delay_tolerant,0.655,0.2853,7.7333,0.5,0.0,6,2,False,1.0,0.0
j864039,3,delay_sensitive,0.5183,0.0,7.7333,0.5,0.0,4,3,False,1.0,0.0
j86483,3,delay_tolerant,0.5183,0.0,7.7333,0.5,0.0,23,2,False,1.0,0.0
j86503,3,delay_tolerant,0.5183,0.0,7.7333,0.5,0.0,6,2,False,1.0,0.0
j866161,3,token_batch,2.5,1.3602,18.0,0.5,4611.349,22,1,True,1.0,0.05
j867917,3,delay_tolerant,1.27,0.0,9.6,0.5,0.0,6,2,False,1.0,0.0
j867917,3,delay_tolerant,0.7917,0.0,7.7333,0.5,0.0,6,2,True,1.0,0.05
j871244,3,delay_tolerant,0.7917,0.0,7.7333,0.5,0.0,23,2,False,1.0,0.0
j874009,3,delay_tolerant,0.655,0.0,7.7333,0.5,0.0,22,2,False,1.0,0.0
j876028,3,token_batch,1.7483,1.3314,12.8667,0.5,4916.956,20,1,False,1.0,0.0
j876028,3,delay_tolerant,0.5183,0.0,7.7333,0.5,0.0,22,2,True,1.0,0.0987
j877489,3,delay_tolerant,0.86,0.0,7.7333,0.5,0.0,6,2,True,1.0,0.045
j880382,3,delay_tolerant,1.4067,0.0,10.5333,0.5,0.0,23,2,True,1.0,0.0935
j88138,3,delay_tolerant,1.3383,0.0,10.0667,0.5,0.0,6,2,False,1.0,0.0
j88138,3,delay_tolerant,0.5183,0.0,7.7333,0.5,0.0,23,2,False,1.0,0.0
j88337,3,delay_tolerant,0.5183,0.2592,7.7333,0.5,0.0,19,2,True,1.0,0.05
j884654,3,delay_tolerant,0.5183,0.0,7.7333,0.5,0.0,22,2,True,1.0,0.05
j885424,3,delay_tolerant,0.9967,0.0,7.7333,0.5,0.0,23,2,True,1.0,0.05
j887390,3,delay_tolerant,0.5867,0.0,7.7333,0.5,0.0,6,2,True,1.0,0.05
j890052,3,delay_tolerant,0.655,0.0,7.7333,0.5,0.0,6,2,True,1.0,0.0344
j896264,3,delay_tolerant,1.3383,0.0,10.0667,0.5,0.0,23,2,False,1.0,0.0
j897139,3,token_batch,1.7483,0.8035,12.8667,0.5,4273.945,17,1,False,1.0,0.0
j897197,3,delay_tolerant,0.5183,0.0,7.7333,0.5,0.0,23,2,False,1.0,0.0
j89726,3,token_batch,1.475,1.2172,11.0,0.5,4386.871,23,1,False,1.0,0.0
j897689,3,delay_tolerant,1.3383,0.0,10.0667,0.5,0.0,23,2,True,1.0,0.05
j899084,3,delay_tolerant,0.5183,0.0,7.7333,0.5,0.0,6,2,False,1.0,0.0
j899193,3,delay_sensitive,0.5183,0.0,7.7333,0.5,0.0,4,3,False,1.0,0.0
j899193,3,delay_tolerant,0.5867,0.0,7.7333,0.5,0.0,23,2,True,1.0,0.0848
j899193,3,delay_tolerant,0.5183,0.0,7.7333,0.5,0.0,17,2,True,1.0,0.05
j904969,3,delay_tolerant,1.065,0.0,8.2,0.5,0.0,23,2,False,1.0,0.0
j905389,3,delay_sensitive,1.4067,0.0,10.5333,0.5,0.0,4,3,False,1.0,0.0
j905955,3,delay_tolerant,0.5183,0.0,7.7333,0.5,0.0,6,2,True,1.0,0.0427
j906236,3,token_batch,2.5,1.1424,18.0,0.5,4550.141,22,1,True,1.0,0.1741
j907926,3,token_batch,1.475,0.5833,11.0,0.5,3818.846,23,1,False,1.0,0.0
j910865,3,delay_tolerant,0.5183,0.0,7.7333,0.5,0.0,23,2,True,1.0,0.0309
j912337,3,delay_tolerant,0.5867,0.0,7.7333,0.5,0.0,6,2,False,1.0,0.0
j913323,3,delay_tolerant,0.7233,0.0,7.7333,0.5,0.0,23,2,True,1.0,0.05
j913830,3,delay_sensitive,1.5433,0.0,11.4667,0.5,0.0,4,3,False,1.0,0.0
j914609,3,delay_tolerant,0.5183,0.0,7.7333,0.5,0.0,23,2,True,1.0,0.05
j93534,3,delay_tolerant,0.5183,0.0,7.7333,0.5,0.0,6,2,False,1.0,0.0
j96102,3,delay_tolerant,1.1333,0.0,8.6667,0.5,0.0,23,2,False,1.0,0.0
j96312,3,token_batch,1.475,0.6468,11.0,0.5,3736.353,23,1,True,1.0,0.05
j96778,3,token_batch,2.5,1.0,18.0,0.5,4529.71,22,1,False,1.0,0.0
j96792,3,token_batch,2.5,1.2973,18.0,0.5,5149.878,23,1,False,1.0,0.0
j97616,3,delay_tolerant,0.7233,0.0,7.7333,0.5,0.0,22,2,True,1.0,0.0886
j99188,3,token_batch,2.5,0.7956,18.0,0.5,4871.569,23,1,False,1.0,0.0
j99188,3,delay_tolerant,0.5183,0.0,7.7333,0.5,0.0,6,2,True,1.0,0.05
j100124,4,delay_tolerant,0.5183,0.0,7.7333,0.5,0.0,7,2,True,1.0,0.05
j111717,4,delay_tolerant,1.3383,0.0,10.0667,0.5,0.0,7,2,False,1.0,0.0
j114362,4,delay_tolerant,0.5183,0.0,7.7333,0.5,0.0,7,2,False,1.0,0.0
j117222,4,delay_tolerant,1.2017,0.0,9.1333,0.5,0.0,7,2,True,1.0,0.05
j119257,4,delay_tolerant,1.27,0.3365,9.6,0.5,0.0,7,2,False,1.0,0.0
j133342,4,token_batch,1.6117,1.1614,11.9333,0.5,5145.727,8,1,True,1.0,0.1747
j134318,4,delay_tolerant,0.5183,0.0,7.7333,0.5,0.0,7,2,True,1.0,0.05
j140422,4,delay_tolerant,1.27,0.0,9.6,0.5,0.0,7,2,True,1.0,0.0223
j142297,4,delay_tolerant,1.4067,0.0,10.5333,0.5,0.0,7,2,True,1.0,0.0764
j143969,4,delay_tolerant,0.5183,0.0,7.7333,0.5,0.0,7,2,False,1.0,0.0
j146134,4,delay_tolerant,0.5867,0.4083,7.7333,0.5,0.0,7,2,True,1.0,0.05
j148034,4,delay_tolerant,0.5183,0.0,7.7333,0.5,0.0,7,2,False,1.0,0.0
j152677,4,delay_tolerant,0.5183,0.0,7.7333,0.5,0.0,7,2,False,1.0,0.0
j153412,4,delay_tolerant,0.5183,0.0,7.7333,0.5,0.0,7,2,False,1.0,0.0
j161254,4,delay_tolerant,0.655,0.0,7.7333,0.5,0.0,7,2,False,1.0,0.0
j169933,4,delay_tolerant,0.5183,0.0,7.7333,0.5,0.0,7,2,False,1.0,0.0
j171536,4,delay_tolerant,0.5867,0.0,7.7333,0.5,0.0,7,2,False,1.0,0.0
j183331,4,token_batch,1.475,0.5505,11.0,0.5,3876.851,8,1,True,1.0,0.05
j188625,4,delay_tolerant,0.5183,0.0,7.7333,0.5,0.0,7,2,True,1.0,0.05
j190246,4,delay_tolerant,1.065,0.0,8.2,0.5,0.0,7,2,False,1.0,0.0
j190775,4,delay_tolerant,0.5183,0.0,7.7333,0.5,0.0,7,2,False,1.0,0.0
j191576,4,delay_tolerant,0.9967,0.0,7.7333,0.5,0.0,7,2,False,1.0,0.0
j192265,4,delay_tolerant,0.655,0.0,7.7333,0.5,0.0,7,2,False,1.0,0.0
j195428,4,delay_tolerant,1.27,0.0,9.6,0.5,0.0,7,2,True,1.0,0.026
j195428,4,token_batch,1.8167,1.0163,13.3333,0.5,5054.323,8,1,True,1.0,0.0852
j203093,4,delay_sensitive,0.5183,0.0,7.7333,0.5,0.0,5,3,False,1.0,0.0
j204106,4,delay_sensitive,0.5183,0.0,7.7333,0.5,0.0,5,3,False,1.0,0.0
j207883,4,delay_sensitive,0.5183,0.0,7.7333,0.5,0.0,5,3,False,1.0,0.0
j208504,4,delay_tolerant,0.5183,0.0,7.7333,0.5,0.0,7,2,True,1.0,0.05
j209051,4,delay_tolerant,0.5183,0.0,7.7333,0.5,0.0,7,2,True,1.0,0.05
j213363,4,delay_tolerant,1.1333,0.0,8.6667,0.5,0.0,7,2,False,1.0,0.0
j214814,4,delay_tolerant,0.5183,0.0,7.7333,0.5,0.0,7,2,True,1.0,0.05
j223022,4,delay_tolerant,0.7233,0.0,7.7333,0.5,0.0,7,2,True,1.0,0.031
j223654,4,delay_tolerant,0.5183,0.0,7.7333,0.5,0.0,7,2,False,1.0,0.0
j227409,4,delay_tolerant,1.065,0.0,8.2,0.5,0.0,7,2,True,1.0,0.05
j227531,4,delay_sensitive,0.5183,0.0,7.7333,0.5,0.0,5,3,False,1.0,0.0
j234293,4,delay_sensitive,0.5183,0.0,7.7333,0.5,0.0,5,3,False,1.0,0.0
j236765,4,delay_tolerant,0.5183,0.0,7.7333,0.5,0.0,7,2,True,1.0,0.0569
j24101,4,delay_sensitive,1.7483,0.0,12.8667,0.5,0.0,5,3,False,1.0,0.0
j24101,4,delay_sensitive,1.7483,0.0,12.8667,0.5,0.0,5,3,False,1.0,0.0
j241287,4,delay_sensitive,1.5433,0.0,11.4667,0.5,0.0,5,3,False,1.0,0.0
j249006,4,delay_tolerant,1.4067,0.0,10.5333,0.5,0.0,7,2,False,1.0,0.0
j265537,4,delay_tolerant,0.5183,0.0,7.7333,0.5,0.0,7,2,True,1.0,0.05
j265669,4,delay_tolerant,0.5183,0.0,7.7333,0.5,0.0,7,2,False,1.0,0.0
j266329,4,delay_tolerant,0.86,0.0,7.7333,0.5,0.0,7,2,True,1.0,0.0473
j282809,4,delay_sensitive,0.5183,0.0,7.7333,0.5,0.0,5,3,False,1.0,0.0
j285777,4,delay_tolerant,0.5867,0.0,7.7333,0.5,0.0,7,2,False,1.0,0.0
j290989,4,delay_tolerant,0.5183,0.0,7.7333,0.5,0.0,7,2,False,1.0,0.0
j296130,4,delay_sensitive,0.5183,0.0,7.7333,0.5,0.0,5,3,False,1.0,0.0
j299757,4,delay_tolerant,0.5183,0.0,7.7333,0.5,0.0,7,2,False,1.0,0.0
j30438,4,delay_tolerant,0.9283,0.0,7.7333,0.5,0.0,7,2,False,1.0,0.0
j305900,4,delay_tolerant,0.5183,0.0,7.7333,0.5,0.0,7,2,True,1.0,0.05
j309316,4,delay_tolerant,0.5183,0.0,7.7333,0.5,0.0,7,2,False,1.0,0.0
j320968,4,delay_sensitive,0.5183,0.0,7.7333,0.5,0.0,5,3,False,1.0,0.0
j321261,4,delay_sensitive,0.9283,0.0,7.7333,0.5,0.0,5,3,False,1.0,0.0
j323062,4,delay_tolerant,0.5183,0.0,7.7333,0.5,0.0,7,2,False,1.0,0.0
j323737,4,delay_tolerant,0.5183,0.0,7.7333,0.5,0.0,7,2,True,1.0,0.0309
j331024,4,delay_sensitive,0.86,0.0,7.7333,0.5,0.0,5,3,False,1.0,0.0
j332145,4,delay_tolerant,0.655,0.0,7.7333,0.5,0.0,7,2,True,1.0,0.05
j333225,4,delay_tolerant,1.2017,0.0,9.1333,0.5,0.0,7,2,True,1.0,0.0457
j333875,4,delay_tolerant,0.5867,0.0,7.7333,0.5,0.0,7,2,True,1.0,0.05
j337721,4,token_batch,1.7483,0.8947,12.8667,0.5,5233.676,8,1,True,1.0,0.1818
j339351,4,delay_sensitive,0.5183,0.0,7.7333,0.5,0.0,5,3,False,1.0,0.0
j341148,4,delay_tolerant,1.4067,0.0,10.5333,0.5,0.0,7,2,False,1.0,0.0
j341646,4,token_batch,1.7483,0.0,12.8667,0.5,4066.846,8,1,False,1.0,0.0
j343721,4,delay_sensitive,1.68,0.0,12.4,0.5,0.0,5,3,False,1.0,0.0
j346691,4,token_batch,1.6117,0.6416,11.9333,0.5,4717.613,8,1,False,1.0,0.0
j349394,4,delay_tolerant,0.7233,0.0,7.7333,0.5,0.0,7,2,False,1.0,0.0
j349465,4,delay_tolerant,0.9967,0.0,7.7333,0.5,0.0,7,2,False,1.0,0.0
j354384,4,delay_sensitive,0.5183,0.0,7.7333,0.5,0.0,5,3,False,1.0,0.0
j356523,4,delay_tolerant,0.5183,0.0,7.7333,0.5,0.0,7,2,True,1.0,0.077
j357033,4,delay_tolerant,1.065,0.0,8.2,0.5,0.0,7,2,True,1.0,0.05
j362369,4,delay_tolerant,0.5183,0.0,7.7333,0.5,0.0,7,2,False,1.0,0.0
j367146,4,delay_tolerant,0.5183,0.0,7.7333,0.5,0.0,7,2,False,1.0,0.0
j368158,4,delay_tolerant,0.5867,0.0,7.7333,0.5,0.0,7,2,True,1.0,0.05
j368304,4,delay_tolerant,0.5867,0.282,7.7333,0.5,0.0,7,2,False,1.0,0.0
j375433,4,delay_tolerant,1.1333,0.4982,8.6667,0.5,0.0,7,2,False,1.0,0.0
j377373,4,delay_tolerant,1.3383,0.0,10.0667,0.5,0.0,7,2,False,1.0,0.0
j377391,4,delay_sensitive,1.065,0.0,8.2,0.5,0.0,5,3,False,1.0,0.0
j377604,4,delay_tolerant,0.5183,0.0,7.7333,0.5,0.0,7,2,False,1.0,0.0
j383677,4,delay_tolerant,1.3383,0.245,10.0667,0.5,0.0,7,2,True,1.0,0.0202
j391500,4,delay_tolerant,0.655,0.0,7.7333,0.5,0.0,7,2,True,1.0,0.05
j392349,4,delay_sensitive,1.6117,0.0,11.9333,0.5,0.0,5,3,False,1.0,0.0
j392349,4,delay_sensitive,0.655,0.0,7.7333,0.5,0.0,5,3,False,1.0,0.0
j394822,4,delay_tolerant,0.5183,0.0,7.7333,0.5,0.0,7,2,False,1.0,0.0
j399937,4,delay_sensitive,0.7917,0.0,7.7333,0.5,0.0,5,3,False,1.0,0.0
j401177,4,delay_tolerant,0.9283,0.0,7.7333,0.5,0.0,7,2,False,1.0,0.0
j403069,4,token_batch,1.6117,1.2483,11.9333,0.5,4227.3,8,1,True,1.0,0.05
j408293,4,delay_tolerant,0.9967,0.0,7.7333,0.5,0.0,7,2,True,1.0,0.05
j413351,4,delay_tolerant,0.7917,0.0,7.7333,0.5,0.0,7,2,False,1.0,0.0
j413493,4,delay_tolerant,0.5183,0.0,7.7333,0.5,0.0,7,2,False,1.0,0.0
j426113,4,delay_sensitive,0.5183,0.0,7.7333,0.5,0.0,5,3,False,1.0,0.0
j429564,4,delay_tolerant,0.655,0.0,7.7333,0.5,0.0,7,2,True,1.0,0.05
j431053,4,delay_tolerant,1.3383,0.0,10.0667,0.5,0.0,7,2,False,1.0,0.0
j431173,4,delay_tolerant,0.5183,0.0,7.7333,0.5,0.0,7,2,False,1.0,0.0
j434855,4,delay_tolerant,0.7917,0.0,7.7333,0.5,0.0,7,2,False,1.0,0.0
j436094,4,delay_tolerant,0.5183,0.0,7.7333,0.5,0.0,7,2,True,1.0,0.05
j437839,4,delay_tolerant,0.5183,0.0,7.7333,0.5,0.0,7,2,False,1.0,0.0
j438159,4,delay_tolerant,1.3383,0.0,10.0667,0.5,0.0,7,2,True,1.0,0.0608
j442553,4,delay_tolerant,1.3383,0.0,10.0667,0.5,0.0,7,2,True,1.0,0.0271
j442618,4,delay_tolerant,0.7233,0.0,7.7333,0.5,0.0,7,2,False,1.0,0.0
j445407,4,token_batch,2.09,0.9763,15.2,0.5,4812.459,8,1,True,1.0,0.05
j448433,4,delay_tolerant,0.5183,0.0,7.7333,0.5,0.0,7,2,False,1.0,0.0
j458646,4,delay_tolerant,0.5183,0.0,7.7333,0.5,0.0,7,2,False,1.0,0.0
j462091,4,delay_sensitive,1.8167,0.0,13.3333,0.5,0.0,5,3,False,1.0,0.0
j468606,4,delay_tolerant,0.5183,0.0,7.7333,0.5,0.0,7,2,False,1.0,0.0
j471002,4,delay_tolerant,0.5183,0.0,7.7333,0.5,0.0,7,2,True,1.0,0.05
j474172,4,delay_tolerant,0.86,0.0,7.7333,0.5,0.0,7,2,False,1.0,0.0
j475062,4,delay_sensitive,0.5183,0.0,7.7333,0.5,0.0,5,3,False,1.0,0.0
j477792,4,delay_tolerant,0.5183,0.0,7.7333,0.5,0.0,7,2,False,1.0,0.0
j478685,4,delay_tolerant,0.655,0.0,7.7333,0.5,0.0,7,2,False,1.0,0.0
j489228,4,delay_tolerant,0.655,0.4435,7.7333,0.5,0.0,7,2,True,1.0,0.0606
j490063,4,delay_tolerant,1.065,0.0,8.2,0.5,0.0,7,2,True,1.0,0.05
j492472,4,token_batch,1.7483,0.6996,12.8667,0.5,5020.875,8,1,True,1.0,0.05
j503950,4,delay_tolerant,0.5183,0.0,7.7333,0.5,0.0,7,2,True,1.0,0.05
j507927,4,delay_tolerant,0.7917,0.0,7.7333,0.5,0.0,7,2,True,1.0,0.05
j523364,4,token_batch,1.7483,0.0,12.8667,0.5,5252.826,8,1,True,1.0,0.0913
j53511,4,delay_tolerant,0.5183,0.0,7.7333,0.5,0.0,7,2,False,1.0,0.0
j538006,4,delay_tolerant,0.86,0.0,7.7333,0.5,0.0,7,2,False,1.0,0.0
j538006,4,delay_tolerant,1.2017,0.0,9.1333,0.5,0.0,7,2,True,1.0,0.05
j539910,4,delay_tolerant,0.5183,0.0,7.7333,0.5,0.0,7,2,False,1.0,0.0
j54228,4,delay_tolerant,1.4067,0.0,10.5333,0.5,0.0,7,2,False,1.0,0.0
j543099,4,delay_tolerant,1.4067,0.0,10.5333,0.5,0.0,7,2,True,1.0,0.05
j544996,4,delay_tolerant,0.5183,0.0,7.7333,0.5,0.0,7,2,False,1.0,0.0
j547174,4,delay_tolerant,0.5183,0.0,7.7333,0.5,0.0,7,2,True,1.0,0.05
j55594,4,delay_tolerant,0.5183,0.0,7.7333,0.5,0.0,7,2,False,1.0,0.0
j55594,4,delay_tolerant,0.5183,0.0,7.7333,0.5,0.0,7,2,True,1.0,0.094
j576693,4,delay_tolerant,0.5183,0.0,7.7333,0.5,0.0,7,2,False,1.0,0.0
j590386,4,delay_tolerant,0.5183,0.0,7.7333,0.5,0.0,7,2,True,1.0,0.05
j599383,4,delay_tolerant,0.5183,0.0,7.7333,0.5,0.0,7,2,False,1.0,0.0
j609734,4,delay_tolerant,1.27,0.0,9.6,0.5,0.0,7,2,False,1.0,0.0
j615310,4,delay_sensitive,1.2017,0.0,9.1333,0.5,0.0,5,3,False,1.0,0.0
j617292,4,delay_tolerant,1.27,0.0,9.6,0.5,0.0,7,2,False,1.0,0.0
j620018,4,token_batch,1.8167,0.8572,13.3333,0.5,4628.636,8,1,False,1.0,0.0
j620949,4,delay_tolerant,0.5867,0.0,7.7333,0.5,0.0,7,2,False,1.0,0.0
j630886,4,delay_tolerant,0.5183,0.0,7.7333,0.5,0.0,7,2,False,1.0,0.0
j632338,4,delay_tolerant,1.3383,0.0,10.0667,0.5,0.0,7,2,True,1.0,0.05
j641029,4,token_batch,1.885,0.4077,13.8,0.5,5287.914,8,1,True,1.0,0.1374
j64434,4,delay_tolerant,0.7233,0.0,7.7333,0.5,0.0,7,2,False,1.0,0.0
j644403,4,delay_sensitive,1.7483,0.0,12.8667,0.5,0.0,5,3,False,1.0,0.0
j655160,4,delay_sensitive,1.1333,0.0,8.6667,0.5,0.0,5,3,False,1.0,0.0
j657453,4,delay_tolerant,0.5183,0.0,7.7333,0.5,0.0,7,2,True,1.0,0.05
j661702,4,delay_tolerant,0.5867,0.0,7.7333,0.5,0.0,7,2,True,1.0,0.05
j662311,4,delay_tolerant,0.5183,0.0,7.7333,0.5,0.0,7,2,False,1.0,0.0
j672006,4,delay_tolerant,0.5183,0.0,7.7333,0.5,0.0,7,2,True,1.0,0.05
j674965,4,delay_tolerant,0.5183,0.0,7.7333,0.5,0.0,7,2,False,1.0,0.0
j676676,4,delay_tolerant,0.9283,0.0,7.7333,0.5,0.0,7,2,False,1.0,0.0
j68185,4,delay_tolerant,0.5183,0.0,7.7333,0.5,0.0,7,2,True,1.0,0.0962
j690271,4,delay_sensitive,0.5183,0.0,7.7333,0.5,0.0,5,3,False,1.0,0.0
j69465,4,delay_tolerant,0.5183,0.0,7.7333,0.5,0.0,7,2,False,1.0,0.0
j696829,4,delay_tolerant,0.655,0.0,7.7333,0.5,0.0,7,2,False,1.0,0.0
j696829,4,delay_tolerant,0.5183,0.0,7.7333,0.5,0.0,7,2,True,1.0,0.0849
j69719,4,delay_tolerant,0.5183,0.0,7.7333,0.5,0.0,7,2,False,1.0,0.0
j717512,4,delay_sensitive,0.5183,0.0,7.7333,0.5,0.0,5,3,False,1.0,0.0
j718453,4,delay_tolerant,0.655,0.0,7.7333,0.5,0.0,7,2,False,1.0,0.0
j719777,4,delay_tolerant,1.065,0.0,8.2,0.5,0.0,7,2,False,1.0,0.0
j722379,4,delay_sensitive,0.5183,0.0,7.7333,0.5,0.0,5,3,False,1.0,0.0
j72287,4,delay_tolerant,0.9283,0.0,7.7333,0.5,0.0,7,2,True,1.0,0.05
j724005,4,delay_tolerant,0.5183,0.0,7.7333,0.5,0.0,7,2,True,1.0,0.05
j725109,4,delay_sensitive,1.3383,0.0,10.0667,0.5,0.0,5,3,False,1.0,0.0
j731212,4,delay_tolerant,0.86,0.0,7.7333,0.5,0.0,7,2,True,1.0,0.05
j733670,4,delay_tolerant,0.5183,0.0,7.7333,0.5,0.0,7,2,False,1.0,0.0
j739610,4,delay_sensitive,0.7917,0.0,7.7333,0.5,0.0,5,3,False,1.0,0.0
j751354,4,delay_tolerant,0.5183,0.0,7.7333,0.5,0.0,7,2,False,1.0,0.0
j752972,4,delay_tolerant,0.5183,0.2958,7.7333,0.5,0.0,7,2,False,1.0,0.0
j753688,4,delay_tolerant,0.5867,0.0,7.7333,0.5,0.0,7,2,True,1.0,0.0288
j756947,4,delay_tolerant,1.065,0.0,8.2,0.5,0.0,7,2,True,1.0,0.0855
j757496,4,delay_tolerant,0.5183,0.0,7.7333,0.5,0.0,7,2,True,1.0,0.0281
j761507,4,delay_tolerant,0.5183,0.0,7.7333,0.5,0.0,7,2,False,1.0,0.0
j762100,4,delay_sensitive,0.5183,0.0,7.7333,0.5,0.0,5,3,False,1.0,0.0
j772792,4,delay_sensitive,1.6117,0.0,11.9333,0.5,0.0,5,3,False,1.0,0.0
j772903,4,delay_tolerant,0.5183,0.0,7.7333,0.5,0.0,7,2,True,1.0,0.0694
j773714,4,delay_tolerant,1.2017,0.0,9.1333,0.5,0.0,7,2,False,1.0,0.0
j785574,4,token_batch,1.5433,0.9002,11.4667,0.5,4167.906,8,1,True,1.0,0.05
j789923,4,delay_tolerant,0.9283,0.0,7.7333,0.5,0.0,7,2,False,1.0,0.0
j792972,4,delay_tolerant,0.5183,0.5727,7.7333,0.5,0.0,7,2,True,1.0,0.05
j797116,4,token_batch,2.295,0.4789,16.6,0.5,5122.567,8,1,True,1.0,0.05
j803141,4,delay_tolerant,0.5867,0.0,7.7333,0.5,0.0,7,2,True,1.0,0.05
j8106,4,token_batch,1.6117,0.7983,11.9333,0.5,4459.726,8,1,True,1.0,0.05
j811429,4,delay_tolerant,0.5183,0.0,7.7333,0.5,0.0,7,2,True,1.0,0.0477
j813496,4,delay_sensitive,0.5183,0.0,7.7333,0.5,0.0,5,3,False,1.0,0.0
j815996,4,token_batch,1.8167,0.0,13.3333,0.5,5252.403,8,1,False,1.0,0.0
j815996,4,delay_tolerant,0.86,0.0,7.7333,0.5,0.0,7,2,False,1.0,0.0
j815996,4,token_batch,1.7483,1.0101,12.8667,0.5,4637.249,8,1,False,1.0,0.0
j82247,4,delay_tolerant,0.9967,0.0,7.7333,0.5,0.0,7,2,False,1.0,0.0
j828421,4,delay_sensitive,1.475,0.0,11.0,0.5,0.0,5,3,False,1.0,0.0
j830061,4,delay_tolerant,0.5183,0.0,7.7333,0.5,0.0,7,2,False,1.0,0.0
j835870,4,delay_sensitive,0.655,0.0,7.7333,0.5,0.0,5,3,False,1.0,0.0
j836315,4,delay_tolerant,1.2017,0.259,9.1333,0.5,0.0,7,2,True,1.0,0.05
j838731,4,delay_tolerant,0.5183,0.0,7.7333,0.5,0.0,7,2,True,1.0,0.05
j842618,4,delay_sensitive,0.5867,0.0,7.7333,0.5,0.0,5,3,False,1.0,0.0
j850379,4,delay_tolerant,0.5183,0.0,7.7333,0.5,0.0,7,2,False,1.0,0.0
j851961,4,delay_tolerant,0.5183,0.0,7.7333,0.5,0.0,7,2,False,1.0,0.0
j854637,4,delay_sensitive,1.6117,0.0,11.9333,0.5,0.0,5,3,False,1.0,0.0
j85678,4,delay_tolerant,0.5183,0.0,7.7333,0.5,0.0,7,2,False,1.0,0.0
j862295,4,delay_tolerant,0.5183,0.0,7.7333,0.5,0.0,7,2,True,1.0,0.0647
j867333,4,delay_tolerant,1.2017,0.0,9.1333,0.5,0.0,7,2,False,1.0,0.0
j867333,4,delay_tolerant,1.27,0.0,9.6,0.5,0.0,7,2,False,1.0,0.0
j877786,4,delay_tolerant,0.5183,0.0,7.7333,0.5,0.0,7,2,True,1.0,0.0823
j881445,4,delay_sensitive,0.5183,0.0,7.7333,0.5,0.0,5,3,False,1.0,0.0
j892630,4,delay_tolerant,0.5183,0.0,7.7333,0.5,0.0,7,2,True,1.0,0.05
j893738,4,delay_tolerant,1.1333,0.0,8.6667,0.5,0.0,7,2,True,1.0,0.05
j897081,4,delay_tolerant,0.5183,0.0,7.7333,0.5,0.0,7,2,False,1.0,0.0
j902125,4,delay_sensitive,0.5183,0.0,7.7333,0.5,0.0,5,3,False,1.0,0.0
j905175,4,delay_sensitive,1.8167,0.0,13.3333,0.5,0.0,5,3,False,1.0,0.0
j908544,4,delay_sensitive,0.5183,0.0,7.7333,0.5,0.0,5,3,False,1.0,0.0
j92578,4,delay_sensitive,0.5183,0.0,7.7333,0.5,0.0,5,3,False,1.0,0.0
j103129,5,token_batch,1.5433,1.0936,11.4667,0.5,5088.238,9,1,False,1.0,0.0
j126250,5,delay_tolerant,0.5183,0.0,7.7333,0.5,0.0,9,2,True,1.0,0.0263
j126265,5,delay_tolerant,0.5183,0.0,7.7333,0.5,0.0,8,2,False,1.0,0.0
j135569,5,delay_tolerant,1.4067,0.0,10.5333,0.5,0.0,9,2,True,1.0,0.05
j153802,5,delay_sensitive,0.7233,0.0,7.7333,0.5,0.0,6,3,False,1.0,0.0
j156429,5,delay_tolerant,0.7233,0.0,7.7333,0.5,0.0,9,2,False,1.0,0.0
j157341,5,delay_tolerant,0.5183,0.0,7.7333,0.5,0.0,8,2,False,1.0,0.0
j161343,5,delay_sensitive,0.5183,0.0,7.7333,0.5,0.0,6,3,False,1.0,0.0
j168075,5,delay_tolerant,0.9283,0.0,7.7333,0.5,0.0,8,2,True,1.0,0.0248
j171510,5,delay_tolerant,1.2017,0.0,9.1333,0.5,0.0,9,2,True,1.0,0.05
j181555,5,token_batch,1.8167,0.5785,13.3333,0.5,4161.228,9,1,True,1.0,0.05
j190377,5,delay_tolerant,0.86,0.4927,7.7333,0.5,0.0,8,2,True,1.0,0.05
j191052,5,delay_tolerant,0.86,0.0,7.7333,0.5,0.0,8,2,True,1.0,0.05
j196645,5,delay_tolerant,0.5183,0.0,7.7333,0.5,0.0,9,2,True,1.0,0.0922
j202449,5,delay_tolerant,1.2017,0.5311,9.1333,0.5,0.0,8,2,False,1.0,0.0
j20663,5,delay_tolerant,0.5183,0.0,7.7333,0.5,0.0,11,2,True,1.0,0.05
j221802,5,delay_tolerant,0.5183,0.0,7.7333,0.5,0.0,8,2,True,1.0,0.0802
j224735,5,delay_sensitive,0.5183,0.0,7.7333,0.5,0.0,6,3,False,1.0,0.0
j231484,5,delay_tolerant,1.2017,0.0,9.1333,0.5,0.0,8,2,True,1.0,0.05
j234702,5,delay_tolerant,0.5867,0.0,7.7333,0.5,0.0,8,2,True,1.0,0.0807
j236690,5,token_batch,1.8167,1.3077,13.3333,0.5,4293.194,9,1,False,1.0,0.0
j244618,5,delay_tolerant,0.5867,0.0,7.7333,0.5,0.0,8,2,False,1.0,0.0
j249052,5,delay_sensitive,1.68,0.0,12.4,0.5,0.0,6,3,False,1.0,0.0
j257343,5,delay_sensitive,0.5183,0.0,7.7333,0.5,0.0,6,3,False,1.0,0.0
j25841,5,delay_tolerant,1.3383,0.0,10.0667,0.5,0.0,9,2,True,1.0,0.0272
j268603,5,delay_tolerant,1.27,0.0,9.6,0.5,0.0,8,2,True,1.0,0.0272
j273661,5,delay_sensitive,0.5183,0.0,7.7333,0.5,0.0,6,3,False,1.0,0.0
j292579,5,token_batch,1.7483,1.0152,12.8667,0.5,4296.688,9,1,False,1.0,0.0
j299014,5,delay_tolerant,0.9967,0.0,7.7333,0.5,0.0,8,2,True,1.0,0.0636
j311716,5,delay_tolerant,1.4067,0.0,10.5333,0.5,0.0,9,2,True,1.0,0.0589
j315856,5,delay_sensitive,0.5183,0.0,7.7333,0.5,0.0,6,3,False,1.0,0.0
j328341,5,delay_tolerant,0.9283,0.0,7.7333,0.5,0.0,8,2,False,1.0,0.0
j334278,5,delay_tolerant,1.1333,0.4229,8.6667,0.5,0.0,8,2,False,1.0,0.0
j340175,5,delay_tolerant,0.5867,0.0,7.7333,0.5,0.0,8,2,True,1.0,0.0699
j344598,5,delay_tolerant,1.27,0.0,9.6,0.5,0.0,9,2,False,1.0,0.0
j346607,5,delay_tolerant,0.5867,0.0,7.7333,0.5,0.0,9,2,True,1.0,0.0417
j363896,5,delay_tolerant,1.1333,0.0,8.6667,0.5,0.0,8,2,False,1.0,0.0
j36908,5,token_batch,1.885,0.0,13.8,0.5,4117.715,9,1,True,1.0,0.1947
j371438,5,token_batch,1.6117,0.0,11.9333,0.5,3964.538,9,1,False,1.0,0.0
j375401,5,delay_tolerant,0.5183,0.0,7.7333,0.5,0.0,8,2,True,1.0,0.0479
j377816,5,delay_tolerant,0.7233,0.0,7.7333,0.5,0.0,9,2,True,1.0,0.05
j378503,5,delay_tolerant,1.065,0.0,8.2,0.5,0.0,8,2,True,1.0,0.05
j382472,5,token_batch,1.6117,0.4952,11.9333,0.5,4968.715,9,1,True,1.0,0.05
j393217,5,delay_tolerant,1.4067,0.0,10.5333,0.5,0.0,9,2,False,1.0,0.0
j393348,5,delay_tolerant,0.5183,0.0,7.7333,0.5,0.0,8,2,True,1.0,0.0706
j408993,5,delay_tolerant,0.5183,0.0,7.7333,0.5,0.0,8,2,True,1.0,0.0867
j411610,5,delay_tolerant,0.5183,0.0,7.7333,0.5,0.0,8,2,False,1.0,0.0
j415498,5,delay_sensitive,0.5183,0.0,7.7333,0.5,0.0,6,3,False,1.0,0.0
j419438,5,delay_tolerant,0.5183,0.0,7.7333,0.5,0.0,8,2,False,1.0,0.0
j421290,5,delay_sensitive,0.5183,0.0,7.7333,0.5,0.0,6,3,False,1.0,0.0
j430190,5,delay_sensitive,0.655,0.0,7.7333,0.5,0.0,6,3,False,1.0,0.0
j472920,5,token_batch,1.885,0.7063,13.8,0.5,4222.034,9,1,True,1.0,0.05
j506095,5,delay_tolerant,0.5867,0.0,7.7333,0.5,0.0,9,2,False,1.0,0.0
j513435,5,delay_sensitive,0.86,0.0,7.7333,0.5,0.0,6,3,False,1.0,0.0
j522852,5,delay_tolerant,0.5183,0.0,7.7333,0.5,0.0,8,2,False,1.0,0.0
j550719,5,delay_sensitive,0.5183,0.0,7.7333,0.5,0.0,6,3,False,1.0,0.0
j562722,5,delay_tolerant,0.5183,0.0,7.7333,0.5,0.0,8,2,False,1.0,0.0
j592615,5,delay_tolerant,0.5183,0.0,7.7333,0.5,0.0,8,2,False,1.0,0.0
j626938,5,delay_tolerant,0.9283,0.0,7.7333,0.5,0.0,8,2,False,1.0,0.0
j627519,5,delay_sensitive,0.5183,0.0,7.7333,0.5,0.0,6,3,False,1.0,0.0
j683457,5,delay_tolerant,0.86,0.0,7.7333,0.5,0.0,11,2,True,1.0,0.05
j685197,5,delay_tolerant,0.86,0.0,7.7333,0.5,0.0,8,2,False,1.0,0.0
j688010,5,delay_tolerant,0.5183,0.0,7.7333,0.5,0.0,8,2,False,1.0,0.0
j688489,5,delay_tolerant,0.5867,0.0,7.7333,0.5,0.0,8,2,True,1.0,0.0834
j689348,5,delay_tolerant,0.7233,0.0,7.7333,0.5,0.0,11,2,False,1.0,0.0
j689855,5,delay_tolerant,0.5183,0.0,7.7333,0.5,0.0,8,2,False,1.0,0.0
j689855,5,delay_tolerant,0.5183,0.0,7.7333,0.5,0.0,8,2,False,1.0,0.0
j690873,5,delay_tolerant,0.5867,0.3052,7.7333,0.5,0.0,8,2,False,1.0,0.0
j696604,5,delay_sensitive,0.5183,0.0,7.7333,0.5,0.0,6,3,False,1.0,0.0
j698986,5,delay_sensitive,0.655,0.0,7.7333,0.5,0.0,6,3,False,1.0,0.0
j707503,5,delay_tolerant,1.27,0.0,9.6,0.5,0.0,9,2,False,1.0,0.0
j708351,5,delay_tolerant,0.5867,0.0,7.7333,0.5,0.0,8,2,False,1.0,0.0
j710176,5,delay_sensitive,0.86,0.0,7.7333,0.5,0.0,6,3,False,1.0,0.0
j710439,5,token_batch,1.5433,0.7221,11.4667,0.5,4812.701,9,1,True,1.0,0.1231
j720020,5,token_batch,1.7483,0.475,12.8667,0.5,4341.77,9,1,True,1.0,0.05
j727224,5,delay_tolerant,0.5867,0.0,7.7333,0.5,0.0,8,2,False,1.0,0.0
j730096,5,delay_tolerant,0.86,0.0,7.7333,0.5,0.0,9,2,True,1.0,0.05
j738840,5,delay_tolerant,0.5183,0.0,7.7333,0.5,0.0,8,2,False,1.0,0.0
j759721,5,delay_tolerant,0.5183,0.0,7.7333,0.5,0.0,8,2,False,1.0,0.0
j787130,5,delay_tolerant,0.5183,0.0,7.7333,0.5,0.0,9,2,False,1.0,0.0
j80108,5,delay_sensitive,0.5183,0.0,7.7333,0.5,0.0,6,3,False,1.0,0.0
j801265,5,delay_sensitive,1.2017,0.0,9.1333,0.5,0.0,6,3,False,1.0,0.0
j804981,5,delay_tolerant,0.5183,0.0,7.7333,0.5,0.0,8,2,False,1.0,0.0
j809737,5,delay_tolerant,0.5183,0.0,7.7333,0.5,0.0,8,2,True,1.0,0.05
j82415,5,delay_tolerant,0.9967,0.0,7.7333,0.5,0.0,9,2,True,1.0,0.05
j827340,5,delay_tolerant,0.5183,0.0,7.7333,0.5,0.0,9,2,True,1.0,0.0628
j830312,5,delay_tolerant,0.5183,0.0,7.7333,0.5,0.0,9,2,False,1.0,0.0
j8325,5,delay_tolerant,0.5867,0.0,7.7333,0.5,0.0,8,2,False,1.0,0.0
j835970,5,delay_tolerant,0.5183,0.0,7.7333,0.5,0.0,8,2,True,1.0,0.0468
j855975,5,token_batch,1.7483,0.8239,12.8667,0.5,4943.606,11,1,True,1.0,0.05
j864141,5,delay_tolerant,0.86,0.0,7.7333,0.5,0.0,8,2,True,1.0,0.05
j88937,5,delay_tolerant,0.7917,0.0,7.7333,0.5,0.0,8,2,False,1.0,0.0
j904504,5,delay_tolerant,0.5183,0.0,7.7333,0.5,0.0,8,2,False,1.0,0.0
j907441,5,delay_sensitive,0.5183,0.0,7.7333,0.5,0.0,6,3,False,1.0,0.0
j179137,6,delay_tolerant,0.5183,0.0,7.7333,0.5,0.0,9,2,True,1.0,0.05
j180142,6,delay_tolerant,1.065,0.0,8.2,0.5,0.0,9,2,True,1.0,0.0599
j1841,6,delay_tolerant,0.5183,0.0,7.7333,0.5,0.0,9,2,True,1.0,0.0323
j196148,6,delay_sensitive,0.5183,0.0,7.7333,0.5,0.0,7,3,False,1.0,0.0
j278302,6,delay_sensitive,0.5183,0.0,7.7333,0.5,0.0,7,3,False,1.0,0.0
j298053,6,delay_tolerant,0.5183,0.0,7.7333,0.5,0.0,11,2,False,1.0,0.0
j327669,6,delay_sensitive,1.4067,0.0,10.5333,0.5,0.0,7,3,False,1.0,0.0
j379060,6,delay_tolerant,0.655,0.0,7.7333,0.5,0.0,11,2,True,1.0,0.05
j417684,6,delay_tolerant,0.5183,0.0,7.7333,0.5,0.0,11,2,True,1.0,0.05
j429163,6,delay_tolerant,1.2017,0.0,9.1333,0.5,0.0,11,2,True,1.0,0.05
j431991,6,delay_sensitive,0.5183,0.0,7.7333,0.5,0.0,7,3,False,1.0,0.0
j481682,6,delay_tolerant,0.5183,0.0,7.7333,0.5,0.0,9,2,True,1.0,0.05
j509954,6,delay_tolerant,0.5183,0.4807,7.7333,0.5,0.0,11,2,False,1.0,0.0
j516789,6,delay_tolerant,0.5183,0.0,7.7333,0.5,0.0,9,2,True,1.0,0.05
j610093,6,delay_tolerant,0.5183,0.0,7.7333,0.5,0.0,9,2,True,1.0,0.0528
j628397,6,token_batch,1.6117,0.0,11.9333,0.5,4810.747,10,1,True,1.0,0.1277
j68425,6,delay_tolerant,0.5183,0.2211,7.7333,0.5,0.0,9,2,True,1.0,0.05
j693316,6,delay_tolerant,0.9967,0.0,7.7333,0.5,0.0,9,2,True,1.0,0.0692
j743283,6,delay_tolerant,1.4067,0.0,10.5333,0.5,0.0,11,2,False,1.0,0.0
j745986,6,delay_sensitive,0.5183,0.0,7.7333,0.5,0.0,7,3,False,1.0,0.0
j757085,6,delay_tolerant,0.9967,0.0,7.7333,0.5,0.0,9,2,False,1.0,0.0
j771760,6,delay_sensitive,0.5183,0.0,7.7333,0.5,0.0,7,3,False,1.0,0.0
j789000,6,delay_tolerant,0.5183,0.0,7.7333,0.5,0.0,9,2,False,1.0,0.0
j838088,6,delay_tolerant,0.5183,0.0,7.7333,0.5,0.0,9,2,False,1.0,0.0
j845489,6,delay_tolerant,0.5183,0.0,7.7333,0.5,0.0,9,2,True,1.0,0.05
j863639,6,delay_sensitive,1.475,0.0,11.0,0.5,0.0,7,3,False,1.0,0.0
j876948,6,delay_sensitive,0.5867,0.0,7.7333,0.5,0.0,7,3,False,1.0,0.0
j909435,6,delay_sensitive,2.295,0.0,16.6,0.5,0.0,7,3,False,1.0,0.0
j129769,7,delay_tolerant,1.2017,0.0,9.1333,0.5,0.0,10,2,True,1.0,0.05
j330210,7,delay_tolerant,0.5183,0.0,7.7333,0.5,0.0,11,2,False,1.0,0.0
j520407,7,delay_tolerant,0.5183,0.0,7.7333,0.5,0.0,10,2,True,1.0,0.0248
j607081,7,delay_sensitive,1.475,0.0,11.0,0.5,0.0,8,3,False,1.0,0.0
j76995,7,token_batch,1.475,1.1056,11.0,0.5,4180.197,11,1,False,1.0,0.0
j877758,7,delay_tolerant,0.5867,0.0,7.7333,0.5,0.0,10,2,False,1.0,0.0
