task_id,arrival_time,task_type,cpu_demand,gpu_demand,memory_demand,bandwidth_demand,token_amount,deadline,priority,migratable,migration_cost_weight,migration_delay_penalty
j104461,0,token_batch,1.475,0.9767,11.0,0.5,3927.312,4,1,False,1.0,0.0
j104461,0,delay_tolerant,0.9283,0.0,7.7333,0.5,0.0,3,2,False,1.0,0.0
j104461,0,token_batch,1.475,0.0,11.0,0.5,4060.2,4,1,True,1.0,0.1169
j104461,0,delay_sensitive,0.5183,0.0,7.7333,0.5,0.0,1,3,False,1.0,0.0
j104461,0,delay_sensitive,0.5183,0.0,7.7333,0.5,0.0,1,3,False,1.0,0.0
j105288,0,delay_sensitive,0.5183,0.0,7.7333,0.5,0.0,1,3,False,1.0,0.0
j105288,0,delay_sensitive,0.7233,0.0,7.7333,0.5,0.0,1,3,False,1.0,0.0
j105288,0,delay_sensitive,1.4067,0.0,10.5333,0.5,0.0,1,3,False,1.0,0.0
j105288,0,delay_sensitive,1.3383,0.0,10.0667,0.5,0.0,1,3,False,1.0,0.0
j106224,0,delay_sensitive,0.7917,0.0,7.7333,0.5,0.0,1,3,False,1.0,0.0
j106224,0,delay_sensitive,0.7917,0.0,7.7333,0.5,0.0,1,3,False,1.0,0.0
j106224,0,delay_sensitive,0.5867,0.0,7.7333,0.5,0.0,1,3,False,1.0,0.0
j106544,0,delay_sensitive,1.475,0.0,11.0,0.5,0.0,1,3,False,1.0,0.0
j106544,0,delay_sensitive,1.475,0.0,11.0,0.5,0.0,1,3,False,1.0,0.0
j107349,0,delay_tolerant,0.5183,0.0,7.7333,0.5,0.0,3,2,True,1.0,0.05
j107349,0,token_batch,2.5,1.007,18.0,0.5,4978.421,4,1,True,1.0,0.05
j107349,0,delay_tolerant,0.5183,0.0,7.7333,0.5,0.0,3,2,True,1.0,0.05
j109174,0,delay_sensitive,1.475,0.0,11.0,0.5,0.0,1,3,False,1.0,0.0
j109174,0,delay_sensitive,1.4067,0.0,10.5333,0.5,0.0,1,3,False,1.0,0.0
j109174,0,delay_sensitive,0.5183,0.0,7.7333,0.5,0.0,1,3,False,1.0,0.0
j113315,0,delay_tolerant,0.655,0.0,7.7333,0.5,0.0,3,2,False,1.0,0.0
j113315,0,token_batch,1.475,0.824,11.0,0.5,4216.694,4,1,False,1.0,0.0
j115325,0,delay_sensitive,1.475,0.0,11.0,0.5,0.0,1,3,False,1.0,0.0
j119267,0,delay_sensitive,1.475,0.0,11.0,0.5,0.0,1,3,False,1.0,0.0
j119267,0,delay_sensitive,1.475,0.0,11.0,0.5,0.0,1,3,False,1.0,0.0
j119594,0,delay_sensitive,1.475,0.0,11.0,0.5,0.0,1,3,False,1.0,0.0
j119827,0,delay_sensitive,1.475,0.0,11.0,0.5,0.0,1,3,False,1.0,0.0
j122441,0,token_batch,1.475,0.9653,11.0,0.5,3937.296,4,1,True,1.0,0.1446
j125286,0,delay_sensitive,1.9533,0.0,14.2667,0.5,0.0,1,3,False,1.0,0.0
j125286,0,delay_sensitive,2.5,0.0,18.0,0.5,0.0,1,3,False,1.0,0.0
j126584,0,delay_sensitive,0.655,0.0,7.7333,0.5,0.0,1,3,False,1.0,0.0
j127806,0,delay_sensitive,1.475,0.0,11.0,0.5,0.0,1,3,False,1.0,0.0
j127806,0,delay_tolerant,0.5183,0.0,7.7333,0.5,0.0,3,2,True,1.0,0.05
j129510,0,delay_sensitive,1.475,0.0,11.0,0.5,0.0,1,3,False,1.0,0.0
j135361,0,token_batch,1.475,1.2725,11.0,0.5,4124.992,4,1,True,1.0,0.0847
j135361,0,delay_sensitive,0.5183,0.0,7.7333,0.5,0.0,1,3,False,1.0,0.0
j136924,0,delay_tolerant,0.5183,0.0,7.7333,0.5,0.0,3,2,False,1.0,0.0
j140359,0,delay_tolerant,1.1333,0.0,8.6667,0.5,0.0,3,2,True,1.0,0.05
j142475,0,delay_sensitive,0.86,0.0,7.7333,0.5,0.0,1,3,False,1.0,0.0
j142475,0,delay_sensitive,0.7917,0.0,7.7333,0.5,0.0,1,3,False,1.0,0.0
j142475,0,delay_sensitive,1.3383,0.0,10.0667,0.5,0.0,1,3,False,1.0,0.0
j150730,0,delay_sensitive,1.065,0.0,8.2,0.5,0.0,1,3,False,1.0,0.0
j151786,0,delay_tolerant,0.655,0.0,7.7333,0.5,0.0,3,2,True,1.0,0.0785
j151870,0,delay_sensitive,1.475,0.0,11.0,0.5,0.0,1,3,False,1.0,0.0
j157216,0,delay_sensitive,1.475,0.0,11.0,0.5,0.0,1,3,False,1.0,0.0
j157216,0,delay_sensitive,0.5867,0.0,7.7333,0.5,0.0,1,3,False,1.0,0.0
j157216,0,delay_sensitive,1.475,0.0,11.0,0.5,0.0,1,3,False,1.0,0.0
j157216,0,delay_sensitive,1.065,0.0,8.2,0.5,0.0,1,3,False,1.0,0.0
j157909,0,delay_sensitive,0.5183,0.0,7.7333,0.5,0.0,1,3,False,1.0,0.0
j157909,0,delay_sensitive,1.475,0.0,11.0,0.5,0.0,1,3,False,1.0,0.0
j157909,0,delay_sensitive,0.5183,0.0,7.7333,0.5,0.0,1,3,False,1.0,0.0
j158021,0,delay_sensitive,0.5867,0.0,7.7333,0.5,0.0,1,3,False,1.0,0.0
j158021,0,delay_sensitive,1.1333,0.0,8.6667,0.5,0.0,1,3,False,1.0,0.0
j161522,0,delay_tolerant,1.1333,0.0,8.6667,0.5,0.0,3,2,True,1.0,0.05
j166237,0,token_batch,1.475,1.3961,11.0,0.5,4314.953,4,1,True,1.0,0.175
j166237,0,token_batch,1.475,1.2326,11.0,0.5,4239.014,4,1,False,1.0,0.0
j166237,0,delay_tolerant,1.27,0.2117,9.6,0.5,0.0,3,2,False,1.0,0.0
j166237,0,delay_tolerant,0.9967,0.0,7.7333,0.5,0.0,3,2,True,1.0,0.05
j168048,0,token_batch,1.475,0.0,11.0,0.5,4280.258,4,1,False,1.0,0.0
j173711,0,delay_sensitive,0.9283,0.0,7.7333,0.5,0.0,1,3,False,1.0,0.0
j176671,0,delay_sensitive,0.86,0.0,7.7333,0.5,0.0,1,3,False,1.0,0.0
j177500,0,delay_sensitive,0.7917,0.0,7.7333,0.5,0.0,1,3,False,1.0,0.0
j177954,0,delay_sensitive,1.475,0.0,11.0,0.5,0.0,1,3,False,1.0,0.0
j177954,0,delay_sensitive,1.2017,0.0,9.1333,0.5,0.0,1,3,False,1.0,0.0
j178360,0,delay_sensitive,1.475,0.0,11.0,0.5,0.0,1,3,False,1.0,0.0
j180862,0,delay_tolerant,0.655,0.0,7.7333,0.5,0.0,3,2,False,1.0,0.0
j181311,0,delay_sensitive,0.5183,0.0,7.7333,0.5,0.0,1,3,False,1.0,0.0
j181311,0,delay_sensitive,0.655,0.0,7.7333,0.5,0.0,1,3,False,1.0,0.0
j182686,0,delay_tolerant,1.2017,0.0,9.1333,0.5,0.0,3,2,True,1.0,0.05
j187281,0,delay_tolerant,0.7917,0.0,7.7333,0.5,0.0,3,2,True,1.0,0.05
j187281,0,delay_tolerant,0.5183,0.0,7.7333,0.5,0.0,3,2,True,1.0,0.05
j194394,0,delay_sensitive,1.2017,0.0,9.1333,0.5,0.0,1,3,False,1.0,0.0
j194394,0,delay_sensitive,1.065,0.0,8.2,0.5,0.0,1,3,False,1.0,0.0
j194394,0,delay_sensitive,0.5183,0.0,7.7333,0.5,0.0,1,3,False,1.0,0.0
j194394,0,delay_sensitive,2.5,0.0,18.0,0.5,0.0,1,3,False,1.0,0.0
j194394,0,delay_sensitive,0.5183,0.0,7.7333,0.5,0.0,1,3,False,1.0,0.0
j194394,0,delay_sensitive,0.5183,0.0,7.7333,0.5,0.0,1,3,False,1.0,0.0
j197012,0,delay_sensitive,1.27,0.0,9.6,0.5,0.0,1,3,False,1.0,0.0
j197012,0,delay_sensitive,1.475,0.0,11.0,0.5,0.0,1,3,False,1.0,0.0
j197613,0,token_batch,1.475,1.2675,11.0,0.5,4540.3,4,1,True,1.0,0.05
j197613,0,token_batch,1.475,0.0,11.0,0.5,3543.99,4,1,True,1.0,0.1208
j197613,0,delay_tolerant,0.5867,0.0,7.7333,0.5,0.0,3,2,False,1.0,0.0
j197613,0,delay_tolerant,1.065,0.0,8.2,0.5,0.0,3,2,True,1.0,0.0751
j200104,0,delay_sensitive,1.27,0.0,9.6,0.5,0.0,1,3,False,1.0,0.0
j200104,0,delay_sensitive,2.5,0.0,18.0,0.5,0.0,1,3,False,1.0,0.0
j203290,0,token_batch,1.475,1.2057,11.0,0.5,4007.523,4,1,True,1.0,0.05
j210158,0,delay_sensitive,1.2017,0.0,9.1333,0.5,0.0,1,3,False,1.0,0.0
j211092,0,delay_sensitive,0.5183,0.0,7.7333,0.5,0.0,1,3,False,1.0,0.0
j214654,0,delay_sensitive,0.5183,0.0,7.7333,0.5,0.0,1,3,False,1.0,0.0
j216610,0,delay_tolerant,0.9967,0.0,7.7333,0.5,0.0,3,2,False,1.0,0.0
j216877,0,delay_sensitive,0.7233,0.0,7.7333,0.5,0.0,1,3,False,1.0,0.0
j216877,0,delay_sensitive,1.1333,0.0,8.6667,0.5,0.0,1,3,False,1.0,0.0
j22036,0,delay_sensitive,1.475,0.0,11.0,0.5,0.0,1,3,False,1.0,0.0
j221281,0,token_batch,1.475,1.1821,11.0,0.5,3959.15,4,1,True,1.0,0.05
j221281,0,token_batch,1.475,1.4574,11.0,0.5,4254.156,4,1,True,1.0,0.1842
j221281,0,delay_tolerant,0.7917,0.0,7.7333,0.5,0.0,3,2,True,1.0,0.05
j221783,0,delay_sensitive,1.2017,0.0,9.1333,0.5,0.0,1,3,False,1.0,0.0
j221783,0,delay_sensitive,1.475,0.0,11.0,0.5,0.0,1,3,False,1.0,0.0
j221783,0,delay_sensitive,0.5183,0.0,7.7333,0.5,0.0,1,3,False,1.0,0.0
j223710,0,token_batch,1.475,1.4636,11.0,0.5,4290.812,4,1,True,1.0,0.05
j225972,0,delay_sensitive,1.475,0.0,11.0,0.5,0.0,1,3,False,1.0,0.0
j225972,0,delay_sensitive,0.86,0.0,7.7333,0.5,0.0,1,3,False,1.0,0.0
j225972,0,delay_sensitive,1.065,0.0,8.2,0.5,0.0,1,3,False,1.0,0.0
j225972,0,delay_sensitive,1.1333,0.0,8.6667,0.5,0.0,1,3,False,1.0,0.0
j227824,0,delay_tolerant,1.1333,0.0,8.6667,0.5,0.0,3,2,True,1.0,0.0857
j230069,0,delay_sensitive,1.475,0.0,11.0,0.5,0.0,1,3,False,1.0,0.0
j230114,0,delay_tolerant,0.5183,0.0,7.7333,0.5,0.0,3,2,False,1.0,0.0
j230254,0,delay_sensitive,0.9967,0.0,7.7333,0.5,0.0,1,3,False,1.0,0.0
j230254,0,delay_sensitive,0.86,0.0,7.7333,0.5,0.0,1,3,False,1.0,0.0
j230254,0,delay_sensitive,1.2017,0.0,9.1333,0.5,0.0,1,3,False,1.0,0.0
j230254,0,delay_sensitive,0.9283,0.0,7.7333,0.5,0.0,1,3,False,1.0,0.0
j230347,0,token_batch,1.475,0.8136,11.0,0.5,4015.211,4,1,True,1.0,0.05
j2305,0,delay_sensitive,0.9283,0.0,7.7333,0.5,0.0,1,3,False,1.0,0.0
j231650,0,delay_sensitive,1.475,0.0,11.0,0.5,0.0,1,3,False,1.0,0.0
j232755,0,delay_sensitive,1.475,0.0,11.0,0.5,0.0,1,3,False,1.0,0.0
j232755,0,delay_sensitive,0.5183,0.0,7.7333,0.5,0.0,1,3,False,1.0,0.0
j236598,0,delay_sensitive,1.5433,0.0,11.4667,0.5,0.0,1,3,False,1.0,0.0
j236598,0,delay_sensitive,0.5183,0.0,7.7333,0.5,0.0,1,3,False,1.0,0.0
j242066,0,delay_sensitive,0.5183,0.0,7.7333,0.5,0.0,1,3,False,1.0,0.0
j24304,0,delay_sensitive,0.5183,0.0,7.7333,0.5,0.0,1,3,False,1.0,0.0
j248543,0,delay_sensitive,0.7233,0.0,7.7333,0.5,0.0,1,3,False,1.0,0.0
j253677,0,delay_sensitive,1.27,0.0,9.6,0.5,0.0,1,3,False,1.0,0.0
j253677,0,delay_sensitive,0.5183,0.0,7.7333,0.5,0.0,1,3,False,1.0,0.0
j253677,0,delay_sensitive,0.9283,0.0,7.7333,0.5,0.0,1,3,False,1.0,0.0
j253677,0,delay_sensitive,0.5183,0.0,7.7333,0.5,0.0,1,3,False,1.0,0.0
j253677,0,delay_sensitive,1.2017,0.0,9.1333,0.5,0.0,1,3,False,1.0,0.0
j253677,0,delay_sensitive,0.9967,0.0,7.7333,0.5,0.0,1,3,False,1.0,0.0
j253677,0,delay_sensitive,0.9283,0.0,7.7333,0.5,0.0,1,3,False,1.0,0.0
j253677,0,delay_sensitive,1.475,0.0,11.0,0.5,0.0,1,3,False,1.0,0.0
j253677,0,delay_sensitive,0.7917,0.0,7.7333,0.5,0.0,1,3,False,1.0,0.0
j253677,0,delay_sensitive,1.3383,0.0,10.0667,0.5,0.0,1,3,False,1.0,0.0
j253677,0,delay_sensitive,0.9967,0.0,7.7333,0.5,0.0,1,3,False,1.0,0.0
j253737,0,token_batch,1.475,1.2416,11.0,0.5,3914.085,4,1,True,1.0,0.1352
j253737,0,delay_tolerant,0.7917,0.0,7.7333,0.5,0.0,3,2,True,1.0,0.05
j253737,0,delay_tolerant,1.27,0.0,9.6,0.5,0.0,3,2,True,1.0,0.0452
j254279,0,delay_sensitive,0.5183,0.0,7.7333,0.5,0.0,1,3,False,1.0,0.0
j256461,0,token_batch,1.475,0.0,11.0,0.5,4236.666,4,1,False,1.0,0.0
j259556,0,token_batch,1.475,0.0,11.0,0.5,4598.789,4,1,False,1.0,0.0
j259556,0,delay_tolerant,1.3383,0.0,10.0667,0.5,0.0,3,2,False,1.0,0.0
j259650,0,delay_sensitive,1.475,0.0,11.0,0.5,0.0,1,3,False,1.0,0.0
j262110,0,delay_sensitive,1.475,0.0,11.0,0.5,0.0,1,3,False,1.0,0.0
j263018,0,delay_sensitive,1.4067,0.0,10.5333,0.5,0.0,1,3,False,1.0,0.0
j263018,0,delay_sensitive,0.7233,0.0,7.7333,0.5,0.0,1,3,False,1.0,0.0
j263018,0,delay_sensitive,0.5867,0.0,7.7333,0.5,0.0,1,3,False,1.0,0.0
j263018,0,delay_sensitive,0.9967,0.0,7.7333,0.5,0.0,1,3,False,1.0,0.0
j269438,0,delay_sensitive,0.86,0.0,7.7333,0.5,0.0,1,3,False,1.0,0.0
j269438,0,delay_sensitive,0.7233,0.0,7.7333,0.5,0.0,1,3,False,1.0,0.0
j269438,0,delay_sensitive,0.9967,0.0,7.7333,0.5,0.0,1,3,False,1.0,0.0
j26950,0,delay_sensitive,1.475,0.0,11.0,0.5,0.0,1,3,False,1.0,0.0
j281862,0,token_batch,1.475,0.8894,11.0,0.5,4527.432,4,1,False,1.0,0.0
j281862,0,delay_sensitive,1.475,0.0,11.0,0.5,0.0,1,3,False,1.0,0.0
j285829,0,delay_sensitive,0.86,0.0,7.7333,0.5,0.0,1,3,False,1.0,0.0
j285829,0,delay_sensitive,0.5183,0.0,7.7333,0.5,0.0,1,3,False,1.0,0.0
j288339,0,delay_sensitive,1.475,0.0,11.0,0.5,0.0,1,3,False,1.0,0.0
j291405,0,delay_sensitive,1.475,0.0,11.0,0.5,0.0,1,3,False,1.0,0.0
j293870,0,delay_sensitive,0.5867,0.0,7.7333,0.5,0.0,1,3,False,1.0,0.0
j296977,0,delay_sensitive,1.475,0.0,11.0,0.5,0.0,1,3,False,1.0,0.0
j298569,0,delay_sensitive,0.5183,0.0,7.7333,0.5,0.0,1,3,False,1.0,0.0
j300764,0,delay_tolerant,0.5183,0.0,7.7333,0.5,0.0,3,2,False,1.0,0.0
j303072,0,delay_sensitive,0.5183,0.0,7.7333,0.5,0.0,1,3,False,1.0,0.0
j303491,0,delay_sensitive,0.7917,0.0,7.7333,0.5,0.0,1,3,False,1.0,0.0
j306979,0,delay_sensitive,1.2017,0.0,9.1333,0.5,0.0,1,3,False,1.0,0.0
j306979,0,delay_sensitive,1.3383,0.0,10.0667,0.5,0.0,1,3,False,1.0,0.0
j306979,0,delay_sensitive,0.7233,0.0,7.7333,0.5,0.0,1,3,False,1.0,0.0
j306979,0,delay_sensitive,1.3383,0.0,10.0667,0.5,0.0,1,3,False,1.0,0.0
j314554,0,delay_tolerant,1.3383,0.0,10.0667,0.5,0.0,3,2,True,1.0,0.05
j317544,0,delay_sensitive,0.5867,0.0,7.7333,0.5,0.0,1,3,False,1.0,0.0
j318151,0,delay_sensitive,1.475,0.0,11.0,0.5,0.0,1,3,False,1.0,0.0
j318851,0,delay_tolerant,0.5183,0.0,7.7333,0.5,0.0,3,2,True,1.0,0.05
j318851,0,token_batch,1.475,0.7867,11.0,0.5,3852.187,4,1,True,1.0,0.0934
j326780,0,delay_sensitive,1.475,0.0,11.0,0.5,0.0,1,3,False,1.0,0.0
j326821,0,delay_sensitive,1.475,0.0,11.0,0.5,0.0,1,3,False,1.0,0.0
j329214,0,delay_sensitive,0.5183,0.0,7.7333,0.5,0.0,1,3,False,1.0,0.0
j329214,0,delay_sensitive,0.5183,0.0,7.7333,0.5,0.0,1,3,False,1.0,0.0
j329214,0,delay_sensitive,0.5183,0.0,7.7333,0.5,0.0,1,3,False,1.0,0.0
j332935,0,delay_tolerant,0.655,0.0,7.7333,0.5,0.0,3,2,False,1.0,0.0
j34124,0,delay_sensitive,1.475,0.0,11.0,0.5,0.0,1,3,False,1.0,0.0
j34124,0,delay_sensitive,0.7917,0.0,7.7333,0.5,0.0,1,3,False,1.0,0.0
j34124,0,delay_sensitive,1.475,0.0,11.0,0.5,0.0,1,3,False,1.0,0.0
j341542,0,delay_sensitive,0.9283,0.0,7.7333,0.5,0.0,1,3,False,1.0,0.0
j342341,0,delay_sensitive,0.9283,0.0,7.7333,0.5,0.0,1,3,False,1.0,0.0
j343677,0,delay_sensitive,0.9283,0.0,7.7333,0.5,0.0,1,3,False,1.0,0.0
j343749,0,delay_tolerant,0.9967,0.0,7.7333,0.5,0.0,3,2,True,1.0,0.05
j343749,0,delay_tolerant,0.5183,0.0,7.7333,0.5,0.0,3,2,False,1.0,0.0
j345072,0,delay_sensitive,0.5183,0.0,7.7333,0.5,0.0,1,3,False,1.0,0.0
j346731,0,delay_sensitive,1.475,0.0,11.0,0.5,0.0,1,3,False,1.0,0.0
j348840,0,delay_sensitive,1.475,0.0,11.0,0.5,0.0,1,3,False,1.0,0.0
j349885,0,delay_tolerant,0.7233,0.2126,7.7333,0.5,0.0,3,2,True,1.0,0.05
j350378,0,delay_sensitive,0.7233,0.0,7.7333,0.5,0.0,1,3,False,1.0,0.0
j35346,0,delay_sensitive,1.475,0.0,11.0,0.5,0.0,1,3,False,1.0,0.0
j35346,0,delay_sensitive,1.475,0.0,11.0,0.5,0.0,1,3,False,1.0,0.0
j357491,0,delay_sensitive,0.5183,0.0,7.7333,0.5,0.0,1,3,False,1.0,0.0
j357491,0,delay_sensitive,0.5183,0.0,7.7333,0.5,0.0,1,3,False,1.0,0.0
j357491,0,delay_sensitive,0.5183,0.0,7.7333,0.5,0.0,1,3,False,1.0,0.0
j357491,0,delay_sensitive,1.4067,0.0,10.5333,0.5,0.0,1,3,False,1.0,0.0
j357491,0,delay_sensitive,1.27,0.0,9.6,0.5,0.0,1,3,False,1.0,0.0
j358571,0,delay_sensitive,1.2017,0.0,9.1333,0.5,0.0,1,3,False,1.0,0.0
j358571,0,delay_sensitive,0.86,0.0,7.7333,0.5,0.0,1,3,False,1.0,0.0
j358571,0,delay_sensitive,0.5183,0.0,7.7333,0.5,0.0,1,3,False,1.0,0.0
j358571,0,delay_sensitive,0.7233,0.0,7.7333,0.5,0.0,1,3,False,1.0,0.0
j358571,0,delay_sensitive,0.86,0.0,7.7333,0.5,0.0,1,3,False,1.0,0.0
j359193,0,delay_sensitive,1.27,0.0,9.6,0.5,0.0,1,3,False,1.0,0.0
j360424,0,delay_sensitive,1.475,0.0,11.0,0.5,0.0,1,3,False,1.0,0.0
j360424,0,delay_sensitive,1.1333,0.0,8.6667,0.5,0.0,1,3,False,1.0,0.0
j360424,0,delay_sensitive,1.475,0.0,11.0,0.5,0.0,1,3,False,1.0,0.0
j360424,0,delay_sensitive,0.7917,0.0,7.7333,0.5,0.0,1,3,False,1.0,0.0
j360555,0,delay_tolerant,0.9967,0.0,7.7333,0.5,0.0,3,2,True,1.0,0.05
j360555,0,token_batch,1.475,0.5598,11.0,0.5,4061.087,4,1,False,1.0,0.0
j361691,0,delay_sensitive,0.7917,0.0,7.7333,0.5,0.0,1,3,False,1.0,0.0
j361691,0,delay_sensitive,1.475,0.0,11.0,0.5,0.0,1,3,False,1.0,0.0
j362885,0,delay_sensitive,0.5183,0.0,7.7333,0.5,0.0,1,3,False,1.0,0.0
j363256,0,delay_sensitive,1.475,0.0,11.0,0.5,0.0,1,3,False,1.0,0.0
j363511,0,delay_sensitive,0.5183,0.0,7.7333,0.5,0.0,1,3,False,1.0,0.0
j363511,0,delay_sensitive,0.9967,0.0,7.7333,0.5,0.0,1,3,False,1.0,0.0
j363560,0,delay_tolerant,0.86,0.0,7.7333,0.5,0.0,3,2,False,1.0,0.0
j369267,0,delay_tolerant,0.86,0.0,7.7333,0.5,0.0,3,2,True,1.0,0.05
j369267,0,delay_tolerant,0.86,0.0,7.7333,0.5,0.0,3,2,False,1.0,0.0
j372724,0,delay_sensitive,0.5183,0.0,7.7333,0.5,0.0,1,3,False,1.0,0.0
j373669,0,delay_sensitive,1.475,0.0,11.0,0.5,0.0,1,3,False,1.0,0.0
j380742,0,delay_sensitive,1.2017,0.0,9.1333,0.5,0.0,1,3,False,1.0,0.0
j382275,0,delay_sensitive,1.4067,0.0,10.5333,0.5,0.0,1,3,False,1.0,0.0
j382781,0,token_batch,1.475,1.265,11.0,0.5,3737.163,4,1,True,1.0,0.1158
j387830,0,delay_sensitive,0.86,0.0,7.7333,0.5,0.0,1,3,False,1.0,0.0
j387830,0,delay_sensitive,1.475,0.0,11.0,0.5,0.0,1,3,False,1.0,0.0
j387830,0,delay_sensitive,0.7233,0.0,7.7333,0.5,0.0,1,3,False,1.0,0.0
j388538,0,delay_tolerant,0.5183,0.0,7.7333,0.5,0.0,3,2,True,1.0,0.05
j389077,0,delay_sensitive,0.5183,0.0,7.7333,0.5,0.0,1,3,False,1.0,0.0
j389077,0,delay_sensitive,0.9283,0.0,7.7333,0.5,0.0,1,3,False,1.0,0.0
j389077,0,delay_sensitive,1.1333,0.0,8.6667,0.5,0.0,1,3,False,1.0,0.0
j390093,0,delay_sensitive,0.5183,0.0,7.7333,0.5,0.0,1,3,False,1.0,0.0
j390100,0,delay_tolerant,0.9283,0.0,7.7333,0.5,0.0,3,2,True,1.0,0.0312
j390100,0,delay_tolerant,1.1333,0.0,8.6667,0.5,0.0,3,2,True,1.0,0.05
j391532,0,delay_sensitive,0.655,0.0,7.7333,0.5,0.0,1,3,False,1.0,0.0
j391858,0,delay_sensitive,1.1333,0.0,8.6667,0.5,0.0,1,3,False,1.0,0.0
j396069,0,delay_sensitive,0.5867,0.0,7.7333,0.5,0.0,1,3,False,1.0,0.0
j396069,0,delay_sensitive,1.1333,0.0,8.6667,0.5,0.0,1,3,False,1.0,0.0
j396069,0,delay_sensitive,1.475,0.0,11.0,0.5,0.0,1,3,False,1.0,0.0
j396069,0,delay_sensitive,1.27,0.0,9.6,0.5,0.0,1,3,False,1.0,0.0
j398489,0,token_batch,1.475,1.382,11.0,0.5,4612.476,4,1,True,1.0,0.05
j398489,0,token_batch,1.475,1.2354,11.0,0.5,4420.286,4,1,False,1.0,0.0
j398612,0,delay_sensitive,1.475,0.0,11.0,0.5,0.0,1,3,False,1.0,0.0
j400329,0,delay_sensitive,1.475,0.0,11.0,0.5,0.0,1,3,False,1.0,0.0
j400329,0,delay_sensitive,1.475,0.0,11.0,0.5,0.0,1,3,False,1.0,0.0
j400329,0,delay_sensitive,1.4067,0.0,10.5333,0.5,0.0,1,3,False,1.0,0.0
j401860,0,delay_sensitive,1.1333,0.0,8.6667,0.5,0.0,1,3,False,1.0,0.0
j406901,0,delay_sensitive,0.9967,0.0,7.7333,0.5,0.0,1,3,False,1.0,0.0
j406901,0,delay_sensitive,1.475,0.0,11.0,0.5,0.0,1,3,False,1.0,0.0
j410879,0,delay_sensitive,0.7233,0.0,7.7333,0.5,0.0,1,3,False,1.0,0.0
j417219,0,token_batch,1.5433,1.3483,11.4667,0.5,4578.853,4,1,True,1.0,0.1506
j41978,0,delay_sensitive,1.065,0.0,8.2,0.5,0.0,1,3,False,1.0,0.0
j41978,0,delay_sensitive,1.475,0.0,11.0,0.5,0.0,1,3,False,1.0,0.0
j41978,0,delay_sensitive,0.7917,0.0,7.7333,0.5,0.0,1,3,False,1.0,0.0
j419809,0,delay_sensitive,1.3383,0.0,10.0667,0.5,0.0,1,3,False,1.0,0.0
j419809,0,delay_sensitive,1.3383,0.0,10.0667,0.5,0.0,1,3,False,1.0,0.0
j419809,0,delay_sensitive,1.475,0.0,11.0,0.5,0.0,1,3,False,1.0,0.0
j424333,0,delay_sensitive,0.7917,0.0,7.7333,0.5,0.0,1,3,False,1.0,0.0
j424333,0,delay_sensitive,1.475,0.0,11.0,0.5,0.0,1,3,False,1.0,0.0
j424333,0,delay_sensitive,0.5183,0.0,7.7333,0.5,0.0,1,3,False,1.0,0.0
j425235,0,delay_sensitive,1.2017,0.0,9.1333,0.5,0.0,1,3,False,1.0,0.0
j425256,0,delay_sensitive,0.7233,0.0,7.7333,0.5,0.0,1,3,False,1.0,0.0
j431006,0,delay_sensitive,0.5183,0.0,7.7333,0.5,0.0,1,3,False,1.0,0.0
j432724,0,delay_sensitive,1.2017,0.0,9.1333,0.5,0.0,1,3,False,1.0,0.0
j435586,0,delay_tolerant,0.5183,0.0,7.7333,0.5,0.0,3,2,False,1.0,0.0
j43808,0,delay_sensitive,0.5183,0.0,7.7333,0.5,0.0,1,3,False,1.0,0.0
j442584,0,delay_tolerant,1.065,0.0,8.2,0.5,0.0,3,2,False,1.0,0.0
j445329,0,delay_sensitive,0.5183,0.0,7.7333,0.5,0.0,1,3,False,1.0,0.0
j451729,0,delay_sensitive,0.5183,0.0,7.7333,0.5,0.0,1,3,False,1.0,0.0
j451729,0,delay_sensitive,0.5183,0.0,7.7333,0.5,0.0,1,3,False,1.0,0.0
j453383,0,delay_tolerant,0.7917,0.0,7.7333,0.5,0.0,3,2,False,1.0,0.0
j453383,0,delay_tolerant,0.5183,0.0,7.7333,0.5,0.0,3,2,False,1.0,0.0
j453383,0,delay_tolerant,0.7917,0.4985,7.7333,0.5,0.0,3,2,False,1.0,0.0
j453383,0,delay_sensitive,0.5867,0.0,7.7333,0.5,0.0,1,3,False,1.0,0.0
j453383,0,token_batch,1.475,0.0,11.0,0.5,3619.29,4,1,True,1.0,0.197
j453452,0,delay_sensitive,1.475,0.0,11.0,0.5,0.0,1,3,False,1.0,0.0
j453452,0,delay_sensitive,1.2017,0.0,9.1333,0.5,0.0,1,3,False,1.0,0.0
j454954,0,delay_sensitive,0.5183,0.0,7.7333,0.5,0.0,1,3,False,1.0,0.0
j454954,0,delay_sensitive,1.475,0.0,11.0,0.5,0.0,1,3,False,1.0,0.0
j455771,0,delay_sensitive,1.475,0.0,11.0,0.5,0.0,1,3,False,1.0,0.0
j457679,0,token_batch,1.475,0.0,11.0,0.5,4532.384,4,1,True,1.0,0.1721
j464554,0,delay_tolerant,0.7233,0.0,7.7333,0.5,0.0,3,2,False,1.0,0.0
j464554,0,delay_tolerant,1.27,0.0,9.6,0.5,0.0,3,2,True,1.0,0.05
j464644,0,delay_tolerant,1.4067,0.0,10.5333,0.5,0.0,3,2,False,1.0,0.0
j467420,0,delay_tolerant,0.5183,0.0,7.7333,0.5,0.0,3,2,False,1.0,0.0
j467552,0,delay_sensitive,1.475,0.0,11.0,0.5,0.0,1,3,False,1.0,0.0
j469188,0,delay_sensitive,0.5183,0.0,7.7333,0.5,0.0,1,3,False,1.0,0.0
j469191,0,token_batch,2.5,1.2396,18.0,0.5,5463.543,4,1,True,1.0,0.05
j475830,0,delay_sensitive,1.475,0.0,11.0,0.5,0.0,1,3,False,1.0,0.0
j480012,0,delay_sensitive,1.475,0.0,11.0,0.5,0.0,1,3,False,1.0,0.0
j480012,0,delay_sensitive,1.1333,0.0,8.6667,0.5,0.0,1,3,False,1.0,0.0
j483873,0,delay_sensitive,1.065,0.0,8.2,0.5,0.0,1,3,False,1.0,0.0
j490257,0,delay_sensitive,1.475,0.0,11.0,0.5,0.0,1,3,False,1.0,0.0
j490491,0,delay_sensitive,0.9283,0.0,7.7333,0.5,0.0,1,3,False,1.0,0.0
j494123,0,token_batch,1.475,1.4792,11.0,0.5,4546.265,4,1,True,1.0,0.05
j494123,0,delay_sensitive,1.475,0.0,11.0,0.5,0.0,1,3,False,1.0,0.0
j494123,0,delay_tolerant,0.5183,0.0,7.7333,0.5,0.0,3,2,True,1.0,0.05
j494123,0,delay_sensitive,0.9283,0.0,7.7333,0.5,0.0,1,3,False,1.0,0.0
j498834,0,delay_tolerant,1.3383,0.0,10.0667,0.5,0.0,3,2,False,1.0,0.0
j498834,0,delay_tolerant,0.9283,0.0,7.7333,0.5,0.0,3,2,True,1.0,0.05
j499213,0,delay_sensitive,0.9283,0.0,7.7333,0.5,0.0,1,3,False,1.0,0.0
j499434,0,delay_sensitive,0.5183,0.0,7.7333,0.5,0.0,1,3,False,1.0,0.0
j506192,0,delay_sensitive,1.475,0.0,11.0,0.5,0.0,1,3,False,1.0,0.0
j507822,0,delay_sensitive,0.5183,0.0,7.7333,0.5,0.0,1,3,False,1.0,0.0
j507822,0,delay_tolerant,1.4067,0.0,10.5333,0.5,0.0,3,2,True,1.0,0.054
j509141,0,delay_sensitive,1.475,0.0,11.0,0.5,0.0,1,3,False,1.0,0.0
j509141,0,delay_sensitive,1.475,0.0,11.0,0.5,0.0,1,3,False,1.0,0.0
j514762,0,delay_sensitive,1.475,0.0,11.0,0.5,0.0,1,3,False,1.0,0.0
j516247,0,delay_sensitive,0.5867,0.0,7.7333,0.5,0.0,1,3,False,1.0,0.0
j516247,0,delay_sensitive,0.5183,0.0,7.7333,0.5,0.0,1,3,False,1.0,0.0
j518992,0,delay_sensitive,1.475,0.0,11.0,0.5,0.0,1,3,False,1.0,0.0
j518992,0,delay_sensitive,1.475,0.0,11.0,0.5,0.0,1,3,False,1.0,0.0
j521595,0,token_batch,1.475,0.545,11.0,0.5,4495.79,4,1,True,1.0,0.05
j521595,0,delay_tolerant,1.065,0.2444,8.2,0.5,0.0,3,2,True,1.0,0.05
j521595,0,token_batch,1.475,1.456,11.0,0.5,4041.797,4,1,True,1.0,0.05
j530444,0,delay_sensitive,0.5867,0.0,7.7333,0.5,0.0,1,3,False,1.0,0.0
j531069,0,delay_tolerant,0.86,0.0,7.7333,0.5,0.0,3,2,True,1.0,0.071
j531069,0,token_batch,1.475,0.0,11.0,0.5,4159.537,4,1,False,1.0,0.0
j531987,0,delay_sensitive,0.7233,0.0,7.7333,0.5,0.0,1,3,False,1.0,0.0
j532672,0,token_batch,1.475,0.0,11.0,0.5,3709.122,4,1,True,1.0,0.1881
j533882,0,delay_sensitive,1.475,0.0,11.0,0.5,0.0,1,3,False,1.0,0.0
j533882,0,delay_sensitive,0.86,0.0,7.7333,0.5,0.0,1,3,False,1.0,0.0
j533882,0,delay_sensitive,1.4067,0.0,10.5333,0.5,0.0,1,3,False,1.0,0.0
j534041,0,delay_tolerant,1.4067,0.0,10.5333,0.5,0.0,3,2,False,1.0,0.0
j535876,0,delay_sensitive,1.475,0.0,11.0,0.5,0.0,1,3,False,1.0,0.0
j535876,0,delay_sensitive,1.475,0.0,11.0,0.5,0.0,1,3,False,1.0,0.0
j538802,0,delay_sensitive,0.5183,0.0,7.7333,0.5,0.0,1,3,False,1.0,0.0
j538802,0,delay_sensitive,0.5183,0.0,7.7333,0.5,0.0,1,3,False,1.0,0.0
j540802,0,delay_sensitive,1.475,0.0,11.0,0.5,0.0,1,3,False,1.0,0.0
j540802,0,delay_sensitive,1.475,0.0,11.0,0.5,0.0,1,3,False,1.0,0.0
j542302,0,delay_sensitive,1.27,0.0,9.6,0.5,0.0,1,3,False,1.0,0.0
j542337,0,delay_sensitive,0.5867,0.0,7.7333,0.5,0.0,1,3,False,1.0,0.0
j54287,0,delay_sensitive,1.4067,0.0,10.5333,0.5,0.0,1,3,False,1.0,0.0
j54287,0,delay_sensitive,0.5867,0.0,7.7333,0.5,0.0,1,3,False,1.0,0.0
j543686,0,delay_sensitive,1.475,0.0,11.0,0.5,0.0,1,3,False,1.0,0.0
j550451,0,token_batch,1.475,0.4094,11.0,0.5,3939.4,4,1,True,1.0,0.05
j552017,0,delay_sensitive,1.4067,0.0,10.5333,0.5,0.0,1,3,False,1.0,0.0
j55204,0,delay_sensitive,1.4067,0.0,10.5333,0.5,0.0,1,3,False,1.0,0.0
j552082,0,delay_tolerant,1.3383,0.0,10.0667,0.5,0.0,3,2,True,1.0,0.062
j552082,0,delay_sensitive,0.5183,0.0,7.7333,0.5,0.0,1,3,False,1.0,0.0
j552082,0,delay_tolerant,1.4067,0.0,10.5333,0.5,0.0,3,2,True,1.0,0.05
j552265,0,delay_tolerant,0.7917,0.0,7.7333,0.5,0.0,3,2,True,1.0,0.05
j552265,0,token_batch,1.475,0.0,11.0,0.5,4202.146,4,1,True,1.0,0.0969
j561303,0,delay_sensitive,0.5183,0.0,7.7333,0.5,0.0,1,3,False,1.0,0.0
j561303,0,delay_sensitive,1.475,0.0,11.0,0.5,0.0,1,3,False,1.0,0.0
j562816,0,delay_sensitive,0.5867,0.0,7.7333,0.5,0.0,1,3,False,1.0,0.0
j568245,0,delay_sensitive,0.7917,0.0,7.7333,0.5,0.0,1,3,False,1.0,0.0
j568245,0,delay_tolerant,1.2017,0.0,9.1333,0.5,0.0,3,2,False,1.0,0.0
j571568,0,delay_sensitive,0.7917,0.0,7.7333,0.5,0.0,1,3,False,1.0,0.0
j571568,0,delay_sensitive,1.065,0.0,8.2,0.5,0.0,1,3,False,1.0,0.0
j571568,0,delay_sensitive,1.27,0.0,9.6,0.5,0.0,1,3,False,1.0,0.0
j571568,0,delay_sensitive,0.86,0.0,7.7333,0.5,0.0,1,3,False,1.0,0.0
j571568,0,delay_sensitive,1.2017,0.0,9.1333,0.5,0.0,1,3,False,1.0,0.0
j576081,0,delay_sensitive,1.1333,0.0,8.6667,0.5,0.0,1,3,False,1.0,0.0
j576081,0,delay_tolerant,0.5183,0.0,7.7333,0.5,0.0,3,2,True,1.0,0.0769
j579614,0,delay_sensitive,1.475,0.0,11.0,0.5,0.0,1,3,False,1.0,0.0
j579614,0,delay_sensitive,1.2017,0.0,9.1333,0.5,0.0,1,3,False,1.0,0.0
j579614,0,delay_sensitive,1.1333,0.0,8.6667,0.5,0.0,1,3,False,1.0,0.0
j579614,0,delay_sensitive,1.27,0.0,9.6,0.5,0.0,1,3,False,1.0,0.0
j580436,0,delay_sensitive,1.475,0.0,11.0,0.5,0.0,1,3,False,1.0,0.0
j580796,0,delay_sensitive,1.2017,0.0,9.1333,0.5,0.0,1,3,False,1.0,0.0
j580796,0,delay_sensitive,1.065,0.0,8.2,0.5,0.0,1,3,False,1.0,0.0
j580796,0,delay_sensitive,0.7917,0.0,7.7333,0.5,0.0,1,3,False,1.0,0.0
j580855,0,delay_tolerant,0.5867,0.0,7.7333,0.5,0.0,3,2,False,1.0,0.0
j580855,0,delay_tolerant,0.7233,0.0,7.7333,0.5,0.0,3,2,True,1.0,0.05
j583371,0,delay_sensitive,1.27,0.0,9.6,0.5,0.0,1,3,False,1.0,0.0
j583402,0,delay_tolerant,1.3383,0.0,10.0667,0.5,0.0,3,2,False,1.0,0.0
j583815,0,token_batch,1.475,0.5869,11.0,0.5,4141.422,4,1,False,1.0,0.0
j5856,0,delay_tolerant,1.4067,0.0,10.5333,0.5,0.0,3,2,True,1.0,0.05
j5856,0,delay_tolerant,0.7917,0.0,7.7333,0.5,0.0,3,2,False,1.0,0.0
j5869,0,delay_sensitive,1.475,0.0,11.0,0.5,0.0,1,3,False,1.0,0.0
j5869,0,delay_sensitive,1.475,0.0,11.0,0.5,0.0,1,3,False,1.0,0.0
j5869,0,delay_sensitive,0.5183,0.0,7.7333,0.5,0.0,1,3,False,1.0,0.0
j591836,0,token_batch,1.475,0.4753,11.0,0.5,4355.934,4,1,True,1.0,0.157
j592953,0,token_batch,1.475,0.5723,11.0,0.5,4069.972,4,1,False,1.0,0.0
j596327,0,delay_tolerant,1.27,0.0,9.6,0.5,0.0,3,2,True,1.0,0.0283
j600349,0,delay_sensitive,1.1333,0.0,8.6667,0.5,0.0,1,3,False,1.0,0.0
j601568,0,delay_tolerant,0.655,0.0,7.7333,0.5,0.0,3,2,True,1.0,0.05
j601568,0,delay_tolerant,0.5183,0.0,7.7333,0.5,0.0,3,2,True,1.0,0.05
j60376,0,delay_tolerant,0.655,0.0,7.7333,0.5,0.0,3,2,False,1.0,0.0
j60376,0,delay_tolerant,0.9283,0.3522,7.7333,0.5,0.0,3,2,False,1.0,0.0
j60376,0,delay_tolerant,0.5867,0.0,7.7333,0.5,0.0,3,2,False,1.0,0.0
j60376,0,delay_sensitive,0.5183,0.0,7.7333,0.5,0.0,1,3,False,1.0,0.0
j605321,0,delay_sensitive,1.475,0.0,11.0,0.5,0.0,1,3,False,1.0,0.0
j60811,0,delay_tolerant,1.2017,0.0,9.1333,0.5,0.0,3,2,False,1.0,0.0
j60811,0,delay_tolerant,1.4067,0.0,10.5333,0.5,0.0,3,2,True,1.0,0.05
j610121,0,delay_sensitive,0.9283,0.0,7.7333,0.5,0.0,1,3,False,1.0,0.0
j610665,0,delay_tolerant,0.86,0.0,7.7333,0.5,0.0,3,2,True,1.0,0.0774
j613886,0,delay_sensitive,2.5,0.0,18.0,0.5,0.0,1,3,False,1.0,0.0
j613886,0,delay_sensitive,0.7917,0.0,7.7333,0.5,0.0,1,3,False,1.0,0.0
j613886,0,delay_sensitive,2.5,0.0,18.0,0.5,0.0,1,3,False,1.0,0.0
j620283,0,delay_tolerant,0.9283,0.0,7.7333,0.5,0.0,3,2,False,1.0,0.0
j625280,0,delay_tolerant,1.3383,0.0,10.0667,0.5,0.0,3,2,True,1.0,0.0293
j62803,0,delay_sensitive,1.1333,0.0,8.6667,0.5,0.0,1,3,False,1.0,0.0
j62803,0,delay_sensitive,0.5183,0.0,7.7333,0.5,0.0,1,3,False,1.0,0.0
j62803,0,delay_sensitive,0.7917,0.0,7.7333,0.5,0.0,1,3,False,1.0,0.0
j628588,0,delay_sensitive,1.475,0.0,11.0,0.5,0.0,1,3,False,1.0,0.0
j628973,0,delay_sensitive,1.475,0.0,11.0,0.5,0.0,1,3,False,1.0,0.0
j62999,0,delay_tolerant,0.5183,0.0,7.7333,0.5,0.0,3,2,False,1.0,0.0
j62999,0,delay_tolerant,0.5183,0.0,7.7333,0.5,0.0,3,2,True,1.0,0.05
j62999,0,delay_tolerant,0.9967,0.0,7.7333,0.5,0.0,3,2,True,1.0,0.0262
j62999,0,delay_tolerant,0.9283,0.0,7.7333,0.5,0.0,3,2,True,1.0,0.05
j62999,0,delay_tolerant,0.7917,0.0,7.7333,0.5,0.0,3,2,True,1.0,0.05
j630586,0,delay_tolerant,0.5867,0.0,7.7333,0.5,0.0,3,2,True,1.0,0.05
j63216,0,delay_sensitive,1.475,0.0,11.0,0.5,0.0,1,3,False,1.0,0.0
j63216,0,delay_sensitive,1.27,0.0,9.6,0.5,0.0,1,3,False,1.0,0.0
j635701,0,delay_sensitive,1.475,0.0,11.0,0.5,0.0,1,3,False,1.0,0.0
j637042,0,delay_tolerant,0.9283,0.0,7.7333,0.5,0.0,3,2,False,1.0,0.0
j637042,0,token_batch,1.475,1.1265,11.0,0.5,4565.646,4,1,True,1.0,0.05
j643701,0,delay_sensitive,0.5183,0.0,7.7333,0.5,0.0,1,3,False,1.0,0.0
j643701,0,delay_sensitive,0.86,0.0,7.7333,0.5,0.0,1,3,False,1.0,0.0
j643701,0,delay_sensitive,1.475,0.0,11.0,0.5,0.0,1,3,False,1.0,0.0
j643701,0,delay_sensitive,0.5183,0.0,7.7333,0.5,0.0,1,3,False,1.0,0.0
j644137,0,delay_sensitive,0.5183,0.0,7.7333,0.5,0.0,1,3,False,1.0,0.0
j646308,0,delay_sensitive,1.475,0.0,11.0,0.5,0.0,1,3,False,1.0,0.0
j647487,0,delay_sensitive,1.065,0.0,8.2,0.5,0.0,1,3,False,1.0,0.0
j647487,0,delay_sensitive,1.475,0.0,11.0,0.5,0.0,1,3,False,1.0,0.0
j647487,0,delay_sensitive,1.475,0.0,11.0,0.5,0.0,1,3,False,1.0,0.0
j647487,0,delay_sensitive,0.5183,0.0,7.7333,0.5,0.0,1,3,False,1.0,0.0
j649904,0,delay_tolerant,1.1333,0.0,8.6667,0.5,0.0,3,2,False,1.0,0.0
j649904,0,delay_tolerant,0.9283,0.0,7.7333,0.5,0.0,3,2,False,1.0,0.0
j650514,0,delay_sensitive,1.475,0.0,11.0,0.5,0.0,1,3,False,1.0,0.0
j650514,0,delay_sensitive,0.655,0.0,7.7333,0.5,0.0,1,3,False,1.0,0.0
j652826,0,delay_sensitive,0.655,0.0,7.7333,0.5,0.0,1,3,False,1.0,0.0
j653950,0,delay_sensitive,1.065,0.0,8.2,0.5,0.0,1,3,False,1.0,0.0
j653950,0,delay_sensitive,0.9283,0.0,7.7333,0.5,0.0,1,3,False,1.0,0.0
j656084,0,delay_sensitive,0.5183,0.0,7.7333,0.5,0.0,1,3,False,1.0,0.0
j657419,0,delay_sensitive,0.5183,0.0,7.7333,0.5,0.0,1,3,False,1.0,0.0
j660763,0,delay_sensitive,1.475,0.0,11.0,0.5,0.0,1,3,False,1.0,0.0
j660763,0,delay_sensitive,1.065,0.0,8.2,0.5,0.0,1,3,False,1.0,0.0
j662417,0,delay_sensitive,0.7233,0.0,7.7333,0.5,0.0,1,3,False,1.0,0.0
j669885,0,delay_sensitive,1.475,0.0,11.0,0.5,0.0,1,3,False,1.0,0.0
j670008,0,token_batch,1.475,0.0,11.0,0.5,4129.842,4,1,False,1.0,0.0
j671804,0,delay_sensitive,0.5183,0.0,7.7333,0.5,0.0,1,3,False,1.0,0.0
j673569,0,delay_sensitive,1.475,0.0,11.0,0.5,0.0,1,3,False,1.0,0.0
j677504,0,delay_tolerant,0.7917,0.0,7.7333,0.5,0.0,3,2,False,1.0,0.0
j677504,0,delay_tolerant,0.5183,0.0,7.7333,0.5,0.0,3,2,True,1.0,0.05
j682801,0,token_batch,1.475,0.8503,11.0,0.5,3911.441,4,1,True,1.0,0.05
j682801,0,delay_tolerant,1.1333,0.0,8.6667,0.5,0.0,3,2,True,1.0,0.097
j692454,0,delay_sensitive,0.5183,0.0,7.7333,0.5,0.0,1,3,False,1.0,0.0
j692454,0,delay_sensitive,0.5183,0.0,7.7333,0.5,0.0,1,3,False,1.0,0.0
j694030,0,delay_sensitive,1.475,0.0,11.0,0.5,0.0,1,3,False,1.0,0.0
j699288,0,token_batch,1.475,0.9948,11.0,0.5,4564.37,4,1,True,1.0,0.05
j699288,0,token_batch,1.475,1.48,11.0,0.5,4142.556,4,1,False,1.0,0.0
j699288,0,delay_tolerant,0.655,0.0,7.7333,0.5,0.0,3,2,False,1.0,0.0
j699288,0,delay_tolerant,0.7917,0.0,7.7333,0.5,0.0,3,2,True,1.0,0.021
j700313,0,delay_sensitive,1.475,0.0,11.0,0.5,0.0,1,3,False,1.0,0.0
j701175,0,delay_sensitive,0.5183,0.0,7.7333,0.5,0.0,1,3,False,1.0,0.0
j701175,0,delay_sensitive,0.655,0.0,7.7333,0.5,0.0,1,3,False,1.0,0.0
j706507,0,delay_sensitive,0.7917,0.0,7.7333,0.5,0.0,1,3,False,1.0,0.0
j708704,0,token_batch,1.475,0.875,11.0,0.5,4257.439,4,1,True,1.0,0.1797
j709587,0,delay_sensitive,1.4067,0.0,10.5333,0.5,0.0,1,3,False,1.0,0.0
j709587,0,delay_sensitive,2.5,0.0,18.0,0.5,0.0,1,3,False,1.0,0.0
j709587,0,delay_sensitive,1.065,0.0,8.2,0.5,0.0,1,3,False,1.0,0.0
j709587,0,delay_sensitive,1.7483,0.0,12.8667,0.5,0.0,1,3,False,1.0,0.0
j709587,0,delay_sensitive,0.5183,0.0,7.7333,0.5,0.0,1,3,False,1.0,0.0
j710367,0,delay_sensitive,0.86,0.0,7.7333,0.5,0.0,1,3,False,1.0,0.0
j710367,0,delay_sensitive,0.86,0.0,7.7333,0.5,0.0,1,3,False,1.0,0.0
j713376,0,delay_sensitive,1.27,0.0,9.6,0.5,0.0,1,3,False,1.0,0.0
j716526,0,delay_tolerant,1.3383,0.0,10.0667,0.5,0.0,3,2,True,1.0,0.038
j716526,0,delay_tolerant,1.27,0.0,9.6,0.5,0.0,3,2,False,1.0,0.0
j719536,0,delay_sensitive,1.27,0.0,9.6,0.5,0.0,1,3,False,1.0,0.0
j730555,0,delay_sensitive,1.475,0.0,11.0,0.5,0.0,1,3,False,1.0,0.0
j734726,0,delay_sensitive,0.5867,0.0,7.7333,0.5,0.0,1,3,False,1.0,0.0
j734726,0,delay_sensitive,1.27,0.0,9.6,0.5,0.0,1,3,False,1.0,0.0
j740493,0,delay_sensitive,1.475,0.0,11.0,0.5,0.0,1,3,False,1.0,0.0
j740493,0,delay_tolerant,1.27,0.0,9.6,0.5,0.0,3,2,False,1.0,0.0
j740637,0,delay_sensitive,0.5867,0.0,7.7333,0.5,0.0,1,3,False,1.0,0.0
j741647,0,delay_sensitive,0.7233,0.0,7.7333,0.5,0.0,1,3,False,1.0,0.0
j744102,0,delay_sensitive,1.475,0.0,11.0,0.5,0.0,1,3,False,1.0,0.0
j748413,0,delay_tolerant,1.27,0.0,9.6,0.5,0.0,3,2,False,1.0,0.0
j753730,0,delay_tolerant,0.5183,0.0,7.7333,0.5,0.0,3,2,False,1.0,0.0
j753730,0,delay_tolerant,0.5183,0.0,7.7333,0.5,0.0,3,2,False,1.0,0.0
j757923,0,delay_sensitive,0.86,0.0,7.7333,0.5,0.0,1,3,False,1.0,0.0
j757923,0,delay_tolerant,1.3383,0.0,10.0667,0.5,0.0,3,2,True,1.0,0.05
j759968,0,token_batch,1.475,0.5423,11.0,0.5,4359.133,4,1,True,1.0,0.05
j761689,0,delay_sensitive,0.5867,0.0,7.7333,0.5,0.0,1,3,False,1.0,0.0
j764814,0,delay_sensitive,1.475,0.0,11.0,0.5,0.0,1,3,False,1.0,0.0
j765620,0,delay_sensitive,1.475,0.0,11.0,0.5,0.0,1,3,False,1.0,0.0
j765724,0,delay_sensitive,0.5183,0.0,7.7333,0.5,0.0,1,3,False,1.0,0.0
j765724,0,delay_sensitive,1.27,0.0,9.6,0.5,0.0,1,3,False,1.0,0.0
j7671,0,token_batch,1.475,0.9684,11.0,0.5,4335.662,4,1,True,1.0,0.05
j7671,0,token_batch,1.475,1.032,11.0,0.5,4016.81,4,1,True,1.0,0.1311
j767277,0,delay_sensitive,1.1333,0.0,8.6667,0.5,0.0,1,3,False,1.0,0.0
j767277,0,delay_sensitive,0.5867,0.0,7.7333,0.5,0.0,1,3,False,1.0,0.0
j772766,0,delay_tolerant,0.86,0.0,7.7333,0.5,0.0,3,2,True,1.0,0.0356
j772766,0,token_batch,1.475,0.0,11.0,0.5,4104.796,4,1,True,1.0,0.1556
j772766,0,token_batch,1.475,0.0,11.0,0.5,4001.216,4,1,True,1.0,0.1769
j774741,0,delay_sensitive,1.065,0.0,8.2,0.5,0.0,1,3,False,1.0,0.0
j774741,0,delay_sensitive,1.9533,0.0,14.2667,0.5,0.0,1,3,False,1.0,0.0
j774741,0,delay_sensitive,1.27,0.0,9.6,0.5,0.0,1,3,False,1.0,0.0
j774741,0,delay_sensitive,0.9283,0.0,7.7333,0.5,0.0,1,3,False,1.0,0.0
j774741,0,delay_sensitive,2.5,0.0,18.0,0.5,0.0,1,3,False,1.0,0.0
j775051,0,delay_sensitive,0.5867,0.0,7.7333,0.5,0.0,1,3,False,1.0,0.0
j775160,0,delay_sensitive,0.7917,0.0,7.7333,0.5,0.0,1,3,False,1.0,0.0
j775160,0,delay_sensitive,0.9283,0.0,7.7333,0.5,0.0,1,3,False,1.0,0.0
j777403,0,delay_sensitive,0.86,0.0,7.7333,0.5,0.0,1,3,False,1.0,0.0
j778753,0,delay_tolerant,1.27,0.0,9.6,0.5,0.0,3,2,True,1.0,0.0488
j779367,0,delay_sensitive,1.475,0.0,11.0,0.5,0.0,1,3,False,1.0,0.0
j779367,0,delay_sensitive,1.2017,0.0,9.1333,0.5,0.0,1,3,False,1.0,0.0
j7794,0,delay_tolerant,0.5183,0.0,7.7333,0.5,0.0,3,2,False,1.0,0.0
j780552,0,delay_sensitive,1.475,0.0,11.0,0.5,0.0,1,3,False,1.0,0.0
j780552,0,delay_sensitive,0.655,0.0,7.7333,0.5,0.0,1,3,False,1.0,0.0
j780552,0,delay_sensitive,0.5867,0.0,7.7333,0.5,0.0,1,3,False,1.0,0.0
j780552,0,delay_sensitive,1.475,0.0,11.0,0.5,0.0,1,3,False,1.0,0.0
j784509,0,delay_tolerant,0.86,0.0,7.7333,0.5,0.0,3,2,False,1.0,0.0
j785747,0,delay_sensitive,0.86,0.0,7.7333,0.5,0.0,1,3,False,1.0,0.0
j785747,0,delay_sensitive,1.2017,0.0,9.1333,0.5,0.0,1,3,False,1.0,0.0
j788929,0,token_batch,1.475,1.0242,11.0,0.5,4263.32,4,1,True,1.0,0.1759
j789673,0,delay_sensitive,1.475,0.0,11.0,0.5,0.0,1,3,False,1.0,0.0
j789673,0,delay_sensitive,1.475,0.0,11.0,0.5,0.0,1,3,False,1.0,0.0
j792985,0,delay_sensitive,0.5183,0.0,7.7333,0.5,0.0,1,3,False,1.0,0.0
j792985,0,delay_sensitive,1.475,0.0,11.0,0.5,0.0,1,3,False,1.0,0.0
j792985,0,delay_sensitive,0.9967,0.0,7.7333,0.5,0.0,1,3,False,1.0,0.0
j794370,0,delay_tolerant,0.9967,0.0,7.7333,0.5,0.0,3,2,False,1.0,0.0
j796518,0,delay_sensitive,1.2017,0.0,9.1333,0.5,0.0,1,3,False,1.0,0.0
j80013,0,token_batch,1.475,1.2258,11.0,0.5,3515.661,4,1,True,1.0,0.05
j80013,0,delay_tolerant,0.7233,0.0,7.7333,0.5,0.0,3,2,False,1.0,0.0
j801800,0,delay_sensitive,1.27,0.0,9.6,0.5,0.0,1,3,False,1.0,0.0
j801915,0,delay_sensitive,1.27,0.0,9.6,0.5,0.0,1,3,False,1.0,0.0
j801915,0,delay_sensitive,0.5183,0.0,7.7333,0.5,0.0,1,3,False,1.0,0.0
j804106,0,delay_sensitive,0.7917,0.0,7.7333,0.5,0.0,1,3,False,1.0,0.0
j806218,0,delay_tolerant,0.655,0.0,7.7333,0.5,0.0,3,2,True,1.0,0.0938
j806950,0,delay_sensitive,1.27,0.0,9.6,0.5,0.0,1,3,False,1.0,0.0
j809092,0,delay_sensitive,1.475,0.0,11.0,0.5,0.0,1,3,False,1.0,0.0
j813411,0,delay_sensitive,1.475,0.0,11.0,0.5,0.0,1,3,False,1.0,0.0
j814024,0,delay_sensitive,0.5183,0.0,7.7333,0.5,0.0,1,3,False,1.0,0.0
j818965,0,delay_sensitive,0.5183,0.0,7.7333,0.5,0.0,1,3,False,1.0,0.0
j823589,0,delay_sensitive,1.475,0.0,11.0,0.5,0.0,1,3,False,1.0,0.0
j823589,0,delay_sensitive,1.065,0.0,8.2,0.5,0.0,1,3,False,1.0,0.0
j823589,0,token_batch,1.475,0.9252,11.0,0.5,4040.471,4,1,True,1.0,0.1144
j823589,0,delay_sensitive,1.3383,0.0,10.0667,0.5,0.0,1,3,False,1.0,0.0
j823589,0,delay_sensitive,0.655,0.0,7.7333,0.5,0.0,1,3,False,1.0,0.0
j823589,0,token_batch,1.475,0.5092,11.0,0.5,4531.367,4,1,False,1.0,0.0
j827641,0,delay_tolerant,0.5867,0.0,7.7333,0.5,0.0,3,2,False,1.0,0.0
j82770,0,delay_tolerant,0.7233,0.0,7.7333,0.5,0.0,3,2,False,1.0,0.0
j828772,0,delay_sensitive,1.2017,0.0,9.1333,0.5,0.0,1,3,False,1.0,0.0
j828772,0,delay_sensitive,0.5867,0.0,7.7333,0.5,0.0,1,3,False,1.0,0.0
j829781,0,delay_sensitive,0.9283,0.0,7.7333,0.5,0.0,1,3,False,1.0,0.0
j829887,0,delay_sensitive,0.7917,0.0,7.7333,0.5,0.0,1,3,False,1.0,0.0
j832674,0,delay_sensitive,0.5183,0.0,7.7333,0.5,0.0,1,3,False,1.0,0.0
j834575,0,delay_sensitive,0.9283,0.0,7.7333,0.5,0.0,1,3,False,1.0,0.0
j834575,0,delay_sensitive,0.5183,0.0,7.7333,0.5,0.0,1,3,False,1.0,0.0
j837711,0,delay_sensitive,0.5183,0.0,7.7333,0.5,0.0,1,3,False,1.0,0.0
j83983,0,delay_sensitive,0.5183,0.0,7.7333,0.5,0.0,1,3,False,1.0,0.0
j83983,0,delay_sensitive,0.7233,0.0,7.7333,0.5,0.0,1,3,False,1.0,0.0
j840956,0,delay_tolerant,1.3383,0.0,10.0667,0.5,0.0,3,2,True,1.0,0.05
j840956,0,token_batch,1.475,0.5609,11.0,0.5,4202.689,4,1,True,1.0,0.05
j841889,0,delay_tolerant,1.4067,0.0,10.5333,0.5,0.0,3,2,False,1.0,0.0
j84426,0,delay_sensitive,0.5183,0.0,7.7333,0.5,0.0,1,3,False,1.0,0.0
j84426,0,delay_sensitive,1.475,0.0,11.0,0.5,0.0,1,3,False,1.0,0.0
j845094,0,delay_sensitive,0.5183,0.0,7.7333,0.5,0.0,1,3,False,1.0,0.0
j845308,0,delay_tolerant,1.065,0.0,8.2,0.5,0.0,3,2,False,1.0,0.0
j845308,0,delay_tolerant,1.2017,0.0,9.1333,0.5,0.0,3,2,False,1.0,0.0
j846565,0,delay_tolerant,1.4067,0.0,10.5333,0.5,0.0,3,2,False,1.0,0.0
j846565,0,delay_tolerant,1.27,0.0,9.6,0.5,0.0,3,2,True,1.0,0.0904
j846565,0,token_batch,1.475,0.5827,11.0,0.5,3781.688,4,1,True,1.0,0.05
j850561,0,delay_sensitive,1.475,0.0,11.0,0.5,0.0,1,3,False,1.0,0.0
j850561,0,delay_sensitive,0.5867,0.0,7.7333,0.5,0.0,1,3,False,1.0,0.0
j852084,0,delay_sensitive,1.7483,0.0,12.8667,0.5,0.0,1,3,False,1.0,0.0
j852084,0,delay_sensitive,0.5183,0.0,7.7333,0.5,0.0,1,3,False,1.0,0.0
j852084,0,delay_sensitive,0.5183,0.0,7.7333,0.5,0.0,1,3,False,1.0,0.0
j852084,0,delay_sensitive,2.5,0.0,18.0,0.5,0.0,1,3,False,1.0,0.0
j855250,0,token_batch,1.475,1.3381,11.0,0.5,4319.45,4,1,False,1.0,0.0
j859443,0,delay_sensitive,1.475,0.0,11.0,0.5,0.0,1,3,False,1.0,0.0
j859443,0,delay_sensitive,1.475,0.0,11.0,0.5,0.0,1,3,False,1.0,0.0
j859443,0,token_batch,1.475,0.0,11.0,0.5,4588.911,4,1,False,1.0,0.0
j859443,0,delay_tolerant,0.655,0.0,7.7333,0.5,0.0,3,2,False,1.0,0.0
j859443,0,delay_sensitive,1.3383,0.0,10.0667,0.5,0.0,1,3,False,1.0,0.0
j861367,0,delay_tolerant,0.5183,0.513,7.7333,0.5,0.0,3,2,False,1.0,0.0
j865086,0,delay_sensitive,0.5183,0.0,7.7333,0.5,0.0,1,3,False,1.0,0.0
j865086,0,delay_sensitive,0.86,0.0,7.7333,0.5,0.0,1,3,False,1.0,0.0
j869223,0,delay_sensitive,1.1333,0.0,8.6667,0.5,0.0,1,3,False,1.0,0.0
j869223,0,delay_sensitive,0.5183,0.0,7.7333,0.5,0.0,1,3,False,1.0,0.0
j869223,0,delay_sensitive,0.5183,0.0,7.7333,0.5,0.0,1,3,False,1.0,0.0
j869223,0,delay_sensitive,0.5183,0.0,7.7333,0.5,0.0,1,3,False,1.0,0.0
j872969,0,delay_sensitive,1.475,0.0,11.0,0.5,0.0,1,3,False,1.0,0.0
j873379,0,delay_sensitive,0.7917,0.0,7.7333,0.5,0.0,1,3,False,1.0,0.0
j873379,0,delay_sensitive,0.5867,0.0,7.7333,0.5,0.0,1,3,False,1.0,0.0
j873379,0,delay_sensitive,0.5867,0.0,7.7333,0.5,0.0,1,3,False,1.0,0.0
j873379,0,delay_sensitive,0.7917,0.0,7.7333,0.5,0.0,1,3,False,1.0,0.0
j875282,0,delay_sensitive,1.475,0.0,11.0,0.5,0.0,1,3,False,1.0,0.0
j875525,0,token_batch,1.475,0.0,11.0,0.5,4619.16,4,1,False,1.0,0.0
j875963,0,delay_sensitive,0.5183,0.0,7.7333,0.5,0.0,1,3,False,1.0,0.0
j875963,0,token_batch,1.475,0.0,11.0,0.5,4357.659,4,1,True,1.0,0.1902
j875963,0,delay_sensitive,1.27,0.0,9.6,0.5,0.0,1,3,False,1.0,0.0
j879054,0,delay_sensitive,0.7917,0.0,7.7333,0.5,0.0,1,3,False,1.0,0.0
j879560,0,delay_tolerant,0.5867,0.0,7.7333,0.5,0.0,3,2,True,1.0,0.05
j879560,0,token_batch,1.475,1.1452,11.0,0.5,4616.882,4,1,True,1.0,0.1401
j885946,0,delay_tolerant,0.9967,0.4485,7.7333,0.5,0.0,3,2,True,1.0,0.048
j885946,0,delay_sensitive,1.475,0.0,11.0,0.5,0.0,1,3,False,1.0,0.0
j887557,0,delay_sensitive,1.475,0.0,11.0,0.5,0.0,1,3,False,1.0,0.0
j889825,0,delay_sensitive,1.27,0.0,9.6,0.5,0.0,1,3,False,1.0,0.0
j892681,0,delay_sensitive,0.5183,0.0,7.7333,0.5,0.0,1,3,False,1.0,0.0
j893630,0,delay_sensitive,0.5183,0.0,7.7333,0.5,0.0,1,3,False,1.0,0.0
j894740,0,delay_tolerant,0.7233,0.0,7.7333,0.5,0.0,3,2,True,1.0,0.05
j897780,0,delay_sensitive,0.5183,0.0,7.7333,0.5,0.0,1,3,False,1.0,0.0
j898253,0,delay_sensitive,0.5867,0.0,7.7333,0.5,0.0,1,3,False,1.0,0.0
j898275,0,delay_tolerant,1.27,0.0,9.6,0.5,0.0,3,2,True,1.0,0.075
j899767,0,delay_tolerant,0.5183,0.0,7.7333,0.5,0.0,3,2,False,1.0,0.0
j899767,0,delay_tolerant,0.5183,0.0,7.7333,0.5,0.0,3,2,False,1.0,0.0
j899767,0,delay_sensitive,0.5183,0.0,7.7333,0.5,0.0,1,3,False,1.0,0.0
j90165,0,delay_sensitive,0.9967,0.0,7.7333,0.5,0.0,1,3,False,1.0,0.0
j90165,0,delay_sensitive,1.2017,0.0,9.1333,0.5,0.0,1,3,False,1.0,0.0
j90201,0,delay_tolerant,0.9283,0.0,7.7333,0.5,0.0,3,2,True,1.0,0.05
j904264,0,delay_sensitive,0.5183,0.0,7.7333,0.5,0.0,1,3,False,1.0,0.0
j904264,0,delay_sensitive,0.5183,0.0,7.7333,0.5,0.0,1,3,False,1.0,0.0
j904771,0,delay_tolerant,0.5183,0.0,7.7333,0.5,0.0,3,2,False,1.0,0.0
j905824,0,delay_sensitive,1.2017,0.0,9.1333,0.5,0.0,1,3,False,1.0,0.0
j907081,0,delay_sensitive,1.4067,0.0,10.5333,0.5,0.0,1,3,False,1.0,0.0
j909674,0,delay_sensitive,0.5183,0.0,7.7333,0.5,0.0,1,3,False,1.0,0.0
j911341,0,delay_sensitive,0.5183,0.0,7.7333,0.5,0.0,1,3,False,1.0,0.0
j911341,0,delay_sensitive,1.3383,0.0,10.0667,0.5,0.0,1,3,False,1.0,0.0
j915388,0,delay_sensitive,0.5183,0.0,7.7333,0.5,0.0,1,3,False,1.0,0.0
j915388,0,delay_sensitive,0.5867,0.0,7.7333,0.5,0.0,1,3,False,1.0,0.0
j91598,0,delay_tolerant,0.7917,0.0,7.7333,0.5,0.0,3,2,False,1.0,0.0
j97387,0,token_batch,1.475,0.0,11.0,0.5,4435.314,4,1,False,1.0,0.0
j98514,0,delay_sensitive,1.475,0.0,11.0,0.5,0.0,1,3,False,1.0,0.0
j98514,0,delay_sensitive,1.475,0.0,11.0,0.5,0.0,1,3,False,1.0,0.0
j9925,0,delay_sensitive,1.475,0.0,11.0,0.5,0.0,1,3,False,1.0,0.0
j100284,1,delay_tolerant,0.5183,0.0,7.7333,0.5,0.0,4,2,False,1.0,0.0
j100284,1,delay_tolerant,0.9283,0.0,7.7333,0.5,0.0,4,2,False,1.0,0.0
j101054,1,token_batch,1.475,1.0494,11.0,0.5,4178.43,5,1,False,1.0,0.0
j101054,1,token_batch,1.475,1.3516,11.0,0.5,3632.402,6,1,True,1.0,0.05
j101597,1,delay_tolerant,0.7233,0.0,7.7333,0.5,0.0,4,2,False,1.0,0.0
j101597,1,token_batch,1.475,1.2111,11.0,0.5,4599.28,5,1,True,1.0,0.1833
j101597,1,delay_tolerant,1.2017,0.0,9.1333,0.5,0.0,4,2,True,1.0,0.05
j101982,1,delay_tolerant,1.1333,0.0,8.6667,0.5,0.0,9,2,False,1.0,0.0
j102672,1,delay_tolerant,0.9283,0.0,7.7333,0.5,0.0,7,2,True,1.0,0.0306
j10308,1,delay_tolerant,0.9283,0.0,7.7333,0.5,0.0,4,2,False,1.0,0.0
j103176,1,token_batch,1.475,0.5613,11.0,0.5,4112.871,6,1,True,1.0,0.05
j103176,1,delay_tolerant,1.1333,0.586,8.6667,0.5,0.0,6,2,False,1.0,0.0
j10411,1,delay_tolerant,1.065,0.0,8.2,0.5,0.0,5,2,True,1.0,0.1
j104172,1,token_batch,1.5433,0.7474,11.4667,0.5,4317.315,5,1,True,1.0,0.1045
j104172,1,delay_tolerant,1.27,0.0,9.6,0.5,0.0,8,2,True,1.0,0.05
j105470,1,token_batch,1.475,0.0,11.0,0.5,3806.958,5,1,False,1.0,0.0
j105604,1,delay_tolerant,1.2017,0.0,9.1333,0.5,0.0,8,2,False,1.0,0.0
j105604,1,delay_tolerant,0.5183,0.0,7.7333,0.5,0.0,4,2,False,1.0,0.0
j105697,1,token_batch,1.475,0.9399,11.0,0.5,3981.376,5,1,False,1.0,0.0
j105697,1,delay_tolerant,0.5183,0.5433,7.7333,0.5,0.0,4,2,False,1.0,0.0
j106194,1,delay_tolerant,0.5867,0.0,7.7333,0.5,0.0,4,2,False,1.0,0.0
j106434,1,delay_tolerant,0.86,0.0,7.7333,0.5,0.0,6,2,False,1.0,0.0
j106434,1,token_batch,1.475,1.3665,11.0,0.5,3785.215,7,1,True,1.0,0.05
j106766,1,delay_tolerant,1.27,0.0,9.6,0.5,0.0,4,2,False,1.0,0.0
j106766,1,delay_tolerant,1.2017,0.3822,9.1333,0.5,0.0,4,2,True,1.0,0.0939
j107935,1,delay_sensitive,0.5183,0.0,7.7333,0.5,0.0,2,3,False,1.0,0.0
j107988,1,delay_tolerant,0.7233,0.0,7.7333,0.5,0.0,9,2,False,1.0,0.0
j108435,1,delay_tolerant,0.655,0.0,7.7333,0.5,0.0,4,2,True,1.0,0.0556
j109057,1,delay_tolerant,0.655,0.0,7.7333,0.5,0.0,4,2,False,1.0,0.0
j11074,1,delay_tolerant,1.4067,0.4426,10.5333,0.5,0.0,5,2,False,1.0,0.0
j111193,1,delay_tolerant,1.2017,0.0,9.1333,0.5,0.0,5,2,False,1.0,0.0
j112153,1,token_batch,1.475,0.0,11.0,0.5,4426.342,5,1,True,1.0,0.1912
j11246,1,delay_tolerant,1.1333,0.0,8.6667,0.5,0.0,9,2,True,1.0,0.05
j113637,1,delay_tolerant,1.065,0.0,8.2,0.5,0.0,4,2,False,1.0,0.0
j113637,1,delay_tolerant,0.7917,0.0,7.7333,0.5,0.0,4,2,True,1.0,0.05
j113772,1,delay_tolerant,1.2017,0.0,9.1333,0.5,0.0,7,2,False,1.0,0.0
j114958,1,token_batch,1.475,0.5682,11.0,0.5,3782.879,8,1,True,1.0,0.1571
j114958,1,token_batch,1.475,0.7505,11.0,0.5,3819.493,8,1,False,1.0,0.0
j115651,1,token_batch,2.5,0.4272,18.0,0.5,5191.745,5,1,False,1.0,0.0
j116177,1,token_batch,1.475,0.0,11.0,0.5,3934.737,5,1,False,1.0,0.0
j11624,1,delay_tolerant,1.3383,0.0,10.0667,0.5,0.0,6,2,True,1.0,0.05
j11624,1,delay_tolerant,1.27,0.0,9.6,0.5,0.0,6,2,True,1.0,0.0355
j116403,1,delay_tolerant,0.7233,0.0,7.7333,0.5,0.0,4,2,True,1.0,0.05
j116403,1,delay_tolerant,0.9967,0.0,7.7333,0.5,0.0,6,2,False,1.0,0.0
j116427,1,token_batch,1.475,0.7925,11.0,0.5,4269.942,6,1,True,1.0,0.05
j117924,1,token_batch,1.475,1.0842,11.0,0.5,3429.068,5,1,True,1.0,0.1052
j118387,1,token_batch,1.475,0.9898,11.0,0.5,4079.51,6,1,True,1.0,0.05
j118387,1,delay_tolerant,0.5183,0.0,7.7333,0.5,0.0,5,2,True,1.0,0.05
j118626,1,delay_tolerant,1.3383,0.0,10.0667,0.5,0.0,4,2,True,1.0,0.05
j118990,1,delay_tolerant,1.27,0.0,9.6,0.5,0.0,6,2,True,1.0,0.05
j119165,1,delay_tolerant,1.1333,0.0,8.6667,0.5,0.0,5,2,True,1.0,0.0832
j119953,1,token_batch,1.475,0.445,11.0,0.5,3774.169,8,1,True,1.0,0.05
j121171,1,delay_tolerant,0.5183,0.0,7.7333,0.5,0.0,4,2,True,1.0,0.0751
j121171,1,delay_tolerant,0.5867,0.0,7.7333,0.5,0.0,4,2,True,1.0,0.0716
j121171,1,token_batch,2.5,0.0,18.0,0.5,4282.359,5,1,True,1.0,0.1237
j121171,1,delay_tolerant,0.5183,0.5547,7.7333,0.5,0.0,4,2,True,1.0,0.0449
j122345,1,delay_tolerant,0.655,0.0,7.7333,0.5,0.0,8,2,False,1.0,0.0
j12243,1,delay_tolerant,1.065,0.0,8.2,0.5,0.0,9,2,True,1.0,0.0714
j12243,1,delay_tolerant,1.3383,0.0,10.0667,0.5,0.0,9,2,False,1.0,0.0
j125284,1,delay_tolerant,0.9967,0.0,7.7333,0.5,0.0,6,2,True,1.0,0.058
j125293,1,delay_tolerant,0.5183,0.0,7.7333,0.5,0.0,6,2,True,1.0,0.0661
j125425,1,delay_tolerant,0.9283,0.0,7.7333,0.5,0.0,7,2,False,1.0,0.0
j126625,1,delay_tolerant,0.9283,0.0,7.7333,0.5,0.0,9,2,True,1.0,0.05
j126625,1,delay_tolerant,0.7233,0.0,7.7333,0.5,0.0,9,2,False,1.0,0.0
j126625,1,token_batch,1.475,0.0,11.0,0.5,3529.642,9,1,False,1.0,0.0
j127425,1,delay_tolerant,1.065,0.0,8.2,0.5,0.0,4,2,False,1.0,0.0
j128233,1,delay_tolerant,1.4067,0.0,10.5333,0.5,0.0,7,2,True,1.0,0.089
j12837,1,delay_tolerant,0.7233,0.0,7.7333,0.5,0.0,4,2,False,1.0,0.0
j129069,1,delay_tolerant,1.2017,0.0,9.1333,0.5,0.0,4,2,True,1.0,0.05
j12918,1,delay_tolerant,0.86,0.0,7.7333,0.5,0.0,4,2,True,1.0,0.05
j12919,1,delay_tolerant,0.5183,0.0,7.7333,0.5,0.0,4,2,False,1.0,0.0
j130451,1,delay_tolerant,0.5183,0.0,7.7333,0.5,0.0,4,2,True,1.0,0.05
j130925,1,token_batch,1.475,1.3597,11.0,0.5,4179.481,5,1,True,1.0,0.1999
j130925,1,token_batch,1.475,0.0,11.0,0.5,3979.684,5,1,False,1.0,0.0
j130925,1,delay_tolerant,0.9283,0.0,7.7333,0.5,0.0,4,2,False,1.0,0.0
j131919,1,delay_tolerant,0.86,0.0,7.7333,0.5,0.0,4,2,True,1.0,0.05
j131919,1,delay_tolerant,1.2017,0.0,9.1333,0.5,0.0,7,2,True,1.0,0.0745
j131919,1,delay_tolerant,0.5183,0.0,7.7333,0.5,0.0,4,2,False,1.0,0.0
j131995,1,token_batch,1.475,0.5754,11.0,0.5,3839.45,9,1,True,1.0,0.05
j132237,1,token_batch,1.475,0.8093,11.0,0.5,4539.5,5,1,True,1.0,0.05
j132237,1,delay_tolerant,1.27,0.0,9.6,0.5,0.0,4,2,True,1.0,0.05
j132981,1,delay_tolerant,1.4067,0.0,10.5333,0.5,0.0,6,2,False,1.0,0.0
j132981,1,delay_tolerant,1.27,0.0,9.6,0.5,0.0,6,2,False,1.0,0.0
j133008,1,delay_tolerant,1.4067,0.0,10.5333,0.5,0.0,9,2,False,1.0,0.0
j133100,1,token_batch,1.475,0.7374,11.0,0.5,3633.23,9,1,False,1.0,0.0
j133149,1,delay_tolerant,0.9283,0.0,7.7333,0.5,0.0,5,2,False,1.0,0.0
j133149,1,token_batch,1.475,0.0,11.0,0.5,4151.477,6,1,False,1.0,0.0
j136430,1,delay_tolerant,0.5183,0.0,7.7333,0.5,0.0,4,2,True,1.0,0.05
j136430,1,delay_tolerant,0.5183,0.0,7.7333,0.5,0.0,4,2,True,1.0,0.05
j137546,1,delay_tolerant,1.2017,0.0,9.1333,0.5,0.0,5,2,False,1.0,0.0
j137546,1,token_batch,1.475,0.0,11.0,0.5,4351.623,5,1,True,1.0,0.1075
j138016,1,token_batch,1.475,0.598,11.0,0.5,4405.984,5,1,True,1.0,0.1822
j138245,1,delay_tolerant,0.7917,0.0,7.7333,0.5,0.0,4,2,True,1.0,0.032
j138381,1,delay_tolerant,0.5183,0.0,7.7333,0.5,0.0,4,2,True,1.0,0.0215
j138965,1,delay_tolerant,0.5183,0.2284,7.7333,0.5,0.0,4,2,True,1.0,0.0341
j140313,1,token_batch,2.4317,0.422,17.5333,0.5,4940.79,7,1,True,1.0,0.1655
j140313,1,delay_tolerant,0.5183,0.4694,7.7333,0.5,0.0,4,2,True,1.0,0.05
j140434,1,token_batch,1.475,0.0,11.0,0.5,4432.087,5,1,True,1.0,0.122
j140814,1,token_batch,1.6117,0.0,11.9333,0.5,5096.792,5,1,True,1.0,0.1746
j140814,1,token_batch,2.5,1.0115,18.0,0.5,5432.251,5,1,False,1.0,0.0
j140814,1,delay_tolerant,1.065,0.0,8.2,0.5,0.0,4,2,True,1.0,0.05
j140814,1,delay_tolerant,0.5183,0.0,7.7333,0.5,0.0,4,2,True,1.0,0.05
j140814,1,delay_tolerant,1.1333,0.0,8.6667,0.5,0.0,4,2,True,1.0,0.05
j140814,1,delay_tolerant,0.86,0.0,7.7333,0.5,0.0,4,2,False,1.0,0.0
j140814,1,token_batch,2.5,0.0,18.0,0.5,4499.302,5,1,False,1.0,0.0
j140814,1,token_batch,2.5,1.1801,18.0,0.5,4248.349,5,1,False,1.0,0.0
j141112,1,delay_tolerant,1.1333,0.0,8.6667,0.5,0.0,9,2,False,1.0,0.0
j14148,1,delay_tolerant,0.86,0.0,7.7333,0.5,0.0,4,2,True,1.0,0.0237
j142049,1,delay_tolerant,0.5183,0.0,7.7333,0.5,0.0,4,2,False,1.0,0.0
j142049,1,delay_tolerant,0.9283,0.0,7.7333,0.5,0.0,4,2,True,1.0,0.05
j14288,1,delay_tolerant,0.5867,0.0,7.7333,0.5,0.0,4,2,False,1.0,0.0
j143067,1,delay_tolerant,1.1333,0.0,8.6667,0.5,0.0,6,2,False,1.0,0.0
j143247,1,delay_tolerant,0.9283,0.0,7.7333,0.5,0.0,6,2,True,1.0,0.0417
j143298,1,delay_tolerant,1.065,0.0,8.2,0.5,0.0,7,2,True,1.0,0.0704
j143339,1,delay_tolerant,1.065,0.0,8.2,0.5,0.0,4,2,False,1.0,0.0
j143339,1,delay_tolerant,0.5867,0.0,7.7333,0.5,0.0,4,2,False,1.0,0.0
j143381,1,token_batch,2.5,0.6738,18.0,0.5,5285.412,8,1,True,1.0,0.05
j143381,1,token_batch,2.5,0.9498,18.0,0.5,4988.389,9,1,True,1.0,0.05
j143501,1,delay_tolerant,1.27,0.0,9.6,0.5,0.0,9,2,False,1.0,0.0
j144478,1,token_batch,2.1583,0.0,15.6667,0.5,4193.938,5,1,False,1.0,0.0
j144478,1,token_batch,1.68,0.8014,12.4,0.5,4483.895,5,1,False,1.0,0.0
j144789,1,token_batch,1.475,1.2871,11.0,0.5,4422.554,6,1,True,1.0,0.05
j144789,1,delay_tolerant,1.2017,0.0,9.1333,0.5,0.0,6,2,True,1.0,0.05
j144789,1,delay_tolerant,1.1333,0.0,8.6667,0.5,0.0,6,2,True,1.0,0.0763
j145598,1,delay_tolerant,1.1333,0.0,8.6667,0.5,0.0,9,2,True,1.0,0.05
j145598,1,delay_tolerant,0.9283,0.33,7.7333,0.5,0.0,4,2,False,1.0,0.0
j145787,1,token_batch,1.475,0.4381,11.0,0.5,3711.991,6,1,False,1.0,0.0
j146747,1,token_batch,1.475,1.0672,11.0,0.5,3825.414,6,1,False,1.0,0.0
j147237,1,token_batch,1.475,0.7959,11.0,0.5,4004.722,6,1,True,1.0,0.05
j148171,1,delay_tolerant,0.9967,0.0,7.7333,0.5,0.0,6,2,True,1.0,0.0336
j148171,1,token_batch,1.475,0.7456,11.0,0.5,4267.906,6,1,False,1.0,0.0
j148899,1,token_batch,1.475,0.8588,11.0,0.5,4295.053,5,1,True,1.0,0.05
j149077,1,delay_tolerant,1.065,0.0,8.2,0.5,0.0,8,2,False,1.0,0.0
j149077,1,token_batch,1.475,1.1959,11.0,0.5,3774.87,9,1,True,1.0,0.0919
j149264,1,delay_tolerant,1.4067,0.0,10.5333,0.5,0.0,6,2,False,1.0,0.0
j150753,1,token_batch,1.475,0.6903,11.0,0.5,4106.368,8,1,True,1.0,0.05
j150753,1,token_batch,1.475,0.5208,11.0,0.5,3592.377,8,1,True,1.0,0.1595
j150753,1,delay_sensitive,0.5183,0.0,7.7333,0.5,0.0,2,3,False,1.0,0.0
j150753,1,delay_tolerant,0.5183,0.0,7.7333,0.5,0.0,8,2,True,1.0,0.05
j15135,1,delay_tolerant,0.5183,0.0,7.7333,0.5,0.0,4,2,False,1.0,0.0
j15135,1,token_batch,1.475,1.1355,11.0,0.5,3977.151,5,1,True,1.0,0.05
j151625,1,delay_tolerant,0.7233,0.0,7.7333,0.5,0.0,5,2,False,1.0,0.0
j151791,1,delay_tolerant,1.1333,0.0,8.6667,0.5,0.0,4,2,False,1.0,0.0
j151791,1,delay_tolerant,1.1333,0.0,8.6667,0.5,0.0,4,2,False,1.0,0.0
j152569,1,delay_tolerant,0.655,0.0,7.7333,0.5,0.0,6,2,True,1.0,0.05
j152957,1,delay_tolerant,1.1333,0.0,8.6667,0.5,0.0,4,2,True,1.0,0.05
j152957,1,token_batch,2.5,1.3616,18.0,0.5,5497.111,5,1,True,1.0,0.1823
j152957,1,delay_tolerant,1.3383,0.0,10.0667,0.5,0.0,4,2,False,1.0,0.0
j152957,1,delay_tolerant,1.1333,0.0,8.6667,0.5,0.0,4,2,True,1.0,0.05
j152957,1,token_batch,2.5,0.8787,18.0,0.5,4494.906,6,1,True,1.0,0.1973
j153289,1,delay_tolerant,0.9283,0.0,7.7333,0.5,0.0,7,2,True,1.0,0.0895
j153850,1,delay_tolerant,0.9967,0.0,7.7333,0.5,0.0,8,2,True,1.0,0.045
j153850,1,delay_tolerant,0.655,0.0,7.7333,0.5,0.0,4,2,True,1.0,0.05
j153850,1,delay_tolerant,0.7917,0.0,7.7333,0.5,0.0,4,2,True,1.0,0.0903
j153850,1,delay_tolerant,0.5183,0.0,7.7333,0.5,0.0,4,2,True,1.0,0.0709
j153862,1,token_batch,1.475,1.2222,11.0,0.5,3451.201,9,1,True,1.0,0.1747
j154682,1,delay_sensitive,0.5183,0.0,7.7333,0.5,0.0,2,3,False,1.0,0.0
j154682,1,delay_tolerant,0.9283,0.0,7.7333,0.5,0.0,9,2,True,1.0,0.05
j154682,1,delay_tolerant,0.7917,0.2949,7.7333,0.5,0.0,8,2,False,1.0,0.0
j154695,1,delay_tolerant,1.2017,0.0,9.1333,0.5,0.0,8,2,True,1.0,0.05
j154695,1,delay_tolerant,0.86,0.0,7.7333,0.5,0.0,8,2,True,1.0,0.05
j15475,1,token_batch,1.475,0.0,11.0,0.5,4600.209,6,1,False,1.0,0.0
j155823,1,delay_tolerant,0.9967,0.4808,7.7333,0.5,0.0,4,2,True,1.0,0.032
j155823,1,token_batch,1.475,0.9355,11.0,0.5,4540.422,5,1,False,1.0,0.0
j155823,1,delay_tolerant,0.86,0.0,7.7333,0.5,0.0,4,2,True,1.0,0.0297
j155823,1,delay_tolerant,1.27,0.0,9.6,0.5,0.0,5,2,True,1.0,0.05
j155823,1,delay_tolerant,0.86,0.0,7.7333,0.5,0.0,5,2,True,1.0,0.05
j156192,1,delay_tolerant,1.065,0.0,8.2,0.5,0.0,9,2,True,1.0,0.05
j156384,1,delay_tolerant,0.5183,0.0,7.7333,0.5,0.0,4,2,False,1.0,0.0
j157442,1,delay_tolerant,0.7233,0.0,7.7333,0.5,0.0,7,2,False,1.0,0.0
j159128,1,token_batch,1.475,1.3968,11.0,0.5,4213.336,9,1,False,1.0,0.0
j159155,1,delay_tolerant,1.27,0.3108,9.6,0.5,0.0,8,2,True,1.0,0.05
j159155,1,delay_tolerant,0.7233,0.0,7.7333,0.5,0.0,8,2,False,1.0,0.0
j159630,1,delay_tolerant,0.9283,0.3817,7.7333,0.5,0.0,8,2,True,1.0,0.023
j159990,1,token_batch,1.475,0.0,11.0,0.5,3903.724,9,1,False,1.0,0.0
j1600,1,delay_sensitive,0.5183,0.0,7.7333,0.5,0.0,2,3,False,1.0,0.0
j160909,1,delay_tolerant,0.5867,0.0,7.7333,0.5,0.0,4,2,True,1.0,0.05
j160909,1,token_batch,1.475,0.9385,11.0,0.5,4314.163,5,1,True,1.0,0.05
j160909,1,token_batch,1.475,0.0,11.0,0.5,3717.273,5,1,False,1.0,0.0
j161165,1,token_batch,1.475,0.5536,11.0,0.5,3897.759,5,1,False,1.0,0.0
j161741,1,delay_tolerant,1.1333,0.0,8.6667,0.5,0.0,4,2,True,1.0,0.0381
j162632,1,delay_tolerant,1.1333,0.0,8.6667,0.5,0.0,7,2,True,1.0,0.05
j162632,1,delay_tolerant,0.7233,0.0,7.7333,0.5,0.0,4,2,True,1.0,0.05
j162632,1,delay_tolerant,1.4067,0.0,10.5333,0.5,0.0,7,2,False,1.0,0.0
j162635,1,token_batch,1.475,0.0,11.0,0.5,4402.023,8,1,True,1.0,0.1781
j162635,1,delay_sensitive,0.5183,0.0,7.7333,0.5,0.0,2,3,False,1.0,0.0
j163908,1,token_batch,1.475,1.173,11.0,0.5,3802.294,9,1,True,1.0,0.05
j164588,1,token_batch,2.0217,1.0608,14.7333,0.5,4240.417,5,1,True,1.0,0.05
j164588,1,delay_tolerant,0.5183,0.0,7.7333,0.5,0.0,5,2,False,1.0,0.0
j16524,1,delay_tolerant,0.7233,0.0,7.7333,0.5,0.0,4,2,True,1.0,0.0782
j165771,1,delay_tolerant,1.27,0.0,9.6,0.5,0.0,9,2,True,1.0,0.0796
j166871,1,delay_tolerant,1.2017,0.0,9.1333,0.5,0.0,6,2,False,1.0,0.0
j167912,1,token_batch,1.475,0.9342,11.0,0.5,3752.485,8,1,True,1.0,0.05
j168238,1,delay_tolerant,0.5183,0.0,7.7333,0.5,0.0,4,2,False,1.0,0.0
j168238,1,token_batch,1.475,0.6112,11.0,0.5,4154.837,7,1,True,1.0,0.128
j168238,1,delay_sensitive,0.5183,0.0,7.7333,0.5,0.0,2,3,False,1.0,0.0
j168238,1,token_batch,1.475,0.0,11.0,0.5,3986.783,7,1,False,1.0,0.0
j168238,1,token_batch,1.475,1.4782,11.0,0.5,3434.0,7,1,True,1.0,0.05
j168238,1,delay_tolerant,0.86,0.0,7.7333,0.5,0.0,7,2,False,1.0,0.0
j168767,1,delay_tolerant,0.5867,0.0,7.7333,0.5,0.0,4,2,True,1.0,0.05
j169659,1,delay_tolerant,0.7917,0.0,7.7333,0.5,0.0,7,2,False,1.0,0.0
j169659,1,delay_tolerant,1.3383,0.3851,10.0667,0.5,0.0,7,2,True,1.0,0.05
j169659,1,delay_tolerant,0.5183,0.0,7.7333,0.5,0.0,7,2,False,1.0,0.0
j169701,1,delay_tolerant,0.5867,0.0,7.7333,0.5,0.0,6,2,False,1.0,0.0
j169701,1,delay_tolerant,0.9283,0.0,7.7333,0.5,0.0,6,2,False,1.0,0.0
j170793,1,token_batch,1.475,1.1516,11.0,0.5,3724.691,6,1,True,1.0,0.05
j170855,1,delay_tolerant,0.5183,0.0,7.7333,0.5,0.0,4,2,True,1.0,0.05
j171089,1,delay_tolerant,1.4067,0.0,10.5333,0.5,0.0,4,2,True,1.0,0.05
j171883,1,token_batch,1.475,0.8021,11.0,0.5,4161.018,5,1,True,1.0,0.1026
j171883,1,delay_tolerant,1.27,0.0,9.6,0.5,0.0,5,2,True,1.0,0.0635
j171961,1,delay_tolerant,0.7233,0.0,7.7333,0.5,0.0,6,2,True,1.0,0.05
j173117,1,delay_tolerant,0.86,0.0,7.7333,0.5,0.0,7,2,False,1.0,0.0
j173433,1,delay_tolerant,0.86,0.0,7.7333,0.5,0.0,4,2,False,1.0,0.0
j173997,1,delay_tolerant,0.7917,0.0,7.7333,0.5,0.0,4,2,False,1.0,0.0
j174062,1,token_batch,1.475,0.5875,11.0,0.5,4626.766,6,1,True,1.0,0.05
j174062,1,token_batch,1.475,1.3909,11.0,0.5,4495.939,6,1,True,1.0,0.1547
j174099,1,delay_tolerant,0.5183,0.0,7.7333,0.5,0.0,8,2,True,1.0,0.05
j174109,1,delay_tolerant,0.655,0.0,7.7333,0.5,0.0,4,2,False,1.0,0.0
j174114,1,delay_tolerant,0.5183,0.0,7.7333,0.5,0.0,4,2,False,1.0,0.0
j174332,1,delay_tolerant,1.2017,0.0,9.1333,0.5,0.0,7,2,False,1.0,0.0
j17488,1,token_batch,1.475,0.0,11.0,0.5,3767.146,5,1,True,1.0,0.1826
j17488,1,delay_tolerant,1.1333,0.0,8.6667,0.5,0.0,4,2,False,1.0,0.0
j17488,1,delay_tolerant,1.27,0.0,9.6,0.5,0.0,4,2,False,1.0,0.0
j17488,1,delay_tolerant,0.7917,0.0,7.7333,0.5,0.0,4,2,True,1.0,0.05
j175332,1,delay_tolerant,0.86,0.0,7.7333,0.5,0.0,4,2,False,1.0,0.0
j176028,1,delay_tolerant,0.655,0.0,7.7333,0.5,0.0,4,2,False,1.0,0.0
j176040,1,delay_tolerant,1.065,0.0,8.2,0.5,0.0,4,2,False,1.0,0.0
j176040,1,token_batch,1.475,0.0,11.0,0.5,3625.366,5,1,False,1.0,0.0
j177475,1,token_batch,1.475,1.4009,11.0,0.5,3437.54,5,1,True,1.0,0.1962
j177920,1,token_batch,1.475,0.9821,11.0,0.5,4511.471,5,1,True,1.0,0.1879
j177920,1,delay_tolerant,0.5183,0.0,7.7333,0.5,0.0,4,2,True,1.0,0.05
j178250,1,delay_tolerant,0.7233,0.0,7.7333,0.5,0.0,4,2,True,1.0,0.085
j178962,1,token_batch,1.8167,0.0,13.3333,0.5,4227.861,8,1,False,1.0,0.0
j179443,1,delay_tolerant,0.655,0.0,7.7333,0.5,0.0,4,2,False,1.0,0.0
j179680,1,token_batch,1.475,0.9206,11.0,0.5,3575.866,7,1,False,1.0,0.0
j179680,1,delay_tolerant,0.5867,0.0,7.7333,0.5,0.0,4,2,True,1.0,0.027
j179680,1,delay_tolerant,0.5183,0.0,7.7333,0.5,0.0,4,2,False,1.0,0.0
j180131,1,token_batch,1.475,0.6378,11.0,0.5,3508.162,5,1,True,1.0,0.1213
j183241,1,delay_tolerant,1.1333,0.0,8.6667,0.5,0.0,4,2,False,1.0,0.0
j183381,1,delay_tolerant,0.7917,0.0,7.7333,0.5,0.0,4,2,True,1.0,0.05
j183795,1,delay_tolerant,0.5183,0.0,7.7333,0.5,0.0,4,2,False,1.0,0.0
j18385,1,token_batch,1.475,0.0,11.0,0.5,4103.942,9,1,True,1.0,0.1372
j18385,1,delay_tolerant,1.4067,0.4081,10.5333,0.5,0.0,9,2,True,1.0,0.05
j18385,1,delay_tolerant,0.5183,0.4798,7.7333,0.5,0.0,9,2,True,1.0,0.05
j18385,1,delay_tolerant,1.3383,0.0,10.0667,0.5,0.0,9,2,False,1.0,0.0
j18385,1,token_batch,1.475,0.0,11.0,0.5,3897.791,9,1,True,1.0,0.1371
j184242,1,delay_tolerant,1.3383,0.0,10.0667,0.5,0.0,9,2,True,1.0,0.05
j184801,1,delay_tolerant,0.9283,0.0,7.7333,0.5,0.0,6,2,False,1.0,0.0
j185651,1,token_batch,1.475,0.4611,11.0,0.5,3798.674,5,1,False,1.0,0.0
j187338,1,delay_tolerant,1.3383,0.4779,10.0667,0.5,0.0,7,2,True,1.0,0.05
j18871,1,delay_tolerant,1.4067,0.0,10.5333,0.5,0.0,9,2,False,1.0,0.0
j189295,1,token_batch,1.475,1.4994,11.0,0.5,3448.647,5,1,True,1.0,0.1849
j189295,1,token_batch,1.475,0.0,11.0,0.5,4291.254,5,1,False,1.0,0.0
j189295,1,delay_tolerant,1.4067,0.0,10.5333,0.5,0.0,5,2,False,1.0,0.0
j189493,1,token_batch,1.475,0.6205,11.0,0.5,3438.479,5,1,True,1.0,0.05
j189493,1,token_batch,1.475,0.0,11.0,0.5,3934.771,5,1,False,1.0,0.0
j190385,1,token_batch,1.475,0.9621,11.0,0.5,4045.499,7,1,True,1.0,0.05
j190385,1,delay_tolerant,0.9283,0.4149,7.7333,0.5,0.0,6,2,True,1.0,0.05
j19169,1,delay_tolerant,1.065,0.0,8.2,0.5,0.0,6,2,True,1.0,0.05
j19169,1,delay_tolerant,0.655,0.0,7.7333,0.5,0.0,5,2,True,1.0,0.05
j19169,1,delay_tolerant,0.9967,0.0,7.7333,0.5,0.0,5,2,True,1.0,0.0265
j19169,1,delay_tolerant,0.5183,0.0,7.7333,0.5,0.0,4,2,False,1.0,0.0
j19169,1,delay_tolerant,0.7917,0.0,7.7333,0.5,0.0,6,2,True,1.0,0.05
j191742,1,token_batch,1.475,0.7498,11.0,0.5,4363.114,7,1,True,1.0,0.05
j191942,1,delay_tolerant,1.1333,0.0,8.6667,0.5,0.0,6,2,True,1.0,0.0931
j19201,1,token_batch,1.475,1.4278,11.0,0.5,4261.937,9,1,False,1.0,0.0
j19201,1,delay_tolerant,0.9283,0.0,7.7333,0.5,0.0,9,2,True,1.0,0.05
j192121,1,token_batch,1.475,0.8912,11.0,0.5,4181.128,8,1,True,1.0,0.1461
j192206,1,delay_tolerant,1.3383,0.0,10.0667,0.5,0.0,4,2,False,1.0,0.0
j193066,1,token_batch,1.475,0.7756,11.0,0.5,4583.832,7,1,False,1.0,0.0
j193763,1,delay_tolerant,0.9283,0.0,7.7333,0.5,0.0,5,2,False,1.0,0.0
j194638,1,delay_tolerant,0.86,0.0,7.7333,0.5,0.0,4,2,True,1.0,0.0278
j194638,1,token_batch,1.475,0.7695,11.0,0.5,4036.162,7,1,False,1.0,0.0
j194638,1,token_batch,1.475,0.0,11.0,0.5,4618.883,7,1,False,1.0,0.0
j194721,1,delay_tolerant,0.7917,0.0,7.7333,0.5,0.0,4,2,False,1.0,0.0
j194854,1,delay_tolerant,0.655,0.5123,7.7333,0.5,0.0,4,2,False,1.0,0.0
j195058,1,delay_tolerant,0.86,0.0,7.7333,0.5,0.0,4,2,True,1.0,0.05
j196095,1,token_batch,1.475,0.5015,11.0,0.5,4170.087,8,1,True,1.0,0.133
j196664,1,delay_tolerant,0.9283,0.3009,7.7333,0.5,0.0,5,2,False,1.0,0.0
j197064,1,delay_tolerant,1.27,0.0,9.6,0.5,0.0,5,2,False,1.0,0.0
j197286,1,delay_tolerant,0.5867,0.0,7.7333,0.5,0.0,5,2,False,1.0,0.0
j197286,1,delay_tolerant,0.5183,0.0,7.7333,0.5,0.0,4,2,False,1.0,0.0
j197582,1,delay_tolerant,0.7233,0.0,7.7333,0.5,0.0,6,2,False,1.0,0.0
j197582,1,delay_tolerant,0.5183,0.0,7.7333,0.5,0.0,4,2,False,1.0,0.0
j197582,1,delay_tolerant,0.7917,0.0,7.7333,0.5,0.0,4,2,True,1.0,0.05
j197582,1,delay_tolerant,1.065,0.0,8.2,0.5,0.0,5,2,True,1.0,0.05
j198607,1,delay_tolerant,0.5183,0.0,7.7333,0.5,0.0,4,2,False,1.0,0.0
j199036,1,delay_tolerant,1.2017,0.0,9.1333,0.5,0.0,5,2,True,1.0,0.05
j200442,1,delay_tolerant,0.5183,0.0,7.7333,0.5,0.0,4,2,True,1.0,0.05
j200691,1,token_batch,1.475,0.6,11.0,0.5,4573.556,5,1,False,1.0,0.0
j200691,1,delay_tolerant,0.5183,0.2683,7.7333,0.5,0.0,4,2,False,1.0,0.0
j200949,1,delay_tolerant,1.2017,0.0,9.1333,0.5,0.0,4,2,True,1.0,0.05
j20166,1,delay_tolerant,0.5183,0.0,7.7333,0.5,0.0,4,2,True,1.0,0.05
j201837,1,token_batch,2.5,1.1064,18.0,0.5,5102.606,6,1,True,1.0,0.05
j201837,1,token_batch,2.5,1.2138,18.0,0.5,4823.412,6,1,True,1.0,0.05
j202120,1,delay_tolerant,0.5867,0.0,7.7333,0.5,0.0,6,2,True,1.0,0.05
j202799,1,delay_tolerant,0.5867,0.0,7.7333,0.5,0.0,4,2,False,1.0,0.0
j202799,1,delay_tolerant,0.5183,0.0,7.7333,0.5,0.0,4,2,True,1.0,0.05
j203076,1,delay_tolerant,1.2017,0.0,9.1333,0.5,0.0,4,2,False,1.0,0.0
j203076,1,delay_tolerant,1.1333,0.0,8.6667,0.5,0.0,4,2,False,1.0,0.0
j20311,1,token_batch,1.475,0.0,11.0,0.5,4565.397,5,1,True,1.0,0.084
j20334,1,delay_tolerant,0.655,0.0,7.7333,0.5,0.0,4,2,False,1.0,0.0
j204015,1,delay_tolerant,0.9967,0.0,7.7333,0.5,0.0,9,2,False,1.0,0.0
j204015,1,delay_tolerant,1.2017,0.0,9.1333,0.5,0.0,9,2,False,1.0,0.0
j204050,1,delay_tolerant,1.4067,0.2712,10.5333,0.5,0.0,4,2,False,1.0,0.0
j204050,1,token_batch,1.475,0.8743,11.0,0.5,3970.763,5,1,True,1.0,0.1574
j20527,1,token_batch,1.475,0.0,11.0,0.5,4198.11,8,1,True,1.0,0.1551
j205293,1,delay_tolerant,0.86,0.0,7.7333,0.5,0.0,6,2,False,1.0,0.0
j205303,1,delay_tolerant,1.065,0.0,8.2,0.5,0.0,7,2,False,1.0,0.0
j205303,1,delay_tolerant,0.5183,0.0,7.7333,0.5,0.0,4,2,False,1.0,0.0
j205303,1,token_batch,1.475,0.0,11.0,0.5,4195.479,7,1,False,1.0,0.0
j205373,1,delay_tolerant,0.5183,0.0,7.7333,0.5,0.0,4,2,True,1.0,0.0816
j205527,1,delay_tolerant,0.5183,0.0,7.7333,0.5,0.0,4,2,False,1.0,0.0
j205527,1,delay_sensitive,0.5183,0.0,7.7333,0.5,0.0,2,3,False,1.0,0.0
j205527,1,delay_tolerant,1.27,0.0,9.6,0.5,0.0,8,2,True,1.0,0.05
j205618,1,delay_tolerant,0.655,0.0,7.7333,0.5,0.0,6,2,True,1.0,0.0551
j205618,1,delay_tolerant,0.5183,0.0,7.7333,0.5,0.0,5,2,False,1.0,0.0
j206810,1,token_batch,1.475,0.0,11.0,0.5,4581.326,8,1,True,1.0,0.1283
j206810,1,delay_tolerant,0.9283,0.0,7.7333,0.5,0.0,8,2,False,1.0,0.0
j206810,1,delay_tolerant,0.86,0.0,7.7333,0.5,0.0,4,2,True,1.0,0.05
j20699,1,delay_tolerant,0.9283,0.0,7.7333,0.5,0.0,8,2,False,1.0,0.0
j207225,1,token_batch,1.475,0.0,11.0,0.5,3478.708,7,1,False,1.0,0.0
j207225,1,delay_tolerant,0.5183,0.0,7.7333,0.5,0.0,4,2,False,1.0,0.0
j207518,1,token_batch,1.475,1.282,11.0,0.5,3569.331,8,1,True,1.0,0.199
j207853,1,delay_tolerant,1.3383,0.0,10.0667,0.5,0.0,8,2,False,1.0,0.0
j208388,1,delay_tolerant,0.5183,0.0,7.7333,0.5,0.0,4,2,False,1.0,0.0
j208577,1,delay_tolerant,1.3383,0.0,10.0667,0.5,0.0,6,2,True,1.0,0.05
j208892,1,delay_tolerant,1.1333,0.0,8.6667,0.5,0.0,5,2,True,1.0,0.05
j209147,1,delay_tolerant,1.4067,0.0,10.5333,0.5,0.0,4,2,True,1.0,0.06
j20934,1,delay_tolerant,0.5183,0.0,7.7333,0.5,0.0,4,2,True,1.0,0.0401
j210481,1,delay_tolerant,1.065,0.0,8.2,0.5,0.0,7,2,True,1.0,0.05
j210618,1,delay_tolerant,1.27,0.0,9.6,0.5,0.0,4,2,True,1.0,0.05
j210619,1,token_batch,1.475,1.219,11.0,0.5,3813.289,8,1,True,1.0,0.05
j211330,1,token_batch,1.475,1.2861,11.0,0.5,3426.27,7,1,True,1.0,0.1895
j211330,1,token_batch,1.475,0.8652,11.0,0.5,4352.728,7,1,True,1.0,0.05
j211380,1,token_batch,1.475,0.8297,11.0,0.5,3923.762,7,1,True,1.0,0.05
j211690,1,delay_tolerant,0.7233,0.0,7.7333,0.5,0.0,4,2,True,1.0,0.0226
j211848,1,token_batch,1.475,0.8446,11.0,0.5,4055.357,5,1,True,1.0,0.05
j211849,1,delay_tolerant,0.9967,0.0,7.7333,0.5,0.0,4,2,True,1.0,0.025
j212047,1,token_batch,1.475,0.7669,11.0,0.5,3552.585,5,1,False,1.0,0.0
j212047,1,token_batch,1.475,0.8034,11.0,0.5,3693.03,5,1,False,1.0,0.0
j212787,1,delay_tolerant,0.9967,0.0,7.7333,0.5,0.0,4,2,False,1.0,0.0
j212787,1,token_batch,1.475,1.3802,11.0,0.5,3670.711,5,1,False,1.0,0.0
j213036,1,delay_tolerant,0.655,0.501,7.7333,0.5,0.0,4,2,True,1.0,0.05
j213036,1,token_batch,1.475,0.6479,11.0,0.5,3810.302,5,1,True,1.0,0.05
j213296,1,delay_tolerant,0.7917,0.0,7.7333,0.5,0.0,4,2,False,1.0,0.0
j215069,1,delay_tolerant,1.4067,0.0,10.5333,0.5,0.0,9,2,True,1.0,0.05
j217947,1,token_batch,1.475,0.0,11.0,0.5,3592.476,5,1,False,1.0,0.0
j220285,1,delay_tolerant,0.5183,0.0,7.7333,0.5,0.0,6,2,False,1.0,0.0
j220285,1,delay_tolerant,0.655,0.0,7.7333,0.5,0.0,6,2,False,1.0,0.0
j220285,1,delay_tolerant,0.9283,0.0,7.7333,0.5,0.0,4,2,True,1.0,0.05
j220285,1,delay_tolerant,1.27,0.0,9.6,0.5,0.0,6,2,True,1.0,0.05
j220420,1,delay_tolerant,0.86,0.0,7.7333,0.5,0.0,9,2,False,1.0,0.0
j220789,1,delay_tolerant,0.5183,0.0,7.7333,0.5,0.0,4,2,False,1.0,0.0
j220789,1,token_batch,1.6117,0.0,11.9333,0.5,4845.635,5,1,False,1.0,0.0
j220789,1,delay_tolerant,0.5183,0.0,7.7333,0.5,0.0,4,2,False,1.0,0.0
j220789,1,token_batch,2.5,0.6698,18.0,0.5,4604.272,5,1,True,1.0,0.05
j220789,1,delay_tolerant,1.4067,0.0,10.5333,0.5,0.0,4,2,True,1.0,0.0858
j221017,1,token_batch,1.475,1.4387,11.0,0.5,3853.166,5,1,True,1.0,0.158
j222426,1,delay_tolerant,1.1333,0.0,8.6667,0.5,0.0,4,2,True,1.0,0.05
j22248,1,delay_tolerant,0.86,0.0,7.7333,0.5,0.0,4,2,False,1.0,0.0
j22248,1,delay_tolerant,0.5183,0.0,7.7333,0.5,0.0,4,2,True,1.0,0.05
j22248,1,delay_tolerant,0.9967,0.0,7.7333,0.5,0.0,4,2,False,1.0,0.0
j22248,1,delay_tolerant,1.3383,0.0,10.0667,0.5,0.0,4,2,False,1.0,0.0
j222852,1,token_batch,2.5,0.5086,18.0,0.5,5132.351,8,1,False,1.0,0.0
j222852,1,delay_tolerant,0.5183,0.0,7.7333,0.5,0.0,4,2,False,1.0,0.0
j223123,1,delay_tolerant,0.5183,0.0,7.7333,0.5,0.0,9,2,True,1.0,0.05
j223123,1,token_batch,1.475,1.4972,11.0,0.5,4516.484,9,1,True,1.0,0.05
j223485,1,delay_tolerant,0.5183,0.0,7.7333,0.5,0.0,4,2,True,1.0,0.05
j224476,1,token_batch,1.475,0.7465,11.0,0.5,4365.066,8,1,True,1.0,0.1338
j22464,1,delay_tolerant,0.5867,0.0,7.7333,0.5,0.0,4,2,True,1.0,0.05
j22464,1,delay_tolerant,1.4067,0.0,10.5333,0.5,0.0,4,2,True,1.0,0.05
j22464,1,delay_tolerant,1.1333,0.0,8.6667,0.5,0.0,4,2,True,1.0,0.0774
j22464,1,delay_tolerant,1.1333,0.0,8.6667,0.5,0.0,4,2,True,1.0,0.05
j22464,1,token_batch,2.0217,1.022,14.7333,0.5,5112.957,5,1,True,1.0,0.05
j22464,1,delay_tolerant,1.1333,0.0,8.6667,0.5,0.0,4,2,False,1.0,0.0
j22464,1,delay_tolerant,0.86,0.0,7.7333,0.5,0.0,4,2,True,1.0,0.05
j22464,1,token_batch,1.6117,0.5223,11.9333,0.5,3939.276,5,1,True,1.0,0.05
j22464,1,delay_tolerant,1.065,0.0,8.2,0.5,0.0,4,2,True,1.0,0.05
j22464,1,token_batch,1.475,1.2628,11.0,0.5,3747.364,5,1,True,1.0,0.05
j22464,1,delay_tolerant,0.7917,0.0,7.7333,0.5,0.0,4,2,False,1.0,0.0
j22464,1,token_batch,1.885,0.882,13.8,0.5,4138.298,5,1,True,1.0,0.0962
j22464,1,token_batch,1.68,0.6556,12.4,0.5,3974.951,5,1,True,1.0,0.05
j224750,1,delay_tolerant,0.5183,0.0,7.7333,0.5,0.0,7,2,False,1.0,0.0
j225897,1,token_batch,1.475,0.7245,11.0,0.5,4138.532,7,1,False,1.0,0.0
j227041,1,delay_tolerant,0.5183,0.0,7.7333,0.5,0.0,4,2,False,1.0,0.0
j227041,1,token_batch,1.475,1.0093,11.0,0.5,3743.445,5,1,True,1.0,0.05
j227041,1,delay_tolerant,0.9967,0.0,7.7333,0.5,0.0,4,2,False,1.0,0.0
j227363,1,delay_sensitive,0.5183,0.0,7.7333,0.5,0.0,2,3,False,1.0,0.0
j227389,1,token_batch,1.475,1.3933,11.0,0.5,3570.812,8,1,True,1.0,0.05
j227574,1,delay_tolerant,1.065,0.0,8.2,0.5,0.0,4,2,False,1.0,0.0
j227729,1,delay_tolerant,0.5183,0.0,7.7333,0.5,0.0,4,2,True,1.0,0.0707
j227791,1,delay_tolerant,1.065,0.0,8.2,0.5,0.0,5,2,False,1.0,0.0
j227791,1,delay_tolerant,0.7917,0.0,7.7333,0.5,0.0,4,2,True,1.0,0.0525
j228270,1,token_batch,1.475,1.2941,11.0,0.5,3791.976,6,1,False,1.0,0.0
j230240,1,token_batch,1.475,0.0,11.0,0.5,4124.393,5,1,False,1.0,0.0
j231904,1,delay_tolerant,1.4067,0.0,10.5333,0.5,0.0,9,2,False,1.0,0.0
j23219,1,delay_tolerant,1.065,0.0,8.2,0.5,0.0,5,2,True,1.0,0.0628
j234007,1,token_batch,1.8167,0.8877,13.3333,0.5,5002.864,6,1,True,1.0,0.05
j234007,1,delay_tolerant,1.3383,0.0,10.0667,0.5,0.0,6,2,True,1.0,0.0302
j234007,1,token_batch,2.5,1.4099,18.0,0.5,4564.417,6,1,False,1.0,0.0
j234007,1,token_batch,2.5,1.0878,18.0,0.5,4673.911,7,1,True,1.0,0.05
j234007,1,token_batch,2.5,0.0,18.0,0.5,5140.247,6,1,True,1.0,0.1525
j234365,1,token_batch,1.475,0.8952,11.0,0.5,4362.083,5,1,True,1.0,0.05
j234365,1,delay_tolerant,1.2017,0.0,9.1333,0.5,0.0,4,2,True,1.0,0.0299
j235370,1,delay_tolerant,0.5867,0.0,7.7333,0.5,0.0,4,2,False,1.0,0.0
j235370,1,token_batch,1.475,0.5154,11.0,0.5,4426.382,5,1,True,1.0,0.05
j235512,1,delay_tolerant,0.7233,0.0,7.7333,0.5,0.0,4,2,True,1.0,0.05
j235620,1,token_batch,1.475,0.6552,11.0,0.5,3740.25,8,1,False,1.0,0.0
j236048,1,delay_tolerant,1.2017,0.0,9.1333,0.5,0.0,7,2,False,1.0,0.0
j236048,1,token_batch,1.475,1.1664,11.0,0.5,3804.662,8,1,True,1.0,0.1406
j236048,1,delay_tolerant,0.7233,0.0,7.7333,0.5,0.0,4,2,False,1.0,0.0
j236368,1,token_batch,1.475,0.0,11.0,0.5,4602.503,6,1,True,1.0,0.1111
j236433,1,delay_tolerant,0.7233,0.0,7.7333,0.5,0.0,7,2,False,1.0,0.0
j236433,1,token_batch,1.475,0.0,11.0,0.5,4541.677,7,1,False,1.0,0.0
j239230,1,token_batch,1.475,0.8866,11.0,0.5,4628.472,9,1,True,1.0,0.05
j239273,1,token_batch,1.475,0.7436,11.0,0.5,4143.563,6,1,False,1.0,0.0
j239506,1,delay_tolerant,1.4067,0.0,10.5333,0.5,0.0,6,2,False,1.0,0.0
j239524,1,delay_tolerant,1.27,0.0,9.6,0.5,0.0,6,2,True,1.0,0.0523
j239599,1,delay_tolerant,0.5867,0.0,7.7333,0.5,0.0,4,2,False,1.0,0.0
j239637,1,delay_tolerant,0.5867,0.0,7.7333,0.5,0.0,4,2,False,1.0,0.0
j239637,1,delay_tolerant,0.5183,0.0,7.7333,0.5,0.0,4,2,False,1.0,0.0
j240454,1,token_batch,1.475,0.889,11.0,0.5,4229.473,6,1,True,1.0,0.05
j24180,1,delay_tolerant,0.5867,0.4548,7.7333,0.5,0.0,4,2,False,1.0,0.0
j242410,1,token_batch,2.5,0.0,18.0,0.5,4581.704,9,1,False,1.0,0.0
j242410,1,token_batch,2.5,0.6167,18.0,0.5,5039.14,5,1,True,1.0,0.05
j242809,1,delay_tolerant,0.9967,0.0,7.7333,0.5,0.0,6,2,True,1.0,0.05
j243270,1,delay_tolerant,0.5183,0.0,7.7333,0.5,0.0,4,2,False,1.0,0.0
j244062,1,delay_tolerant,1.2017,0.0,9.1333,0.5,0.0,6,2,True,1.0,0.05
j244873,1,delay_tolerant,0.7917,0.0,7.7333,0.5,0.0,5,2,False,1.0,0.0
j244894,1,delay_tolerant,0.9283,0.0,7.7333,0.5,0.0,7,2,False,1.0,0.0
j246800,1,token_batch,1.475,1.4218,11.0,0.5,3819.021,5,1,False,1.0,0.0
j248026,1,delay_tolerant,0.5183,0.0,7.7333,0.5,0.0,4,2,False,1.0,0.0
j248527,1,delay_tolerant,1.4067,0.0,10.5333,0.5,0.0,5,2,False,1.0,0.0
j248527,1,delay_tolerant,0.5183,0.0,7.7333,0.5,0.0,4,2,False,1.0,0.0
j248527,1,token_batch,1.475,1.058,11.0,0.5,4569.601,5,1,False,1.0,0.0
j248606,1,delay_tolerant,0.5867,0.0,7.7333,0.5,0.0,6,2,True,1.0,0.05
j249654,1,delay_tolerant,0.655,0.0,7.7333,0.5,0.0,4,2,True,1.0,0.05
j249654,1,token_batch,1.475,0.0,11.0,0.5,3802.067,6,1,False,1.0,0.0
j25025,1,delay_tolerant,0.655,0.0,7.7333,0.5,0.0,8,2,False,1.0,0.0
j25025,1,delay_tolerant,0.5183,0.0,7.7333,0.5,0.0,8,2,False,1.0,0.0
j250694,1,delay_tolerant,0.5867,0.4387,7.7333,0.5,0.0,4,2,False,1.0,0.0
j250694,1,delay_tolerant,0.5183,0.0,7.7333,0.5,0.0,4,2,True,1.0,0.0956
j250694,1,token_batch,2.5,0.9474,18.0,0.5,5392.126,5,1,True,1.0,0.05
j250694,1,delay_tolerant,0.5183,0.0,7.7333,0.5,0.0,4,2,True,1.0,0.0201
j250694,1,delay_tolerant,1.2017,0.4031,9.1333,0.5,0.0,4,2,False,1.0,0.0
j250847,1,delay_tolerant,0.5183,0.0,7.7333,0.5,0.0,9,2,False,1.0,0.0
j250941,1,token_batch,1.475,0.0,11.0,0.5,4112.152,5,1,True,1.0,0.1056
j250941,1,delay_tolerant,1.3383,0.0,10.0667,0.5,0.0,4,2,True,1.0,0.05
j251197,1,delay_tolerant,0.5183,0.0,7.7333,0.5,0.0,4,2,False,1.0,0.0
j251197,1,delay_tolerant,0.7233,0.0,7.7333,0.5,0.0,4,2,False,1.0,0.0
j251294,1,delay_tolerant,0.7917,0.0,7.7333,0.5,0.0,4,2,True,1.0,0.0782
j251591,1,delay_tolerant,1.27,0.0,9.6,0.5,0.0,5,2,True,1.0,0.0628
j251591,1,delay_tolerant,1.3383,0.0,10.0667,0.5,0.0,5,2,False,1.0,0.0
j251684,1,token_batch,1.475,0.0,11.0,0.5,3448.363,7,1,False,1.0,0.0
j251703,1,delay_tolerant,0.7233,0.0,7.7333,0.5,0.0,4,2,True,1.0,0.0831
j25199,1,delay_tolerant,0.5183,0.0,7.7333,0.5,0.0,8,2,True,1.0,0.0732
j252864,1,delay_tolerant,0.5183,0.0,7.7333,0.5,0.0,4,2,False,1.0,0.0
j252959,1,token_batch,1.475,0.5383,11.0,0.5,4429.16,7,1,False,1.0,0.0
j252959,1,token_batch,1.475,0.0,11.0,0.5,4455.362,7,1,False,1.0,0.0
j254516,1,delay_tolerant,0.5867,0.0,7.7333,0.5,0.0,6,2,True,1.0,0.05
j254516,1,delay_tolerant,0.655,0.0,7.7333,0.5,0.0,6,2,False,1.0,0.0
j254690,1,delay_tolerant,0.655,0.0,7.7333,0.5,0.0,4,2,True,1.0,0.0981
j255000,1,token_batch,1.475,0.0,11.0,0.5,4267.399,6,1,False,1.0,0.0
j255185,1,delay_tolerant,0.5183,0.0,7.7333,0.5,0.0,4,2,False,1.0,0.0
j255207,1,delay_tolerant,1.2017,0.0,9.1333,0.5,0.0,4,2,False,1.0,0.0
j255207,1,delay_tolerant,1.2017,0.0,9.1333,0.5,0.0,4,2,True,1.0,0.05
j256224,1,delay_tolerant,1.2017,0.0,9.1333,0.5,0.0,7,2,True,1.0,0.05
j256647,1,delay_tolerant,0.5183,0.0,7.7333,0.5,0.0,7,2,True,1.0,0.05
j256647,1,token_batch,1.475,1.0754,11.0,0.5,3476.344,7,1,False,1.0,0.0
j256647,1,delay_tolerant,1.065,0.0,8.2,0.5,0.0,7,2,True,1.0,0.05
j256647,1,delay_tolerant,0.655,0.0,7.7333,0.5,0.0,4,2,False,1.0,0.0
j256647,1,token_batch,1.475,0.8402,11.0,0.5,4047.081,7,1,False,1.0,0.0
j256869,1,token_batch,1.475,1.2296,11.0,0.5,4191.914,6,1,False,1.0,0.0
j256869,1,token_batch,1.475,0.8606,11.0,0.5,4577.614,6,1,False,1.0,0.0
j256966,1,token_batch,1.475,0.5422,11.0,0.5,4621.383,5,1,True,1.0,0.05
j256966,1,delay_tolerant,1.2017,0.0,9.1333,0.5,0.0,5,2,False,1.0,0.0
j257354,1,token_batch,1.475,0.0,11.0,0.5,4263.27,8,1,True,1.0,0.101
j257354,1,token_batch,1.475,1.3693,11.0,0.5,3629.331,7,1,True,1.0,0.05
j257876,1,token_batch,1.475,0.9485,11.0,0.5,4564.691,5,1,False,1.0,0.0
j257876,1,delay_tolerant,1.4067,0.0,10.5333,0.5,0.0,5,2,True,1.0,0.05
j258468,1,delay_tolerant,1.27,0.0,9.6,0.5,0.0,5,2,False,1.0,0.0
j259736,1,delay_tolerant,0.7233,0.0,7.7333,0.5,0.0,4,2,False,1.0,0.0
j259744,1,delay_tolerant,0.5183,0.0,7.7333,0.5,0.0,4,2,True,1.0,0.0432
j259744,1,token_batch,1.475,1.3662,11.0,0.5,3808.693,5,1,True,1.0,0.05
j259744,1,token_batch,1.475,0.0,11.0,0.5,4546.314,5,1,False,1.0,0.0
j260782,1,token_batch,1.475,1.1146,11.0,0.5,4253.441,6,1,False,1.0,0.0
j261061,1,token_batch,2.5,0.5654,18.0,0.5,5552.619,6,1,False,1.0,0.0
j261061,1,token_batch,2.5,0.0,18.0,0.5,4429.616,7,1,True,1.0,0.1699
j261061,1,token_batch,1.8167,1.4149,13.3333,0.5,4242.652,6,1,True,1.0,0.1959
j261061,1,token_batch,1.7483,1.0665,12.8667,0.5,3954.064,5,1,True,1.0,0.1806
j261061,1,token_batch,1.8167,0.8323,13.3333,0.5,5294.891,5,1,False,1.0,0.0
j261092,1,token_batch,1.475,0.505,11.0,0.5,4499.633,5,1,True,1.0,0.1188
j262312,1,token_batch,1.475,1.2224,11.0,0.5,3771.553,8,1,True,1.0,0.05
j262713,1,delay_tolerant,0.7233,0.0,7.7333,0.5,0.0,4,2,False,1.0,0.0
j262744,1,delay_tolerant,0.5183,0.0,7.7333,0.5,0.0,4,2,False,1.0,0.0
j263174,1,delay_tolerant,1.1333,0.0,8.6667,0.5,0.0,5,2,False,1.0,0.0
j263356,1,delay_tolerant,0.9967,0.2237,7.7333,0.5,0.0,8,2,False,1.0,0.0
j263791,1,delay_tolerant,0.9283,0.0,7.7333,0.5,0.0,7,2,False,1.0,0.0
j263791,1,delay_tolerant,0.7233,0.0,7.7333,0.5,0.0,8,2,False,1.0,0.0
j263791,1,token_batch,1.475,1.1703,11.0,0.5,4272.528,7,1,True,1.0,0.05
j263791,1,token_batch,1.475,1.4228,11.0,0.5,4260.494,8,1,True,1.0,0.05
j263791,1,token_batch,1.475,0.7087,11.0,0.5,3487.735,7,1,True,1.0,0.0958
j264180,1,delay_tolerant,0.5183,0.0,7.7333,0.5,0.0,7,2,False,1.0,0.0
j264180,1,token_batch,1.475,0.8219,11.0,0.5,3440.263,7,1,True,1.0,0.05
j264180,1,delay_tolerant,1.065,0.0,8.2,0.5,0.0,6,2,True,1.0,0.05
j264337,1,delay_tolerant,0.5867,0.0,7.7333,0.5,0.0,4,2,False,1.0,0.0
j264337,1,delay_tolerant,0.7233,0.0,7.7333,0.5,0.0,4,2,False,1.0,0.0
j265250,1,delay_tolerant,0.9967,0.3176,7.7333,0.5,0.0,6,2,False,1.0,0.0
j265251,1,delay_tolerant,1.4067,0.0,10.5333,0.5,0.0,6,2,True,1.0,0.05
j265251,1,delay_tolerant,1.2017,0.0,9.1333,0.5,0.0,6,2,True,1.0,0.0634
j265251,1,delay_tolerant,0.655,0.0,7.7333,0.5,0.0,4,2,False,1.0,0.0
j265697,1,delay_tolerant,0.9967,0.0,7.7333,0.5,0.0,4,2,True,1.0,0.05
j265697,1,delay_tolerant,1.065,0.0,8.2,0.5,0.0,4,2,False,1.0,0.0
j266072,1,delay_tolerant,0.5867,0.0,7.7333,0.5,0.0,4,2,True,1.0,0.0388
j266072,1,token_batch,2.1583,1.0755,15.6667,0.5,5096.242,7,1,True,1.0,0.05
j266072,1,delay_tolerant,0.5183,0.0,7.7333,0.5,0.0,7,2,True,1.0,0.05
j266072,1,delay_tolerant,1.065,0.0,8.2,0.5,0.0,6,2,False,1.0,0.0
j266390,1,delay_tolerant,1.2017,0.0,9.1333,0.5,0.0,4,2,False,1.0,0.0
j266700,1,token_batch,1.475,1.1213,11.0,0.5,3443.856,7,1,False,1.0,0.0
j266700,1,delay_tolerant,1.27,0.0,9.6,0.5,0.0,7,2,False,1.0,0.0
j266990,1,delay_tolerant,0.5183,0.0,7.7333,0.5,0.0,4,2,False,1.0,0.0
j267676,1,delay_tolerant,0.5183,0.5352,7.7333,0.5,0.0,7,2,False,1.0,0.0
j267676,1,delay_tolerant,0.5183,0.0,7.7333,0.5,0.0,4,2,True,1.0,0.05
j268883,1,token_batch,2.5,1.4005,18.0,0.5,4653.601,5,1,True,1.0,0.05
j268883,1,delay_tolerant,0.5183,0.0,7.7333,0.5,0.0,4,2,False,1.0,0.0
j268883,1,delay_sensitive,0.5183,0.0,7.7333,0.5,0.0,2,3,False,1.0,0.0
j268883,1,token_batch,2.5,0.7631,18.0,0.5,4881.281,9,1,True,1.0,0.0835
j2691,1,delay_tolerant,0.5183,0.0,7.7333,0.5,0.0,4,2,False,1.0,0.0
j2691,1,delay_tolerant,0.5183,0.0,7.7333,0.5,0.0,4,2,True,1.0,0.05
j270470,1,delay_tolerant,0.5183,0.0,7.7333,0.5,0.0,4,2,True,1.0,0.05
j271140,1,delay_tolerant,0.5183,0.0,7.7333,0.5,0.0,8,2,True,1.0,0.0334
j271802,1,delay_tolerant,0.86,0.0,7.7333,0.5,0.0,7,2,True,1.0,0.05
j271802,1,delay_tolerant,0.5867,0.0,7.7333,0.5,0.0,7,2,True,1.0,0.0515
j272164,1,token_batch,1.8167,1.0444,13.3333,0.5,4634.078,5,1,False,1.0,0.0
j272164,1,delay_tolerant,0.9967,0.0,7.7333,0.5,0.0,4,2,True,1.0,0.0382
j272510,1,delay_tolerant,1.4067,0.5131,10.5333,0.5,0.0,7,2,False,1.0,0.0
j273788,1,token_batch,1.475,0.8304,11.0,0.5,4275.753,5,1,False,1.0,0.0
j273788,1,token_batch,1.475,0.7685,11.0,0.5,4435.241,5,1,True,1.0,0.1112
j274846,1,delay_tolerant,0.9283,0.0,7.7333,0.5,0.0,9,2,False,1.0,0.0
j274846,1,delay_tolerant,0.5183,0.0,7.7333,0.5,0.0,4,2,False,1.0,0.0
j274846,1,delay_tolerant,1.4067,0.0,10.5333,0.5,0.0,9,2,True,1.0,0.0777
j274846,1,delay_tolerant,1.4067,0.0,10.5333,0.5,0.0,9,2,False,1.0,0.0
j277932,1,delay_tolerant,0.7233,0.0,7.7333,0.5,0.0,4,2,False,1.0,0.0
j277932,1,delay_tolerant,0.5183,0.0,7.7333,0.5,0.0,4,2,False,1.0,0.0
j278407,1,token_batch,1.475,0.9513,11.0,0.5,4469.689,5,1,True,1.0,0.05
j278645,1,delay_tolerant,1.065,0.0,8.2,0.5,0.0,4,2,True,1.0,0.05
j278652,1,delay_tolerant,0.9967,0.0,7.7333,0.5,0.0,4,2,False,1.0,0.0
j278652,1,delay_tolerant,1.4067,0.0,10.5333,0.5,0.0,4,2,False,1.0,0.0
j278727,1,token_batch,2.5,0.4028,18.0,0.5,4718.005,5,1,True,1.0,0.05
j278922,1,token_batch,2.5,0.5021,18.0,0.5,4183.401,5,1,False,1.0,0.0
j279253,1,delay_tolerant,0.7917,0.0,7.7333,0.5,0.0,9,2,False,1.0,0.0
j279580,1,delay_sensitive,0.5183,0.0,7.7333,0.5,0.0,2,3,False,1.0,0.0
j279637,1,delay_tolerant,1.1333,0.0,8.6667,0.5,0.0,4,2,False,1.0,0.0
j279637,1,delay_tolerant,0.5183,0.0,7.7333,0.5,0.0,4,2,False,1.0,0.0
j279637,1,token_batch,1.475,0.0,11.0,0.5,4349.608,5,1,True,1.0,0.1332
j279637,1,token_batch,1.475,0.7334,11.0,0.5,3682.033,6,1,False,1.0,0.0
j280279,1,delay_tolerant,1.2017,0.0,9.1333,0.5,0.0,7,2,True,1.0,0.05
j280529,1,delay_tolerant,0.5183,0.0,7.7333,0.5,0.0,9,2,False,1.0,0.0
j280686,1,delay_tolerant,0.86,0.0,7.7333,0.5,0.0,6,2,False,1.0,0.0
j28107,1,delay_tolerant,0.9967,0.0,7.7333,0.5,0.0,8,2,False,1.0,0.0
j281692,1,delay_tolerant,1.4067,0.0,10.5333,0.5,0.0,7,2,True,1.0,0.05
j282214,1,delay_tolerant,0.7233,0.3953,7.7333,0.5,0.0,4,2,True,1.0,0.0853
j282214,1,delay_tolerant,1.27,0.0,9.6,0.5,0.0,6,2,True,1.0,0.05
j282214,1,delay_tolerant,0.7917,0.0,7.7333,0.5,0.0,4,2,False,1.0,0.0
j282244,1,delay_tolerant,1.2017,0.0,9.1333,0.5,0.0,4,2,True,1.0,0.0535
j282244,1,token_batch,1.475,0.9953,11.0,0.5,3505.365,5,1,False,1.0,0.0
j282692,1,delay_tolerant,0.7917,0.0,7.7333,0.5,0.0,4,2,False,1.0,0.0
j283512,1,delay_tolerant,1.2017,0.5311,9.1333,0.5,0.0,5,2,True,1.0,0.05
j284258,1,delay_tolerant,0.655,0.0,7.7333,0.5,0.0,4,2,False,1.0,0.0
j284258,1,delay_tolerant,0.7233,0.0,7.7333,0.5,0.0,4,2,False,1.0,0.0
j284593,1,delay_tolerant,0.9967,0.0,7.7333,0.5,0.0,6,2,True,1.0,0.0689
j285755,1,delay_tolerant,0.5867,0.2088,7.7333,0.5,0.0,4,2,False,1.0,0.0
j286595,1,delay_tolerant,0.7233,0.0,7.7333,0.5,0.0,4,2,False,1.0,0.0
j286595,1,delay_tolerant,1.2017,0.0,9.1333,0.5,0.0,4,2,True,1.0,0.05
j286595,1,delay_tolerant,0.5183,0.0,7.7333,0.5,0.0,8,2,False,1.0,0.0
j286595,1,delay_tolerant,0.5183,0.0,7.7333,0.5,0.0,4,2,False,1.0,0.0
j286595,1,delay_tolerant,1.27,0.0,9.6,0.5,0.0,8,2,True,1.0,0.05
j286903,1,delay_tolerant,0.9283,0.0,7.7333,0.5,0.0,8,2,False,1.0,0.0
j287224,1,delay_tolerant,0.7917,0.0,7.7333,0.5,0.0,9,2,True,1.0,0.05
j287224,1,delay_tolerant,0.5183,0.0,7.7333,0.5,0.0,8,2,True,1.0,0.0761
j287696,1,delay_tolerant,1.4067,0.0,10.5333,0.5,0.0,6,2,True,1.0,0.0654
j287924,1,delay_tolerant,0.7233,0.0,7.7333,0.5,0.0,4,2,False,1.0,0.0
j287924,1,delay_tolerant,1.27,0.0,9.6,0.5,0.0,4,2,True,1.0,0.0403
j287924,1,delay_tolerant,0.5867,0.487,7.7333,0.5,0.0,4,2,True,1.0,0.0778
j287924,1,delay_tolerant,1.4067,0.0,10.5333,0.5,0.0,4,2,False,1.0,0.0
j288233,1,token_batch,1.475,0.899,11.0,0.5,3524.394,6,1,False,1.0,0.0
j288233,1,delay_tolerant,0.5183,0.0,7.7333,0.5,0.0,4,2,False,1.0,0.0
j288269,1,delay_tolerant,1.4067,0.0,10.5333,0.5,0.0,6,2,False,1.0,0.0
j288269,1,delay_tolerant,0.5183,0.0,7.7333,0.5,0.0,4,2,False,1.0,0.0
j288291,1,delay_tolerant,0.655,0.0,7.7333,0.5,0.0,6,2,False,1.0,0.0
j288320,1,delay_tolerant,1.4067,0.0,10.5333,0.5,0.0,6,2,True,1.0,0.05
j288955,1,delay_sensitive,0.5183,0.0,7.7333,0.5,0.0,2,3,False,1.0,0.0
j289121,1,token_batch,1.475,0.4104,11.0,0.5,3710.322,8,1,True,1.0,0.05
j289121,1,delay_tolerant,1.2017,0.0,9.1333,0.5,0.0,8,2,False,1.0,0.0
j28928,1,delay_tolerant,0.7917,0.0,7.7333,0.5,0.0,7,2,False,1.0,0.0
j28928,1,delay_tolerant,0.5867,0.5831,7.7333,0.5,0.0,4,2,False,1.0,0.0
j290862,1,token_batch,1.475,0.5675,11.0,0.5,3985.788,9,1,False,1.0,0.0
j293305,1,token_batch,1.475,1.0584,11.0,0.5,4499.554,5,1,False,1.0,0.0
j293305,1,token_batch,1.475,0.0,11.0,0.5,3936.785,5,1,False,1.0,0.0
j29337,1,delay_tolerant,1.4067,0.0,10.5333,0.5,0.0,6,2,True,1.0,0.0384
j29337,1,delay_tolerant,0.5183,0.0,7.7333,0.5,0.0,6,2,False,1.0,0.0
j29337,1,delay_tolerant,1.065,0.2649,8.2,0.5,0.0,6,2,False,1.0,0.0
j29337,1,token_batch,1.475,1.3119,11.0,0.5,4624.541,7,1,True,1.0,0.05
j293917,1,delay_tolerant,0.5183,0.0,7.7333,0.5,0.0,6,2,False,1.0,0.0
j293917,1,token_batch,1.7483,1.3248,12.8667,0.5,5051.349,5,1,True,1.0,0.05
j293917,1,token_batch,1.6117,0.4091,11.9333,0.5,4434.194,5,1,False,1.0,0.0
j293983,1,delay_tolerant,1.4067,0.2625,10.5333,0.5,0.0,6,2,False,1.0,0.0
j293983,1,delay_tolerant,0.5183,0.0,7.7333,0.5,0.0,4,2,True,1.0,0.05
j294367,1,delay_tolerant,1.065,0.0,8.2,0.5,0.0,6,2,False,1.0,0.0
j295142,1,token_batch,1.475,0.9533,11.0,0.5,4386.325,7,1,True,1.0,0.1117
j295597,1,token_batch,1.475,0.7384,11.0,0.5,4165.566,9,1,True,1.0,0.05
j295746,1,delay_tolerant,0.5867,0.2422,7.7333,0.5,0.0,8,2,False,1.0,0.0
j295746,1,delay_tolerant,0.7917,0.0,7.7333,0.5,0.0,4,2,False,1.0,0.0
j296087,1,delay_tolerant,1.27,0.0,9.6,0.5,0.0,4,2,False,1.0,0.0
j296087,1,token_batch,2.5,0.0,18.0,0.5,4938.193,5,1,False,1.0,0.0
j296279,1,token_batch,1.475,0.548,11.0,0.5,4069.972,5,1,True,1.0,0.05
j296907,1,token_batch,1.475,0.4478,11.0,0.5,4323.496,9,1,True,1.0,0.05
j297383,1,delay_tolerant,0.86,0.0,7.7333,0.5,0.0,6,2,True,1.0,0.0453
j297383,1,delay_tolerant,1.3383,0.0,10.0667,0.5,0.0,6,2,True,1.0,0.05
j298487,1,delay_tolerant,1.4067,0.0,10.5333,0.5,0.0,5,2,True,1.0,0.05
j298487,1,token_batch,1.475,1.27,11.0,0.5,4030.507,5,1,True,1.0,0.05
j299376,1,token_batch,1.475,0.7208,11.0,0.5,3649.152,6,1,True,1.0,0.0943
j299381,1,delay_tolerant,1.3383,0.0,10.0667,0.5,0.0,4,2,True,1.0,0.0654
j300460,1,token_batch,1.475,0.6511,11.0,0.5,4281.519,6,1,True,1.0,0.1441
j301425,1,delay_tolerant,1.27,0.0,9.6,0.5,0.0,7,2,False,1.0,0.0
j30150,1,delay_tolerant,0.86,0.0,7.7333,0.5,0.0,4,2,False,1.0,0.0
j303047,1,delay_tolerant,0.86,0.0,7.7333,0.5,0.0,4,2,False,1.0,0.0
j303047,1,token_batch,1.475,0.0,11.0,0.5,3667.796,6,1,True,1.0,0.1039
j303235,1,token_batch,1.475,0.7424,11.0,0.5,3479.565,9,1,False,1.0,0.0
j303792,1,delay_tolerant,0.7233,0.0,7.7333,0.5,0.0,4,2,True,1.0,0.041
j304747,1,token_batch,1.475,0.0,11.0,0.5,3727.839,6,1,True,1.0,0.1247
j304747,1,delay_tolerant,0.5183,0.0,7.7333,0.5,0.0,6,2,False,1.0,0.0
j305261,1,token_batch,1.475,1.1923,11.0,0.5,3849.337,6,1,False,1.0,0.0
j305880,1,delay_tolerant,0.86,0.0,7.7333,0.5,0.0,8,2,False,1.0,0.0
j306032,1,token_batch,1.475,0.6403,11.0,0.5,3527.261,8,1,False,1.0,0.0
j306552,1,token_batch,1.475,0.9581,11.0,0.5,4118.408,9,1,True,1.0,0.05
j306552,1,delay_tolerant,1.1333,0.0,8.6667,0.5,0.0,9,2,True,1.0,0.0238
j30663,1,delay_tolerant,1.27,0.0,9.6,0.5,0.0,5,2,False,1.0,0.0
j30663,1,delay_tolerant,0.655,0.582,7.7333,0.5,0.0,4,2,True,1.0,0.05
j307086,1,token_batch,1.475,0.0,11.0,0.5,4299.0,5,1,False,1.0,0.0
j307815,1,token_batch,1.475,0.7073,11.0,0.5,4132.383,9,1,True,1.0,0.05
j307815,1,delay_tolerant,1.3383,0.3368,10.0667,0.5,0.0,9,2,True,1.0,0.05
j307815,1,delay_tolerant,0.7233,0.0,7.7333,0.5,0.0,4,2,False,1.0,0.0
j307815,1,delay_tolerant,0.5867,0.554,7.7333,0.5,0.0,8,2,True,1.0,0.0623
j307815,1,token_batch,1.475,1.2561,11.0,0.5,4290.836,9,1,False,1.0,0.0
j311428,1,delay_tolerant,0.5183,0.0,7.7333,0.5,0.0,4,2,False,1.0,0.0
j312483,1,delay_tolerant,0.5183,0.0,7.7333,0.5,0.0,4,2,True,1.0,0.05
j312483,1,delay_tolerant,0.5183,0.0,7.7333,0.5,0.0,4,2,True,1.0,0.05
j312483,1,delay_tolerant,1.2017,0.0,9.1333,0.5,0.0,5,2,False,1.0,0.0
j313374,1,delay_tolerant,0.9283,0.0,7.7333,0.5,0.0,5,2,False,1.0,0.0
j313374,1,delay_tolerant,1.27,0.0,9.6,0.5,0.0,6,2,False,1.0,0.0
j314318,1,delay_tolerant,1.2017,0.0,9.1333,0.5,0.0,4,2,False,1.0,0.0
j314703,1,delay_tolerant,1.2017,0.0,9.1333,0.5,0.0,5,2,True,1.0,0.05
j314765,1,delay_tolerant,1.4067,0.0,10.5333,0.5,0.0,4,2,False,1.0,0.0
j31480,1,delay_tolerant,1.1333,0.0,8.6667,0.5,0.0,5,2,False,1.0,0.0
j31488,1,delay_tolerant,1.4067,0.5864,10.5333,0.5,0.0,6,2,False,1.0,0.0
j31488,1,token_batch,1.475,0.918,11.0,0.5,3873.658,5,1,False,1.0,0.0
j316354,1,delay_tolerant,0.5183,0.0,7.7333,0.5,0.0,4,2,True,1.0,0.0522
j316354,1,delay_tolerant,0.5183,0.0,7.7333,0.5,0.0,4,2,False,1.0,0.0
j316836,1,token_batch,1.475,0.7166,11.0,0.5,4511.268,7,1,True,1.0,0.05
j316836,1,delay_tolerant,0.7233,0.0,7.7333,0.5,0.0,6,2,False,1.0,0.0
j318966,1,delay_tolerant,1.065,0.0,8.2,0.5,0.0,7,2,False,1.0,0.0
j319450,1,delay_tolerant,1.2017,0.0,9.1333,0.5,0.0,9,2,True,1.0,0.0828
j319521,1,delay_tolerant,0.655,0.0,7.7333,0.5,0.0,4,2,True,1.0,0.05
j319521,1,delay_tolerant,0.9967,0.0,7.7333,0.5,0.0,4,2,False,1.0,0.0
j319580,1,delay_tolerant,1.27,0.0,9.6,0.5,0.0,4,2,False,1.0,0.0
j3200,1,delay_tolerant,1.1333,0.0,8.6667,0.5,0.0,4,2,True,1.0,0.05
j320600,1,delay_tolerant,0.7917,0.0,7.7333,0.5,0.0,7,2,True,1.0,0.05
j320600,1,delay_tolerant,1.4067,0.0,10.5333,0.5,0.0,7,2,False,1.0,0.0
j320619,1,delay_tolerant,0.9283,0.0,7.7333,0.5,0.0,4,2,True,1.0,0.05
j320619,1,token_batch,1.475,0.9215,11.0,0.5,3708.042,5,1,True,1.0,0.05
j320619,1,token_batch,1.475,0.5168,11.0,0.5,4310.17,5,1,True,1.0,0.05
j320847,1,delay_tolerant,1.4067,0.2472,10.5333,0.5,0.0,6,2,False,1.0,0.0
j320942,1,delay_tolerant,0.5183,0.0,7.7333,0.5,0.0,7,2,True,1.0,0.0252
j321042,1,delay_tolerant,1.4067,0.0,10.5333,0.5,0.0,9,2,False,1.0,0.0
j321042,1,delay_tolerant,0.9283,0.0,7.7333,0.5,0.0,9,2,False,1.0,0.0
j321042,1,delay_tolerant,1.1333,0.0,8.6667,0.5,0.0,8,2,True,1.0,0.056
j321042,1,delay_tolerant,0.5867,0.0,7.7333,0.5,0.0,4,2,False,1.0,0.0
j321885,1,delay_tolerant,0.86,0.0,7.7333,0.5,0.0,8,2,True,1.0,0.05
j323009,1,delay_tolerant,0.5867,0.0,7.7333,0.5,0.0,4,2,True,1.0,0.0394
j323009,1,delay_tolerant,0.86,0.4281,7.7333,0.5,0.0,6,2,False,1.0,0.0
j323438,1,delay_tolerant,1.27,0.0,9.6,0.5,0.0,7,2,True,1.0,0.05
j323438,1,delay_tolerant,1.2017,0.0,9.1333,0.5,0.0,7,2,False,1.0,0.0
j325170,1,token_batch,1.475,0.0,11.0,0.5,3781.661,9,1,True,1.0,0.171
j325911,1,delay_tolerant,1.27,0.0,9.6,0.5,0.0,8,2,True,1.0,0.05
j326118,1,token_batch,1.475,0.0,11.0,0.5,4266.302,8,1,False,1.0,0.0
j326118,1,token_batch,1.475,0.0,11.0,0.5,4362.871,8,1,True,1.0,0.1864
j326118,1,token_batch,1.475,0.0,11.0,0.5,3556.499,8,1,False,1.0,0.0
j326565,1,delay_tolerant,0.5183,0.0,7.7333,0.5,0.0,4,2,False,1.0,0.0
j32664,1,delay_tolerant,0.7917,0.0,7.7333,0.5,0.0,7,2,True,1.0,0.0835
j327847,1,delay_tolerant,0.9967,0.0,7.7333,0.5,0.0,7,2,True,1.0,0.05
j327847,1,delay_tolerant,1.27,0.0,9.6,0.5,0.0,7,2,False,1.0,0.0
j327847,1,token_batch,1.475,0.0,11.0,0.5,3682.018,8,1,False,1.0,0.0
j327847,1,delay_tolerant,0.9283,0.0,7.7333,0.5,0.0,4,2,True,1.0,0.05
j328007,1,delay_tolerant,0.5867,0.0,7.7333,0.5,0.0,7,2,False,1.0,0.0
j328814,1,delay_tolerant,0.5183,0.0,7.7333,0.5,0.0,4,2,False,1.0,0.0
j32882,1,delay_sensitive,0.5183,0.0,7.7333,0.5,0.0,2,3,False,1.0,0.0
j329033,1,delay_tolerant,0.9283,0.2228,7.7333,0.5,0.0,6,2,True,1.0,0.0598
j330583,1,delay_tolerant,0.5183,0.3666,7.7333,0.5,0.0,4,2,False,1.0,0.0
j330846,1,delay_tolerant,1.2017,0.0,9.1333,0.5,0.0,4,2,False,1.0,0.0
j330846,1,delay_tolerant,1.2017,0.0,9.1333,0.5,0.0,6,2,True,1.0,0.05
j330846,1,delay_tolerant,1.065,0.0,8.2,0.5,0.0,4,2,True,1.0,0.0231
j330846,1,delay_tolerant,0.86,0.0,7.7333,0.5,0.0,5,2,False,1.0,0.0
j330846,1,delay_tolerant,1.1333,0.0,8.6667,0.5,0.0,4,2,False,1.0,0.0
j330846,1,delay_tolerant,0.5183,0.0,7.7333,0.5,0.0,4,2,True,1.0,0.05
j330846,1,delay_tolerant,1.4067,0.0,10.5333,0.5,0.0,4,2,False,1.0,0.0
j331420,1,delay_tolerant,0.5183,0.0,7.7333,0.5,0.0,4,2,False,1.0,0.0
j333087,1,token_batch,2.295,1.4609,16.6,0.5,4429.337,5,1,False,1.0,0.0
j333087,1,delay_tolerant,1.27,0.0,9.6,0.5,0.0,7,2,True,1.0,0.0813
j333087,1,delay_tolerant,1.27,0.0,9.6,0.5,0.0,8,2,True,1.0,0.028
j333087,1,token_batch,2.1583,1.4448,15.6667,0.5,4937.506,5,1,True,1.0,0.1646
j333087,1,token_batch,2.2267,0.6232,16.1333,0.5,4039.038,5,1,False,1.0,0.0
j333087,1,token_batch,2.5,0.0,18.0,0.5,5542.464,6,1,False,1.0,0.0
j333087,1,token_batch,2.5,0.0,18.0,0.5,5107.186,5,1,True,1.0,0.1775
j333087,1,delay_tolerant,1.1333,0.4285,8.6667,0.5,0.0,7,2,True,1.0,0.05
j333087,1,token_batch,1.475,0.713,11.0,0.5,4066.972,5,1,True,1.0,0.1011
j333087,1,token_batch,2.5,0.0,18.0,0.5,5108.421,5,1,False,1.0,0.0
j333157,1,delay_tolerant,1.3383,0.0,10.0667,0.5,0.0,8,2,True,1.0,0.05
j333157,1,token_batch,1.475,1.1269,11.0,0.5,3804.864,7,1,True,1.0,0.05
j333157,1,delay_tolerant,1.1333,0.0,8.6667,0.5,0.0,8,2,False,1.0,0.0
j334795,1,delay_tolerant,0.5183,0.0,7.7333,0.5,0.0,9,2,True,1.0,0.0302
j334795,1,delay_tolerant,1.065,0.0,8.2,0.5,0.0,9,2,True,1.0,0.05
j335814,1,token_batch,1.68,1.0378,12.4,0.5,4791.35,5,1,True,1.0,0.1585
j335814,1,token_batch,1.68,1.3518,12.4,0.5,5247.469,5,1,True,1.0,0.05
j335814,1,token_batch,1.9533,0.7232,14.2667,0.5,4403.451,5,1,False,1.0,0.0
j335814,1,token_batch,2.5,1.4077,18.0,0.5,4280.835,5,1,True,1.0,0.0992
j335814,1,token_batch,2.5,0.5547,18.0,0.5,5109.438,5,1,True,1.0,0.05
j335814,1,token_batch,2.5,0.8704,18.0,0.5,4772.846,5,1,True,1.0,0.1016
j335814,1,token_batch,1.8167,0.7939,13.3333,0.5,5193.79,5,1,False,1.0,0.0
j335814,1,token_batch,2.5,0.0,18.0,0.5,5085.825,5,1,False,1.0,0.0
j335814,1,delay_tolerant,0.5183,0.0,7.7333,0.5,0.0,4,2,True,1.0,0.05
j335814,1,token_batch,2.5,1.1134,18.0,0.5,4652.824,5,1,False,1.0,0.0
j335814,1,token_batch,2.5,0.8211,18.0,0.5,4740.497,5,1,True,1.0,0.05
j335814,1,delay_tolerant,0.5183,0.0,7.7333,0.5,0.0,4,2,False,1.0,0.0
j335814,1,delay_tolerant,0.5183,0.0,7.7333,0.5,0.0,4,2,True,1.0,0.0539
j335814,1,delay_tolerant,0.7233,0.0,7.7333,0.5,0.0,4,2,True,1.0,0.05
j335814,1,token_batch,2.5,0.8719,18.0,0.5,4245.139,5,1,False,1.0,0.0
j335814,1,token_batch,1.6117,0.0,11.9333,0.5,3974.871,5,1,False,1.0,0.0
j335814,1,token_batch,2.5,0.0,18.0,0.5,5427.863,5,1,False,1.0,0.0
j335814,1,token_batch,2.5,0.7683,18.0,0.5,5425.768,5,1,True,1.0,0.1286
j335814,1,token_batch,2.5,1.0382,18.0,0.5,4998.359,5,1,True,1.0,0.0842
j335814,1,token_batch,1.885,0.7551,13.8,0.5,5205.838,5,1,False,1.0,0.0
j335814,1,token_batch,2.5,1.3353,18.0,0.5,5119.519,5,1,True,1.0,0.05
j335814,1,token_batch,2.5,1.3373,18.0,0.5,4519.258,5,1,False,1.0,0.0
j335814,1,token_batch,2.5,1.2821,18.0,0.5,4303.037,5,1,False,1.0,0.0
j337169,1,delay_tolerant,1.4067,0.0,10.5333,0.5,0.0,4,2,True,1.0,0.05
j337169,1,delay_tolerant,0.7233,0.0,7.7333,0.5,0.0,4,2,True,1.0,0.0755
j337169,1,delay_tolerant,1.27,0.0,9.6,0.5,0.0,4,2,True,1.0,0.05
j337169,1,token_batch,1.475,0.0,11.0,0.5,3884.828,5,1,False,1.0,0.0
j337169,1,delay_tolerant,1.1333,0.0,8.6667,0.5,0.0,4,2,True,1.0,0.05
j337169,1,delay_tolerant,0.7917,0.0,7.7333,0.5,0.0,4,2,True,1.0,0.05
j337169,1,delay_tolerant,1.27,0.442,9.6,0.5,0.0,4,2,False,1.0,0.0
j338777,1,token_batch,1.475,1.3133,11.0,0.5,3607.621,9,1,True,1.0,0.05
j338917,1,delay_tolerant,1.4067,0.0,10.5333,0.5,0.0,9,2,False,1.0,0.0
j339188,1,delay_tolerant,0.5183,0.0,7.7333,0.5,0.0,9,2,False,1.0,0.0
j33955,1,token_batch,1.475,0.4736,11.0,0.5,4251.74,5,1,True,1.0,0.1958
j339655,1,delay_tolerant,0.5183,0.0,7.7333,0.5,0.0,4,2,False,1.0,0.0
j339895,1,token_batch,1.475,0.0,11.0,0.5,3859.458,6,1,False,1.0,0.0
j342232,1,delay_tolerant,1.27,0.0,9.6,0.5,0.0,9,2,False,1.0,0.0
j343235,1,delay_tolerant,0.9967,0.0,7.7333,0.5,0.0,7,2,True,1.0,0.05
j343884,1,token_batch,1.475,0.0,11.0,0.5,3985.297,6,1,True,1.0,0.1043
j343913,1,delay_tolerant,0.5183,0.0,7.7333,0.5,0.0,4,2,True,1.0,0.0453
j345172,1,token_batch,1.475,0.0,11.0,0.5,3738.591,6,1,False,1.0,0.0
j345707,1,token_batch,1.475,1.0384,11.0,0.5,4300.243,5,1,True,1.0,0.05
j345707,1,delay_tolerant,0.655,0.0,7.7333,0.5,0.0,4,2,True,1.0,0.0946
j346254,1,token_batch,1.475,1.4332,11.0,0.5,4042.555,5,1,True,1.0,0.05
j346254,1,token_batch,1.475,0.447,11.0,0.5,3633.49,5,1,True,1.0,0.0819
j346518,1,delay_tolerant,1.27,0.0,9.6,0.5,0.0,5,2,False,1.0,0.0
j347074,1,token_batch,1.475,1.2897,11.0,0.5,3703.64,5,1,False,1.0,0.0
j347134,1,delay_tolerant,0.5183,0.0,7.7333,0.5,0.0,4,2,True,1.0,0.0613
j347395,1,token_batch,1.475,0.4707,11.0,0.5,4490.004,5,1,True,1.0,0.1236
j347395,1,delay_tolerant,0.5183,0.2106,7.7333,0.5,0.0,4,2,False,1.0,0.0
j347870,1,token_batch,1.475,0.8315,11.0,0.5,3631.564,7,1,True,1.0,0.114
j347949,1,delay_tolerant,0.9967,0.0,7.7333,0.5,0.0,4,2,True,1.0,0.0572
j347949,1,token_batch,1.475,0.0,11.0,0.5,4026.288,5,1,True,1.0,0.0968
j349016,1,delay_tolerant,0.5183,0.3859,7.7333,0.5,0.0,7,2,True,1.0,0.05
j349016,1,delay_tolerant,1.2017,0.0,9.1333,0.5,0.0,7,2,True,1.0,0.0913
j349016,1,delay_tolerant,1.3383,0.0,10.0667,0.5,0.0,7,2,True,1.0,0.0651
j349496,1,delay_tolerant,0.5183,0.0,7.7333,0.5,0.0,6,2,False,1.0,0.0
j350453,1,token_batch,1.475,0.4064,11.0,0.5,4424.851,7,1,True,1.0,0.05
j350453,1,delay_tolerant,0.5183,0.0,7.7333,0.5,0.0,4,2,False,1.0,0.0
j351470,1,delay_tolerant,1.1333,0.0,8.6667,0.5,0.0,4,2,True,1.0,0.05
j351470,1,token_batch,1.475,0.0,11.0,0.5,4141.13,5,1,False,1.0,0.0
j351470,1,token_batch,1.475,0.4746,11.0,0.5,4361.398,5,1,False,1.0,0.0
j352762,1,token_batch,1.475,0.0,11.0,0.5,3788.751,6,1,False,1.0,0.0
j354181,1,delay_tolerant,0.5183,0.0,7.7333,0.5,0.0,4,2,False,1.0,0.0
j354734,1,delay_tolerant,0.5183,0.0,7.7333,0.5,0.0,4,2,False,1.0,0.0
j354734,1,token_batch,1.475,0.5397,11.0,0.5,3788.53,9,1,False,1.0,0.0
j354822,1,delay_tolerant,1.4067,0.0,10.5333,0.5,0.0,6,2,False,1.0,0.0
j354822,1,delay_tolerant,0.7917,0.0,7.7333,0.5,0.0,4,2,True,1.0,0.05
j355271,1,delay_tolerant,0.5183,0.0,7.7333,0.5,0.0,4,2,True,1.0,0.05
j355550,1,delay_tolerant,0.655,0.0,7.7333,0.5,0.0,4,2,True,1.0,0.0201
j355550,1,delay_tolerant,0.86,0.0,7.7333,0.5,0.0,8,2,False,1.0,0.0
j356011,1,token_batch,1.475,0.0,11.0,0.5,4219.962,9,1,False,1.0,0.0
j356011,1,token_batch,1.475,0.6118,11.0,0.5,3752.224,9,1,True,1.0,0.05
j356011,1,delay_tolerant,0.655,0.0,7.7333,0.5,0.0,8,2,True,1.0,0.0352
j356011,1,delay_tolerant,0.9967,0.0,7.7333,0.5,0.0,9,2,False,1.0,0.0
j356011,1,delay_tolerant,0.655,0.0,7.7333,0.5,0.0,4,2,True,1.0,0.0457
j356096,1,delay_tolerant,0.7917,0.0,7.7333,0.5,0.0,8,2,True,1.0,0.05
j357111,1,delay_tolerant,1.2017,0.0,9.1333,0.5,0.0,5,2,False,1.0,0.0
j358625,1,token_batch,1.475,0.7416,11.0,0.5,4026.139,5,1,False,1.0,0.0
j358625,1,delay_tolerant,0.5183,0.0,7.7333,0.5,0.0,4,2,True,1.0,0.05
j358625,1,delay_tolerant,0.7233,0.0,7.7333,0.5,0.0,5,2,False,1.0,0.0
j359323,1,delay_tolerant,1.065,0.0,8.2,0.5,0.0,7,2,True,1.0,0.05
j359888,1,token_batch,1.475,0.7151,11.0,0.5,4392.072,6,1,False,1.0,0.0
j35995,1,delay_tolerant,0.7917,0.0,7.7333,0.5,0.0,7,2,False,1.0,0.0
j360449,1,token_batch,2.5,0.5694,18.0,0.5,5128.478,8,1,False,1.0,0.0
j360449,1,token_batch,2.5,1.4208,18.0,0.5,4698.933,5,1,False,1.0,0.0
j360486,1,delay_tolerant,0.9967,0.0,7.7333,0.5,0.0,6,2,False,1.0,0.0
j360486,1,delay_tolerant,0.86,0.0,7.7333,0.5,0.0,7,2,False,1.0,0.0
j360486,1,token_batch,1.475,0.0,11.0,0.5,3780.383,7,1,True,1.0,0.139
j361557,1,token_batch,1.475,0.8328,11.0,0.5,4262.837,5,1,True,1.0,0.05
j362023,1,token_batch,1.475,0.0,11.0,0.5,4131.329,7,1,True,1.0,0.1581
j362023,1,delay_tolerant,1.065,0.0,8.2,0.5,0.0,7,2,True,1.0,0.05
j364746,1,token_batch,1.475,0.9406,11.0,0.5,3499.597,5,1,True,1.0,0.05
j365153,1,delay_tolerant,1.27,0.0,9.6,0.5,0.0,8,2,False,1.0,0.0
j365523,1,delay_tolerant,0.7233,0.0,7.7333,0.5,0.0,8,2,False,1.0,0.0
j365523,1,delay_tolerant,1.065,0.0,8.2,0.5,0.0,7,2,False,1.0,0.0
j366124,1,token_batch,1.475,0.0,11.0,0.5,3942.922,8,1,False,1.0,0.0
j366141,1,delay_tolerant,0.86,0.0,7.7333,0.5,0.0,9,2,False,1.0,0.0
j366294,1,token_batch,1.475,1.4148,11.0,0.5,3611.496,5,1,False,1.0,0.0
j366294,1,delay_tolerant,1.4067,0.0,10.5333,0.5,0.0,4,2,False,1.0,0.0
j366294,1,token_batch,1.475,0.9217,11.0,0.5,4153.183,5,1,True,1.0,0.1945
j366875,1,delay_tolerant,0.5183,0.0,7.7333,0.5,0.0,4,2,False,1.0,0.0
j366875,1,delay_tolerant,0.5867,0.0,7.7333,0.5,0.0,4,2,True,1.0,0.0271
j366875,1,token_batch,1.475,1.3599,11.0,0.5,4442.917,5,1,False,1.0,0.0
j367738,1,token_batch,1.475,0.0,11.0,0.5,4544.806,5,1,False,1.0,0.0
j368678,1,token_batch,1.475,1.3113,11.0,0.5,3590.128,8,1,True,1.0,0.05
j368678,1,token_batch,1.475,0.8682,11.0,0.5,3603.178,8,1,True,1.0,0.1416
j368770,1,delay_tolerant,0.5183,0.0,7.7333,0.5,0.0,6,2,True,1.0,0.0756
j36919,1,delay_tolerant,0.9967,0.0,7.7333,0.5,0.0,4,2,False,1.0,0.0
j369865,1,delay_tolerant,1.1333,0.0,8.6667,0.5,0.0,5,2,False,1.0,0.0
j369865,1,token_batch,1.475,0.8943,11.0,0.5,3886.857,6,1,False,1.0,0.0
j369865,1,delay_tolerant,0.9967,0.0,7.7333,0.5,0.0,6,2,False,1.0,0.0
j372583,1,token_batch,1.475,1.114,11.0,0.5,3456.215,6,1,True,1.0,0.05
j372583,1,token_batch,1.475,1.3514,11.0,0.5,4588.763,6,1,False,1.0,0.0
j372702,1,delay_tolerant,0.5183,0.0,7.7333,0.5,0.0,4,2,False,1.0,0.0
j372702,1,delay_tolerant,1.4067,0.0,10.5333,0.5,0.0,4,2,True,1.0,0.0669
j372859,1,delay_tolerant,1.2017,0.0,9.1333,0.5,0.0,7,2,False,1.0,0.0
j372859,1,token_batch,2.5,1.2117,18.0,0.5,5598.682,7,1,True,1.0,0.05
j372859,1,delay_tolerant,1.2017,0.0,9.1333,0.5,0.0,4,2,True,1.0,0.05
j37302,1,delay_tolerant,1.3383,0.0,10.0667,0.5,0.0,4,2,False,1.0,0.0
j37302,1,token_batch,1.475,0.67,11.0,0.5,4376.556,5,1,False,1.0,0.0
j37302,1,delay_tolerant,0.5183,0.0,7.7333,0.5,0.0,4,2,True,1.0,0.05
j37302,1,delay_tolerant,1.065,0.0,8.2,0.5,0.0,4,2,False,1.0,0.0
j373558,1,token_batch,1.475,0.0,11.0,0.5,3650.682,5,1,True,1.0,0.1554
j373558,1,delay_tolerant,0.5867,0.0,7.7333,0.5,0.0,4,2,False,1.0,0.0
j373558,1,token_batch,1.475,0.0,11.0,0.5,3712.313,5,1,False,1.0,0.0
j374231,1,delay_tolerant,0.9967,0.0,7.7333,0.5,0.0,6,2,False,1.0,0.0
j374231,1,delay_tolerant,0.9283,0.0,7.7333,0.5,0.0,6,2,False,1.0,0.0
j375639,1,delay_tolerant,0.5867,0.0,7.7333,0.5,0.0,7,2,False,1.0,0.0
j375639,1,delay_sensitive,0.5183,0.0,7.7333,0.5,0.0,2,3,False,1.0,0.0
j375639,1,delay_tolerant,0.655,0.0,7.7333,0.5,0.0,7,2,False,1.0,0.0
j376543,1,token_batch,1.475,0.7907,11.0,0.5,4274.17,8,1,True,1.0,0.05
j377001,1,delay_tolerant,0.5867,0.0,7.7333,0.5,0.0,5,2,False,1.0,0.0
j377348,1,delay_tolerant,0.5183,0.0,7.7333,0.5,0.0,4,2,True,1.0,0.0971
j377348,1,delay_tolerant,1.1333,0.0,8.6667,0.5,0.0,6,2,False,1.0,0.0
j378048,1,delay_tolerant,0.5183,0.0,7.7333,0.5,0.0,4,2,False,1.0,0.0
j38038,1,delay_tolerant,1.1333,0.0,8.6667,0.5,0.0,5,2,True,1.0,0.05
j380451,1,delay_tolerant,1.1333,0.0,8.6667,0.5,0.0,4,2,False,1.0,0.0
j381611,1,token_batch,2.5,0.7022,18.0,0.5,4755.443,5,1,True,1.0,0.05
j382372,1,token_batch,1.475,1.2964,11.0,0.5,4594.883,5,1,True,1.0,0.05
j382463,1,delay_tolerant,0.5183,0.0,7.7333,0.5,0.0,4,2,False,1.0,0.0
j382463,1,delay_tolerant,0.9283,0.0,7.7333,0.5,0.0,9,2,True,1.0,0.05
j382463,1,token_batch,1.475,0.6062,11.0,0.5,3820.914,9,1,True,1.0,0.0866
j383192,1,delay_tolerant,0.5867,0.0,7.7333,0.5,0.0,8,2,True,1.0,0.0243
j383302,1,delay_tolerant,0.5867,0.0,7.7333,0.5,0.0,4,2,False,1.0,0.0
j384235,1,delay_tolerant,1.4067,0.0,10.5333,0.5,0.0,4,2,True,1.0,0.0954
j384285,1,token_batch,1.475,0.4954,11.0,0.5,3597.209,5,1,True,1.0,0.1475
j384285,1,delay_sensitive,0.5183,0.0,7.7333,0.5,0.0,2,3,False,1.0,0.0
j384285,1,token_batch,1.475,1.4927,11.0,0.5,3730.095,5,1,False,1.0,0.0
j384531,1,delay_tolerant,1.1333,0.0,8.6667,0.5,0.0,9,2,True,1.0,0.0434
j385019,1,delay_tolerant,0.5183,0.393,7.7333,0.5,0.0,4,2,True,1.0,0.05
j385615,1,token_batch,1.475,0.958,11.0,0.5,4160.367,5,1,False,1.0,0.0
j385615,1,token_batch,1.475,1.2515,11.0,0.5,3905.779,5,1,True,1.0,0.05
j385703,1,delay_tolerant,1.27,0.3712,9.6,0.5,0.0,4,2,True,1.0,0.05
j385803,1,delay_tolerant,0.7233,0.0,7.7333,0.5,0.0,4,2,True,1.0,0.05
j385803,1,delay_tolerant,0.9283,0.0,7.7333,0.5,0.0,4,2,True,1.0,0.05
j385990,1,delay_tolerant,0.7233,0.0,7.7333,0.5,0.0,7,2,True,1.0,0.0769
j385990,1,delay_tolerant,0.86,0.0,7.7333,0.5,0.0,6,2,False,1.0,0.0
j385990,1,delay_tolerant,0.7917,0.0,7.7333,0.5,0.0,7,2,True,1.0,0.05
j385990,1,delay_tolerant,0.655,0.0,7.7333,0.5,0.0,7,2,True,1.0,0.0342
j385990,1,token_batch,1.475,1.3777,11.0,0.5,4561.8,7,1,True,1.0,0.05
j38626,1,delay_tolerant,1.1333,0.0,8.6667,0.5,0.0,4,2,True,1.0,0.05
j38626,1,delay_tolerant,0.9967,0.0,7.7333,0.5,0.0,4,2,False,1.0,0.0
j386569,1,delay_tolerant,0.5183,0.2876,7.7333,0.5,0.0,4,2,True,1.0,0.05
j386569,1,delay_tolerant,1.3383,0.0,10.0667,0.5,0.0,5,2,True,1.0,0.05
j386569,1,delay_tolerant,0.5183,0.0,7.7333,0.5,0.0,4,2,False,1.0,0.0
j386569,1,delay_tolerant,1.4067,0.0,10.5333,0.5,0.0,5,2,True,1.0,0.05
j387445,1,delay_tolerant,1.065,0.0,8.2,0.5,0.0,6,2,False,1.0,0.0
j38769,1,delay_tolerant,0.5183,0.0,7.7333,0.5,0.0,4,2,False,1.0,0.0
j387802,1,delay_tolerant,0.9283,0.0,7.7333,0.5,0.0,4,2,True,1.0,0.05
j387802,1,token_batch,1.475,0.9352,11.0,0.5,3966.365,5,1,True,1.0,0.05
j387841,1,token_batch,1.475,0.9954,11.0,0.5,3524.145,7,1,True,1.0,0.05
j387841,1,delay_tolerant,1.3383,0.0,10.0667,0.5,0.0,7,2,False,1.0,0.0
j388191,1,delay_tolerant,1.3383,0.0,10.0667,0.5,0.0,9,2,False,1.0,0.0
j390864,1,token_batch,1.475,0.9368,11.0,0.5,3771.881,6,1,False,1.0,0.0
j391756,1,delay_tolerant,0.5183,0.0,7.7333,0.5,0.0,8,2,False,1.0,0.0
j392406,1,token_batch,1.475,1.1824,11.0,0.5,4440.729,5,1,True,1.0,0.05
j392718,1,delay_tolerant,0.5867,0.0,7.7333,0.5,0.0,4,2,True,1.0,0.05
j392718,1,delay_tolerant,0.655,0.0,7.7333,0.5,0.0,4,2,False,1.0,0.0
j392718,1,token_batch,1.475,1.4019,11.0,0.5,4523.888,6,1,True,1.0,0.1214
j392950,1,token_batch,1.475,1.4011,11.0,0.5,3874.813,8,1,True,1.0,0.1676
j393011,1,delay_tolerant,1.2017,0.0,9.1333,0.5,0.0,4,2,False,1.0,0.0
j393894,1,token_batch,1.475,1.3003,11.0,0.5,4275.08,9,1,False,1.0,0.0
j395365,1,token_batch,1.475,0.4075,11.0,0.5,3986.669,5,1,True,1.0,0.1957
j395391,1,delay_tolerant,1.4067,0.0,10.5333,0.5,0.0,6,2,True,1.0,0.0227
j396356,1,token_batch,1.475,0.0,11.0,0.5,3580.123,5,1,True,1.0,0.1484
j397304,1,delay_tolerant,0.7917,0.0,7.7333,0.5,0.0,7,2,False,1.0,0.0
j399005,1,token_batch,1.475,1.2512,11.0,0.5,4032.097,7,1,False,1.0,0.0
j399381,1,delay_tolerant,0.9283,0.0,7.7333,0.5,0.0,6,2,False,1.0,0.0
j399393,1,delay_tolerant,1.2017,0.0,9.1333,0.5,0.0,4,2,False,1.0,0.0
j399393,1,token_batch,1.475,0.7895,11.0,0.5,3565.284,5,1,True,1.0,0.1858
j400264,1,delay_tolerant,1.065,0.0,8.2,0.5,0.0,7,2,False,1.0,0.0
j400369,1,delay_tolerant,0.5183,0.3971,7.7333,0.5,0.0,6,2,True,1.0,0.0448
j400505,1,delay_sensitive,0.5183,0.0,7.7333,0.5,0.0,2,3,False,1.0,0.0
j400505,1,delay_tolerant,0.9283,0.0,7.7333,0.5,0.0,8,2,False,1.0,0.0
j400505,1,delay_tolerant,0.9967,0.0,7.7333,0.5,0.0,8,2,True,1.0,0.05
j40219,1,delay_tolerant,0.5183,0.0,7.7333,0.5,0.0,4,2,True,1.0,0.05
j40235,1,token_batch,1.475,0.0,11.0,0.5,4181.349,5,1,False,1.0,0.0
j402647,1,delay_tolerant,1.065,0.0,8.2,0.5,0.0,6,2,False,1.0,0.0
j404222,1,delay_tolerant,0.5867,0.4158,7.7333,0.5,0.0,4,2,True,1.0,0.05
j404222,1,delay_sensitive,0.5867,0.0,7.7333,0.5,0.0,2,3,False,1.0,0.0
j404492,1,delay_sensitive,0.5183,0.0,7.7333,0.5,0.0,2,3,False,1.0,0.0
j404492,1,delay_tolerant,0.655,0.0,7.7333,0.5,0.0,4,2,True,1.0,0.05
j405043,1,token_batch,1.475,1.4205,11.0,0.5,4128.137,9,1,True,1.0,0.05
j405958,1,token_batch,2.5,1.3021,18.0,0.5,4157.498,5,1,False,1.0,0.0
j405958,1,token_batch,2.5,0.9269,18.0,0.5,4727.609,5,1,False,1.0,0.0
j405958,1,token_batch,1.5433,1.2553,11.4667,0.5,4358.145,5,1,True,1.0,0.05
j405958,1,token_batch,2.5,1.1139,18.0,0.5,5323.262,5,1,True,1.0,0.05
j406282,1,delay_tolerant,0.86,0.0,7.7333,0.5,0.0,4,2,False,1.0,0.0
j406341,1,token_batch,1.475,1.0114,11.0,0.5,3617.668,6,1,True,1.0,0.05
j406341,1,delay_tolerant,0.655,0.0,7.7333,0.5,0.0,6,2,True,1.0,0.05
j406341,1,delay_tolerant,0.7917,0.0,7.7333,0.5,0.0,4,2,False,1.0,0.0
j406567,1,delay_tolerant,1.2017,0.0,9.1333,0.5,0.0,7,2,False,1.0,0.0
j406904,1,token_batch,1.475,1.2687,11.0,0.5,3737.887,5,1,True,1.0,0.1384
j407924,1,token_batch,2.5,0.4087,18.0,0.5,5353.109,5,1,True,1.0,0.0812
j407924,1,token_batch,2.5,0.0,18.0,0.5,5271.235,5,1,False,1.0,0.0
j407924,1,token_batch,2.5,1.324,18.0,0.5,4998.87,5,1,True,1.0,0.05
j408377,1,delay_tolerant,0.7233,0.0,7.7333,0.5,0.0,6,2,False,1.0,0.0
j408874,1,token_batch,2.5,0.0,18.0,0.5,4771.807,9,1,True,1.0,0.1914
j408874,1,token_batch,2.5,0.831,18.0,0.5,4592.843,7,1,False,1.0,0.0
j408955,1,delay_tolerant,0.9967,0.0,7.7333,0.5,0.0,8,2,False,1.0,0.0
j410839,1,delay_tolerant,0.7917,0.0,7.7333,0.5,0.0,4,2,False,1.0,0.0
j410839,1,delay_tolerant,1.065,0.0,8.2,0.5,0.0,4,2,True,1.0,0.0426
j411102,1,token_batch,1.475,0.9324,11.0,0.5,4484.05,5,1,False,1.0,0.0
j411667,1,delay_sensitive,0.5867,0.0,7.7333,0.5,0.0,2,3,False,1.0,0.0
j411852,1,delay_tolerant,0.7917,0.0,7.7333,0.5,0.0,4,2,False,1.0,0.0
j413203,1,delay_tolerant,0.9283,0.0,7.7333,0.5,0.0,6,2,False,1.0,0.0
j413203,1,delay_tolerant,1.4067,0.0,10.5333,0.5,0.0,5,2,False,1.0,0.0
j413203,1,delay_tolerant,0.5183,0.0,7.7333,0.5,0.0,4,2,False,1.0,0.0
j413222,1,delay_tolerant,0.5183,0.0,7.7333,0.5,0.0,4,2,True,1.0,0.05
j414635,1,token_batch,1.475,0.674,11.0,0.5,4150.001,9,1,False,1.0,0.0
j414635,1,delay_tolerant,0.7233,0.0,7.7333,0.5,0.0,4,2,True,1.0,0.05
j414635,1,delay_tolerant,0.9967,0.211,7.7333,0.5,0.0,9,2,True,1.0,0.05
j415273,1,token_batch,1.475,1.4045,11.0,0.5,3911.284,9,1,True,1.0,0.1489
j416139,1,token_batch,1.475,0.6598,11.0,0.5,4069.376,7,1,True,1.0,0.1521
j416139,1,token_batch,1.475,0.7057,11.0,0.5,3484.447,6,1,False,1.0,0.0
j416657,1,token_batch,1.475,1.1982,11.0,0.5,4497.543,5,1,False,1.0,0.0
j417919,1,delay_tolerant,0.86,0.0,7.7333,0.5,0.0,4,2,False,1.0,0.0
j418617,1,delay_tolerant,1.065,0.0,8.2,0.5,0.0,4,2,True,1.0,0.05
j418940,1,token_batch,1.475,1.2577,11.0,0.5,4142.588,5,1,True,1.0,0.05
j419590,1,token_batch,1.475,1.3167,11.0,0.5,4042.413,6,1,True,1.0,0.05
j42100,1,delay_tolerant,0.5867,0.0,7.7333,0.5,0.0,5,2,True,1.0,0.05
j42138,1,delay_tolerant,0.5183,0.0,7.7333,0.5,0.0,4,2,True,1.0,0.0215
j422343,1,token_batch,1.475,1.4868,11.0,0.5,3680.675,9,1,False,1.0,0.0
j425255,1,token_batch,1.475,0.4445,11.0,0.5,4493.709,8,1,True,1.0,0.05
j425745,1,token_batch,1.475,0.9823,11.0,0.5,4068.583,7,1,False,1.0,0.0
j425745,1,delay_tolerant,1.065,0.0,8.2,0.5,0.0,8,2,False,1.0,0.0
j426599,1,token_batch,1.475,1.001,11.0,0.5,3646.869,9,1,True,1.0,0.1954
j426784,1,delay_tolerant,1.4067,0.0,10.5333,0.5,0.0,7,2,True,1.0,0.05
j426784,1,delay_tolerant,1.4067,0.0,10.5333,0.5,0.0,8,2,False,1.0,0.0
j426784,1,delay_tolerant,0.86,0.0,7.7333,0.5,0.0,8,2,False,1.0,0.0
j426784,1,delay_tolerant,0.5183,0.0,7.7333,0.5,0.0,8,2,False,1.0,0.0
j426784,1,token_batch,1.475,0.7791,11.0,0.5,4229.909,8,1,True,1.0,0.1192
j427906,1,delay_tolerant,0.9967,0.0,7.7333,0.5,0.0,4,2,True,1.0,0.0566
j427906,1,delay_tolerant,0.9967,0.0,7.7333,0.5,0.0,4,2,False,1.0,0.0
j428310,1,delay_tolerant,1.2017,0.0,9.1333,0.5,0.0,9,2,True,1.0,0.0996
j428343,1,delay_tolerant,1.065,0.2229,8.2,0.5,0.0,4,2,False,1.0,0.0
j428639,1,delay_tolerant,0.5183,0.0,7.7333,0.5,0.0,4,2,False,1.0,0.0
j429817,1,delay_tolerant,0.9967,0.0,7.7333,0.5,0.0,9,2,False,1.0,0.0
j429906,1,delay_tolerant,0.5183,0.0,7.7333,0.5,0.0,6,2,False,1.0,0.0
j429906,1,delay_tolerant,1.2017,0.0,9.1333,0.5,0.0,6,2,False,1.0,0.0
j43058,1,delay_tolerant,0.7917,0.0,7.7333,0.5,0.0,4,2,False,1.0,0.0
j430996,1,delay_tolerant,0.5183,0.2009,7.7333,0.5,0.0,5,2,True,1.0,0.05
j431824,1,delay_tolerant,0.5183,0.0,7.7333,0.5,0.0,4,2,False,1.0,0.0
j431824,1,delay_tolerant,0.7917,0.5269,7.7333,0.5,0.0,6,2,True,1.0,0.05
j432621,1,token_batch,1.475,0.0,11.0,0.5,4519.548,9,1,False,1.0,0.0
j43276,1,delay_tolerant,1.4067,0.0,10.5333,0.5,0.0,6,2,True,1.0,0.05
j43276,1,token_batch,1.475,0.0,11.0,0.5,3817.142,6,1,False,1.0,0.0
j43276,1,token_batch,1.475,1.0872,11.0,0.5,3539.89,6,1,False,1.0,0.0
j43276,1,delay_tolerant,1.3383,0.0,10.0667,0.5,0.0,6,2,False,1.0,0.0
j43276,1,token_batch,1.475,1.1208,11.0,0.5,4133.476,6,1,True,1.0,0.05
j43276,1,delay_tolerant,1.3383,0.0,10.0667,0.5,0.0,6,2,False,1.0,0.0
j43276,1,delay_tolerant,0.5183,0.2131,7.7333,0.5,0.0,4,2,True,1.0,0.05
j4337,1,token_batch,1.475,0.5564,11.0,0.5,4532.951,5,1,False,1.0,0.0
j434147,1,delay_tolerant,1.27,0.0,9.6,0.5,0.0,8,2,False,1.0,0.0
j435051,1,delay_tolerant,1.2017,0.0,9.1333,0.5,0.0,6,2,True,1.0,0.0883
j435051,1,token_batch,1.475,0.9334,11.0,0.5,3464.401,6,1,True,1.0,0.1075
j435878,1,token_batch,1.475,1.0758,11.0,0.5,3608.312,5,1,True,1.0,0.05
j436380,1,delay_tolerant,1.2017,0.0,9.1333,0.5,0.0,4,2,True,1.0,0.05
j436380,1,delay_tolerant,1.1333,0.0,8.6667,0.5,0.0,4,2,True,1.0,0.05
j436667,1,delay_tolerant,1.27,0.0,9.6,0.5,0.0,8,2,False,1.0,0.0
j436989,1,token_batch,1.475,0.5029,11.0,0.5,3531.673,6,1,True,1.0,0.05
j437042,1,delay_tolerant,0.5183,0.0,7.7333,0.5,0.0,4,2,True,1.0,0.0429
j437165,1,delay_tolerant,0.5183,0.0,7.7333,0.5,0.0,4,2,True,1.0,0.05
j438168,1,token_batch,1.475,0.0,11.0,0.5,4394.451,5,1,False,1.0,0.0
j438168,1,delay_tolerant,0.7917,0.0,7.7333,0.5,0.0,4,2,True,1.0,0.05
j438445,1,token_batch,1.475,1.3212,11.0,0.5,4516.721,6,1,True,1.0,0.05
j438445,1,delay_tolerant,0.655,0.0,7.7333,0.5,0.0,6,2,True,1.0,0.0782
j438445,1,delay_tolerant,0.5183,0.0,7.7333,0.5,0.0,6,2,False,1.0,0.0
j438445,1,delay_tolerant,0.5183,0.0,7.7333,0.5,0.0,4,2,True,1.0,0.0509
j438445,1,delay_tolerant,1.4067,0.0,10.5333,0.5,0.0,7,2,False,1.0,0.0
j438639,1,delay_tolerant,1.27,0.0,9.6,0.5,0.0,7,2,False,1.0,0.0
j438639,1,token_batch,1.475,0.9442,11.0,0.5,3614.312,7,1,True,1.0,0.05
j438639,1,delay_tolerant,0.655,0.0,7.7333,0.5,0.0,7,2,False,1.0,0.0
j438772,1,delay_tolerant,0.5183,0.0,7.7333,0.5,0.0,7,2,True,1.0,0.0465
j438772,1,delay_tolerant,0.5867,0.0,7.7333,0.5,0.0,7,2,False,1.0,0.0
j438772,1,token_batch,1.475,0.8974,11.0,0.5,3841.15,7,1,True,1.0,0.12
j438772,1,delay_tolerant,0.7233,0.0,7.7333,0.5,0.0,4,2,False,1.0,0.0
j438925,1,token_batch,1.475,0.5994,11.0,0.5,4173.376,5,1,False,1.0,0.0
j438925,1,delay_tolerant,0.9283,0.0,7.7333,0.5,0.0,4,2,True,1.0,0.05
j439268,1,delay_tolerant,0.5183,0.0,7.7333,0.5,0.0,4,2,True,1.0,0.0499
j441300,1,delay_tolerant,0.7233,0.0,7.7333,0.5,0.0,4,2,False,1.0,0.0
j442003,1,delay_tolerant,0.9967,0.0,7.7333,0.5,0.0,5,2,True,1.0,0.0393
j442003,1,delay_tolerant,0.9967,0.0,7.7333,0.5,0.0,4,2,False,1.0,0.0
j44203,1,delay_tolerant,0.9283,0.0,7.7333,0.5,0.0,6,2,False,1.0,0.0
j442369,1,delay_tolerant,0.5183,0.0,7.7333,0.5,0.0,4,2,True,1.0,0.05
j442369,1,token_batch,1.475,0.4312,11.0,0.5,4247.979,5,1,True,1.0,0.1672
j442860,1,delay_tolerant,0.7917,0.0,7.7333,0.5,0.0,6,2,False,1.0,0.0
j442860,1,delay_tolerant,1.3383,0.0,10.0667,0.5,0.0,6,2,True,1.0,0.05
j442860,1,delay_tolerant,1.065,0.0,8.2,0.5,0.0,7,2,False,1.0,0.0
j442896,1,delay_tolerant,1.3383,0.0,10.0667,0.5,0.0,4,2,True,1.0,0.05
j442930,1,token_batch,1.475,0.6948,11.0,0.5,3844.627,9,1,True,1.0,0.1313
j443540,1,token_batch,1.475,1.4449,11.0,0.5,4257.148,6,1,True,1.0,0.1884
j444111,1,delay_tolerant,0.5183,0.0,7.7333,0.5,0.0,4,2,True,1.0,0.05
j444111,1,token_batch,1.475,0.9794,11.0,0.5,4153.594,6,1,True,1.0,0.1264
j445553,1,delay_tolerant,0.5183,0.0,7.7333,0.5,0.0,7,2,False,1.0,0.0
j446400,1,delay_tolerant,0.86,0.0,7.7333,0.5,0.0,4,2,False,1.0,0.0
j446439,1,delay_tolerant,0.86,0.0,7.7333,0.5,0.0,9,2,True,1.0,0.067
j446439,1,delay_tolerant,0.9283,0.0,7.7333,0.5,0.0,9,2,False,1.0,0.0
j446595,1,token_batch,1.885,0.0,13.8,0.5,4725.263,8,1,True,1.0,0.191
j446703,1,delay_tolerant,0.5183,0.0,7.7333,0.5,0.0,5,2,True,1.0,0.0987
j447049,1,delay_tolerant,0.9283,0.0,7.7333,0.5,0.0,9,2,False,1.0,0.0
j44784,1,delay_tolerant,0.7233,0.0,7.7333,0.5,0.0,8,2,True,1.0,0.05
j44784,1,token_batch,1.475,0.5925,11.0,0.5,4131.875,5,1,False,1.0,0.0
j44784,1,delay_tolerant,1.1333,0.0,8.6667,0.5,0.0,7,2,False,1.0,0.0
j44784,1,delay_tolerant,0.5183,0.0,7.7333,0.5,0.0,8,2,True,1.0,0.05
j44784,1,delay_tolerant,0.5183,0.0,7.7333,0.5,0.0,8,2,False,1.0,0.0
j44784,1,delay_tolerant,0.7917,0.0,7.7333,0.5,0.0,7,2,True,1.0,0.05
j44784,1,delay_sensitive,1.065,0.0,8.2,0.5,0.0,2,3,False,1.0,0.0
j44784,1,token_batch,1.68,0.0,12.4,0.5,4345.877,8,1,True,1.0,0.0914
j44784,1,delay_tolerant,0.7233,0.4576,7.7333,0.5,0.0,4,2,True,1.0,0.05
j44784,1,delay_tolerant,0.5183,0.0,7.7333,0.5,0.0,7,2,False,1.0,0.0
j44784,1,delay_tolerant,1.1333,0.0,8.6667,0.5,0.0,8,2,True,1.0,0.05
j44784,1,delay_tolerant,1.27,0.0,9.6,0.5,0.0,7,2,False,1.0,0.0
j448029,1,delay_tolerant,0.5183,0.0,7.7333,0.5,0.0,5,2,True,1.0,0.05
j448029,1,token_batch,1.475,1.3856,11.0,0.5,3805.552,5,1,False,1.0,0.0
j448029,1,delay_tolerant,1.2017,0.0,9.1333,0.5,0.0,5,2,False,1.0,0.0
j44808,1,delay_tolerant,1.065,0.0,8.2,0.5,0.0,4,2,True,1.0,0.05
j448490,1,delay_tolerant,0.86,0.0,7.7333,0.5,0.0,4,2,False,1.0,0.0
j448490,1,delay_tolerant,0.655,0.0,7.7333,0.5,0.0,4,2,False,1.0,0.0
j448733,1,delay_sensitive,0.5183,0.0,7.7333,0.5,0.0,2,3,False,1.0,0.0
j449043,1,token_batch,2.09,0.6459,15.2,0.5,4703.492,8,1,True,1.0,0.05
j449043,1,token_batch,1.8167,1.0912,13.3333,0.5,5124.028,8,1,True,1.0,0.05
j449043,1,token_batch,2.5,0.4138,18.0,0.5,5585.314,9,1,False,1.0,0.0
j449043,1,token_batch,2.5,0.6045,18.0,0.5,4588.468,9,1,True,1.0,0.05
j449043,1,token_batch,1.5433,0.7136,11.4667,0.5,4515.727,8,1,True,1.0,0.05
j449043,1,delay_sensitive,1.68,0.0,12.4,0.5,0.0,2,3,False,1.0,0.0
j449080,1,token_batch,1.475,0.7007,11.0,0.5,3853.778,6,1,True,1.0,0.05
j44938,1,delay_tolerant,1.4067,0.0,10.5333,0.5,0.0,6,2,False,1.0,0.0
j44938,1,delay_tolerant,0.5183,0.0,7.7333,0.5,0.0,4,2,False,1.0,0.0
j44938,1,token_batch,1.475,0.0,11.0,0.5,3764.307,6,1,False,1.0,0.0
j44938,1,delay_tolerant,0.7917,0.0,7.7333,0.5,0.0,5,2,True,1.0,0.05
j449452,1,token_batch,1.475,0.9424,11.0,0.5,3602.736,5,1,True,1.0,0.1244
j450026,1,token_batch,1.475,1.2762,11.0,0.5,4142.589,8,1,False,1.0,0.0
j450056,1,delay_tolerant,0.5183,0.0,7.7333,0.5,0.0,4,2,False,1.0,0.0
j450694,1,delay_tolerant,0.5183,0.0,7.7333,0.5,0.0,5,2,True,1.0,0.05
j451969,1,delay_tolerant,0.7233,0.3393,7.7333,0.5,0.0,7,2,False,1.0,0.0
j452975,1,token_batch,1.475,0.9908,11.0,0.5,3439.351,8,1,True,1.0,0.1887
j454812,1,token_batch,1.6117,0.8223,11.9333,0.5,3966.987,5,1,True,1.0,0.05
j454812,1,delay_tolerant,1.2017,0.0,9.1333,0.5,0.0,4,2,True,1.0,0.05
j454977,1,token_batch,1.475,0.0,11.0,0.5,4471.643,5,1,False,1.0,0.0
j454977,1,delay_tolerant,1.1333,0.0,8.6667,0.5,0.0,4,2,True,1.0,0.05
j454977,1,delay_tolerant,0.9967,0.0,7.7333,0.5,0.0,4,2,True,1.0,0.0401
j455538,1,token_batch,1.475,0.5684,11.0,0.5,3966.479,9,1,True,1.0,0.05
j455540,1,delay_tolerant,0.9967,0.0,7.7333,0.5,0.0,7,2,False,1.0,0.0
j456113,1,delay_tolerant,1.1333,0.0,8.6667,0.5,0.0,9,2,False,1.0,0.0
j456113,1,delay_tolerant,0.655,0.0,7.7333,0.5,0.0,8,2,False,1.0,0.0
j456113,1,delay_tolerant,1.2017,0.0,9.1333,0.5,0.0,9,2,False,1.0,0.0
j456113,1,delay_tolerant,0.7917,0.0,7.7333,0.5,0.0,8,2,False,1.0,0.0
j456966,1,delay_tolerant,0.5183,0.0,7.7333,0.5,0.0,4,2,False,1.0,0.0
j456966,1,delay_tolerant,0.655,0.0,7.7333,0.5,0.0,6,2,False,1.0,0.0
j457128,1,delay_tolerant,1.3383,0.0,10.0667,0.5,0.0,9,2,False,1.0,0.0
j457128,1,delay_tolerant,0.9283,0.0,7.7333,0.5,0.0,9,2,False,1.0,0.0
j457405,1,token_batch,1.475,0.0,11.0,0.5,4327.166,5,1,True,1.0,0.1915
j457405,1,delay_tolerant,1.1333,0.0,8.6667,0.5,0.0,4,2,True,1.0,0.05
j457405,1,token_batch,1.475,1.0907,11.0,0.5,3565.906,5,1,True,1.0,0.05
j457405,1,token_batch,1.475,1.341,11.0,0.5,4249.409,5,1,True,1.0,0.05
j457420,1,token_batch,1.7483,0.8231,12.8667,0.5,4264.281,5,1,True,1.0,0.05
j457821,1,token_batch,2.5,1.209,18.0,0.5,5591.325,8,1,True,1.0,0.134
j457821,1,delay_tolerant,0.5183,0.0,7.7333,0.5,0.0,8,2,False,1.0,0.0
j457821,1,delay_tolerant,0.5183,0.0,7.7333,0.5,0.0,4,2,True,1.0,0.05
j457821,1,delay_tolerant,0.5183,0.2591,7.7333,0.5,0.0,4,2,False,1.0,0.0
j457821,1,token_batch,2.5,0.0,18.0,0.5,4551.765,8,1,False,1.0,0.0
j457821,1,delay_tolerant,0.7917,0.0,7.7333,0.5,0.0,9,2,True,1.0,0.05
j457821,1,token_batch,2.1583,1.0584,15.6667,0.5,5434.721,5,1,True,1.0,0.05
j457821,1,token_batch,2.5,0.9978,18.0,0.5,5332.491,5,1,False,1.0,0.0
j457821,1,delay_tolerant,0.5183,0.0,7.7333,0.5,0.0,4,2,False,1.0,0.0
j457821,1,token_batch,1.9533,0.7165,14.2667,0.5,4757.692,7,1,True,1.0,0.05
j457821,1,token_batch,2.5,1.4468,18.0,0.5,5375.069,5,1,True,1.0,0.05
j457821,1,delay_tolerant,0.7917,0.0,7.7333,0.5,0.0,8,2,False,1.0,0.0
j457821,1,token_batch,2.5,1.2689,18.0,0.5,5067.719,5,1,True,1.0,0.1413
j457821,1,delay_tolerant,1.4067,0.0,10.5333,0.5,0.0,4,2,False,1.0,0.0
j457821,1,token_batch,2.09,0.0,15.2,0.5,5309.21,8,1,True,1.0,0.1958
j457821,1,delay_tolerant,1.4067,0.3904,10.5333,0.5,0.0,4,2,True,1.0,0.05
j457821,1,token_batch,2.295,0.0,16.6,0.5,4495.295,8,1,False,1.0,0.0
j457821,1,token_batch,2.5,1.4678,18.0,0.5,4197.209,7,1,True,1.0,0.1099
j457821,1,delay_tolerant,1.065,0.0,8.2,0.5,0.0,9,2,False,1.0,0.0
j457821,1,delay_sensitive,1.68,0.0,12.4,0.5,0.0,2,3,False,1.0,0.0
j458411,1,delay_tolerant,1.4067,0.0,10.5333,0.5,0.0,4,2,False,1.0,0.0
j45877,1,delay_tolerant,1.1333,0.0,8.6667,0.5,0.0,7,2,True,1.0,0.05
j45877,1,delay_tolerant,1.2017,0.2759,9.1333,0.5,0.0,7,2,True,1.0,0.0552
j45877,1,delay_tolerant,0.86,0.0,7.7333,0.5,0.0,7,2,True,1.0,0.05
j45877,1,delay_tolerant,1.065,0.0,8.2,0.5,0.0,7,2,True,1.0,0.05
j460445,1,token_batch,2.5,1.2985,18.0,0.5,4715.906,9,1,True,1.0,0.1768
j460485,1,delay_tolerant,0.7917,0.0,7.7333,0.5,0.0,5,2,True,1.0,0.05
j462207,1,delay_tolerant,0.7917,0.0,7.7333,0.5,0.0,4,2,False,1.0,0.0
j463149,1,delay_tolerant,0.5867,0.0,7.7333,0.5,0.0,4,2,False,1.0,0.0
j463149,1,delay_tolerant,0.9283,0.0,7.7333,0.5,0.0,8,2,False,1.0,0.0
j463242,1,token_batch,1.5433,1.3553,11.4667,0.5,4890.102,5,1,True,1.0,0.05
j463629,1,token_batch,1.475,1.1289,11.0,0.5,4408.434,9,1,True,1.0,0.1731
j463879,1,delay_tolerant,1.2017,0.0,9.1333,0.5,0.0,4,2,False,1.0,0.0
j463879,1,token_batch,2.5,0.5499,18.0,0.5,5043.127,8,1,False,1.0,0.0
j463879,1,token_batch,2.5,0.0,18.0,0.5,5301.336,7,1,False,1.0,0.0
j463879,1,token_batch,2.5,0.4238,18.0,0.5,4770.344,5,1,True,1.0,0.05
j463879,1,delay_tolerant,0.86,0.0,7.7333,0.5,0.0,8,2,True,1.0,0.05
j463879,1,token_batch,2.5,1.0562,18.0,0.5,4516.786,7,1,True,1.0,0.05
j464217,1,delay_tolerant,0.655,0.0,7.7333,0.5,0.0,4,2,False,1.0,0.0
j464217,1,delay_tolerant,1.3383,0.3173,10.0667,0.5,0.0,9,2,False,1.0,0.0
j464217,1,delay_tolerant,0.5183,0.0,7.7333,0.5,0.0,8,2,True,1.0,0.05
j465362,1,delay_tolerant,1.1333,0.0,8.6667,0.5,0.0,4,2,False,1.0,0.0
j465647,1,token_batch,1.475,1.434,11.0,0.5,4365.031,9,1,True,1.0,0.0963
j465647,1,delay_tolerant,1.27,0.0,9.6,0.5,0.0,9,2,True,1.0,0.05
j467700,1,token_batch,1.475,0.9232,11.0,0.5,3959.355,8,1,True,1.0,0.05
j468114,1,delay_tolerant,0.9283,0.0,7.7333,0.5,0.0,5,2,False,1.0,0.0
j468114,1,token_batch,1.475,0.0,11.0,0.5,4496.552,5,1,False,1.0,0.0
j46903,1,token_batch,1.475,0.0,11.0,0.5,4262.128,9,1,False,1.0,0.0
j46903,1,delay_tolerant,0.7917,0.0,7.7333,0.5,0.0,4,2,False,1.0,0.0
j470153,1,delay_tolerant,0.7233,0.0,7.7333,0.5,0.0,4,2,True,1.0,0.05
j471807,1,delay_tolerant,0.5867,0.0,7.7333,0.5,0.0,4,2,False,1.0,0.0
j472547,1,delay_tolerant,0.7917,0.4356,7.7333,0.5,0.0,6,2,True,1.0,0.05
j473403,1,delay_tolerant,0.7233,0.0,7.7333,0.5,0.0,6,2,False,1.0,0.0
j473876,1,delay_tolerant,0.7917,0.0,7.7333,0.5,0.0,4,2,True,1.0,0.05
j474802,1,token_batch,1.475,0.8826,11.0,0.5,4094.36,9,1,False,1.0,0.0
j476840,1,token_batch,1.475,0.7617,11.0,0.5,3848.55,6,1,True,1.0,0.1933
j477041,1,delay_tolerant,0.5867,0.0,7.7333,0.5,0.0,4,2,True,1.0,0.0892
j477622,1,token_batch,1.475,1.326,11.0,0.5,3896.029,5,1,True,1.0,0.0861
j478440,1,token_batch,1.475,0.8612,11.0,0.5,3445.893,5,1,False,1.0,0.0
j47942,1,token_batch,2.5,0.0,18.0,0.5,4631.555,8,1,False,1.0,0.0
j479638,1,delay_tolerant,0.7917,0.0,7.7333,0.5,0.0,4,2,True,1.0,0.05
j480546,1,token_batch,1.475,1.1606,11.0,0.5,4034.625,8,1,True,1.0,0.1506
j480809,1,token_batch,1.475,0.5554,11.0,0.5,3947.326,5,1,True,1.0,0.05
j480809,1,delay_tolerant,1.1333,0.0,8.6667,0.5,0.0,4,2,True,1.0,0.05
j481116,1,delay_tolerant,0.5183,0.0,7.7333,0.5,0.0,4,2,True,1.0,0.05
j481116,1,delay_tolerant,0.86,0.0,7.7333,0.5,0.0,6,2,True,1.0,0.05
j481747,1,delay_tolerant,1.3383,0.0,10.0667,0.5,0.0,6,2,True,1.0,0.05
j481774,1,delay_tolerant,0.7917,0.0,7.7333,0.5,0.0,4,2,False,1.0,0.0
j482088,1,token_batch,1.475,0.8011,11.0,0.5,4068.11,8,1,False,1.0,0.0
j482088,1,token_batch,1.475,1.0436,11.0,0.5,4188.922,8,1,True,1.0,0.05
j483003,1,token_batch,1.475,0.4775,11.0,0.5,4117.451,5,1,True,1.0,0.05
j483728,1,delay_tolerant,0.5183,0.0,7.7333,0.5,0.0,6,2,False,1.0,0.0
j483728,1,token_batch,1.475,0.7917,11.0,0.5,3784.232,7,1,True,1.0,0.05
j483728,1,delay_tolerant,0.5867,0.0,7.7333,0.5,0.0,7,2,True,1.0,0.0365
j483728,1,delay_tolerant,0.5867,0.0,7.7333,0.5,0.0,6,2,True,1.0,0.05
j484097,1,delay_tolerant,1.3383,0.0,10.0667,0.5,0.0,5,2,False,1.0,0.0
j484097,1,delay_tolerant,0.5183,0.0,7.7333,0.5,0.0,4,2,True,1.0,0.05
j484763,1,delay_tolerant,1.2017,0.0,9.1333,0.5,0.0,4,2,False,1.0,0.0
j485059,1,delay_tolerant,1.1333,0.0,8.6667,0.5,0.0,6,2,False,1.0,0.0
j485469,1,delay_tolerant,0.7233,0.0,7.7333,0.5,0.0,4,2,False,1.0,0.0
j485652,1,delay_tolerant,0.5183,0.0,7.7333,0.5,0.0,4,2,True,1.0,0.05
j48602,1,delay_tolerant,0.9283,0.0,7.7333,0.5,0.0,8,2,True,1.0,0.05
j48602,1,delay_tolerant,1.3383,0.0,10.0667,0.5,0.0,8,2,True,1.0,0.0609
j48602,1,delay_tolerant,0.9283,0.0,7.7333,0.5,0.0,8,2,True,1.0,0.0793
j48602,1,delay_tolerant,0.7233,0.0,7.7333,0.5,0.0,7,2,True,1.0,0.05
j48602,1,delay_tolerant,0.86,0.0,7.7333,0.5,0.0,8,2,True,1.0,0.0537
j486273,1,delay_tolerant,0.5183,0.0,7.7333,0.5,0.0,8,2,False,1.0,0.0
j48940,1,delay_tolerant,0.9967,0.5604,7.7333,0.5,0.0,5,2,True,1.0,0.05
j490057,1,token_batch,1.475,0.5592,11.0,0.5,3992.265,7,1,False,1.0,0.0
j492822,1,delay_tolerant,1.2017,0.0,9.1333,0.5,0.0,4,2,True,1.0,0.0424
j492822,1,delay_tolerant,1.065,0.0,8.2,0.5,0.0,4,2,True,1.0,0.05
j492901,1,delay_tolerant,0.5183,0.0,7.7333,0.5,0.0,4,2,True,1.0,0.0456
j492901,1,delay_tolerant,1.2017,0.0,9.1333,0.5,0.0,4,2,True,1.0,0.0225
j492901,1,delay_tolerant,0.5183,0.0,7.7333,0.5,0.0,4,2,True,1.0,0.05
j49314,1,token_batch,1.475,0.8009,11.0,0.5,4091.665,9,1,True,1.0,0.05
j495197,1,delay_tolerant,0.86,0.0,7.7333,0.5,0.0,4,2,False,1.0,0.0
j495197,1,delay_tolerant,0.5867,0.0,7.7333,0.5,0.0,4,2,True,1.0,0.026
j49536,1,delay_tolerant,1.065,0.0,8.2,0.5,0.0,4,2,False,1.0,0.0
j49536,1,delay_tolerant,0.86,0.0,7.7333,0.5,0.0,4,2,False,1.0,0.0
j495558,1,token_batch,1.475,0.0,11.0,0.5,4038.656,5,1,True,1.0,0.169
j496029,1,token_batch,1.475,0.8058,11.0,0.5,3960.736,7,1,True,1.0,0.1604
j496029,1,token_batch,1.475,1.0417,11.0,0.5,4502.471,7,1,True,1.0,0.1731
j496997,1,token_batch,2.3633,1.026,17.0667,0.5,4868.582,10,1,True,1.0,0.1263
j496997,1,delay_tolerant,0.86,0.0,7.7333,0.5,0.0,9,2,False,1.0,0.0
j496997,1,token_batch,1.885,1.21,13.8,0.5,4522.887,9,1,True,1.0,0.1888
j497283,1,token_batch,1.475,1.2916,11.0,0.5,4275.536,7,1,True,1.0,0.1862
j497283,1,delay_tolerant,1.4067,0.5761,10.5333,0.5,0.0,8,2,True,1.0,0.05
j49797,1,delay_tolerant,1.27,0.0,9.6,0.5,0.0,8,2,False,1.0,0.0
j49797,1,token_batch,2.5,0.5054,18.0,0.5,5344.536,7,1,True,1.0,0.05
j49809,1,delay_tolerant,1.4067,0.4913,10.5333,0.5,0.0,6,2,True,1.0,0.05
j499810,1,delay_tolerant,1.1333,0.0,8.6667,0.5,0.0,6,2,True,1.0,0.044
j499810,1,delay_tolerant,0.5183,0.0,7.7333,0.5,0.0,5,2,True,1.0,0.0905
j499875,1,delay_tolerant,0.86,0.0,7.7333,0.5,0.0,6,2,False,1.0,0.0
j499875,1,delay_tolerant,0.5183,0.0,7.7333,0.5,0.0,4,2,True,1.0,0.0453
j499944,1,token_batch,1.475,1.379,11.0,0.5,4172.361,9,1,True,1.0,0.05
j499944,1,token_batch,1.475,0.809,11.0,0.5,4214.201,9,1,True,1.0,0.05
j501141,1,token_batch,1.475,0.0,11.0,0.5,3722.241,6,1,True,1.0,0.1454
j501786,1,token_batch,1.475,0.0,11.0,0.5,3823.187,8,1,False,1.0,0.0
j503350,1,token_batch,2.5,1.1087,18.0,0.5,4423.892,5,1,True,1.0,0.1595
j503854,1,token_batch,1.475,0.9153,11.0,0.5,3611.069,5,1,True,1.0,0.05
j503854,1,delay_tolerant,0.7233,0.0,7.7333,0.5,0.0,4,2,True,1.0,0.05
j504365,1,delay_tolerant,0.5183,0.0,7.7333,0.5,0.0,8,2,False,1.0,0.0
j504365,1,delay_tolerant,0.655,0.0,7.7333,0.5,0.0,9,2,True,1.0,0.05
j504365,1,delay_tolerant,0.5183,0.0,7.7333,0.5,0.0,4,2,False,1.0,0.0
j504442,1,token_batch,1.475,0.6983,11.0,0.5,4555.032,5,1,True,1.0,0.05
j504442,1,token_batch,1.475,0.0,11.0,0.5,4353.265,5,1,True,1.0,0.1045
j504815,1,delay_tolerant,1.1333,0.0,8.6667,0.5,0.0,5,2,False,1.0,0.0
j505467,1,delay_sensitive,0.5183,0.0,7.7333,0.5,0.0,2,3,False,1.0,0.0
j506212,1,token_batch,1.475,0.5747,11.0,0.5,4555.445,5,1,True,1.0,0.1061
j506366,1,delay_sensitive,0.5183,0.0,7.7333,0.5,0.0,2,3,False,1.0,0.0
j506366,1,token_batch,1.475,0.4731,11.0,0.5,3872.693,7,1,False,1.0,0.0
j506366,1,delay_tolerant,1.4067,0.0,10.5333,0.5,0.0,7,2,False,1.0,0.0
j506642,1,token_batch,1.475,0.0,11.0,0.5,4316.672,7,1,False,1.0,0.0
j508058,1,delay_tolerant,0.5183,0.0,7.7333,0.5,0.0,4,2,True,1.0,0.05
j509708,1,delay_tolerant,0.5183,0.0,7.7333,0.5,0.0,8,2,False,1.0,0.0
j511139,1,delay_tolerant,1.065,0.0,8.2,0.5,0.0,9,2,True,1.0,0.0206
j511139,1,token_batch,2.4317,0.0,17.5333,0.5,4552.413,10,1,False,1.0,0.0
j511577,1,delay_tolerant,0.9283,0.0,7.7333,0.5,0.0,4,2,False,1.0,0.0
j511577,1,delay_tolerant,1.1333,0.0,8.6667,0.5,0.0,4,2,False,1.0,0.0
j512358,1,delay_tolerant,1.065,0.0,8.2,0.5,0.0,5,2,True,1.0,0.035
j512358,1,delay_tolerant,0.9967,0.0,7.7333,0.5,0.0,5,2,True,1.0,0.0681
j512358,1,delay_tolerant,0.7233,0.0,7.7333,0.5,0.0,5,2,True,1.0,0.05
j51323,1,delay_tolerant,1.2017,0.0,9.1333,0.5,0.0,4,2,True,1.0,0.05
j513689,1,delay_tolerant,0.5183,0.0,7.7333,0.5,0.0,4,2,False,1.0,0.0
j515828,1,token_batch,1.475,1.3835,11.0,0.5,3785.389,8,1,False,1.0,0.0
j516776,1,delay_tolerant,1.2017,0.0,9.1333,0.5,0.0,4,2,False,1.0,0.0
j518490,1,token_batch,1.475,0.9212,11.0,0.5,4473.327,9,1,False,1.0,0.0
j518749,1,token_batch,1.475,0.0,11.0,0.5,4123.036,6,1,True,1.0,0.1936
j519199,1,token_batch,2.5,0.8251,18.0,0.5,5277.373,9,1,False,1.0,0.0
j519199,1,delay_tolerant,1.2017,0.0,9.1333,0.5,0.0,9,2,False,1.0,0.0
j519199,1,token_batch,1.68,1.0489,12.4,0.5,4234.576,5,1,True,1.0,0.1538
j519817,1,delay_tolerant,0.9283,0.0,7.7333,0.5,0.0,4,2,True,1.0,0.0864
j520269,1,token_batch,1.475,0.6809,11.0,0.5,3500.485,5,1,True,1.0,0.05
j521102,1,token_batch,1.475,1.4899,11.0,0.5,4290.965,9,1,True,1.0,0.05
j522585,1,token_batch,1.475,0.0,11.0,0.5,3821.121,7,1,False,1.0,0.0
j523055,1,token_batch,1.475,0.0,11.0,0.5,3686.043,8,1,False,1.0,0.0
j523055,1,delay_tolerant,0.9283,0.0,7.7333,0.5,0.0,8,2,False,1.0,0.0
j523055,1,delay_tolerant,1.2017,0.3225,9.1333,0.5,0.0,8,2,False,1.0,0.0
j524558,1,token_batch,1.475,0.8741,11.0,0.5,4347.595,6,1,True,1.0,0.168
j525641,1,token_batch,1.475,0.8207,11.0,0.5,4289.569,8,1,True,1.0,0.1683
j525714,1,token_batch,1.475,1.4177,11.0,0.5,4548.321,9,1,False,1.0,0.0
j525714,1,delay_tolerant,0.7917,0.0,7.7333,0.5,0.0,4,2,True,1.0,0.05
j525742,1,delay_tolerant,0.7233,0.0,7.7333,0.5,0.0,4,2,True,1.0,0.05
j525742,1,delay_tolerant,1.1333,0.0,8.6667,0.5,0.0,4,2,False,1.0,0.0
j525742,1,token_batch,1.7483,0.6992,12.8667,0.5,4156.659,5,1,True,1.0,0.05
j525742,1,delay_tolerant,0.5183,0.0,7.7333,0.5,0.0,4,2,True,1.0,0.0496
j525742,1,delay_tolerant,1.4067,0.0,10.5333,0.5,0.0,4,2,False,1.0,0.0
j525742,1,delay_tolerant,0.5183,0.0,7.7333,0.5,0.0,4,2,False,1.0,0.0
j525742,1,token_batch,1.8167,0.0,13.3333,0.5,4119.402,5,1,False,1.0,0.0
j525742,1,delay_tolerant,0.7917,0.0,7.7333,0.5,0.0,4,2,True,1.0,0.05
j525742,1,token_batch,2.5,1.1672,18.0,0.5,5221.83,5,1,True,1.0,0.05
j525742,1,token_batch,2.5,0.0,18.0,0.5,4611.332,5,1,False,1.0,0.0
j526224,1,token_batch,1.475,0.0,11.0,0.5,3718.342,6,1,True,1.0,0.1181
j526224,1,delay_tolerant,0.9283,0.0,7.7333,0.5,0.0,6,2,True,1.0,0.05
j526915,1,delay_tolerant,0.655,0.0,7.7333,0.5,0.0,8,2,True,1.0,0.05
j527557,1,delay_tolerant,1.065,0.0,8.2,0.5,0.0,4,2,False,1.0,0.0
j527557,1,delay_tolerant,0.86,0.0,7.7333,0.5,0.0,4,2,False,1.0,0.0
j528223,1,token_batch,2.5,0.0,18.0,0.5,5313.871,9,1,True,1.0,0.1748
j528223,1,delay_sensitive,1.065,0.0,8.2,0.5,0.0,2,3,False,1.0,0.0
j52843,1,delay_tolerant,0.655,0.0,7.7333,0.5,0.0,4,2,True,1.0,0.05
j529668,1,delay_tolerant,1.065,0.0,8.2,0.5,0.0,6,2,True,1.0,0.0253
j529668,1,delay_tolerant,1.2017,0.0,9.1333,0.5,0.0,6,2,True,1.0,0.0701
j53132,1,delay_tolerant,0.9283,0.0,7.7333,0.5,0.0,9,2,True,1.0,0.0805
j53167,1,delay_tolerant,0.5183,0.0,7.7333,0.5,0.0,4,2,False,1.0,0.0
j533299,1,delay_tolerant,0.86,0.0,7.7333,0.5,0.0,6,2,True,1.0,0.05
j533859,1,delay_tolerant,0.5183,0.0,7.7333,0.5,0.0,4,2,True,1.0,0.0988
j533859,1,token_batch,1.475,0.5514,11.0,0.5,4429.054,5,1,True,1.0,0.145
j534267,1,token_batch,1.475,0.0,11.0,0.5,4528.344,5,1,False,1.0,0.0
j534267,1,delay_tolerant,1.27,0.0,9.6,0.5,0.0,4,2,False,1.0,0.0
j534595,1,token_batch,1.475,1.0077,11.0,0.5,4205.322,8,1,False,1.0,0.0
j535294,1,token_batch,1.475,1.2651,11.0,0.5,4000.385,5,1,True,1.0,0.05
j535679,1,delay_tolerant,0.5183,0.0,7.7333,0.5,0.0,4,2,False,1.0,0.0
j535936,1,delay_tolerant,1.3383,0.0,10.0667,0.5,0.0,5,2,True,1.0,0.05
j535936,1,delay_tolerant,1.4067,0.0,10.5333,0.5,0.0,6,2,True,1.0,0.05
j535936,1,delay_tolerant,1.065,0.0,8.2,0.5,0.0,5,2,False,1.0,0.0
j536912,1,delay_tolerant,1.3383,0.0,10.0667,0.5,0.0,8,2,True,1.0,0.05
j53717,1,delay_tolerant,0.5183,0.4634,7.7333,0.5,0.0,4,2,True,1.0,0.027
j537366,1,token_batch,1.475,0.9825,11.0,0.5,4142.241,5,1,False,1.0,0.0
j537366,1,delay_tolerant,0.5183,0.0,7.7333,0.5,0.0,7,2,True,1.0,0.05
j538180,1,delay_tolerant,0.9967,0.0,7.7333,0.5,0.0,8,2,True,1.0,0.05
j538400,1,delay_tolerant,1.2017,0.0,9.1333,0.5,0.0,5,2,False,1.0,0.0
j539210,1,delay_tolerant,1.27,0.0,9.6,0.5,0.0,7,2,False,1.0,0.0
j539287,1,delay_tolerant,0.86,0.0,7.7333,0.5,0.0,4,2,False,1.0,0.0
j539932,1,delay_tolerant,0.9967,0.0,7.7333,0.5,0.0,8,2,True,1.0,0.05
j540185,1,token_batch,1.475,0.7628,11.0,0.5,3734.042,6,1,False,1.0,0.0
j541488,1,delay_sensitive,0.5183,0.0,7.7333,0.5,0.0,2,3,False,1.0,0.0
j541488,1,delay_tolerant,1.1333,0.0,8.6667,0.5,0.0,7,2,False,1.0,0.0
j541488,1,delay_tolerant,0.5183,0.0,7.7333,0.5,0.0,7,2,False,1.0,0.0
j541575,1,delay_tolerant,1.1333,0.0,8.6667,0.5,0.0,8,2,True,1.0,0.0395
j541575,1,delay_tolerant,0.9967,0.0,7.7333,0.5,0.0,7,2,True,1.0,0.05
j541575,1,delay_tolerant,0.7233,0.0,7.7333,0.5,0.0,4,2,True,1.0,0.05
j542499,1,delay_tolerant,1.27,0.0,9.6,0.5,0.0,6,2,True,1.0,0.05
j542499,1,token_batch,1.475,1.3006,11.0,0.5,3508.845,6,1,True,1.0,0.05
j542680,1,delay_tolerant,1.2017,0.0,9.1333,0.5,0.0,4,2,True,1.0,0.05
j543583,1,delay_tolerant,0.5867,0.0,7.7333,0.5,0.0,4,2,False,1.0,0.0
j543583,1,delay_tolerant,1.3383,0.0,10.0667,0.5,0.0,4,2,True,1.0,0.05
j543583,1,delay_tolerant,1.2017,0.0,9.1333,0.5,0.0,4,2,True,1.0,0.05
j543583,1,token_batch,1.475,0.9156,11.0,0.5,4270.352,5,1,False,1.0,0.0
j543583,1,delay_tolerant,0.5183,0.0,7.7333,0.5,0.0,4,2,True,1.0,0.05
j543631,1,delay_tolerant,0.7233,0.0,7.7333,0.5,0.0,4,2,False,1.0,0.0
j544121,1,delay_tolerant,0.9967,0.2478,7.7333,0.5,0.0,4,2,True,1.0,0.05
j545140,1,delay_tolerant,0.5183,0.0,7.7333,0.5,0.0,4,2,False,1.0,0.0
j545295,1,delay_tolerant,0.7233,0.0,7.7333,0.5,0.0,4,2,True,1.0,0.0996
j546386,1,delay_tolerant,0.5867,0.0,7.7333,0.5,0.0,7,2,False,1.0,0.0
j546386,1,token_batch,1.475,0.0,11.0,0.5,3635.671,7,1,False,1.0,0.0
j546386,1,token_batch,1.475,0.8498,11.0,0.5,4469.555,7,1,True,1.0,0.162
j546386,1,token_batch,1.475,1.3674,11.0,0.5,4464.573,7,1,True,1.0,0.05
j547147,1,token_batch,1.475,0.0,11.0,0.5,4075.849,6,1,False,1.0,0.0
j548402,1,delay_tolerant,0.5183,0.0,7.7333,0.5,0.0,4,2,False,1.0,0.0
j549949,1,delay_tolerant,1.3383,0.0,10.0667,0.5,0.0,9,2,True,1.0,0.0709
j549952,1,delay_tolerant,0.9967,0.0,7.7333,0.5,0.0,4,2,False,1.0,0.0
j549952,1,delay_tolerant,0.7233,0.0,7.7333,0.5,0.0,4,2,True,1.0,0.05
j550024,1,delay_tolerant,0.5183,0.0,7.7333,0.5,0.0,9,2,False,1.0,0.0
j550034,1,token_batch,1.475,1.208,11.0,0.5,4226.308,5,1,True,1.0,0.05
j550375,1,token_batch,1.475,1.4828,11.0,0.5,4624.971,9,1,True,1.0,0.05
j550478,1,delay_tolerant,0.655,0.0,7.7333,0.5,0.0,4,2,False,1.0,0.0
j552130,1,delay_tolerant,0.655,0.0,7.7333,0.5,0.0,4,2,False,1.0,0.0
j552198,1,token_batch,1.475,0.0,11.0,0.5,3626.787,7,1,True,1.0,0.1305
j552198,1,token_batch,1.475,1.3776,11.0,0.5,3951.13,7,1,False,1.0,0.0
j552198,1,delay_tolerant,1.27,0.4539,9.6,0.5,0.0,7,2,False,1.0,0.0
j552244,1,delay_tolerant,1.065,0.0,8.2,0.5,0.0,4,2,False,1.0,0.0
j552504,1,token_batch,1.475,1.4518,11.0,0.5,4035.718,8,1,True,1.0,0.05
j552504,1,delay_tolerant,1.27,0.0,9.6,0.5,0.0,4,2,True,1.0,0.05
j552738,1,delay_tolerant,1.3383,0.0,10.0667,0.5,0.0,5,2,True,1.0,0.05
j552738,1,delay_tolerant,1.3383,0.0,10.0667,0.5,0.0,4,2,False,1.0,0.0
j552822,1,delay_sensitive,0.5183,0.0,7.7333,0.5,0.0,2,3,False,1.0,0.0
j553302,1,token_batch,1.475,0.5455,11.0,0.5,3899.788,6,1,False,1.0,0.0
j553860,1,delay_tolerant,1.1333,0.0,8.6667,0.5,0.0,4,2,False,1.0,0.0
j554247,1,token_batch,1.475,0.4852,11.0,0.5,3792.104,5,1,False,1.0,0.0
j55427,1,delay_tolerant,0.9967,0.0,7.7333,0.5,0.0,5,2,False,1.0,0.0
j554309,1,delay_tolerant,0.9283,0.0,7.7333,0.5,0.0,6,2,True,1.0,0.05
j55542,1,delay_tolerant,1.065,0.0,8.2,0.5,0.0,4,2,False,1.0,0.0
j555715,1,token_batch,1.475,0.0,11.0,0.5,4427.004,5,1,True,1.0,0.1325
j555715,1,delay_tolerant,0.9283,0.0,7.7333,0.5,0.0,4,2,True,1.0,0.0243
j556240,1,token_batch,1.475,0.0,11.0,0.5,3649.47,5,1,True,1.0,0.1371
j556240,1,delay_tolerant,0.5183,0.0,7.7333,0.5,0.0,4,2,False,1.0,0.0
j556255,1,token_batch,1.475,0.0,11.0,0.5,4487.894,5,1,True,1.0,0.1385
j556994,1,delay_tolerant,1.27,0.0,9.6,0.5,0.0,7,2,True,1.0,0.05
j557303,1,delay_tolerant,0.5183,0.0,7.7333,0.5,0.0,4,2,True,1.0,0.0678
j557499,1,delay_tolerant,0.9283,0.0,7.7333,0.5,0.0,4,2,False,1.0,0.0
j55762,1,delay_tolerant,1.065,0.0,8.2,0.5,0.0,9,2,False,1.0,0.0
j558560,1,token_batch,2.5,0.0,18.0,0.5,5302.306,5,1,True,1.0,0.1425
j558560,1,token_batch,2.5,0.7735,18.0,0.5,5558.491,5,1,True,1.0,0.05
j55869,1,delay_tolerant,1.4067,0.0,10.5333,0.5,0.0,8,2,False,1.0,0.0
j558986,1,delay_tolerant,0.9967,0.0,7.7333,0.5,0.0,4,2,True,1.0,0.05
j558986,1,delay_tolerant,1.065,0.0,8.2,0.5,0.0,7,2,False,1.0,0.0
j558986,1,delay_tolerant,0.7917,0.0,7.7333,0.5,0.0,4,2,True,1.0,0.05
j558986,1,delay_tolerant,0.5183,0.0,7.7333,0.5,0.0,9,2,False,1.0,0.0
j558986,1,delay_tolerant,0.7917,0.0,7.7333,0.5,0.0,4,2,True,1.0,0.05
j558986,1,delay_tolerant,0.9967,0.0,7.7333,0.5,0.0,7,2,True,1.0,0.05
j558986,1,delay_tolerant,0.5183,0.0,7.7333,0.5,0.0,7,2,False,1.0,0.0
j558986,1,delay_tolerant,0.5183,0.0,7.7333,0.5,0.0,7,2,True,1.0,0.05
j558986,1,delay_tolerant,1.1333,0.0,8.6667,0.5,0.0,4,2,True,1.0,0.05
j558986,1,token_batch,1.8167,1.1854,13.3333,0.5,4912.982,7,1,False,1.0,0.0
j558986,1,delay_tolerant,0.5867,0.0,7.7333,0.5,0.0,6,2,False,1.0,0.0
j558986,1,delay_sensitive,0.5183,0.0,7.7333,0.5,0.0,2,3,False,1.0,0.0
j558986,1,delay_tolerant,0.5183,0.0,7.7333,0.5,0.0,7,2,True,1.0,0.05
j558986,1,delay_tolerant,0.5183,0.4445,7.7333,0.5,0.0,4,2,False,1.0,0.0
j558986,1,token_batch,1.475,1.0668,11.0,0.5,4579.758,6,1,True,1.0,0.05
j559089,1,delay_tolerant,0.655,0.0,7.7333,0.5,0.0,9,2,True,1.0,0.05
j559228,1,token_batch,2.5,0.6509,18.0,0.5,4440.805,5,1,True,1.0,0.1047
j559436,1,delay_tolerant,1.2017,0.5203,9.1333,0.5,0.0,4,2,True,1.0,0.0844
j559538,1,delay_sensitive,0.5183,0.0,7.7333,0.5,0.0,2,3,False,1.0,0.0
j559538,1,token_batch,1.475,0.0,11.0,0.5,4493.731,9,1,False,1.0,0.0
j559538,1,delay_tolerant,1.3383,0.0,10.0667,0.5,0.0,9,2,False,1.0,0.0
j560330,1,token_batch,1.475,0.4646,11.0,0.5,4554.431,5,1,True,1.0,0.05
j560917,1,delay_tolerant,0.5183,0.0,7.7333,0.5,0.0,4,2,False,1.0,0.0
j561269,1,token_batch,2.5,0.918,18.0,0.5,5272.629,9,1,True,1.0,0.0828
j561269,1,token_batch,1.885,0.6806,13.8,0.5,4910.743,9,1,True,1.0,0.05
j561269,1,token_batch,2.5,0.0,18.0,0.5,5595.792,8,1,False,1.0,0.0
j561269,1,delay_tolerant,0.655,0.0,7.7333,0.5,0.0,10,2,False,1.0,0.0
j562159,1,token_batch,1.475,0.5885,11.0,0.5,3811.782,5,1,True,1.0,0.117
j563363,1,delay_tolerant,0.5183,0.0,7.7333,0.5,0.0,4,2,True,1.0,0.0586
j563363,1,delay_tolerant,1.27,0.0,9.6,0.5,0.0,6,2,False,1.0,0.0
j564391,1,delay_sensitive,0.5183,0.0,7.7333,0.5,0.0,2,3,False,1.0,0.0
j564391,1,delay_tolerant,1.3383,0.0,10.0667,0.5,0.0,7,2,False,1.0,0.0
j565090,1,delay_tolerant,0.7233,0.0,7.7333,0.5,0.0,4,2,True,1.0,0.05
j565176,1,token_batch,1.475,0.4953,11.0,0.5,4145.709,8,1,False,1.0,0.0
j565330,1,delay_tolerant,1.27,0.0,9.6,0.5,0.0,4,2,True,1.0,0.0871
j56635,1,token_batch,1.475,0.6606,11.0,0.5,4340.826,6,1,True,1.0,0.05
j566965,1,delay_tolerant,0.655,0.0,7.7333,0.5,0.0,8,2,False,1.0,0.0
j567592,1,token_batch,1.475,0.6384,11.0,0.5,4013.84,9,1,True,1.0,0.05
j568315,1,delay_tolerant,1.1333,0.0,8.6667,0.5,0.0,8,2,False,1.0,0.0
j568605,1,token_batch,1.475,0.0,11.0,0.5,3520.618,5,1,False,1.0,0.0
j56881,1,delay_tolerant,1.3383,0.0,10.0667,0.5,0.0,5,2,True,1.0,0.0819
j568958,1,delay_tolerant,0.655,0.0,7.7333,0.5,0.0,4,2,True,1.0,0.05
j569603,1,token_batch,1.475,0.5188,11.0,0.5,3443.362,8,1,True,1.0,0.05
j569603,1,delay_tolerant,1.27,0.0,9.6,0.5,0.0,8,2,False,1.0,0.0
j569721,1,delay_tolerant,1.065,0.0,8.2,0.5,0.0,6,2,False,1.0,0.0
j569721,1,token_batch,1.5433,0.841,11.4667,0.5,5136.579,6,1,True,1.0,0.05
j570056,1,token_batch,1.475,1.3767,11.0,0.5,4218.308,5,1,True,1.0,0.05
j570056,1,delay_tolerant,0.655,0.0,7.7333,0.5,0.0,4,2,True,1.0,0.05
j570169,1,token_batch,2.5,0.9349,18.0,0.5,5202.208,9,1,False,1.0,0.0
j570169,1,delay_tolerant,0.5867,0.0,7.7333,0.5,0.0,7,2,True,1.0,0.0824
j570169,1,delay_tolerant,0.5183,0.0,7.7333,0.5,0.0,4,2,False,1.0,0.0
j570169,1,delay_sensitive,0.7233,0.0,7.7333,0.5,0.0,2,3,False,1.0,0.0
j570169,1,delay_tolerant,0.5183,0.3045,7.7333,0.5,0.0,8,2,True,1.0,0.029
j570169,1,token_batch,1.6117,0.6351,11.9333,0.5,4748.577,5,1,True,1.0,0.1779
j570169,1,delay_tolerant,0.5183,0.0,7.7333,0.5,0.0,4,2,False,1.0,0.0
j571154,1,delay_sensitive,0.5183,0.0,7.7333,0.5,0.0,2,3,False,1.0,0.0
j571154,1,delay_tolerant,0.9967,0.0,7.7333,0.5,0.0,4,2,True,1.0,0.05
j571717,1,delay_tolerant,0.5867,0.0,7.7333,0.5,0.0,4,2,False,1.0,0.0
j572079,1,delay_tolerant,0.7917,0.0,7.7333,0.5,0.0,4,2,False,1.0,0.0
j572699,1,token_batch,1.475,0.9778,11.0,0.5,4489.643,5,1,True,1.0,0.1488
j572699,1,delay_tolerant,0.9283,0.0,7.7333,0.5,0.0,4,2,False,1.0,0.0
j572894,1,delay_tolerant,0.9967,0.0,7.7333,0.5,0.0,4,2,True,1.0,0.0922
j572894,1,delay_tolerant,0.5183,0.0,7.7333,0.5,0.0,4,2,False,1.0,0.0
j572894,1,delay_tolerant,0.9967,0.0,7.7333,0.5,0.0,4,2,False,1.0,0.0
j572894,1,delay_tolerant,1.27,0.0,9.6,0.5,0.0,4,2,True,1.0,0.0595
j572894,1,delay_tolerant,0.5867,0.0,7.7333,0.5,0.0,4,2,True,1.0,0.0567
j572894,1,delay_tolerant,0.86,0.0,7.7333,0.5,0.0,4,2,True,1.0,0.05
j572894,1,delay_tolerant,0.9967,0.0,7.7333,0.5,0.0,4,2,True,1.0,0.0236
j573792,1,delay_tolerant,1.4067,0.0,10.5333,0.5,0.0,4,2,True,1.0,0.05
j57392,1,delay_sensitive,0.5183,0.0,7.7333,0.5,0.0,2,3,False,1.0,0.0
j574479,1,delay_tolerant,1.1333,0.0,8.6667,0.5,0.0,4,2,False,1.0,0.0
j574871,1,delay_sensitive,0.5183,0.0,7.7333,0.5,0.0,2,3,False,1.0,0.0
j575317,1,delay_tolerant,0.7233,0.0,7.7333,0.5,0.0,6,2,True,1.0,0.05
j575338,1,delay_tolerant,0.86,0.0,7.7333,0.5,0.0,8,2,False,1.0,0.0
j578126,1,token_batch,1.475,0.9693,11.0,0.5,3683.541,5,1,False,1.0,0.0
j578126,1,token_batch,1.475,0.0,11.0,0.5,3637.264,5,1,False,1.0,0.0
j578126,1,token_batch,1.475,0.0,11.0,0.5,3811.473,5,1,False,1.0,0.0
j578785,1,delay_tolerant,0.9967,0.0,7.7333,0.5,0.0,4,2,True,1.0,0.05
j579553,1,token_batch,2.5,0.0,18.0,0.5,5406.69,5,1,False,1.0,0.0
j579553,1,delay_tolerant,1.065,0.0,8.2,0.5,0.0,6,2,False,1.0,0.0
j579553,1,token_batch,2.5,0.951,18.0,0.5,4830.033,6,1,True,1.0,0.05
j579553,1,token_batch,2.5,0.6072,18.0,0.5,4762.642,6,1,True,1.0,0.05
j579906,1,delay_tolerant,1.3383,0.0,10.0667,0.5,0.0,8,2,True,1.0,0.052
j580031,1,delay_tolerant,0.5183,0.0,7.7333,0.5,0.0,4,2,True,1.0,0.05
j580031,1,delay_tolerant,0.5183,0.0,7.7333,0.5,0.0,4,2,False,1.0,0.0
j580031,1,delay_tolerant,0.5183,0.0,7.7333,0.5,0.0,4,2,True,1.0,0.0792
j580061,1,delay_tolerant,0.5183,0.0,7.7333,0.5,0.0,5,2,True,1.0,0.0265
j580786,1,token_batch,1.475,1.0575,11.0,0.5,3608.498,7,1,False,1.0,0.0
j581333,1,delay_tolerant,0.655,0.0,7.7333,0.5,0.0,4,2,False,1.0,0.0
j581333,1,delay_tolerant,0.5183,0.0,7.7333,0.5,0.0,4,2,True,1.0,0.05
j581333,1,delay_tolerant,0.7917,0.0,7.7333,0.5,0.0,4,2,False,1.0,0.0
j583178,1,delay_tolerant,0.5183,0.0,7.7333,0.5,0.0,4,2,True,1.0,0.05
j583668,1,delay_tolerant,1.065,0.0,8.2,0.5,0.0,8,2,False,1.0,0.0
j583692,1,delay_tolerant,0.655,0.0,7.7333,0.5,0.0,4,2,False,1.0,0.0
j584340,1,token_batch,1.475,1.1877,11.0,0.5,3813.437,9,1,True,1.0,0.05
j584582,1,delay_tolerant,0.5867,0.0,7.7333,0.5,0.0,4,2,False,1.0,0.0
j586022,1,delay_sensitive,1.4067,0.0,10.5333,0.5,0.0,2,3,False,1.0,0.0
j586022,1,token_batch,1.475,1.3032,11.0,0.5,4267.827,5,1,True,1.0,0.05
j586821,1,token_batch,1.475,0.6339,11.0,0.5,4383.126,5,1,False,1.0,0.0
j586821,1,delay_tolerant,0.7233,0.0,7.7333,0.5,0.0,6,2,False,1.0,0.0
j586821,1,token_batch,1.475,1.3071,11.0,0.5,4166.618,5,1,False,1.0,0.0
j58694,1,token_batch,1.475,0.0,11.0,0.5,4317.639,5,1,False,1.0,0.0
j587877,1,delay_sensitive,0.5183,0.0,7.7333,0.5,0.0,2,3,False,1.0,0.0
j588096,1,delay_tolerant,0.5183,0.5664,7.7333,0.5,0.0,4,2,True,1.0,0.05
j589420,1,delay_tolerant,0.655,0.3932,7.7333,0.5,0.0,4,2,False,1.0,0.0
j589420,1,delay_tolerant,0.7917,0.0,7.7333,0.5,0.0,4,2,True,1.0,0.0938
j589420,1,delay_sensitive,0.5183,0.0,7.7333,0.5,0.0,2,3,False,1.0,0.0
j59260,1,delay_tolerant,0.5183,0.0,7.7333,0.5,0.0,4,2,True,1.0,0.0519
j593262,1,delay_sensitive,0.5867,0.0,7.7333,0.5,0.0,2,3,False,1.0,0.0
j593262,1,token_batch,2.0217,0.5338,14.7333,0.5,5391.452,5,1,False,1.0,0.0
j594932,1,delay_tolerant,0.5183,0.0,7.7333,0.5,0.0,4,2,True,1.0,0.05
j594932,1,token_batch,1.475,0.0,11.0,0.5,3888.809,9,1,False,1.0,0.0
j595495,1,token_batch,1.475,1.2535,11.0,0.5,3808.446,5,1,True,1.0,0.05
j595495,1,delay_tolerant,0.7233,0.2942,7.7333,0.5,0.0,4,2,True,1.0,0.0795
j595727,1,delay_tolerant,0.7233,0.0,7.7333,0.5,0.0,4,2,True,1.0,0.05
j596114,1,token_batch,1.475,0.482,11.0,0.5,3857.21,7,1,False,1.0,0.0
j596114,1,token_batch,1.475,0.0,11.0,0.5,3540.009,8,1,True,1.0,0.176
j596470,1,delay_tolerant,1.1333,0.0,8.6667,0.5,0.0,4,2,False,1.0,0.0
j596596,1,delay_tolerant,1.4067,0.0,10.5333,0.5,0.0,6,2,False,1.0,0.0
j596596,1,token_batch,1.475,0.0,11.0,0.5,3891.462,6,1,True,1.0,0.0921
j596781,1,token_batch,1.475,0.4254,11.0,0.5,4577.279,6,1,True,1.0,0.05
j596812,1,token_batch,1.475,0.0,11.0,0.5,3920.345,6,1,False,1.0,0.0
j597125,1,token_batch,1.475,1.0971,11.0,0.5,4027.529,9,1,False,1.0,0.0
j597613,1,delay_tolerant,1.4067,0.0,10.5333,0.5,0.0,4,2,False,1.0,0.0
j599186,1,delay_tolerant,1.1333,0.0,8.6667,0.5,0.0,6,2,True,1.0,0.05
j599186,1,delay_tolerant,1.3383,0.0,10.0667,0.5,0.0,6,2,True,1.0,0.0955
j599186,1,token_batch,1.475,0.9329,11.0,0.5,3770.033,6,1,True,1.0,0.0823
j600071,1,token_batch,1.475,0.4939,11.0,0.5,4303.029,5,1,True,1.0,0.05
j600119,1,token_batch,1.475,1.1664,11.0,0.5,3427.661,6,1,False,1.0,0.0
j600119,1,token_batch,1.475,1.4546,11.0,0.5,3983.547,6,1,False,1.0,0.0
j600194,1,delay_tolerant,0.5183,0.0,7.7333,0.5,0.0,7,2,True,1.0,0.077
j603159,1,delay_tolerant,1.4067,0.0,10.5333,0.5,0.0,9,2,True,1.0,0.05
j604526,1,delay_tolerant,1.4067,0.0,10.5333,0.5,0.0,4,2,False,1.0,0.0
j604526,1,delay_tolerant,1.2017,0.0,9.1333,0.5,0.0,4,2,False,1.0,0.0
j604780,1,token_batch,1.475,0.0,11.0,0.5,3961.638,7,1,True,1.0,0.1897
j607187,1,delay_tolerant,0.5183,0.0,7.7333,0.5,0.0,4,2,True,1.0,0.0781
j608278,1,delay_tolerant,1.1333,0.0,8.6667,0.5,0.0,4,2,True,1.0,0.05
j608403,1,token_batch,1.475,1.363,11.0,0.5,4416.06,6,1,True,1.0,0.05
j608403,1,token_batch,1.475,1.4903,11.0,0.5,3454.5,6,1,True,1.0,0.05
j608403,1,delay_tolerant,1.27,0.0,9.6,0.5,0.0,6,2,False,1.0,0.0
j608671,1,delay_tolerant,0.7233,0.0,7.7333,0.5,0.0,4,2,True,1.0,0.05
j609007,1,delay_tolerant,0.7917,0.0,7.7333,0.5,0.0,7,2,False,1.0,0.0
j609240,1,delay_tolerant,0.5183,0.0,7.7333,0.5,0.0,4,2,True,1.0,0.05
j609505,1,delay_tolerant,0.5183,0.0,7.7333,0.5,0.0,4,2,False,1.0,0.0
j609881,1,delay_tolerant,1.065,0.0,8.2,0.5,0.0,6,2,False,1.0,0.0
j610050,1,token_batch,1.475,1.4973,11.0,0.5,3754.521,8,1,True,1.0,0.05
j611166,1,token_batch,1.475,1.0628,11.0,0.5,4129.495,7,1,True,1.0,0.05
j611247,1,delay_tolerant,0.9283,0.0,7.7333,0.5,0.0,6,2,True,1.0,0.0986
j611247,1,token_batch,1.475,0.0,11.0,0.5,4592.92,6,1,False,1.0,0.0
j611652,1,delay_tolerant,0.9283,0.0,7.7333,0.5,0.0,7,2,False,1.0,0.0
j611652,1,delay_tolerant,0.7233,0.0,7.7333,0.5,0.0,7,2,True,1.0,0.05
j611880,1,delay_tolerant,0.5183,0.0,7.7333,0.5,0.0,4,2,True,1.0,0.05
j611880,1,token_batch,1.6117,0.8941,11.9333,0.5,4094.918,5,1,False,1.0,0.0
j611880,1,delay_tolerant,0.7917,0.0,7.7333,0.5,0.0,4,2,False,1.0,0.0
j61244,1,delay_tolerant,1.4067,0.0,10.5333,0.5,0.0,7,2,False,1.0,0.0
j61244,1,delay_tolerant,1.065,0.0,8.2,0.5,0.0,7,2,False,1.0,0.0
j612587,1,token_batch,1.475,1.2788,11.0,0.5,4433.371,5,1,False,1.0,0.0
j61658,1,delay_tolerant,0.5183,0.2033,7.7333,0.5,0.0,4,2,True,1.0,0.0853
j617415,1,delay_sensitive,0.5867,0.0,7.7333,0.5,0.0,2,3,False,1.0,0.0
j617415,1,delay_tolerant,0.9283,0.0,7.7333,0.5,0.0,6,2,False,1.0,0.0
j61761,1,delay_tolerant,0.655,0.0,7.7333,0.5,0.0,8,2,False,1.0,0.0
j617858,1,delay_tolerant,1.4067,0.0,10.5333,0.5,0.0,5,2,True,1.0,0.05
j617858,1,delay_tolerant,0.5183,0.0,7.7333,0.5,0.0,4,2,True,1.0,0.05
j620054,1,token_batch,1.475,0.0,11.0,0.5,4490.86,8,1,True,1.0,0.1726
j620173,1,token_batch,1.475,0.9917,11.0,0.5,4439.497,5,1,True,1.0,0.1671
j620394,1,delay_tolerant,1.1333,0.0,8.6667,0.5,0.0,7,2,False,1.0,0.0
j620394,1,token_batch,1.475,0.5153,11.0,0.5,3598.563,7,1,True,1.0,0.1519
j621479,1,token_batch,1.475,1.1555,11.0,0.5,3628.056,8,1,True,1.0,0.0997
j621498,1,delay_tolerant,1.1333,0.0,8.6667,0.5,0.0,7,2,True,1.0,0.05
j622624,1,delay_tolerant,0.5183,0.0,7.7333,0.5,0.0,4,2,True,1.0,0.0645
j62402,1,delay_tolerant,0.5183,0.0,7.7333,0.5,0.0,4,2,False,1.0,0.0
j62402,1,delay_tolerant,1.2017,0.0,9.1333,0.5,0.0,4,2,True,1.0,0.05
j624694,1,delay_tolerant,1.27,0.0,9.6,0.5,0.0,7,2,False,1.0,0.0
j626113,1,token_batch,1.475,0.0,11.0,0.5,4092.383,9,1,True,1.0,0.1208
j626441,1,delay_tolerant,1.3383,0.0,10.0667,0.5,0.0,9,2,True,1.0,0.0847
j627390,1,delay_tolerant,1.2017,0.0,9.1333,0.5,0.0,7,2,False,1.0,0.0
j627390,1,delay_tolerant,0.5183,0.0,7.7333,0.5,0.0,7,2,True,1.0,0.05
j627965,1,delay_tolerant,0.7917,0.0,7.7333,0.5,0.0,4,2,True,1.0,0.05
j629244,1,token_batch,1.475,1.1951,11.0,0.5,3633.146,8,1,True,1.0,0.1789
j629244,1,delay_tolerant,0.655,0.0,7.7333,0.5,0.0,7,2,True,1.0,0.05
j629958,1,token_batch,1.475,0.0,11.0,0.5,4505.862,6,1,True,1.0,0.1496
j629958,1,delay_tolerant,0.5183,0.0,7.7333,0.5,0.0,4,2,False,1.0,0.0
j629990,1,delay_tolerant,0.7917,0.0,7.7333,0.5,0.0,4,2,False,1.0,0.0
j630271,1,delay_tolerant,0.7233,0.0,7.7333,0.5,0.0,4,2,False,1.0,0.0
j630271,1,delay_tolerant,1.3383,0.0,10.0667,0.5,0.0,4,2,True,1.0,0.0832
j630271,1,delay_tolerant,1.1333,0.0,8.6667,0.5,0.0,4,2,False,1.0,0.0
j631043,1,delay_tolerant,1.4067,0.0,10.5333,0.5,0.0,6,2,False,1.0,0.0
j631043,1,token_batch,1.475,1.1748,11.0,0.5,4339.098,6,1,False,1.0,0.0
j631043,1,delay_tolerant,1.4067,0.0,10.5333,0.5,0.0,6,2,False,1.0,0.0
j631681,1,delay_tolerant,1.1333,0.0,8.6667,0.5,0.0,7,2,False,1.0,0.0
j631719,1,delay_tolerant,0.655,0.0,7.7333,0.5,0.0,4,2,True,1.0,0.05
j63259,1,delay_tolerant,0.5867,0.0,7.7333,0.5,0.0,4,2,False,1.0,0.0
j633573,1,delay_tolerant,0.5183,0.0,7.7333,0.5,0.0,4,2,True,1.0,0.0551
j63367,1,delay_tolerant,0.5183,0.0,7.7333,0.5,0.0,4,2,True,1.0,0.05
j63367,1,delay_tolerant,1.1333,0.0,8.6667,0.5,0.0,4,2,True,1.0,0.0354
j634334,1,delay_tolerant,1.27,0.0,9.6,0.5,0.0,4,2,False,1.0,0.0
j634334,1,delay_tolerant,0.5867,0.0,7.7333,0.5,0.0,4,2,False,1.0,0.0
j634448,1,token_batch,1.475,1.1329,11.0,0.5,3895.905,7,1,True,1.0,0.05
j635759,1,delay_tolerant,1.065,0.0,8.2,0.5,0.0,4,2,False,1.0,0.0
j636957,1,token_batch,1.475,1.437,11.0,0.5,3815.279,7,1,True,1.0,0.165
j637127,1,delay_tolerant,0.5183,0.4295,7.7333,0.5,0.0,4,2,False,1.0,0.0
j637127,1,delay_tolerant,0.5183,0.0,7.7333,0.5,0.0,8,2,True,1.0,0.05
j637482,1,delay_tolerant,0.5183,0.0,7.7333,0.5,0.0,4,2,False,1.0,0.0
j638185,1,token_batch,1.475,1.0727,11.0,0.5,4128.826,9,1,False,1.0,0.0
j638185,1,token_batch,1.475,1.187,11.0,0.5,4003.708,9,1,True,1.0,0.1912
j638329,1,token_batch,1.475,1.1345,11.0,0.5,4040.353,5,1,True,1.0,0.1603
j638349,1,delay_tolerant,0.5183,0.0,7.7333,0.5,0.0,7,2,True,1.0,0.05
j638940,1,delay_tolerant,1.27,0.0,9.6,0.5,0.0,8,2,True,1.0,0.05
j638940,1,delay_tolerant,0.86,0.0,7.7333,0.5,0.0,4,2,False,1.0,0.0
j638940,1,token_batch,1.5433,1.217,11.4667,0.5,4428.718,5,1,False,1.0,0.0
j638940,1,delay_tolerant,0.5183,0.0,7.7333,0.5,0.0,9,2,True,1.0,0.05
j638940,1,token_batch,1.8167,0.0,13.3333,0.5,4153.482,8,1,True,1.0,0.102
j638940,1,token_batch,2.5,0.0,18.0,0.5,4649.949,10,1,True,1.0,0.1383
j638940,1,delay_tolerant,0.5183,0.0,7.7333,0.5,0.0,9,2,True,1.0,0.0422
j640236,1,token_batch,1.475,1.164,11.0,0.5,4066.81,6,1,True,1.0,0.05
j640409,1,token_batch,1.475,0.6703,11.0,0.5,4154.013,7,1,True,1.0,0.05
j641432,1,delay_tolerant,1.065,0.0,8.2,0.5,0.0,7,2,True,1.0,0.0405
j643330,1,delay_tolerant,0.7917,0.0,7.7333,0.5,0.0,4,2,True,1.0,0.05
j643726,1,token_batch,1.475,0.0,11.0,0.5,4017.58,5,1,False,1.0,0.0
j643948,1,delay_tolerant,0.7233,0.0,7.7333,0.5,0.0,4,2,False,1.0,0.0
j643948,1,delay_tolerant,0.655,0.2715,7.7333,0.5,0.0,4,2,True,1.0,0.05
j645054,1,delay_tolerant,0.655,0.0,7.7333,0.5,0.0,4,2,False,1.0,0.0
j645590,1,delay_tolerant,0.5183,0.0,7.7333,0.5,0.0,9,2,True,1.0,0.05
j646329,1,delay_tolerant,0.9967,0.0,7.7333,0.5,0.0,7,2,False,1.0,0.0
j646329,1,delay_tolerant,1.2017,0.0,9.1333,0.5,0.0,7,2,True,1.0,0.0257
j646329,1,delay_tolerant,1.4067,0.0,10.5333,0.5,0.0,7,2,True,1.0,0.05
j646329,1,delay_tolerant,0.86,0.0,7.7333,0.5,0.0,6,2,False,1.0,0.0
j646329,1,delay_tolerant,0.7233,0.0,7.7333,0.5,0.0,4,2,False,1.0,0.0
j646725,1,token_batch,1.475,0.8956,11.0,0.5,4483.205,6,1,False,1.0,0.0
j646879,1,delay_tolerant,0.5183,0.0,7.7333,0.5,0.0,4,2,True,1.0,0.05
j646911,1,delay_tolerant,0.655,0.0,7.7333,0.5,0.0,6,2,True,1.0,0.05
j64693,1,delay_tolerant,0.86,0.0,7.7333,0.5,0.0,4,2,False,1.0,0.0
j647412,1,token_batch,1.475,0.8457,11.0,0.5,4309.858,6,1,False,1.0,0.0
j647679,1,delay_tolerant,1.27,0.0,9.6,0.5,0.0,8,2,True,1.0,0.05
j648313,1,delay_tolerant,0.5183,0.0,7.7333,0.5,0.0,4,2,True,1.0,0.05
j649120,1,delay_tolerant,1.2017,0.0,9.1333,0.5,0.0,5,2,False,1.0,0.0
j649120,1,token_batch,1.475,0.4982,11.0,0.5,3550.707,6,1,True,1.0,0.05
j649406,1,delay_tolerant,0.5183,0.0,7.7333,0.5,0.0,4,2,False,1.0,0.0
j649600,1,delay_tolerant,0.5183,0.0,7.7333,0.5,0.0,6,2,True,1.0,0.05
j649600,1,delay_tolerant,0.86,0.0,7.7333,0.5,0.0,6,2,True,1.0,0.05
j649602,1,delay_sensitive,0.5183,0.0,7.7333,0.5,0.0,2,3,False,1.0,0.0
j649602,1,delay_sensitive,0.5183,0.0,7.7333,0.5,0.0,2,3,False,1.0,0.0
j649602,1,token_batch,1.475,0.8499,11.0,0.5,4423.068,5,1,False,1.0,0.0
j649946,1,delay_tolerant,1.3383,0.0,10.0667,0.5,0.0,8,2,True,1.0,0.0626
j649958,1,token_batch,2.5,0.0,18.0,0.5,4755.5,5,1,False,1.0,0.0
j651387,1,token_batch,1.475,0.0,11.0,0.5,3669.744,5,1,True,1.0,0.0819
j65151,1,delay_tolerant,0.7233,0.0,7.7333,0.5,0.0,6,2,True,1.0,0.05
j65151,1,delay_tolerant,1.27,0.0,9.6,0.5,0.0,6,2,False,1.0,0.0
j65151,1,delay_tolerant,0.5183,0.0,7.7333,0.5,0.0,4,2,False,1.0,0.0
j65151,1,delay_tolerant,0.9967,0.0,7.7333,0.5,0.0,4,2,True,1.0,0.05
j651664,1,delay_tolerant,1.2017,0.2667,9.1333,0.5,0.0,4,2,True,1.0,0.0474
j652572,1,token_batch,1.475,0.0,11.0,0.5,4537.24,6,1,False,1.0,0.0
j652607,1,delay_tolerant,0.655,0.0,7.7333,0.5,0.0,4,2,True,1.0,0.0756
j652607,1,delay_tolerant,1.4067,0.0,10.5333,0.5,0.0,4,2,False,1.0,0.0
j652988,1,delay_tolerant,1.3383,0.0,10.0667,0.5,0.0,8,2,False,1.0,0.0
j653179,1,delay_tolerant,0.5183,0.0,7.7333,0.5,0.0,4,2,True,1.0,0.0424
j653441,1,delay_tolerant,1.4067,0.0,10.5333,0.5,0.0,9,2,True,1.0,0.05
j653441,1,token_batch,1.475,0.5345,11.0,0.5,3898.205,9,1,True,1.0,0.05
j653930,1,delay_tolerant,0.86,0.0,7.7333,0.5,0.0,8,2,False,1.0,0.0
j653996,1,delay_tolerant,1.4067,0.0,10.5333,0.5,0.0,6,2,True,1.0,0.0764
j654193,1,delay_tolerant,1.2017,0.0,9.1333,0.5,0.0,9,2,True,1.0,0.05
j654193,1,delay_tolerant,1.065,0.0,8.2,0.5,0.0,9,2,False,1.0,0.0
j654193,1,token_batch,1.475,0.7725,11.0,0.5,4154.659,9,1,True,1.0,0.1374
j654398,1,delay_tolerant,0.5183,0.0,7.7333,0.5,0.0,4,2,False,1.0,0.0
j654508,1,delay_tolerant,0.86,0.0,7.7333,0.5,0.0,7,2,True,1.0,0.05
j654508,1,delay_tolerant,0.9967,0.0,7.7333,0.5,0.0,7,2,True,1.0,0.0531
j654792,1,delay_tolerant,0.7917,0.0,7.7333,0.5,0.0,6,2,False,1.0,0.0
j654792,1,delay_tolerant,0.7917,0.0,7.7333,0.5,0.0,5,2,False,1.0,0.0
j65687,1,delay_tolerant,0.7917,0.0,7.7333,0.5,0.0,9,2,False,1.0,0.0
j65799,1,delay_tolerant,0.5183,0.0,7.7333,0.5,0.0,4,2,True,1.0,0.05
j65799,1,delay_tolerant,0.9283,0.0,7.7333,0.5,0.0,4,2,False,1.0,0.0
j659274,1,token_batch,1.6117,0.0,11.9333,0.5,4090.708,5,1,False,1.0,0.0
j659274,1,delay_tolerant,0.9283,0.0,7.7333,0.5,0.0,4,2,True,1.0,0.05
j659274,1,token_batch,1.7483,1.4515,12.8667,0.5,4538.159,5,1,True,1.0,0.05
j659571,1,delay_tolerant,0.5183,0.0,7.7333,0.5,0.0,4,2,False,1.0,0.0
j659571,1,delay_tolerant,0.5183,0.0,7.7333,0.5,0.0,4,2,False,1.0,0.0
j660376,1,token_batch,1.475,0.7324,11.0,0.5,3918.313,5,1,False,1.0,0.0
j6610,1,delay_tolerant,0.5183,0.0,7.7333,0.5,0.0,7,2,False,1.0,0.0
j6610,1,token_batch,1.475,1.205,11.0,0.5,4472.533,7,1,True,1.0,0.05
j661458,1,delay_tolerant,0.9283,0.0,7.7333,0.5,0.0,8,2,True,1.0,0.05
j661458,1,delay_tolerant,0.5183,0.0,7.7333,0.5,0.0,8,2,False,1.0,0.0
j661458,1,delay_tolerant,0.5183,0.5113,7.7333,0.5,0.0,4,2,False,1.0,0.0
j661458,1,delay_tolerant,1.065,0.0,8.2,0.5,0.0,9,2,True,1.0,0.05
j661458,1,delay_tolerant,1.1333,0.0,8.6667,0.5,0.0,9,2,True,1.0,0.05
j661458,1,token_batch,1.475,0.0,11.0,0.5,3683.296,9,1,True,1.0,0.1004
j662810,1,delay_tolerant,1.065,0.0,8.2,0.5,0.0,9,2,False,1.0,0.0
j66293,1,delay_tolerant,0.5183,0.0,7.7333,0.5,0.0,7,2,True,1.0,0.05
j663118,1,token_batch,1.475,0.0,11.0,0.5,3485.671,5,1,True,1.0,0.1782
j664062,1,delay_tolerant,0.7917,0.0,7.7333,0.5,0.0,7,2,False,1.0,0.0
j664160,1,delay_tolerant,1.065,0.0,8.2,0.5,0.0,7,2,False,1.0,0.0
j664744,1,delay_tolerant,1.2017,0.0,9.1333,0.5,0.0,6,2,True,1.0,0.0316
j665214,1,delay_tolerant,1.2017,0.0,9.1333,0.5,0.0,6,2,True,1.0,0.05
j665223,1,token_batch,1.475,1.0243,11.0,0.5,3891.917,6,1,True,1.0,0.05
j665471,1,delay_tolerant,0.5183,0.0,7.7333,0.5,0.0,8,2,False,1.0,0.0
j666135,1,token_batch,1.475,0.577,11.0,0.5,4364.607,7,1,True,1.0,0.05
j666576,1,delay_sensitive,0.5867,0.0,7.7333,0.5,0.0,2,3,False,1.0,0.0
j666576,1,token_batch,1.475,0.9946,11.0,0.5,4435.034,7,1,True,1.0,0.05
j666576,1,delay_tolerant,0.7233,0.0,7.7333,0.5,0.0,7,2,True,1.0,0.0789
j667308,1,token_batch,1.475,0.0,11.0,0.5,3677.026,5,1,True,1.0,0.1092
j667312,1,token_batch,1.475,1.1134,11.0,0.5,4398.542,9,1,True,1.0,0.05
j667599,1,delay_tolerant,0.5183,0.0,7.7333,0.5,0.0,7,2,True,1.0,0.05
j667838,1,delay_tolerant,0.5183,0.0,7.7333,0.5,0.0,5,2,True,1.0,0.05
j667838,1,token_batch,1.475,1.1355,11.0,0.5,3450.027,6,1,False,1.0,0.0
j668464,1,delay_tolerant,1.27,0.0,9.6,0.5,0.0,9,2,True,1.0,0.05
j668464,1,delay_tolerant,0.655,0.0,7.7333,0.5,0.0,9,2,True,1.0,0.05
j669201,1,delay_tolerant,0.5183,0.0,7.7333,0.5,0.0,5,2,False,1.0,0.0
j669834,1,delay_sensitive,0.5183,0.0,7.7333,0.5,0.0,2,3,False,1.0,0.0
j670867,1,delay_tolerant,1.4067,0.0,10.5333,0.5,0.0,9,2,False,1.0,0.0
j670867,1,delay_tolerant,0.5867,0.0,7.7333,0.5,0.0,9,2,False,1.0,0.0
j670867,1,token_batch,1.475,0.9059,11.0,0.5,4298.756,9,1,False,1.0,0.0
j670867,1,delay_tolerant,0.5183,0.0,7.7333,0.5,0.0,9,2,True,1.0,0.0253
j670867,1,delay_tolerant,0.5867,0.0,7.7333,0.5,0.0,4,2,False,1.0,0.0
j670867,1,delay_tolerant,0.5183,0.0,7.7333,0.5,0.0,8,2,False,1.0,0.0
j670867,1,delay_tolerant,0.5183,0.0,7.7333,0.5,0.0,4,2,False,1.0,0.0
j671179,1,token_batch,1.475,0.8869,11.0,0.5,3770.572,7,1,True,1.0,0.05
j671179,1,delay_tolerant,0.5183,0.0,7.7333,0.5,0.0,4,2,False,1.0,0.0
j671179,1,token_batch,1.475,1.1561,11.0,0.5,3561.195,7,1,True,1.0,0.05
j671473,1,token_batch,1.475,0.0,11.0,0.5,4027.307,5,1,False,1.0,0.0
j672274,1,delay_tolerant,0.5867,0.0,7.7333,0.5,0.0,4,2,False,1.0,0.0
j672274,1,token_batch,1.475,0.0,11.0,0.5,4129.674,5,1,True,1.0,0.1839
j672274,1,delay_tolerant,0.5183,0.0,7.7333,0.5,0.0,4,2,False,1.0,0.0
j672274,1,delay_tolerant,1.3383,0.0,10.0667,0.5,0.0,5,2,True,1.0,0.05
j67251,1,delay_tolerant,0.9283,0.0,7.7333,0.5,0.0,4,2,False,1.0,0.0
j672995,1,token_batch,1.475,0.0,11.0,0.5,3572.14,7,1,True,1.0,0.1751
j67337,1,delay_tolerant,1.1333,0.0,8.6667,0.5,0.0,9,2,True,1.0,0.05
j675188,1,token_batch,1.475,1.2829,11.0,0.5,4335.943,9,1,True,1.0,0.05
j675188,1,delay_tolerant,0.5183,0.0,7.7333,0.5,0.0,8,2,True,1.0,0.0941
j675294,1,token_batch,1.475,0.0,11.0,0.5,3944.77,7,1,True,1.0,0.1935
j675294,1,token_batch,1.475,0.0,11.0,0.5,3999.157,8,1,False,1.0,0.0
j676365,1,token_batch,1.475,0.9506,11.0,0.5,4306.737,5,1,True,1.0,0.1539
j676365,1,delay_tolerant,1.1333,0.0,8.6667,0.5,0.0,4,2,False,1.0,0.0
j676365,1,delay_tolerant,1.4067,0.0,10.5333,0.5,0.0,4,2,True,1.0,0.05
j676365,1,delay_tolerant,1.1333,0.0,8.6667,0.5,0.0,4,2,False,1.0,0.0
j676365,1,delay_sensitive,0.5183,0.0,7.7333,0.5,0.0,2,3,False,1.0,0.0
j676365,1,delay_tolerant,0.9967,0.0,7.7333,0.5,0.0,4,2,False,1.0,0.0
j676823,1,delay_tolerant,0.9967,0.282,7.7333,0.5,0.0,9,2,False,1.0,0.0
j677352,1,delay_tolerant,1.27,0.0,9.6,0.5,0.0,6,2,True,1.0,0.0678
j67805,1,delay_tolerant,1.27,0.0,9.6,0.5,0.0,4,2,True,1.0,0.05
j678994,1,delay_tolerant,0.5183,0.0,7.7333,0.5,0.0,4,2,False,1.0,0.0
j679052,1,delay_tolerant,0.5183,0.0,7.7333,0.5,0.0,7,2,False,1.0,0.0
j679453,1,delay_sensitive,0.5183,0.0,7.7333,0.5,0.0,2,3,False,1.0,0.0
j679453,1,delay_sensitive,0.5183,0.0,7.7333,0.5,0.0,2,3,False,1.0,0.0
j679453,1,delay_tolerant,0.5183,0.0,7.7333,0.5,0.0,4,2,False,1.0,0.0
j679453,1,delay_tolerant,1.065,0.0,8.2,0.5,0.0,9,2,False,1.0,0.0
j68275,1,token_batch,1.475,0.0,11.0,0.5,4156.632,8,1,True,1.0,0.1723
j68275,1,delay_tolerant,0.5183,0.0,7.7333,0.5,0.0,4,2,False,1.0,0.0
j68275,1,delay_tolerant,1.4067,0.0,10.5333,0.5,0.0,8,2,False,1.0,0.0
j683332,1,delay_tolerant,0.5183,0.0,7.7333,0.5,0.0,4,2,False,1.0,0.0
j683563,1,token_batch,1.475,1.3008,11.0,0.5,3939.983,5,1,True,1.0,0.05
j68374,1,delay_tolerant,1.3383,0.4958,10.0667,0.5,0.0,7,2,True,1.0,0.05
j68374,1,token_batch,1.475,1.4862,11.0,0.5,4206.131,7,1,False,1.0,0.0
j68374,1,token_batch,1.475,0.499,11.0,0.5,4144.992,7,1,True,1.0,0.05
j683887,1,delay_tolerant,0.5183,0.0,7.7333,0.5,0.0,4,2,True,1.0,0.0878
j683887,1,delay_tolerant,0.7233,0.0,7.7333,0.5,0.0,4,2,False,1.0,0.0
j684120,1,delay_tolerant,0.5183,0.2163,7.7333,0.5,0.0,4,2,False,1.0,0.0
j684120,1,delay_tolerant,1.2017,0.0,9.1333,0.5,0.0,6,2,True,1.0,0.05
j684339,1,token_batch,1.475,0.0,11.0,0.5,4331.732,7,1,False,1.0,0.0
j684339,1,delay_tolerant,1.1333,0.0,8.6667,0.5,0.0,7,2,True,1.0,0.05
j684339,1,token_batch,1.475,0.0,11.0,0.5,3849.374,7,1,False,1.0,0.0
j684484,1,token_batch,1.475,1.1077,11.0,0.5,4431.706,5,1,False,1.0,0.0
j684629,1,delay_tolerant,0.9967,0.0,7.7333,0.5,0.0,5,2,True,1.0,0.0974
j684823,1,token_batch,1.475,0.5117,11.0,0.5,3994.269,5,1,True,1.0,0.05
j684823,1,token_batch,1.475,0.4612,11.0,0.5,4170.388,5,1,True,1.0,0.05
j68527,1,delay_tolerant,0.5867,0.0,7.7333,0.5,0.0,4,2,True,1.0,0.05
j685973,1,delay_tolerant,1.2017,0.0,9.1333,0.5,0.0,6,2,False,1.0,0.0
j685973,1,delay_tolerant,0.5183,0.0,7.7333,0.5,0.0,4,2,False,1.0,0.0
j686679,1,delay_tolerant,0.5183,0.0,7.7333,0.5,0.0,4,2,False,1.0,0.0
j687962,1,delay_tolerant,0.7917,0.0,7.7333,0.5,0.0,4,2,False,1.0,0.0
j687962,1,token_batch,1.475,0.0,11.0,0.5,4242.444,7,1,False,1.0,0.0
j687962,1,delay_tolerant,0.7233,0.0,7.7333,0.5,0.0,7,2,False,1.0,0.0
j687962,1,delay_sensitive,0.5867,0.0,7.7333,0.5,0.0,2,3,False,1.0,0.0
j687962,1,delay_tolerant,1.4067,0.0,10.5333,0.5,0.0,7,2,False,1.0,0.0
j688194,1,delay_tolerant,0.86,0.0,7.7333,0.5,0.0,9,2,True,1.0,0.05
j688194,1,delay_tolerant,0.655,0.0,7.7333,0.5,0.0,9,2,False,1.0,0.0
j689127,1,token_batch,1.475,0.4581,11.0,0.5,3649.331,5,1,True,1.0,0.1674
j689895,1,delay_tolerant,0.5183,0.0,7.7333,0.5,0.0,4,2,False,1.0,0.0
j689895,1,delay_tolerant,0.7233,0.0,7.7333,0.5,0.0,4,2,True,1.0,0.05
j690395,1,delay_tolerant,0.655,0.0,7.7333,0.5,0.0,4,2,False,1.0,0.0
j690455,1,token_batch,1.475,1.2872,11.0,0.5,4456.762,7,1,False,1.0,0.0
j691918,1,delay_tolerant,1.4067,0.0,10.5333,0.5,0.0,7,2,False,1.0,0.0
j692420,1,token_batch,1.475,0.0,11.0,0.5,3678.883,6,1,False,1.0,0.0
j692420,1,delay_tolerant,1.3383,0.501,10.0667,0.5,0.0,7,2,True,1.0,0.0883
j692420,1,delay_tolerant,0.86,0.0,7.7333,0.5,0.0,6,2,True,1.0,0.05
j692617,1,token_batch,2.5,0.5091,18.0,0.5,4549.948,5,1,False,1.0,0.0
j695025,1,delay_tolerant,1.1333,0.0,8.6667,0.5,0.0,6,2,False,1.0,0.0
j695479,1,token_batch,1.475,0.0,11.0,0.5,3823.066,7,1,False,1.0,0.0
j695479,1,delay_tolerant,1.4067,0.3797,10.5333,0.5,0.0,7,2,False,1.0,0.0
j697017,1,token_batch,1.475,0.0,11.0,0.5,3556.613,7,1,True,1.0,0.096
j697017,1,delay_tolerant,1.1333,0.0,8.6667,0.5,0.0,8,2,True,1.0,0.05
j697096,1,token_batch,2.5,0.6208,18.0,0.5,5113.749,5,1,True,1.0,0.1552
j6976,1,delay_tolerant,0.86,0.0,7.7333,0.5,0.0,6,2,False,1.0,0.0
j698039,1,token_batch,1.475,0.5935,11.0,0.5,4472.157,6,1,False,1.0,0.0
j698477,1,token_batch,1.475,0.6752,11.0,0.5,3840.498,5,1,True,1.0,0.05
j69863,1,token_batch,1.475,1.4313,11.0,0.5,3596.329,9,1,True,1.0,0.05
j699112,1,token_batch,1.475,0.7942,11.0,0.5,3449.994,5,1,False,1.0,0.0
j699112,1,token_batch,1.475,1.3433,11.0,0.5,3891.893,5,1,True,1.0,0.05
j699112,1,delay_tolerant,1.1333,0.0,8.6667,0.5,0.0,4,2,True,1.0,0.05
j699271,1,delay_tolerant,0.86,0.0,7.7333,0.5,0.0,4,2,True,1.0,0.05
j699271,1,delay_tolerant,0.5183,0.0,7.7333,0.5,0.0,4,2,False,1.0,0.0
j699271,1,token_batch,2.09,0.9242,15.2,0.5,5359.954,5,1,True,1.0,0.131
j699271,1,delay_tolerant,0.5867,0.0,7.7333,0.5,0.0,4,2,False,1.0,0.0
j6993,1,token_batch,1.475,1.3692,11.0,0.5,4196.71,7,1,False,1.0,0.0
j700886,1,token_batch,1.475,1.1983,11.0,0.5,4164.137,8,1,True,1.0,0.1154
j700886,1,token_batch,1.475,0.0,11.0,0.5,4556.521,8,1,False,1.0,0.0
j70159,1,delay_tolerant,1.2017,0.0,9.1333,0.5,0.0,4,2,False,1.0,0.0
j70159,1,token_batch,1.475,0.6268,11.0,0.5,4531.416,5,1,False,1.0,0.0
j70159,1,token_batch,1.475,0.8055,11.0,0.5,4229.548,5,1,False,1.0,0.0
j701807,1,delay_tolerant,1.065,0.0,8.2,0.5,0.0,7,2,True,1.0,0.05
j702440,1,delay_tolerant,1.2017,0.0,9.1333,0.5,0.0,9,2,True,1.0,0.05
j702440,1,token_batch,1.475,0.6556,11.0,0.5,3642.071,9,1,True,1.0,0.1125
j702440,1,delay_tolerant,0.5183,0.0,7.7333,0.5,0.0,8,2,True,1.0,0.05
j702440,1,token_batch,1.475,0.4365,11.0,0.5,4217.073,9,1,False,1.0,0.0
j702541,1,token_batch,1.475,1.1795,11.0,0.5,3960.938,5,1,True,1.0,0.1653
j702541,1,token_batch,1.475,0.5584,11.0,0.5,3831.488,5,1,True,1.0,0.1567
j703051,1,token_batch,1.475,0.8393,11.0,0.5,4506.548,7,1,True,1.0,0.1261
j703051,1,delay_tolerant,1.27,0.0,9.6,0.5,0.0,7,2,True,1.0,0.0277
j703051,1,delay_tolerant,0.7233,0.0,7.7333,0.5,0.0,7,2,False,1.0,0.0
j705652,1,delay_tolerant,0.5183,0.0,7.7333,0.5,0.0,4,2,True,1.0,0.0214
j705713,1,token_batch,1.475,0.916,11.0,0.5,3991.423,7,1,False,1.0,0.0
j706661,1,token_batch,1.475,0.7505,11.0,0.5,4121.922,5,1,False,1.0,0.0
j706661,1,delay_tolerant,0.5183,0.0,7.7333,0.5,0.0,4,2,False,1.0,0.0
j706661,1,token_batch,1.475,0.5565,11.0,0.5,3592.772,5,1,False,1.0,0.0
j70672,1,delay_tolerant,1.27,0.0,9.6,0.5,0.0,8,2,False,1.0,0.0
j706899,1,delay_tolerant,0.5183,0.0,7.7333,0.5,0.0,4,2,False,1.0,0.0
j706899,1,delay_tolerant,0.5183,0.0,7.7333,0.5,0.0,8,2,False,1.0,0.0
j707910,1,token_batch,1.475,1.424,11.0,0.5,3516.117,6,1,False,1.0,0.0
j707910,1,delay_tolerant,1.065,0.0,8.2,0.5,0.0,6,2,False,1.0,0.0
j707910,1,delay_tolerant,0.655,0.0,7.7333,0.5,0.0,4,2,True,1.0,0.0695
j707910,1,delay_tolerant,1.2017,0.0,9.1333,0.5,0.0,6,2,True,1.0,0.059
j707910,1,token_batch,1.475,1.2436,11.0,0.5,4339.835,6,1,False,1.0,0.0
j707910,1,token_batch,1.475,1.1912,11.0,0.5,3518.312,6,1,True,1.0,0.05
j708225,1,token_batch,1.475,1.2554,11.0,0.5,4487.385,5,1,False,1.0,0.0
j709047,1,delay_tolerant,1.065,0.0,8.2,0.5,0.0,8,2,False,1.0,0.0
j709047,1,delay_tolerant,0.7233,0.0,7.7333,0.5,0.0,8,2,True,1.0,0.05
j709047,1,token_batch,1.475,0.5036,11.0,0.5,4344.148,7,1,True,1.0,0.05
j709076,1,delay_tolerant,0.5183,0.0,7.7333,0.5,0.0,4,2,True,1.0,0.05
j709199,1,delay_tolerant,0.5867,0.0,7.7333,0.5,0.0,4,2,True,1.0,0.05
j709243,1,delay_tolerant,1.4067,0.0,10.5333,0.5,0.0,6,2,True,1.0,0.0563
j711726,1,token_batch,1.475,1.1384,11.0,0.5,4191.387,7,1,False,1.0,0.0
j711773,1,delay_tolerant,1.065,0.0,8.2,0.5,0.0,8,2,True,1.0,0.05
j712002,1,delay_tolerant,1.2017,0.0,9.1333,0.5,0.0,4,2,False,1.0,0.0
j712002,1,token_batch,1.475,0.6033,11.0,0.5,3525.123,5,1,True,1.0,0.1612
j712002,1,delay_tolerant,0.5183,0.0,7.7333,0.5,0.0,4,2,False,1.0,0.0
j71205,1,delay_tolerant,1.065,0.0,8.2,0.5,0.0,4,2,True,1.0,0.05
j712919,1,delay_tolerant,1.4067,0.0,10.5333,0.5,0.0,6,2,True,1.0,0.05
j713363,1,token_batch,1.475,0.5149,11.0,0.5,3687.388,6,1,True,1.0,0.05
j713363,1,token_batch,1.475,0.0,11.0,0.5,4307.526,6,1,True,1.0,0.1686
j7139,1,delay_tolerant,0.7233,0.0,7.7333,0.5,0.0,4,2,True,1.0,0.05
j714994,1,delay_tolerant,0.655,0.2108,7.7333,0.5,0.0,4,2,False,1.0,0.0
j715134,1,token_batch,1.475,0.578,11.0,0.5,3860.251,5,1,True,1.0,0.1991
j715521,1,delay_tolerant,0.655,0.0,7.7333,0.5,0.0,4,2,True,1.0,0.05
j715521,1,token_batch,1.475,0.0,11.0,0.5,4345.115,7,1,True,1.0,0.1171
j715521,1,delay_tolerant,1.3383,0.2139,10.0667,0.5,0.0,7,2,False,1.0,0.0
j715521,1,token_batch,1.475,0.645,11.0,0.5,4304.065,7,1,False,1.0,0.0
j716192,1,delay_tolerant,0.7233,0.0,7.7333,0.5,0.0,9,2,True,1.0,0.0352
j717273,1,token_batch,1.475,0.0,11.0,0.5,4471.09,7,1,False,1.0,0.0
j717273,1,delay_tolerant,0.5183,0.0,7.7333,0.5,0.0,7,2,True,1.0,0.05
j717709,1,delay_tolerant,1.27,0.0,9.6,0.5,0.0,7,2,False,1.0,0.0
j718502,1,delay_tolerant,0.5183,0.0,7.7333,0.5,0.0,8,2,False,1.0,0.0
j71881,1,delay_tolerant,0.86,0.0,7.7333,0.5,0.0,9,2,False,1.0,0.0
j719521,1,delay_tolerant,1.065,0.0,8.2,0.5,0.0,4,2,True,1.0,0.0818
j719521,1,token_batch,1.475,0.6386,11.0,0.5,4244.933,5,1,True,1.0,0.05
j72109,1,delay_tolerant,1.065,0.0,8.2,0.5,0.0,8,2,False,1.0,0.0
j721172,1,token_batch,1.475,0.0,11.0,0.5,3489.78,5,1,True,1.0,0.1355
j721172,1,delay_tolerant,1.3383,0.0,10.0667,0.5,0.0,5,2,True,1.0,0.05
j721183,1,delay_tolerant,1.2017,0.0,9.1333,0.5,0.0,6,2,False,1.0,0.0
j721183,1,delay_tolerant,1.1333,0.0,8.6667,0.5,0.0,6,2,False,1.0,0.0
j721368,1,delay_tolerant,1.065,0.0,8.2,0.5,0.0,5,2,False,1.0,0.0
j722217,1,delay_tolerant,0.86,0.0,7.7333,0.5,0.0,8,2,True,1.0,0.05
j722741,1,delay_tolerant,1.2017,0.0,9.1333,0.5,0.0,4,2,True,1.0,0.0729
j723188,1,delay_tolerant,0.86,0.0,7.7333,0.5,0.0,9,2,False,1.0,0.0
j723188,1,token_batch,1.475,1.0568,11.0,0.5,3851.796,9,1,True,1.0,0.05
j723188,1,delay_tolerant,1.27,0.0,9.6,0.5,0.0,9,2,True,1.0,0.05
j723219,1,token_batch,1.475,0.9961,11.0,0.5,4290.143,5,1,True,1.0,0.1169
j723219,1,delay_tolerant,1.4067,0.0,10.5333,0.5,0.0,5,2,True,1.0,0.05
j723219,1,delay_tolerant,1.3383,0.0,10.0667,0.5,0.0,5,2,True,1.0,0.05
j723219,1,delay_tolerant,1.4067,0.0,10.5333,0.5,0.0,5,2,True,1.0,0.05
j723231,1,delay_tolerant,0.9283,0.0,7.7333,0.5,0.0,8,2,False,1.0,0.0
j723231,1,delay_tolerant,0.7233,0.0,7.7333,0.5,0.0,8,2,True,1.0,0.0213
j723231,1,delay_tolerant,1.27,0.0,9.6,0.5,0.0,8,2,True,1.0,0.05
j723463,1,token_batch,1.475,0.8826,11.0,0.5,3856.567,9,1,True,1.0,0.05
j723463,1,delay_tolerant,0.5183,0.3418,7.7333,0.5,0.0,9,2,True,1.0,0.05
j723714,1,token_batch,1.475,0.9463,11.0,0.5,4584.821,5,1,False,1.0,0.0
j723714,1,delay_tolerant,0.5867,0.0,7.7333,0.5,0.0,4,2,False,1.0,0.0
j723714,1,delay_tolerant,1.1333,0.0,8.6667,0.5,0.0,5,2,False,1.0,0.0
j723714,1,delay_tolerant,0.86,0.0,7.7333,0.5,0.0,4,2,False,1.0,0.0
j723714,1,token_batch,1.475,0.4945,11.0,0.5,3581.789,5,1,False,1.0,0.0
j725020,1,delay_tolerant,1.3383,0.0,10.0667,0.5,0.0,7,2,False,1.0,0.0
j725020,1,delay_tolerant,1.3383,0.0,10.0667,0.5,0.0,6,2,False,1.0,0.0
j725057,1,delay_tolerant,0.5183,0.0,7.7333,0.5,0.0,4,2,True,1.0,0.05
j725607,1,token_batch,1.475,1.3751,11.0,0.5,4606.037,5,1,True,1.0,0.05
j726878,1,token_batch,1.475,0.0,11.0,0.5,4024.92,5,1,True,1.0,0.1133
j727037,1,token_batch,1.475,1.3109,11.0,0.5,3504.201,5,1,False,1.0,0.0
j727294,1,delay_tolerant,0.655,0.2611,7.7333,0.5,0.0,4,2,False,1.0,0.0
j727670,1,delay_tolerant,1.27,0.0,9.6,0.5,0.0,6,2,False,1.0,0.0
j727670,1,delay_tolerant,0.5183,0.0,7.7333,0.5,0.0,4,2,True,1.0,0.05
j728400,1,delay_tolerant,0.86,0.0,7.7333,0.5,0.0,4,2,True,1.0,0.0821
j728750,1,delay_tolerant,0.5183,0.0,7.7333,0.5,0.0,4,2,False,1.0,0.0
j72916,1,delay_sensitive,0.5183,0.0,7.7333,0.5,0.0,2,3,False,1.0,0.0
j72916,1,delay_sensitive,0.5183,0.0,7.7333,0.5,0.0,2,3,False,1.0,0.0
j729400,1,token_batch,1.475,0.0,11.0,0.5,3779.31,9,1,True,1.0,0.0817
j730465,1,token_batch,1.475,0.0,11.0,0.5,3445.238,6,1,False,1.0,0.0
j730465,1,token_batch,1.475,0.0,11.0,0.5,3619.034,7,1,True,1.0,0.1618
j730465,1,token_batch,1.475,0.9122,11.0,0.5,4247.561,6,1,True,1.0,0.0878
j731915,1,delay_tolerant,0.5183,0.0,7.7333,0.5,0.0,4,2,True,1.0,0.0263
j731915,1,token_batch,1.475,1.4811,11.0,0.5,3479.408,5,1,False,1.0,0.0
j73372,1,delay_tolerant,1.3383,0.0,10.0667,0.5,0.0,4,2,False,1.0,0.0
j73372,1,delay_tolerant,1.065,0.0,8.2,0.5,0.0,4,2,False,1.0,0.0
j73474,1,delay_tolerant,1.065,0.2661,8.2,0.5,0.0,4,2,False,1.0,0.0
j735057,1,delay_tolerant,0.5183,0.0,7.7333,0.5,0.0,7,2,False,1.0,0.0
j736951,1,delay_tolerant,1.27,0.0,9.6,0.5,0.0,4,2,False,1.0,0.0
j736951,1,token_batch,1.475,0.6406,11.0,0.5,4177.802,5,1,False,1.0,0.0
j737320,1,delay_tolerant,0.655,0.4028,7.7333,0.5,0.0,4,2,False,1.0,0.0
j738310,1,delay_tolerant,0.5183,0.0,7.7333,0.5,0.0,4,2,False,1.0,0.0
j739124,1,delay_tolerant,0.5183,0.0,7.7333,0.5,0.0,5,2,False,1.0,0.0
j739124,1,delay_tolerant,1.065,0.0,8.2,0.5,0.0,6,2,True,1.0,0.0378
j739219,1,delay_tolerant,0.5183,0.0,7.7333,0.5,0.0,4,2,True,1.0,0.05
j739219,1,delay_tolerant,0.5183,0.0,7.7333,0.5,0.0,4,2,True,1.0,0.071
j739537,1,delay_tolerant,0.5183,0.0,7.7333,0.5,0.0,4,2,False,1.0,0.0
j739604,1,delay_tolerant,0.9967,0.0,7.7333,0.5,0.0,7,2,False,1.0,0.0
j740852,1,token_batch,1.475,1.1561,11.0,0.5,4624.204,6,1,True,1.0,0.1306
j741110,1,token_batch,1.475,0.5017,11.0,0.5,4466.801,5,1,True,1.0,0.05
j741132,1,delay_tolerant,0.5183,0.0,7.7333,0.5,0.0,4,2,False,1.0,0.0
j741132,1,delay_tolerant,1.065,0.0,8.2,0.5,0.0,4,2,False,1.0,0.0
j741132,1,delay_tolerant,1.4067,0.4182,10.5333,0.5,0.0,4,2,True,1.0,0.0508
j741371,1,delay_tolerant,1.3383,0.0,10.0667,0.5,0.0,8,2,False,1.0,0.0
j741426,1,token_batch,2.5,0.7309,18.0,0.5,4240.073,6,1,False,1.0,0.0
j742107,1,token_batch,1.475,0.0,11.0,0.5,4526.444,6,1,False,1.0,0.0
j742451,1,token_batch,1.475,1.0598,11.0,0.5,4045.687,9,1,False,1.0,0.0
j742451,1,delay_tolerant,0.86,0.0,7.7333,0.5,0.0,8,2,True,1.0,0.05
j742574,1,delay_tolerant,1.27,0.0,9.6,0.5,0.0,4,2,False,1.0,0.0
j743828,1,delay_tolerant,1.1333,0.0,8.6667,0.5,0.0,9,2,False,1.0,0.0
j743989,1,token_batch,2.5,0.6476,18.0,0.5,5180.61,8,1,True,1.0,0.05
j743989,1,delay_tolerant,0.5867,0.0,7.7333,0.5,0.0,7,2,False,1.0,0.0
j744306,1,delay_tolerant,0.655,0.0,7.7333,0.5,0.0,4,2,False,1.0,0.0
j744363,1,delay_tolerant,1.4067,0.2136,10.5333,0.5,0.0,4,2,False,1.0,0.0
j744363,1,delay_tolerant,1.1333,0.0,8.6667,0.5,0.0,4,2,False,1.0,0.0
j744363,1,delay_tolerant,1.2017,0.0,9.1333,0.5,0.0,4,2,True,1.0,0.0259
j746659,1,delay_tolerant,0.655,0.0,7.7333,0.5,0.0,8,2,False,1.0,0.0
j747044,1,delay_tolerant,1.4067,0.0,10.5333,0.5,0.0,6,2,False,1.0,0.0
j747044,1,delay_tolerant,0.5867,0.0,7.7333,0.5,0.0,5,2,True,1.0,0.05
j74715,1,token_batch,1.475,0.7987,11.0,0.5,3643.101,5,1,True,1.0,0.1578
j747736,1,delay_tolerant,0.655,0.0,7.7333,0.5,0.0,7,2,False,1.0,0.0
j747970,1,delay_tolerant,0.5183,0.311,7.7333,0.5,0.0,4,2,False,1.0,0.0
j747978,1,delay_tolerant,0.5183,0.0,7.7333,0.5,0.0,4,2,True,1.0,0.05
j748111,1,delay_tolerant,0.5183,0.0,7.7333,0.5,0.0,4,2,False,1.0,0.0
j748111,1,token_batch,1.475,0.7164,11.0,0.5,4632.634,5,1,True,1.0,0.145
j748111,1,delay_tolerant,0.5183,0.0,7.7333,0.5,0.0,4,2,False,1.0,0.0
j748111,1,delay_tolerant,1.065,0.0,8.2,0.5,0.0,4,2,False,1.0,0.0
j748559,1,delay_tolerant,0.5183,0.0,7.7333,0.5,0.0,4,2,False,1.0,0.0
j74858,1,delay_tolerant,0.9967,0.0,7.7333,0.5,0.0,8,2,True,1.0,0.0735
j749178,1,delay_tolerant,1.4067,0.0,10.5333,0.5,0.0,4,2,True,1.0,0.0736
j749215,1,delay_tolerant,0.7917,0.0,7.7333,0.5,0.0,7,2,False,1.0,0.0
j749540,1,delay_tolerant,0.7233,0.0,7.7333,0.5,0.0,9,2,True,1.0,0.05
j749877,1,token_batch,1.475,0.5101,11.0,0.5,3425.645,5,1,True,1.0,0.05
j749877,1,delay_tolerant,1.1333,0.0,8.6667,0.5,0.0,4,2,True,1.0,0.0413
j749986,1,delay_tolerant,0.7233,0.0,7.7333,0.5,0.0,4,2,True,1.0,0.0416
j749986,1,delay_tolerant,1.3383,0.0,10.0667,0.5,0.0,4,2,True,1.0,0.05
j750407,1,token_batch,1.475,0.5223,11.0,0.5,4133.344,6,1,False,1.0,0.0
j750407,1,token_batch,1.475,0.6652,11.0,0.5,3936.263,6,1,True,1.0,0.1417
j750484,1,delay_tolerant,1.1333,0.0,8.6667,0.5,0.0,4,2,True,1.0,0.05
j750744,1,delay_tolerant,0.9967,0.0,7.7333,0.5,0.0,4,2,True,1.0,0.0654
j752447,1,delay_tolerant,0.9967,0.0,7.7333,0.5,0.0,8,2,False,1.0,0.0
j752864,1,delay_tolerant,0.655,0.0,7.7333,0.5,0.0,8,2,False,1.0,0.0
j752864,1,delay_tolerant,1.1333,0.0,8.6667,0.5,0.0,9,2,False,1.0,0.0
j753799,1,token_batch,1.475,0.7519,11.0,0.5,4622.644,5,1,True,1.0,0.1607
j753799,1,delay_tolerant,1.1333,0.0,8.6667,0.5,0.0,5,2,False,1.0,0.0
j754168,1,delay_tolerant,0.5183,0.0,7.7333,0.5,0.0,4,2,False,1.0,0.0
j756073,1,delay_tolerant,1.4067,0.0,10.5333,0.5,0.0,4,2,False,1.0,0.0
j756140,1,delay_tolerant,1.2017,0.0,9.1333,0.5,0.0,6,2,False,1.0,0.0
j756311,1,token_batch,2.295,0.5571,16.6,0.5,5221.775,5,1,True,1.0,0.0861
j756311,1,delay_tolerant,0.5183,0.0,7.7333,0.5,0.0,4,2,False,1.0,0.0
j756311,1,delay_tolerant,1.3383,0.0,10.0667,0.5,0.0,4,2,False,1.0,0.0
j756311,1,delay_tolerant,0.86,0.0,7.7333,0.5,0.0,4,2,True,1.0,0.05
j756668,1,delay_tolerant,0.7917,0.0,7.7333,0.5,0.0,4,2,False,1.0,0.0
j757836,1,delay_tolerant,0.7917,0.0,7.7333,0.5,0.0,5,2,False,1.0,0.0
j758094,1,token_batch,1.475,0.5229,11.0,0.5,3930.222,7,1,False,1.0,0.0
j758556,1,token_batch,1.475,1.4974,11.0,0.5,3474.586,7,1,True,1.0,0.1044
j758556,1,token_batch,1.475,0.9004,11.0,0.5,3641.832,7,1,False,1.0,0.0
j75861,1,token_batch,1.475,0.9906,11.0,0.5,4510.936,5,1,True,1.0,0.05
j759286,1,delay_tolerant,1.27,0.2556,9.6,0.5,0.0,9,2,True,1.0,0.05
j75944,1,token_batch,1.475,1.1348,11.0,0.5,4595.385,6,1,True,1.0,0.05
j75944,1,delay_tolerant,0.7233,0.0,7.7333,0.5,0.0,4,2,True,1.0,0.05
j759717,1,delay_tolerant,1.27,0.0,9.6,0.5,0.0,4,2,True,1.0,0.05
j759785,1,token_batch,1.475,1.4102,11.0,0.5,4352.738,6,1,True,1.0,0.1558
j759930,1,delay_tolerant,0.7233,0.0,7.7333,0.5,0.0,4,2,False,1.0,0.0
j76,1,token_batch,1.475,1.1479,11.0,0.5,3916.961,7,1,True,1.0,0.05
j760537,1,delay_tolerant,1.4067,0.0,10.5333,0.5,0.0,4,2,True,1.0,0.05
j760537,1,token_batch,1.475,1.008,11.0,0.5,4126.573,5,1,False,1.0,0.0
j761098,1,delay_tolerant,1.2017,0.0,9.1333,0.5,0.0,5,2,False,1.0,0.0
j761529,1,delay_tolerant,0.5183,0.0,7.7333,0.5,0.0,4,2,True,1.0,0.021
j761529,1,delay_tolerant,0.9283,0.0,7.7333,0.5,0.0,5,2,True,1.0,0.05
j762942,1,delay_tolerant,0.655,0.0,7.7333,0.5,0.0,4,2,True,1.0,0.05
j763520,1,delay_tolerant,1.2017,0.0,9.1333,0.5,0.0,7,2,False,1.0,0.0
j763656,1,delay_tolerant,0.5867,0.0,7.7333,0.5,0.0,4,2,False,1.0,0.0
j76423,1,token_batch,1.5433,0.0,11.4667,0.5,4236.911,5,1,True,1.0,0.1574
j76423,1,delay_tolerant,0.7917,0.0,7.7333,0.5,0.0,4,2,False,1.0,0.0
j76423,1,delay_tolerant,1.3383,0.0,10.0667,0.5,0.0,5,2,False,1.0,0.0
j76423,1,token_batch,2.0217,0.4513,14.7333,0.5,5288.68,5,1,False,1.0,0.0
j764558,1,delay_tolerant,1.2017,0.0,9.1333,0.5,0.0,4,2,False,1.0,0.0
j76835,1,token_batch,1.475,0.0,11.0,0.5,3860.691,6,1,False,1.0,0.0
j768467,1,token_batch,1.475,1.1959,11.0,0.5,3934.712,7,1,False,1.0,0.0
j768706,1,token_batch,1.475,1.3919,11.0,0.5,4134.891,5,1,True,1.0,0.1482
j768900,1,token_batch,1.475,0.0,11.0,0.5,3549.691,5,1,False,1.0,0.0
j768900,1,token_batch,1.475,0.6471,11.0,0.5,3919.912,5,1,True,1.0,0.05
j769336,1,delay_tolerant,1.065,0.0,8.2,0.5,0.0,9,2,True,1.0,0.05
j769561,1,delay_tolerant,1.4067,0.3888,10.5333,0.5,0.0,5,2,True,1.0,0.0207
j769828,1,delay_tolerant,0.5183,0.0,7.7333,0.5,0.0,7,2,False,1.0,0.0
j770968,1,delay_tolerant,1.27,0.0,9.6,0.5,0.0,5,2,True,1.0,0.05
j77210,1,token_batch,1.475,1.4506,11.0,0.5,3968.861,5,1,True,1.0,0.1553
j773173,1,token_batch,1.68,0.0,12.4,0.5,4274.386,5,1,False,1.0,0.0
j773619,1,token_batch,1.475,0.8779,11.0,0.5,4244.857,9,1,False,1.0,0.0
j773813,1,delay_tolerant,0.5183,0.0,7.7333,0.5,0.0,4,2,True,1.0,0.054
j773813,1,delay_tolerant,0.5183,0.4096,7.7333,0.5,0.0,7,2,True,1.0,0.0395
j773813,1,token_batch,1.475,0.0,11.0,0.5,4268.479,7,1,False,1.0,0.0
j773879,1,token_batch,1.475,1.2816,11.0,0.5,4482.864,6,1,True,1.0,0.05
j773879,1,delay_tolerant,1.3383,0.0,10.0667,0.5,0.0,6,2,False,1.0,0.0
j773879,1,delay_tolerant,1.2017,0.0,9.1333,0.5,0.0,6,2,False,1.0,0.0
j773882,1,delay_tolerant,0.7917,0.0,7.7333,0.5,0.0,8,2,False,1.0,0.0
j774266,1,delay_tolerant,0.5183,0.0,7.7333,0.5,0.0,4,2,False,1.0,0.0
j774266,1,token_batch,1.475,0.9634,11.0,0.5,4421.687,6,1,False,1.0,0.0
j77621,1,delay_tolerant,0.5183,0.0,7.7333,0.5,0.0,4,2,False,1.0,0.0
j776231,1,delay_tolerant,0.5183,0.0,7.7333,0.5,0.0,4,2,False,1.0,0.0
j776528,1,delay_tolerant,0.5183,0.0,7.7333,0.5,0.0,7,2,False,1.0,0.0
j776688,1,token_batch,1.475,1.4955,11.0,0.5,4216.703,8,1,True,1.0,0.05
j776688,1,delay_tolerant,1.3383,0.0,10.0667,0.5,0.0,8,2,False,1.0,0.0
j776688,1,token_batch,1.475,1.469,11.0,0.5,4533.404,8,1,False,1.0,0.0
j777026,1,token_batch,1.475,1.4681,11.0,0.5,3863.438,5,1,False,1.0,0.0
j777026,1,delay_tolerant,1.3383,0.0,10.0667,0.5,0.0,5,2,False,1.0,0.0
j777567,1,token_batch,1.475,1.1279,11.0,0.5,4629.817,5,1,False,1.0,0.0
j779192,1,delay_tolerant,1.4067,0.0,10.5333,0.5,0.0,4,2,False,1.0,0.0
j779192,1,delay_tolerant,1.1333,0.0,8.6667,0.5,0.0,4,2,True,1.0,0.0301
j779192,1,delay_tolerant,0.5183,0.0,7.7333,0.5,0.0,4,2,False,1.0,0.0
j779192,1,delay_tolerant,0.86,0.0,7.7333,0.5,0.0,4,2,False,1.0,0.0
j779192,1,delay_tolerant,1.065,0.0,8.2,0.5,0.0,4,2,False,1.0,0.0
j779192,1,delay_sensitive,0.86,0.0,7.7333,0.5,0.0,2,3,False,1.0,0.0
j779192,1,delay_tolerant,0.5183,0.0,7.7333,0.5,0.0,4,2,False,1.0,0.0
j779812,1,delay_tolerant,0.7917,0.0,7.7333,0.5,0.0,4,2,True,1.0,0.05
j78,1,token_batch,1.475,0.6084,11.0,0.5,4145.562,6,1,False,1.0,0.0
j78,1,delay_tolerant,0.655,0.0,7.7333,0.5,0.0,5,2,True,1.0,0.0446
j780188,1,delay_tolerant,0.5183,0.0,7.7333,0.5,0.0,4,2,False,1.0,0.0
j780339,1,token_batch,2.5,1.0985,18.0,0.5,4402.126,8,1,False,1.0,0.0
j782408,1,token_batch,1.475,1.3665,11.0,0.5,4269.034,5,1,False,1.0,0.0
j782408,1,token_batch,1.475,0.0,11.0,0.5,4001.853,5,1,False,1.0,0.0
j782408,1,delay_tolerant,0.9967,0.0,7.7333,0.5,0.0,4,2,False,1.0,0.0
j782408,1,delay_tolerant,0.9967,0.0,7.7333,0.5,0.0,4,2,False,1.0,0.0
j782408,1,delay_tolerant,0.5867,0.0,7.7333,0.5,0.0,4,2,True,1.0,0.05
j782720,1,delay_tolerant,0.7233,0.0,7.7333,0.5,0.0,4,2,True,1.0,0.0529
j782720,1,delay_tolerant,1.27,0.0,9.6,0.5,0.0,8,2,False,1.0,0.0
j785275,1,token_batch,1.475,0.0,11.0,0.5,4581.195,5,1,False,1.0,0.0
j785275,1,token_batch,1.475,1.275,11.0,0.5,4443.234,5,1,True,1.0,0.1791
j785923,1,delay_tolerant,1.3383,0.0,10.0667,0.5,0.0,5,2,True,1.0,0.05
j785923,1,delay_tolerant,0.7917,0.0,7.7333,0.5,0.0,4,2,True,1.0,0.05
j7861,1,delay_sensitive,0.5183,0.0,7.7333,0.5,0.0,2,3,False,1.0,0.0
j786710,1,token_batch,2.5,0.9931,18.0,0.5,4987.471,5,1,True,1.0,0.1455
j786710,1,token_batch,2.5,1.1637,18.0,0.5,5156.457,5,1,False,1.0,0.0
j786715,1,delay_tolerant,0.7233,0.0,7.7333,0.5,0.0,4,2,False,1.0,0.0
j787910,1,delay_tolerant,0.9283,0.0,7.7333,0.5,0.0,5,2,True,1.0,0.0796
j788110,1,delay_tolerant,0.5183,0.0,7.7333,0.5,0.0,4,2,False,1.0,0.0
j788110,1,delay_tolerant,0.7917,0.0,7.7333,0.5,0.0,9,2,True,1.0,0.05
j788110,1,delay_tolerant,0.5183,0.2269,7.7333,0.5,0.0,4,2,False,1.0,0.0
j789298,1,delay_tolerant,0.5183,0.0,7.7333,0.5,0.0,4,2,False,1.0,0.0
j789298,1,token_batch,1.475,1.3827,11.0,0.5,3807.248,6,1,False,1.0,0.0
j789298,1,delay_tolerant,1.065,0.0,8.2,0.5,0.0,6,2,False,1.0,0.0
j79128,1,token_batch,1.475,1.4313,11.0,0.5,4310.187,5,1,False,1.0,0.0
j792249,1,delay_tolerant,1.2017,0.0,9.1333,0.5,0.0,6,2,False,1.0,0.0
j792249,1,delay_tolerant,1.27,0.0,9.6,0.5,0.0,7,2,True,1.0,0.05
j792249,1,delay_tolerant,1.065,0.0,8.2,0.5,0.0,6,2,False,1.0,0.0
j793593,1,delay_tolerant,0.7233,0.0,7.7333,0.5,0.0,4,2,False,1.0,0.0
j793638,1,delay_tolerant,0.5183,0.0,7.7333,0.5,0.0,4,2,False,1.0,0.0
j793638,1,delay_tolerant,1.4067,0.0,10.5333,0.5,0.0,8,2,True,1.0,0.05
j794861,1,delay_tolerant,0.5867,0.0,7.7333,0.5,0.0,4,2,True,1.0,0.05
j794861,1,delay_sensitive,0.5867,0.0,7.7333,0.5,0.0,2,3,False,1.0,0.0
j794971,1,delay_tolerant,0.5867,0.0,7.7333,0.5,0.0,4,2,False,1.0,0.0
j794971,1,token_batch,1.475,0.4967,11.0,0.5,4400.638,5,1,True,1.0,0.05
j794971,1,delay_tolerant,0.7917,0.0,7.7333,0.5,0.0,4,2,False,1.0,0.0
j794971,1,delay_tolerant,1.4067,0.0,10.5333,0.5,0.0,5,2,False,1.0,0.0
j794971,1,delay_tolerant,0.5183,0.0,7.7333,0.5,0.0,4,2,False,1.0,0.0
j794971,1,delay_tolerant,0.9967,0.0,7.7333,0.5,0.0,5,2,True,1.0,0.0894
j7953,1,delay_tolerant,0.5867,0.0,7.7333,0.5,0.0,6,2,False,1.0,0.0
j7953,1,token_batch,1.475,1.247,11.0,0.5,3863.185,6,1,True,1.0,0.05
j796190,1,delay_tolerant,0.5183,0.0,7.7333,0.5,0.0,4,2,True,1.0,0.05
j796190,1,delay_tolerant,1.3383,0.5285,10.0667,0.5,0.0,6,2,True,1.0,0.05
j796190,1,delay_tolerant,1.27,0.0,9.6,0.5,0.0,4,2,True,1.0,0.05
j796190,1,delay_tolerant,0.5183,0.0,7.7333,0.5,0.0,4,2,False,1.0,0.0
j7962,1,delay_tolerant,0.5183,0.0,7.7333,0.5,0.0,4,2,True,1.0,0.05
j796287,1,delay_tolerant,1.065,0.0,8.2,0.5,0.0,6,2,False,1.0,0.0
j796287,1,delay_tolerant,0.5183,0.5034,7.7333,0.5,0.0,4,2,False,1.0,0.0
j797303,1,delay_tolerant,1.065,0.0,8.2,0.5,0.0,4,2,True,1.0,0.05
j799548,1,delay_tolerant,0.5183,0.0,7.7333,0.5,0.0,8,2,False,1.0,0.0
j799548,1,delay_tolerant,0.5183,0.0,7.7333,0.5,0.0,8,2,True,1.0,0.05
j799548,1,delay_tolerant,0.5183,0.0,7.7333,0.5,0.0,4,2,True,1.0,0.05
j799689,1,delay_tolerant,1.065,0.2972,8.2,0.5,0.0,9,2,False,1.0,0.0
j799689,1,delay_tolerant,1.2017,0.0,9.1333,0.5,0.0,9,2,True,1.0,0.05
j800282,1,delay_tolerant,0.86,0.0,7.7333,0.5,0.0,4,2,False,1.0,0.0
j800282,1,delay_tolerant,0.7917,0.0,7.7333,0.5,0.0,4,2,False,1.0,0.0
j800282,1,token_batch,1.475,0.6326,11.0,0.5,3647.739,5,1,True,1.0,0.05
j800965,1,delay_tolerant,0.655,0.0,7.7333,0.5,0.0,4,2,True,1.0,0.05
j80109,1,token_batch,2.5,0.8844,18.0,0.5,5322.276,7,1,False,1.0,0.0
j80109,1,delay_tolerant,1.27,0.0,9.6,0.5,0.0,7,2,True,1.0,0.05
j80109,1,token_batch,1.6117,1.0288,11.9333,0.5,5092.532,8,1,True,1.0,0.05
j803123,1,token_batch,1.475,0.0,11.0,0.5,3538.316,5,1,True,1.0,0.0909
j803123,1,token_batch,1.475,1.0545,11.0,0.5,4008.653,5,1,False,1.0,0.0
j803155,1,delay_tolerant,0.9283,0.2399,7.7333,0.5,0.0,8,2,False,1.0,0.0
j803155,1,delay_tolerant,1.4067,0.0,10.5333,0.5,0.0,8,2,False,1.0,0.0
j803583,1,delay_tolerant,0.655,0.0,7.7333,0.5,0.0,6,2,True,1.0,0.05
j803583,1,token_batch,1.475,1.4987,11.0,0.5,4296.945,6,1,True,1.0,0.05
j803583,1,delay_tolerant,1.2017,0.0,9.1333,0.5,0.0,6,2,True,1.0,0.0862
j803758,1,delay_tolerant,0.5183,0.0,7.7333,0.5,0.0,4,2,True,1.0,0.05
j803758,1,delay_tolerant,0.5183,0.2186,7.7333,0.5,0.0,4,2,True,1.0,0.05
j80429,1,delay_tolerant,0.5183,0.0,7.7333,0.5,0.0,4,2,True,1.0,0.05
j80429,1,delay_tolerant,0.9283,0.0,7.7333,0.5,0.0,6,2,False,1.0,0.0
j805143,1,delay_tolerant,0.9967,0.0,7.7333,0.5,0.0,5,2,False,1.0,0.0
j805143,1,delay_tolerant,0.5867,0.2143,7.7333,0.5,0.0,6,2,False,1.0,0.0
j805339,1,delay_tolerant,1.1333,0.0,8.6667,0.5,0.0,4,2,False,1.0,0.0
j806429,1,token_batch,1.475,1.3945,11.0,0.5,4349.18,9,1,True,1.0,0.05
j807319,1,delay_tolerant,0.5183,0.0,7.7333,0.5,0.0,4,2,True,1.0,0.05
j807319,1,token_batch,1.475,0.0,11.0,0.5,4174.482,5,1,False,1.0,0.0
j808431,1,delay_tolerant,0.9967,0.0,7.7333,0.5,0.0,4,2,True,1.0,0.0894
j809128,1,token_batch,1.475,1.4419,11.0,0.5,3943.51,6,1,True,1.0,0.1744
j809461,1,delay_tolerant,1.27,0.0,9.6,0.5,0.0,6,2,True,1.0,0.05
j809461,1,delay_tolerant,0.7233,0.0,7.7333,0.5,0.0,6,2,False,1.0,0.0
j811105,1,delay_tolerant,1.4067,0.0,10.5333,0.5,0.0,6,2,True,1.0,0.0897
j811105,1,delay_tolerant,0.5183,0.0,7.7333,0.5,0.0,4,2,True,1.0,0.0249
j811105,1,delay_tolerant,0.5183,0.0,7.7333,0.5,0.0,4,2,True,1.0,0.05
j811105,1,delay_tolerant,0.5183,0.0,7.7333,0.5,0.0,6,2,False,1.0,0.0
j811105,1,delay_tolerant,1.065,0.0,8.2,0.5,0.0,6,2,True,1.0,0.05
j811105,1,delay_tolerant,0.5183,0.0,7.7333,0.5,0.0,4,2,False,1.0,0.0
j811354,1,token_batch,1.475,0.4552,11.0,0.5,3657.246,9,1,True,1.0,0.05
j811756,1,token_batch,1.475,0.4879,11.0,0.5,4344.345,5,1,True,1.0,0.1574
j812459,1,delay_tolerant,1.27,0.0,9.6,0.5,0.0,5,2,True,1.0,0.05
j8134,1,delay_sensitive,0.5183,0.0,7.7333,0.5,0.0,2,3,False,1.0,0.0
j814059,1,delay_tolerant,0.5183,0.0,7.7333,0.5,0.0,4,2,False,1.0,0.0
j816689,1,delay_tolerant,0.5183,0.0,7.7333,0.5,0.0,4,2,False,1.0,0.0
j816689,1,delay_tolerant,1.27,0.0,9.6,0.5,0.0,4,2,False,1.0,0.0
j81842,1,token_batch,1.475,0.9024,11.0,0.5,4301.384,5,1,True,1.0,0.05
j818442,1,token_batch,1.475,1.16,11.0,0.5,3848.809,5,1,True,1.0,0.05
j818442,1,delay_tolerant,1.2017,0.0,9.1333,0.5,0.0,4,2,True,1.0,0.05
j818568,1,delay_tolerant,0.5867,0.0,7.7333,0.5,0.0,4,2,True,1.0,0.0356
j818568,1,delay_tolerant,0.5183,0.0,7.7333,0.5,0.0,4,2,True,1.0,0.0869
j818568,1,delay_sensitive,0.5183,0.0,7.7333,0.5,0.0,2,3,False,1.0,0.0
j818797,1,delay_tolerant,1.3383,0.0,10.0667,0.5,0.0,8,2,False,1.0,0.0
j818797,1,token_batch,1.475,1.0196,11.0,0.5,4481.104,8,1,True,1.0,0.1022
j818797,1,token_batch,1.475,1.4586,11.0,0.5,3638.545,8,1,False,1.0,0.0
j818797,1,delay_tolerant,1.27,0.0,9.6,0.5,0.0,7,2,True,1.0,0.05
j819910,1,delay_tolerant,0.5183,0.0,7.7333,0.5,0.0,4,2,True,1.0,0.05
j819910,1,delay_tolerant,1.065,0.0,8.2,0.5,0.0,6,2,True,1.0,0.05
j82079,1,token_batch,1.475,0.8355,11.0,0.5,3909.142,7,1,True,1.0,0.05
j82079,1,delay_tolerant,1.27,0.0,9.6,0.5,0.0,7,2,False,1.0,0.0
j821022,1,delay_tolerant,1.065,0.0,8.2,0.5,0.0,4,2,False,1.0,0.0
j821081,1,token_batch,1.475,1.0303,11.0,0.5,3450.051,5,1,True,1.0,0.05
j821701,1,delay_tolerant,1.2017,0.0,9.1333,0.5,0.0,9,2,False,1.0,0.0
j823350,1,delay_tolerant,0.86,0.0,7.7333,0.5,0.0,6,2,False,1.0,0.0
j823478,1,delay_tolerant,0.5183,0.0,7.7333,0.5,0.0,4,2,True,1.0,0.05
j823478,1,delay_tolerant,1.2017,0.0,9.1333,0.5,0.0,4,2,True,1.0,0.0532
j823811,1,delay_sensitive,0.655,0.0,7.7333,0.5,0.0,2,3,False,1.0,0.0
j82384,1,delay_tolerant,0.7917,0.0,7.7333,0.5,0.0,4,2,True,1.0,0.055
j82384,1,delay_tolerant,0.7917,0.0,7.7333,0.5,0.0,4,2,True,1.0,0.05
j823976,1,delay_tolerant,0.86,0.0,7.7333,0.5,0.0,4,2,True,1.0,0.05
j823976,1,token_batch,1.475,1.2074,11.0,0.5,4123.837,5,1,True,1.0,0.05
j824779,1,delay_tolerant,1.1333,0.0,8.6667,0.5,0.0,4,2,True,1.0,0.0848
j825371,1,delay_tolerant,0.5183,0.0,7.7333,0.5,0.0,4,2,True,1.0,0.0936
j825371,1,delay_tolerant,0.5183,0.0,7.7333,0.5,0.0,4,2,False,1.0,0.0
j825794,1,delay_tolerant,0.9967,0.0,7.7333,0.5,0.0,7,2,False,1.0,0.0
j826859,1,delay_tolerant,0.7233,0.0,7.7333,0.5,0.0,4,2,False,1.0,0.0
j826859,1,delay_tolerant,1.27,0.5891,9.6,0.5,0.0,4,2,False,1.0,0.0
j826859,1,delay_tolerant,0.5183,0.0,7.7333,0.5,0.0,4,2,True,1.0,0.05
j827522,1,delay_tolerant,0.7917,0.0,7.7333,0.5,0.0,8,2,False,1.0,0.0
j827972,1,token_batch,1.475,0.8691,11.0,0.5,4185.956,8,1,True,1.0,0.1156
j828053,1,delay_tolerant,1.065,0.0,8.2,0.5,0.0,6,2,True,1.0,0.0477
j829338,1,token_batch,1.475,0.0,11.0,0.5,3918.064,5,1,True,1.0,0.1295
j829906,1,delay_tolerant,0.5867,0.0,7.7333,0.5,0.0,4,2,True,1.0,0.05
j829906,1,delay_tolerant,0.5867,0.3654,7.7333,0.5,0.0,4,2,True,1.0,0.049
j829906,1,token_batch,1.475,0.9358,11.0,0.5,4036.664,5,1,True,1.0,0.05
j829906,1,delay_tolerant,0.5183,0.0,7.7333,0.5,0.0,4,2,True,1.0,0.0708
j831527,1,delay_tolerant,0.7233,0.0,7.7333,0.5,0.0,8,2,False,1.0,0.0
j832150,1,token_batch,1.475,0.4187,11.0,0.5,4077.384,5,1,True,1.0,0.1679
j832150,1,delay_tolerant,0.7917,0.0,7.7333,0.5,0.0,4,2,False,1.0,0.0
j832150,1,delay_tolerant,0.5183,0.0,7.7333,0.5,0.0,4,2,False,1.0,0.0
j832480,1,token_batch,1.475,0.9391,11.0,0.5,4273.989,8,1,True,1.0,0.05
j83367,1,delay_tolerant,1.1333,0.0,8.6667,0.5,0.0,4,2,True,1.0,0.0746
j83367,1,token_batch,1.475,0.0,11.0,0.5,4386.362,5,1,True,1.0,0.1811
j833962,1,token_batch,1.475,0.6687,11.0,0.5,4331.282,5,1,True,1.0,0.05
j834124,1,token_batch,1.475,1.0949,11.0,0.5,3695.716,5,1,True,1.0,0.1876
j83440,1,delay_tolerant,0.5183,0.0,7.7333,0.5,0.0,4,2,False,1.0,0.0
j83491,1,token_batch,1.475,0.7817,11.0,0.5,3929.314,7,1,False,1.0,0.0
j837247,1,delay_tolerant,0.5183,0.0,7.7333,0.5,0.0,4,2,True,1.0,0.05
j83737,1,token_batch,1.475,0.457,11.0,0.5,4370.227,7,1,True,1.0,0.05
j838011,1,delay_tolerant,1.4067,0.0,10.5333,0.5,0.0,4,2,True,1.0,0.071
j838643,1,delay_tolerant,0.5183,0.0,7.7333,0.5,0.0,4,2,False,1.0,0.0
j838697,1,delay_tolerant,0.655,0.5024,7.7333,0.5,0.0,4,2,False,1.0,0.0
j838697,1,delay_tolerant,1.2017,0.0,9.1333,0.5,0.0,5,2,False,1.0,0.0
j838941,1,delay_tolerant,1.065,0.0,8.2,0.5,0.0,6,2,True,1.0,0.05
j839481,1,delay_tolerant,0.7917,0.0,7.7333,0.5,0.0,8,2,True,1.0,0.05
j839483,1,delay_tolerant,0.7233,0.0,7.7333,0.5,0.0,4,2,True,1.0,0.05
j839483,1,delay_tolerant,0.9967,0.0,7.7333,0.5,0.0,4,2,False,1.0,0.0
j839483,1,delay_tolerant,0.7917,0.0,7.7333,0.5,0.0,4,2,True,1.0,0.05
j83965,1,delay_tolerant,0.9283,0.0,7.7333,0.5,0.0,8,2,True,1.0,0.05
j83965,1,token_batch,1.885,0.0,13.8,0.5,5261.345,7,1,False,1.0,0.0
j83965,1,delay_sensitive,2.0217,0.0,14.7333,0.5,0.0,2,3,False,1.0,0.0
j83965,1,delay_tolerant,0.5867,0.0,7.7333,0.5,0.0,7,2,False,1.0,0.0
j83965,1,delay_tolerant,1.27,0.0,9.6,0.5,0.0,4,2,False,1.0,0.0
j83965,1,delay_tolerant,0.5183,0.0,7.7333,0.5,0.0,8,2,False,1.0,0.0
j83965,1,delay_tolerant,1.1333,0.3805,8.6667,0.5,0.0,7,2,False,1.0,0.0
j83965,1,delay_tolerant,1.065,0.0,8.2,0.5,0.0,6,2,True,1.0,0.05
j83965,1,delay_tolerant,0.655,0.0,7.7333,0.5,0.0,4,2,True,1.0,0.0942
j83980,1,delay_tolerant,1.1333,0.0,8.6667,0.5,0.0,6,2,False,1.0,0.0
j83980,1,token_batch,1.475,0.0,11.0,0.5,4443.392,6,1,True,1.0,0.1425
j83980,1,delay_tolerant,1.2017,0.0,9.1333,0.5,0.0,6,2,False,1.0,0.0
j83980,1,delay_tolerant,1.2017,0.0,9.1333,0.5,0.0,6,2,True,1.0,0.05
j83980,1,delay_tolerant,0.5183,0.0,7.7333,0.5,0.0,4,2,False,1.0,0.0
j83980,1,token_batch,1.475,1.1459,11.0,0.5,4093.519,6,1,True,1.0,0.1151
j840137,1,delay_tolerant,0.5183,0.0,7.7333,0.5,0.0,4,2,True,1.0,0.05
j841282,1,delay_tolerant,1.1333,0.0,8.6667,0.5,0.0,7,2,False,1.0,0.0
j841282,1,delay_tolerant,0.7917,0.0,7.7333,0.5,0.0,4,2,False,1.0,0.0
j841864,1,delay_tolerant,0.9967,0.3054,7.7333,0.5,0.0,5,2,True,1.0,0.05
j84293,1,delay_tolerant,0.9283,0.0,7.7333,0.5,0.0,4,2,True,1.0,0.05
j84293,1,delay_tolerant,0.5183,0.0,7.7333,0.5,0.0,4,2,True,1.0,0.05
j843854,1,delay_sensitive,1.68,0.0,12.4,0.5,0.0,2,3,False,1.0,0.0
j844612,1,token_batch,1.475,1.1705,11.0,0.5,4442.052,6,1,False,1.0,0.0
j8448,1,delay_tolerant,1.1333,0.0,8.6667,0.5,0.0,4,2,False,1.0,0.0
j8448,1,delay_tolerant,1.2017,0.0,9.1333,0.5,0.0,4,2,False,1.0,0.0
j8448,1,delay_tolerant,0.5183,0.0,7.7333,0.5,0.0,4,2,False,1.0,0.0
j8448,1,token_batch,1.475,0.9728,11.0,0.5,3745.596,5,1,True,1.0,0.0967
j8448,1,delay_tolerant,1.1333,0.0,8.6667,0.5,0.0,4,2,False,1.0,0.0
j8448,1,delay_tolerant,0.7233,0.0,7.7333,0.5,0.0,4,2,True,1.0,0.0996
j845306,1,delay_tolerant,0.7233,0.0,7.7333,0.5,0.0,4,2,True,1.0,0.0364
j845306,1,delay_tolerant,0.7917,0.0,7.7333,0.5,0.0,4,2,True,1.0,0.0977
j846331,1,delay_tolerant,0.9283,0.0,7.7333,0.5,0.0,4,2,False,1.0,0.0
j847073,1,token_batch,1.475,0.6685,11.0,0.5,4310.868,5,1,True,1.0,0.05
j847073,1,delay_tolerant,0.9283,0.0,7.7333,0.5,0.0,4,2,True,1.0,0.05
j847148,1,delay_tolerant,1.1333,0.0,8.6667,0.5,0.0,5,2,True,1.0,0.0233
j847225,1,delay_sensitive,0.5867,0.0,7.7333,0.5,0.0,2,3,False,1.0,0.0
j847426,1,delay_tolerant,1.4067,0.5342,10.5333,0.5,0.0,4,2,False,1.0,0.0
j847658,1,delay_tolerant,1.2017,0.0,9.1333,0.5,0.0,4,2,False,1.0,0.0
j848154,1,delay_tolerant,0.86,0.0,7.7333,0.5,0.0,4,2,False,1.0,0.0
j849576,1,token_batch,1.475,1.1697,11.0,0.5,4324.568,5,1,True,1.0,0.1215
j849576,1,delay_tolerant,0.7917,0.0,7.7333,0.5,0.0,4,2,True,1.0,0.0762
j850304,1,delay_tolerant,0.86,0.0,7.7333,0.5,0.0,6,2,True,1.0,0.0927
j850304,1,delay_tolerant,1.27,0.0,9.6,0.5,0.0,7,2,False,1.0,0.0
j850304,1,token_batch,1.475,1.0606,11.0,0.5,4616.333,7,1,True,1.0,0.1547
j850364,1,delay_tolerant,1.4067,0.0,10.5333,0.5,0.0,7,2,True,1.0,0.0999
j850364,1,delay_tolerant,0.9283,0.0,7.7333,0.5,0.0,6,2,False,1.0,0.0
j850364,1,delay_tolerant,0.5183,0.0,7.7333,0.5,0.0,7,2,True,1.0,0.0487
j850407,1,delay_tolerant,1.2017,0.0,9.1333,0.5,0.0,6,2,False,1.0,0.0
j850407,1,delay_tolerant,0.9283,0.0,7.7333,0.5,0.0,5,2,True,1.0,0.0947
j850407,1,delay_tolerant,0.655,0.0,7.7333,0.5,0.0,4,2,False,1.0,0.0
j850641,1,delay_tolerant,0.655,0.0,7.7333,0.5,0.0,5,2,False,1.0,0.0
j8507,1,delay_tolerant,0.5183,0.2276,7.7333,0.5,0.0,4,2,False,1.0,0.0
j852721,1,token_batch,1.475,0.5329,11.0,0.5,3858.956,9,1,True,1.0,0.05
j8528,1,delay_tolerant,0.5183,0.0,7.7333,0.5,0.0,4,2,True,1.0,0.0758
j8528,1,delay_tolerant,0.5183,0.0,7.7333,0.5,0.0,4,2,False,1.0,0.0
j852841,1,delay_tolerant,0.9283,0.0,7.7333,0.5,0.0,4,2,False,1.0,0.0
j852846,1,token_batch,1.475,0.6717,11.0,0.5,4343.919,5,1,True,1.0,0.05
j85296,1,token_batch,1.7483,1.0491,12.8667,0.5,4262.953,5,1,False,1.0,0.0
j85296,1,delay_tolerant,0.5183,0.0,7.7333,0.5,0.0,4,2,True,1.0,0.05
j853709,1,delay_tolerant,0.7233,0.3563,7.7333,0.5,0.0,9,2,False,1.0,0.0
j854849,1,delay_tolerant,0.86,0.0,7.7333,0.5,0.0,4,2,False,1.0,0.0
j855224,1,delay_tolerant,0.7917,0.0,7.7333,0.5,0.0,4,2,False,1.0,0.0
j856830,1,delay_tolerant,0.86,0.0,7.7333,0.5,0.0,7,2,False,1.0,0.0
j856917,1,delay_tolerant,0.5183,0.0,7.7333,0.5,0.0,4,2,False,1.0,0.0
j857404,1,token_batch,1.475,0.0,11.0,0.5,4347.657,9,1,False,1.0,0.0
j857688,1,token_batch,1.8167,0.8801,13.3333,0.5,3945.963,5,1,False,1.0,0.0
j857688,1,token_batch,2.5,0.0,18.0,0.5,5283.638,5,1,True,1.0,0.1522
j857703,1,delay_tolerant,0.5183,0.0,7.7333,0.5,0.0,6,2,False,1.0,0.0
j857843,1,delay_tolerant,1.065,0.0,8.2,0.5,0.0,9,2,True,1.0,0.05
j857843,1,delay_tolerant,0.5183,0.0,7.7333,0.5,0.0,9,2,True,1.0,0.0874
j857843,1,delay_sensitive,1.475,0.0,11.0,0.5,0.0,2,3,False,1.0,0.0
j857843,1,delay_tolerant,0.5183,0.5469,7.7333,0.5,0.0,4,2,True,1.0,0.0354
j857843,1,token_batch,2.5,0.0,18.0,0.5,4655.345,8,1,True,1.0,0.1604
j857843,1,delay_tolerant,0.5183,0.0,7.7333,0.5,0.0,4,2,False,1.0,0.0
j857843,1,delay_tolerant,1.3383,0.0,10.0667,0.5,0.0,4,2,True,1.0,0.05
j857843,1,delay_tolerant,0.5867,0.0,7.7333,0.5,0.0,4,2,True,1.0,0.05
j857843,1,delay_tolerant,0.9967,0.0,7.7333,0.5,0.0,8,2,True,1.0,0.05
j857843,1,delay_tolerant,0.5867,0.0,7.7333,0.5,0.0,9,2,False,1.0,0.0
j857843,1,delay_tolerant,0.5183,0.0,7.7333,0.5,0.0,8,2,False,1.0,0.0
j857899,1,delay_tolerant,1.27,0.0,9.6,0.5,0.0,7,2,True,1.0,0.05
j858453,1,delay_tolerant,0.5183,0.0,7.7333,0.5,0.0,4,2,False,1.0,0.0
j859466,1,delay_tolerant,0.5183,0.0,7.7333,0.5,0.0,4,2,True,1.0,0.05
j859466,1,delay_tolerant,0.9967,0.0,7.7333,0.5,0.0,4,2,True,1.0,0.0368
j859502,1,delay_tolerant,0.5867,0.0,7.7333,0.5,0.0,4,2,True,1.0,0.05
j859502,1,token_batch,1.475,0.9541,11.0,0.5,4198.735,5,1,False,1.0,0.0
j859502,1,delay_sensitive,1.4067,0.0,10.5333,0.5,0.0,2,3,False,1.0,0.0
j859502,1,delay_tolerant,0.7917,0.0,7.7333,0.5,0.0,4,2,False,1.0,0.0
j859636,1,delay_tolerant,1.27,0.0,9.6,0.5,0.0,4,2,False,1.0,0.0
j859636,1,delay_tolerant,0.7233,0.5792,7.7333,0.5,0.0,4,2,True,1.0,0.05
j859716,1,token_batch,2.5,0.0,18.0,0.5,5219.069,5,1,False,1.0,0.0
j859716,1,delay_tolerant,1.4067,0.0,10.5333,0.5,0.0,4,2,False,1.0,0.0
j860118,1,delay_tolerant,0.7917,0.0,7.7333,0.5,0.0,9,2,False,1.0,0.0
j860118,1,token_batch,1.475,0.6181,11.0,0.5,4513.434,9,1,False,1.0,0.0
j861532,1,delay_tolerant,1.065,0.0,8.2,0.5,0.0,6,2,False,1.0,0.0
j861532,1,delay_tolerant,1.27,0.0,9.6,0.5,0.0,7,2,True,1.0,0.05
j861532,1,delay_tolerant,0.5183,0.2493,7.7333,0.5,0.0,4,2,True,1.0,0.0819
j862251,1,delay_tolerant,0.5183,0.0,7.7333,0.5,0.0,5,2,False,1.0,0.0
j862251,1,delay_tolerant,0.9967,0.0,7.7333,0.5,0.0,6,2,False,1.0,0.0
j862251,1,delay_tolerant,1.27,0.0,9.6,0.5,0.0,6,2,True,1.0,0.05
j862251,1,delay_tolerant,1.3383,0.0,10.0667,0.5,0.0,6,2,False,1.0,0.0
j864239,1,delay_tolerant,1.065,0.0,8.2,0.5,0.0,6,2,True,1.0,0.0696
j864239,1,delay_tolerant,1.1333,0.0,8.6667,0.5,0.0,6,2,True,1.0,0.0231
j864239,1,delay_tolerant,1.3383,0.0,10.0667,0.5,0.0,6,2,False,1.0,0.0
j864842,1,delay_tolerant,0.5183,0.0,7.7333,0.5,0.0,4,2,False,1.0,0.0
j864842,1,delay_tolerant,0.5867,0.0,7.7333,0.5,0.0,5,2,True,1.0,0.05
j864842,1,delay_tolerant,0.5183,0.3027,7.7333,0.5,0.0,5,2,False,1.0,0.0
j864842,1,delay_tolerant,0.5183,0.0,7.7333,0.5,0.0,5,2,True,1.0,0.0332
j864842,1,delay_tolerant,0.5183,0.0,7.7333,0.5,0.0,4,2,True,1.0,0.0346
j865458,1,delay_tolerant,0.5183,0.0,7.7333,0.5,0.0,4,2,False,1.0,0.0
j865458,1,delay_tolerant,0.5867,0.0,7.7333,0.5,0.0,4,2,False,1.0,0.0
j865949,1,delay_tolerant,0.7917,0.0,7.7333,0.5,0.0,4,2,True,1.0,0.05
j865949,1,delay_sensitive,0.5183,0.0,7.7333,0.5,0.0,2,3,False,1.0,0.0
j866378,1,token_batch,1.475,1.085,11.0,0.5,4264.487,6,1,True,1.0,0.05
j866423,1,delay_tolerant,0.86,0.0,7.7333,0.5,0.0,6,2,True,1.0,0.05
j866423,1,token_batch,1.475,0.0,11.0,0.5,4530.767,6,1,False,1.0,0.0
j866425,1,delay_tolerant,0.9967,0.0,7.7333,0.5,0.0,6,2,False,1.0,0.0
j867272,1,delay_tolerant,0.5867,0.0,7.7333,0.5,0.0,6,2,False,1.0,0.0
j867272,1,delay_tolerant,0.5183,0.0,7.7333,0.5,0.0,4,2,True,1.0,0.05
j867272,1,delay_tolerant,0.5183,0.0,7.7333,0.5,0.0,7,2,True,1.0,0.05
j867272,1,delay_tolerant,0.7233,0.0,7.7333,0.5,0.0,7,2,True,1.0,0.05
j867272,1,delay_tolerant,0.5183,0.0,7.7333,0.5,0.0,6,2,False,1.0,0.0
j867272,1,delay_tolerant,0.655,0.4391,7.7333,0.5,0.0,6,2,False,1.0,0.0
j867272,1,delay_tolerant,0.5183,0.0,7.7333,0.5,0.0,4,2,False,1.0,0.0
j867272,1,delay_tolerant,1.4067,0.0,10.5333,0.5,0.0,7,2,False,1.0,0.0
j868361,1,delay_tolerant,0.7233,0.0,7.7333,0.5,0.0,8,2,False,1.0,0.0
j869845,1,delay_tolerant,0.9283,0.0,7.7333,0.5,0.0,6,2,False,1.0,0.0
j870488,1,delay_tolerant,1.2017,0.0,9.1333,0.5,0.0,5,2,True,1.0,0.0791
j870627,1,token_batch,1.475,0.8177,11.0,0.5,3588.698,6,1,True,1.0,0.05
j873192,1,delay_tolerant,1.27,0.0,9.6,0.5,0.0,4,2,False,1.0,0.0
j874351,1,token_batch,1.475,1.0631,11.0,0.5,4004.402,6,1,True,1.0,0.05
j874351,1,delay_tolerant,0.5183,0.0,7.7333,0.5,0.0,4,2,False,1.0,0.0
j874351,1,delay_tolerant,1.3383,0.0,10.0667,0.5,0.0,6,2,False,1.0,0.0
j8753,1,delay_tolerant,1.27,0.0,9.6,0.5,0.0,8,2,True,1.0,0.05
j8753,1,delay_tolerant,0.7917,0.0,7.7333,0.5,0.0,7,2,False,1.0,0.0
j875499,1,delay_tolerant,0.5183,0.0,7.7333,0.5,0.0,4,2,True,1.0,0.05
j875499,1,token_batch,1.475,1.2482,11.0,0.5,4014.463,5,1,True,1.0,0.05
j875766,1,delay_tolerant,0.5183,0.0,7.7333,0.5,0.0,4,2,True,1.0,0.05
j875766,1,delay_tolerant,1.1333,0.0,8.6667,0.5,0.0,6,2,True,1.0,0.05
j876129,1,delay_tolerant,0.5183,0.0,7.7333,0.5,0.0,5,2,False,1.0,0.0
j876129,1,token_batch,2.5,0.5628,18.0,0.5,4797.829,5,1,True,1.0,0.05
j876456,1,token_batch,1.475,0.0,11.0,0.5,4072.586,7,1,True,1.0,0.1932
j87656,1,token_batch,1.475,1.2755,11.0,0.5,3598.67,7,1,False,1.0,0.0
j876934,1,delay_tolerant,1.065,0.0,8.2,0.5,0.0,5,2,True,1.0,0.05
j877148,1,delay_tolerant,1.27,0.0,9.6,0.5,0.0,4,2,False,1.0,0.0
j877148,1,token_batch,1.475,0.0,11.0,0.5,3486.214,5,1,True,1.0,0.0818
j87914,1,token_batch,1.475,0.7225,11.0,0.5,3596.246,5,1,True,1.0,0.05
j881425,1,delay_tolerant,1.1333,0.0,8.6667,0.5,0.0,6,2,False,1.0,0.0
j882031,1,token_batch,1.475,0.0,11.0,0.5,3687.996,6,1,False,1.0,0.0
j882447,1,delay_tolerant,0.655,0.0,7.7333,0.5,0.0,4,2,True,1.0,0.0994
j882447,1,token_batch,2.5,0.0,18.0,0.5,4795.747,5,1,False,1.0,0.0
j882447,1,delay_tolerant,0.7917,0.0,7.7333,0.5,0.0,4,2,True,1.0,0.05
j882447,1,token_batch,2.5,0.0,18.0,0.5,5535.293,5,1,False,1.0,0.0
j882447,1,delay_tolerant,1.2017,0.0,9.1333,0.5,0.0,4,2,False,1.0,0.0
j882683,1,delay_tolerant,1.1333,0.0,8.6667,0.5,0.0,7,2,True,1.0,0.05
j882802,1,delay_tolerant,0.9283,0.0,7.7333,0.5,0.0,4,2,True,1.0,0.05
j882802,1,delay_tolerant,0.655,0.0,7.7333,0.5,0.0,4,2,True,1.0,0.05
j882802,1,token_batch,1.475,0.0,11.0,0.5,4379.34,5,1,False,1.0,0.0
j882957,1,delay_tolerant,0.5183,0.0,7.7333,0.5,0.0,4,2,True,1.0,0.05
j882957,1,delay_sensitive,0.5867,0.0,7.7333,0.5,0.0,2,3,False,1.0,0.0
j883336,1,token_batch,1.475,0.4569,11.0,0.5,3466.152,5,1,True,1.0,0.0816
j883708,1,delay_tolerant,0.9967,0.0,7.7333,0.5,0.0,9,2,True,1.0,0.05
j885641,1,token_batch,1.475,0.0,11.0,0.5,3713.275,6,1,False,1.0,0.0
j885894,1,delay_tolerant,1.3383,0.2568,10.0667,0.5,0.0,7,2,True,1.0,0.05
j886576,1,delay_tolerant,0.86,0.0,7.7333,0.5,0.0,7,2,True,1.0,0.05
j887624,1,delay_tolerant,1.3383,0.0,10.0667,0.5,0.0,5,2,True,1.0,0.05
j887624,1,delay_tolerant,1.065,0.0,8.2,0.5,0.0,5,2,False,1.0,0.0
j887901,1,token_batch,1.475,0.7002,11.0,0.5,4364.352,5,1,True,1.0,0.1681
j887901,1,delay_tolerant,1.2017,0.0,9.1333,0.5,0.0,4,2,False,1.0,0.0
j888525,1,token_batch,1.475,0.9482,11.0,0.5,4336.971,9,1,True,1.0,0.05
j888525,1,delay_tolerant,1.4067,0.0,10.5333,0.5,0.0,9,2,True,1.0,0.05
j888861,1,delay_tolerant,0.5183,0.0,7.7333,0.5,0.0,4,2,True,1.0,0.0442
j889303,1,delay_tolerant,0.9967,0.0,7.7333,0.5,0.0,6,2,False,1.0,0.0
j889303,1,delay_tolerant,0.5183,0.0,7.7333,0.5,0.0,4,2,True,1.0,0.05
j889548,1,delay_tolerant,1.27,0.0,9.6,0.5,0.0,8,2,True,1.0,0.05
j889548,1,token_batch,1.475,0.4652,11.0,0.5,4108.514,8,1,True,1.0,0.05
j889572,1,delay_tolerant,1.065,0.0,8.2,0.5,0.0,7,2,False,1.0,0.0
j889858,1,delay_tolerant,1.2017,0.0,9.1333,0.5,0.0,4,2,False,1.0,0.0
j890532,1,delay_tolerant,0.7233,0.0,7.7333,0.5,0.0,4,2,False,1.0,0.0
j890532,1,delay_tolerant,0.5867,0.0,7.7333,0.5,0.0,4,2,True,1.0,0.05
j891503,1,delay_tolerant,1.4067,0.0,10.5333,0.5,0.0,6,2,True,1.0,0.05
j891899,1,token_batch,1.475,0.8879,11.0,0.5,3871.638,5,1,True,1.0,0.05
j892632,1,delay_tolerant,0.5183,0.0,7.7333,0.5,0.0,4,2,True,1.0,0.05
j894034,1,delay_tolerant,0.5867,0.0,7.7333,0.5,0.0,4,2,False,1.0,0.0
j894114,1,token_batch,1.475,0.4766,11.0,0.5,3971.681,5,1,True,1.0,0.05
j894268,1,token_batch,1.475,0.8714,11.0,0.5,3985.754,7,1,True,1.0,0.05
j894268,1,delay_tolerant,1.065,0.0,8.2,0.5,0.0,8,2,False,1.0,0.0
j894268,1,delay_tolerant,0.5183,0.0,7.7333,0.5,0.0,4,2,True,1.0,0.0363
j894946,1,delay_tolerant,0.5183,0.0,7.7333,0.5,0.0,4,2,True,1.0,0.05
j894946,1,delay_tolerant,0.86,0.0,7.7333,0.5,0.0,4,2,False,1.0,0.0
j895731,1,token_batch,1.475,0.8433,11.0,0.5,4243.154,5,1,True,1.0,0.05
j895731,1,token_batch,1.475,0.0,11.0,0.5,3822.602,5,1,False,1.0,0.0
j895731,1,delay_tolerant,0.5183,0.0,7.7333,0.5,0.0,4,2,False,1.0,0.0
j896157,1,delay_tolerant,1.2017,0.0,9.1333,0.5,0.0,4,2,False,1.0,0.0
j896157,1,delay_tolerant,1.065,0.0,8.2,0.5,0.0,4,2,False,1.0,0.0
j896157,1,delay_tolerant,0.5183,0.0,7.7333,0.5,0.0,4,2,False,1.0,0.0
j896157,1,delay_tolerant,0.9967,0.0,7.7333,0.5,0.0,5,2,True,1.0,0.0395
j896259,1,delay_tolerant,1.1333,0.0,8.6667,0.5,0.0,7,2,False,1.0,0.0
j896259,1,delay_tolerant,0.86,0.0,7.7333,0.5,0.0,4,2,False,1.0,0.0
j896367,1,delay_tolerant,1.1333,0.2354,8.6667,0.5,0.0,6,2,False,1.0,0.0
j896430,1,delay_tolerant,0.5183,0.0,7.7333,0.5,0.0,7,2,False,1.0,0.0
j896430,1,delay_tolerant,1.4067,0.0,10.5333,0.5,0.0,8,2,False,1.0,0.0
j897555,1,delay_tolerant,0.7917,0.0,7.7333,0.5,0.0,4,2,False,1.0,0.0
j897555,1,delay_tolerant,0.7233,0.0,7.7333,0.5,0.0,4,2,False,1.0,0.0
j897555,1,delay_tolerant,0.5867,0.0,7.7333,0.5,0.0,4,2,False,1.0,0.0
j897555,1,token_batch,1.475,0.0,11.0,0.5,3978.354,5,1,True,1.0,0.1973
j897770,1,token_batch,2.5,1.0142,18.0,0.5,5093.309,9,1,True,1.0,0.1575
j898436,1,delay_tolerant,0.5183,0.0,7.7333,0.5,0.0,4,2,False,1.0,0.0
j898436,1,delay_tolerant,0.5183,0.0,7.7333,0.5,0.0,4,2,True,1.0,0.0987
j898436,1,delay_tolerant,0.655,0.0,7.7333,0.5,0.0,4,2,True,1.0,0.05
j898518,1,token_batch,1.475,0.4314,11.0,0.5,4175.345,9,1,True,1.0,0.1622
j899285,1,token_batch,1.475,0.954,11.0,0.5,3872.299,5,1,True,1.0,0.05
j900014,1,delay_tolerant,1.4067,0.0,10.5333,0.5,0.0,4,2,False,1.0,0.0
j900153,1,delay_tolerant,1.2017,0.0,9.1333,0.5,0.0,5,2,False,1.0,0.0
j900221,1,delay_tolerant,0.5183,0.0,7.7333,0.5,0.0,4,2,True,1.0,0.05
j900390,1,token_batch,1.475,0.7203,11.0,0.5,4531.251,7,1,True,1.0,0.1992
j900390,1,delay_tolerant,0.7233,0.0,7.7333,0.5,0.0,7,2,True,1.0,0.05
j900390,1,token_batch,1.475,0.4392,11.0,0.5,4294.701,7,1,True,1.0,0.05
j902513,1,delay_tolerant,0.5183,0.0,7.7333,0.5,0.0,4,2,True,1.0,0.0415
j902513,1,delay_tolerant,1.27,0.0,9.6,0.5,0.0,4,2,True,1.0,0.05
j903842,1,token_batch,1.475,1.1905,11.0,0.5,3781.65,5,1,True,1.0,0.1526
j903842,1,delay_tolerant,0.9283,0.3562,7.7333,0.5,0.0,4,2,False,1.0,0.0
j903842,1,delay_tolerant,0.5183,0.0,7.7333,0.5,0.0,4,2,True,1.0,0.05
j903842,1,delay_tolerant,1.2017,0.0,9.1333,0.5,0.0,4,2,True,1.0,0.0378
j904182,1,token_batch,1.475,1.4025,11.0,0.5,4290.901,6,1,True,1.0,0.05
j905209,1,delay_tolerant,1.3383,0.0,10.0667,0.5,0.0,7,2,True,1.0,0.05
j905251,1,delay_tolerant,0.5183,0.0,7.7333,0.5,0.0,4,2,False,1.0,0.0
j905253,1,delay_tolerant,1.4067,0.0,10.5333,0.5,0.0,6,2,True,1.0,0.05
j905253,1,delay_tolerant,0.5183,0.0,7.7333,0.5,0.0,4,2,True,1.0,0.05
j905668,1,token_batch,2.5,0.0,18.0,0.5,5081.735,9,1,True,1.0,0.1029
j905668,1,token_batch,2.5,0.6418,18.0,0.5,5203.029,10,1,True,1.0,0.05
j905668,1,delay_tolerant,1.3383,0.0,10.0667,0.5,0.0,9,2,False,1.0,0.0
j905977,1,delay_tolerant,0.5183,0.0,7.7333,0.5,0.0,4,2,True,1.0,0.05
j905977,1,delay_tolerant,0.9967,0.0,7.7333,0.5,0.0,4,2,True,1.0,0.05
j906071,1,delay_tolerant,0.7233,0.0,7.7333,0.5,0.0,4,2,True,1.0,0.05
j906072,1,delay_tolerant,1.2017,0.0,9.1333,0.5,0.0,4,2,False,1.0,0.0
j906072,1,delay_tolerant,0.5183,0.0,7.7333,0.5,0.0,4,2,False,1.0,0.0
j9064,1,token_batch,1.475,1.2777,11.0,0.5,4265.443,8,1,True,1.0,0.127
j9064,1,token_batch,1.475,1.0889,11.0,0.5,3661.377,7,1,True,1.0,0.05
j9064,1,delay_tolerant,0.9967,0.0,7.7333,0.5,0.0,7,2,True,1.0,0.0728
j9064,1,delay_tolerant,1.27,0.0,9.6,0.5,0.0,8,2,False,1.0,0.0
j906701,1,delay_tolerant,0.7233,0.0,7.7333,0.5,0.0,7,2,False,1.0,0.0
j907477,1,delay_tolerant,0.5183,0.0,7.7333,0.5,0.0,4,2,False,1.0,0.0
j907477,1,delay_tolerant,0.655,0.0,7.7333,0.5,0.0,6,2,False,1.0,0.0
j907477,1,delay_tolerant,0.5183,0.0,7.7333,0.5,0.0,5,2,False,1.0,0.0
j908081,1,delay_tolerant,1.27,0.3185,9.6,0.5,0.0,4,2,False,1.0,0.0
j908110,1,delay_tolerant,0.5183,0.0,7.7333,0.5,0.0,4,2,False,1.0,0.0
j90874,1,delay_tolerant,1.1333,0.0,8.6667,0.5,0.0,5,2,False,1.0,0.0
j908838,1,delay_tolerant,0.86,0.0,7.7333,0.5,0.0,6,2,True,1.0,0.05
j909195,1,delay_tolerant,0.7917,0.0,7.7333,0.5,0.0,4,2,False,1.0,0.0
j909195,1,token_batch,1.475,0.0,11.0,0.5,4089.134,5,1,False,1.0,0.0
j909327,1,token_batch,1.475,0.0,11.0,0.5,4121.364,9,1,False,1.0,0.0
j909620,1,token_batch,1.475,1.4392,11.0,0.5,3843.822,9,1,True,1.0,0.05
j910969,1,delay_tolerant,0.5867,0.0,7.7333,0.5,0.0,4,2,True,1.0,0.05
j911091,1,delay_tolerant,0.655,0.0,7.7333,0.5,0.0,7,2,False,1.0,0.0
j911996,1,delay_tolerant,0.9967,0.0,7.7333,0.5,0.0,9,2,True,1.0,0.05
j912452,1,delay_tolerant,0.655,0.0,7.7333,0.5,0.0,7,2,False,1.0,0.0
j912452,1,delay_tolerant,0.5183,0.0,7.7333,0.5,0.0,4,2,True,1.0,0.05
j912869,1,delay_tolerant,0.5867,0.0,7.7333,0.5,0.0,4,2,True,1.0,0.05
j912869,1,token_batch,1.5433,0.5455,11.4667,0.5,5082.741,6,1,True,1.0,0.05
j912869,1,delay_tolerant,0.7233,0.0,7.7333,0.5,0.0,4,2,False,1.0,0.0
j912869,1,delay_tolerant,0.86,0.0,7.7333,0.5,0.0,4,2,False,1.0,0.0
j912869,1,delay_tolerant,0.5183,0.0,7.7333,0.5,0.0,4,2,False,1.0,0.0
j912869,1,delay_tolerant,0.9967,0.0,7.7333,0.5,0.0,4,2,False,1.0,0.0
j93422,1,delay_tolerant,0.5183,0.0,7.7333,0.5,0.0,4,2,False,1.0,0.0
j93465,1,delay_tolerant,1.3383,0.4539,10.0667,0.5,0.0,6,2,False,1.0,0.0
j9371,1,delay_tolerant,0.9283,0.0,7.7333,0.5,0.0,4,2,False,1.0,0.0
j93848,1,delay_tolerant,0.5183,0.0,7.7333,0.5,0.0,6,2,True,1.0,0.0788
j93848,1,token_batch,2.5,1.2883,18.0,0.5,5191.855,6,1,True,1.0,0.05
j93848,1,token_batch,2.5,0.9496,18.0,0.5,4704.311,7,1,True,1.0,0.05
j93848,1,delay_tolerant,0.5183,0.0,7.7333,0.5,0.0,6,2,False,1.0,0.0
j93848,1,delay_tolerant,0.86,0.0,7.7333,0.5,0.0,6,2,True,1.0,0.05
j94692,1,delay_tolerant,0.5183,0.0,7.7333,0.5,0.0,4,2,True,1.0,0.0608
j94692,1,delay_tolerant,1.2017,0.0,9.1333,0.5,0.0,6,2,False,1.0,0.0
j95141,1,delay_tolerant,0.5183,0.0,7.7333,0.5,0.0,4,2,False,1.0,0.0
j95141,1,token_batch,2.5,0.0,18.0,0.5,4603.711,5,1,True,1.0,0.1745
j95329,1,delay_tolerant,0.655,0.0,7.7333,0.5,0.0,6,2,False,1.0,0.0
j95927,1,token_batch,1.475,0.5587,11.0,0.5,3594.381,7,1,True,1.0,0.1897
j95969,1,delay_tolerant,1.065,0.0,8.2,0.5,0.0,8,2,False,1.0,0.0
j95969,1,token_batch,1.475,0.0,11.0,0.5,3469.241,8,1,False,1.0,0.0
j95969,1,delay_tolerant,1.065,0.0,8.2,0.5,0.0,7,2,False,1.0,0.0
j95969,1,delay_tolerant,0.655,0.0,7.7333,0.5,0.0,8,2,True,1.0,0.05
j96096,1,delay_tolerant,1.1333,0.0,8.6667,0.5,0.0,4,2,False,1.0,0.0
j96734,1,token_batch,1.475,0.6679,11.0,0.5,4543.912,5,1,False,1.0,0.0
j96734,1,delay_tolerant,1.27,0.0,9.6,0.5,0.0,4,2,False,1.0,0.0
j97735,1,delay_tolerant,0.86,0.0,7.7333,0.5,0.0,4,2,True,1.0,0.05
j97735,1,delay_tolerant,0.5183,0.0,7.7333,0.5,0.0,4,2,True,1.0,0.0269
j97735,1,delay_sensitive,0.5867,0.0,7.7333,0.5,0.0,2,3,False,1.0,0.0
j98216,1,delay_tolerant,0.5183,0.0,7.7333,0.5,0.0,8,2,True,1.0,0.05
j98216,1,delay_sensitive,0.5183,0.0,7.7333,0.5,0.0,2,3,False,1.0,0.0
j98216,1,delay_tolerant,1.1333,0.0,8.6667,0.5,0.0,4,2,False,1.0,0.0
j98216,1,token_batch,2.5,0.6548,18.0,0.5,5282.701,8,1,True,1.0,0.05
j98216,1,delay_tolerant,1.4067,0.0,10.5333,0.5,0.0,7,2,False,1.0,0.0
j98216,1,token_batch,2.295,0.9767,16.6,0.5,5399.22,7,1,True,1.0,0.1613
j98216,1,delay_tolerant,0.5183,0.0,7.7333,0.5,0.0,8,2,True,1.0,0.0721
j98216,1,delay_tolerant,0.5183,0.0,7.7333,0.5,0.0,8,2,False,1.0,0.0
j98428,1,delay_tolerant,0.86,0.0,7.7333,0.5,0.0,4,2,False,1.0,0.0
j9926,1,delay_tolerant,0.9967,0.0,7.7333,0.5,0.0,9,2,False,1.0,0.0
j99293,1,delay_tolerant,1.2017,0.0,9.1333,0.5,0.0,6,2,False,1.0,0.0
j99293,1,token_batch,1.475,1.0804,11.0,0.5,4245.483,6,1,True,1.0,0.05
j99318,1,token_batch,1.475,0.7481,11.0,0.5,3465.758,5,1,True,1.0,0.0891
j99409,1,delay_tolerant,1.2017,0.0,9.1333,0.5,0.0,8,2,False,1.0,0.0
j9942,1,delay_tolerant,1.3383,0.0,10.0667,0.5,0.0,4,2,False,1.0,0.0
j9942,1,delay_tolerant,1.4067,0.0,10.5333,0.5,0.0,4,2,True,1.0,0.0271
j99546,1,delay_tolerant,1.2017,0.0,9.1333,0.5,0.0,7,2,True,1.0,0.05
j100898,2,delay_tolerant,1.3383,0.0,10.0667,0.5,0.0,9,2,False,1.0,0.0
j101605,2,delay_tolerant,0.5867,0.0,7.7333,0.5,0.0,11,2,False,1.0,0.0
j101763,2,delay_tolerant,0.7917,0.0,7.7333,0.5,0.0,12,2,False,1.0,0.0
j101763,2,delay_tolerant,0.5183,0.0,7.7333,0.5,0.0,5,2,True,1.0,0.0407
j101763,2,token_batch,2.5,0.0,18.0,0.5,4698.826,12,1,False,1.0,0.0
j101813,2,delay_tolerant,0.7917,0.0,7.7333,0.5,0.0,13,2,True,1.0,0.05
j101813,2,token_batch,1.475,1.0764,11.0,0.5,4040.39,14,1,True,1.0,0.0981
j102148,2,delay_tolerant,0.5183,0.0,7.7333,0.5,0.0,5,2,True,1.0,0.0659
j102224,2,delay_tolerant,1.1333,0.4777,8.6667,0.5,0.0,22,2,True,1.0,0.05
j102475,2,delay_tolerant,0.5183,0.0,7.7333,0.5,0.0,5,2,False,1.0,0.0
j102475,2,token_batch,2.5,0.8016,18.0,0.5,5249.179,14,1,False,1.0,0.0
j102521,2,delay_tolerant,0.9967,0.0,7.7333,0.5,0.0,19,2,True,1.0,0.0507
j102521,2,token_batch,1.7483,0.9897,12.8667,0.5,5210.406,22,1,False,1.0,0.0
j102539,2,delay_tolerant,0.7233,0.0,7.7333,0.5,0.0,19,2,False,1.0,0.0
j102569,2,delay_sensitive,0.5183,0.0,7.7333,0.5,0.0,3,3,False,1.0,0.0
j102663,2,delay_tolerant,0.5867,0.0,7.7333,0.5,0.0,5,2,True,1.0,0.05
j102740,2,delay_tolerant,0.7917,0.0,7.7333,0.5,0.0,18,2,True,1.0,0.05
j102788,2,delay_tolerant,1.3383,0.0,10.0667,0.5,0.0,16,2,False,1.0,0.0
j102833,2,delay_tolerant,0.5183,0.0,7.7333,0.5,0.0,5,2,False,1.0,0.0
j103237,2,delay_tolerant,0.7917,0.0,7.7333,0.5,0.0,11,2,False,1.0,0.0
j103793,2,delay_tolerant,1.3383,0.0,10.0667,0.5,0.0,20,2,True,1.0,0.05
j103869,2,token_batch,1.475,0.7821,11.0,0.5,3840.292,22,1,True,1.0,0.1861
j104282,2,delay_tolerant,0.5867,0.0,7.7333,0.5,0.0,14,2,False,1.0,0.0
j104311,2,delay_tolerant,0.5183,0.0,7.7333,0.5,0.0,5,2,True,1.0,0.05
j104384,2,delay_tolerant,0.9283,0.0,7.7333,0.5,0.0,19,2,True,1.0,0.05
j104589,2,delay_tolerant,1.3383,0.0,10.0667,0.5,0.0,15,2,False,1.0,0.0
j104967,2,token_batch,1.475,0.0,11.0,0.5,4088.229,16,1,False,1.0,0.0
j105209,2,delay_tolerant,0.86,0.0,7.7333,0.5,0.0,18,2,False,1.0,0.0
j105209,2,delay_tolerant,1.1333,0.0,8.6667,0.5,0.0,17,2,True,1.0,0.05
j105209,2,delay_tolerant,0.5183,0.0,7.7333,0.5,0.0,17,2,True,1.0,0.05
j105382,2,delay_tolerant,0.5183,0.0,7.7333,0.5,0.0,5,2,False,1.0,0.0
j105622,2,token_batch,1.475,0.0,11.0,0.5,4413.051,19,1,True,1.0,0.1748
j105622,2,delay_tolerant,0.5183,0.0,7.7333,0.5,0.0,14,2,False,1.0,0.0
j10575,2,token_batch,1.475,0.4839,11.0,0.5,4525.494,13,1,True,1.0,0.1451
j106305,2,delay_tolerant,0.7917,0.0,7.7333,0.5,0.0,21,2,False,1.0,0.0
j106721,2,token_batch,1.475,1.1161,11.0,0.5,3514.577,10,1,False,1.0,0.0
j106757,2,delay_tolerant,1.2017,0.0,9.1333,0.5,0.0,10,2,False,1.0,0.0
j107316,2,delay_tolerant,1.27,0.0,9.6,0.5,0.0,16,2,False,1.0,0.0
j107535,2,delay_tolerant,0.86,0.0,7.7333,0.5,0.0,16,2,False,1.0,0.0
j107602,2,token_batch,1.475,0.9649,11.0,0.5,3704.156,13,1,True,1.0,0.1108
j107602,2,token_batch,1.475,1.4627,11.0,0.5,3807.625,13,1,False,1.0,0.0
j108031,2,delay_tolerant,1.1333,0.5947,8.6667,0.5,0.0,20,2,False,1.0,0.0
j10844,2,delay_tolerant,1.27,0.0,9.6,0.5,0.0,11,2,False,1.0,0.0
j10844,2,delay_tolerant,0.5867,0.0,7.7333,0.5,0.0,11,2,False,1.0,0.0
j10844,2,token_batch,1.475,0.5581,11.0,0.5,3826.819,11,1,False,1.0,0.0
j108730,2,delay_tolerant,1.065,0.0,8.2,0.5,0.0,22,2,True,1.0,0.0884
j108730,2,delay_tolerant,1.27,0.0,9.6,0.5,0.0,22,2,False,1.0,0.0
j10876,2,delay_tolerant,0.5183,0.0,7.7333,0.5,0.0,17,2,False,1.0,0.0
j108923,2,delay_tolerant,1.2017,0.0,9.1333,0.5,0.0,14,2,True,1.0,0.0469
j108923,2,delay_tolerant,0.5867,0.0,7.7333,0.5,0.0,14,2,False,1.0,0.0
j108923,2,delay_tolerant,0.5183,0.0,7.7333,0.5,0.0,6,2,True,1.0,0.05
j108923,2,delay_tolerant,1.3383,0.0,10.0667,0.5,0.0,14,2,True,1.0,0.05
j108973,2,delay_tolerant,0.9283,0.0,7.7333,0.5,0.0,12,2,False,1.0,0.0
j109097,2,token_batch,1.475,1.2124,11.0,0.5,3736.791,22,1,False,1.0,0.0
j109766,2,token_batch,1.475,0.0,11.0,0.5,3552.374,22,1,False,1.0,0.0
j109879,2,delay_tolerant,0.9967,0.0,7.7333,0.5,0.0,19,2,False,1.0,0.0
j110222,2,delay_tolerant,0.9283,0.0,7.7333,0.5,0.0,17,2,False,1.0,0.0
j110222,2,delay_tolerant,0.5183,0.0,7.7333,0.5,0.0,9,2,True,1.0,0.0369
j110526,2,token_batch,1.475,0.5486,11.0,0.5,4629.562,17,1,True,1.0,0.05
j110686,2,delay_tolerant,1.065,0.4955,8.2,0.5,0.0,20,2,False,1.0,0.0
j11134,2,delay_tolerant,0.86,0.0,7.7333,0.5,0.0,19,2,True,1.0,0.05
j111456,2,delay_tolerant,1.1333,0.0,8.6667,0.5,0.0,15,2,True,1.0,0.05
j111456,2,delay_tolerant,0.86,0.0,7.7333,0.5,0.0,15,2,False,1.0,0.0
j111785,2,delay_tolerant,1.3383,0.0,10.0667,0.5,0.0,14,2,True,1.0,0.0707
j112264,2,delay_tolerant,0.655,0.5764,7.7333,0.5,0.0,19,2,True,1.0,0.05
j112759,2,delay_tolerant,0.5183,0.0,7.7333,0.5,0.0,9,2,False,1.0,0.0
j112759,2,delay_tolerant,0.5183,0.0,7.7333,0.5,0.0,9,2,False,1.0,0.0
j112759,2,delay_tolerant,1.3383,0.0,10.0667,0.5,0.0,5,2,False,1.0,0.0
j113465,2,token_batch,1.475,1.28,11.0,0.5,3941.593,13,1,False,1.0,0.0
j113562,2,delay_tolerant,1.1333,0.583,8.6667,0.5,0.0,15,2,False,1.0,0.0
j114176,2,delay_tolerant,0.655,0.0,7.7333,0.5,0.0,16,2,True,1.0,0.0578
j114471,2,delay_tolerant,0.9967,0.0,7.7333,0.5,0.0,11,2,True,1.0,0.0317
j114471,2,delay_tolerant,0.7917,0.0,7.7333,0.5,0.0,11,2,True,1.0,0.05
j114580,2,token_batch,1.475,0.0,11.0,0.5,4423.781,13,1,True,1.0,0.1021
j114580,2,token_batch,1.475,0.0,11.0,0.5,4417.949,12,1,True,1.0,0.125
j114989,2,delay_tolerant,0.5183,0.0,7.7333,0.5,0.0,19,2,False,1.0,0.0
j115155,2,delay_tolerant,0.5183,0.0,7.7333,0.5,0.0,5,2,False,1.0,0.0
j115335,2,delay_tolerant,0.5183,0.0,7.7333,0.5,0.0,14,2,False,1.0,0.0
j115335,2,token_batch,1.475,0.5374,11.0,0.5,4498.355,15,1,True,1.0,0.05
j115445,2,delay_tolerant,1.2017,0.0,9.1333,0.5,0.0,11,2,True,1.0,0.05
j115992,2,delay_tolerant,0.5183,0.2371,7.7333,0.5,0.0,5,2,False,1.0,0.0
j115992,2,delay_tolerant,0.5183,0.0,7.7333,0.5,0.0,22,2,True,1.0,0.0627
j115992,2,delay_tolerant,0.5183,0.0,7.7333,0.5,0.0,14,2,True,1.0,0.0217
j115992,2,token_batch,1.7483,0.0,12.8667,0.5,3916.691,6,1,True,1.0,0.1862
j116399,2,delay_tolerant,1.27,0.0,9.6,0.5,0.0,9,2,False,1.0,0.0
j116743,2,delay_tolerant,0.5183,0.0,7.7333,0.5,0.0,5,2,True,1.0,0.05
j116905,2,token_batch,1.8167,0.0,13.3333,0.5,4170.409,21,1,True,1.0,0.1474
j116905,2,token_batch,1.8167,0.0,13.3333,0.5,5220.802,6,1,True,1.0,0.1229
j116905,2,token_batch,2.3633,0.0,17.0667,0.5,5383.166,16,1,False,1.0,0.0
j116905,2,token_batch,2.5,0.9723,18.0,0.5,4800.854,23,1,True,1.0,0.05
j117051,2,delay_tolerant,0.9967,0.0,7.7333,0.5,0.0,16,2,True,1.0,0.05
j117188,2,delay_tolerant,0.86,0.0,7.7333,0.5,0.0,7,2,False,1.0,0.0
j117354,2,delay_tolerant,0.7233,0.0,7.7333,0.5,0.0,18,2,False,1.0,0.0
j118159,2,delay_tolerant,0.5183,0.5574,7.7333,0.5,0.0,12,2,False,1.0,0.0
j118558,2,delay_tolerant,0.86,0.0,7.7333,0.5,0.0,7,2,False,1.0,0.0
j119002,2,delay_tolerant,0.5183,0.0,7.7333,0.5,0.0,17,2,True,1.0,0.05
j119878,2,delay_tolerant,0.9283,0.0,7.7333,0.5,0.0,13,2,True,1.0,0.0971
j120674,2,token_batch,2.5,0.9107,18.0,0.5,5377.839,14,1,True,1.0,0.05
j120674,2,token_batch,1.7483,1.0377,12.8667,0.5,4823.246,14,1,True,1.0,0.05
j121179,2,delay_tolerant,0.5183,0.0,7.7333,0.5,0.0,5,2,False,1.0,0.0
j121415,2,token_batch,1.475,0.4256,11.0,0.5,4151.642,15,1,True,1.0,0.05
j12146,2,delay_tolerant,0.9967,0.0,7.7333,0.5,0.0,15,2,True,1.0,0.0231
j12146,2,delay_tolerant,1.1333,0.0,8.6667,0.5,0.0,15,2,True,1.0,0.046
j12167,2,delay_tolerant,0.86,0.0,7.7333,0.5,0.0,13,2,False,1.0,0.0
j121836,2,token_batch,1.475,1.4383,11.0,0.5,3833.775,10,1,False,1.0,0.0
j121836,2,token_batch,1.475,0.571,11.0,0.5,3709.35,9,1,True,1.0,0.1586
j121836,2,token_batch,1.475,0.0,11.0,0.5,4061.816,9,1,True,1.0,0.1538
j121866,2,token_batch,1.5433,1.0613,11.4667,0.5,3963.622,22,1,False,1.0,0.0
j121866,2,delay_tolerant,0.5183,0.0,7.7333,0.5,0.0,21,2,False,1.0,0.0
j121866,2,delay_tolerant,0.5183,0.0,7.7333,0.5,0.0,22,2,False,1.0,0.0
j122641,2,delay_tolerant,0.5867,0.5209,7.7333,0.5,0.0,14,2,True,1.0,0.05
j122718,2,delay_tolerant,0.5183,0.0,7.7333,0.5,0.0,5,2,True,1.0,0.05
j122838,2,delay_tolerant,0.5183,0.0,7.7333,0.5,0.0,6,2,True,1.0,0.0869
j122838,2,delay_tolerant,1.2017,0.0,9.1333,0.5,0.0,15,2,False,1.0,0.0
j123039,2,token_batch,1.6117,0.778,11.9333,0.5,4514.26,21,1,False,1.0,0.0
j123047,2,token_batch,1.475,1.1842,11.0,0.5,4117.1,11,1,False,1.0,0.0
j12322,2,delay_tolerant,0.9283,0.0,7.7333,0.5,0.0,22,2,True,1.0,0.05
j12322,2,token_batch,1.475,0.9431,11.0,0.5,4452.757,22,1,True,1.0,0.05
j123308,2,token_batch,1.475,0.0,11.0,0.5,3950.441,19,1,False,1.0,0.0
j123688,2,delay_tolerant,0.5183,0.0,7.7333,0.5,0.0,22,2,False,1.0,0.0
j12382,2,token_batch,2.5,1.4967,18.0,0.5,4386.908,23,1,False,1.0,0.0
j123896,2,delay_tolerant,0.9967,0.0,7.7333,0.5,0.0,20,2,True,1.0,0.05
j124291,2,token_batch,2.5,0.451,18.0,0.5,4498.376,14,1,True,1.0,0.05
j124291,2,token_batch,2.4317,0.6695,17.5333,0.5,4577.892,6,1,True,1.0,0.05
j124291,2,token_batch,2.5,0.0,18.0,0.5,4370.998,14,1,True,1.0,0.1313
j124291,2,delay_tolerant,0.5183,0.0,7.7333,0.5,0.0,13,2,False,1.0,0.0
j124291,2,token_batch,2.5,0.9344,18.0,0.5,4909.262,15,1,True,1.0,0.1785
j124434,2,delay_tolerant,0.5183,0.0,7.7333,0.5,0.0,12,2,False,1.0,0.0
j12454,2,delay_tolerant,1.1333,0.4326,8.6667,0.5,0.0,17,2,False,1.0,0.0
j124933,2,delay_tolerant,0.9283,0.0,7.7333,0.5,0.0,18,2,True,1.0,0.0465
j124933,2,delay_tolerant,0.655,0.0,7.7333,0.5,0.0,18,2,False,1.0,0.0
j12500,2,token_batch,1.475,0.0,11.0,0.5,3893.427,15,1,False,1.0,0.0
j125018,2,token_batch,1.475,0.0,11.0,0.5,4310.051,10,1,True,1.0,0.1227
j125132,2,delay_tolerant,0.9967,0.0,7.7333,0.5,0.0,15,2,True,1.0,0.0382
j12549,2,token_batch,1.475,1.0219,11.0,0.5,3633.756,13,1,False,1.0,0.0
j12549,2,token_batch,1.475,1.2493,11.0,0.5,3955.992,13,1,True,1.0,0.05
j12549,2,delay_tolerant,0.9967,0.0,7.7333,0.5,0.0,13,2,False,1.0,0.0
j126731,2,delay_tolerant,0.5867,0.0,7.7333,0.5,0.0,5,2,False,1.0,0.0
j126759,2,delay_sensitive,0.5183,0.0,7.7333,0.5,0.0,3,3,False,1.0,0.0
j126892,2,delay_tolerant,1.065,0.0,8.2,0.5,0.0,11,2,False,1.0,0.0
j127589,2,token_batch,1.475,0.0,11.0,0.5,3845.028,12,1,False,1.0,0.0
j127589,2,token_batch,1.475,0.0,11.0,0.5,3959.188,12,1,True,1.0,0.1895
j127625,2,token_batch,1.475,1.3129,11.0,0.5,3798.673,22,1,True,1.0,0.1156
j127842,2,delay_tolerant,0.655,0.0,7.7333,0.5,0.0,17,2,False,1.0,0.0
j127864,2,delay_tolerant,0.5183,0.0,7.7333,0.5,0.0,12,2,False,1.0,0.0
j127864,2,delay_tolerant,0.7917,0.0,7.7333,0.5,0.0,12,2,False,1.0,0.0
j128475,2,delay_tolerant,1.3383,0.0,10.0667,0.5,0.0,12,2,True,1.0,0.0933
j128475,2,delay_tolerant,0.5183,0.0,7.7333,0.5,0.0,5,2,True,1.0,0.05
j128707,2,token_batch,1.475,1.2679,11.0,0.5,4346.359,13,1,True,1.0,0.05
j128755,2,delay_tolerant,1.27,0.0,9.6,0.5,0.0,22,2,False,1.0,0.0
j129129,2,delay_tolerant,0.5183,0.0,7.7333,0.5,0.0,7,2,True,1.0,0.05
j129139,2,token_batch,1.475,0.5629,11.0,0.5,3432.13,16,1,True,1.0,0.1991
j129569,2,delay_tolerant,0.9967,0.0,7.7333,0.5,0.0,17,2,False,1.0,0.0
j129569,2,delay_tolerant,0.5183,0.0,7.7333,0.5,0.0,5,2,False,1.0,0.0
j13067,2,delay_tolerant,1.1333,0.0,8.6667,0.5,0.0,20,2,False,1.0,0.0
j13087,2,delay_tolerant,0.86,0.0,7.7333,0.5,0.0,17,2,False,1.0,0.0
j13087,2,delay_tolerant,0.5183,0.2398,7.7333,0.5,0.0,16,2,False,1.0,0.0
j130895,2,token_batch,1.475,1.2708,11.0,0.5,4161.125,18,1,True,1.0,0.05
j13136,2,delay_tolerant,1.27,0.0,9.6,0.5,0.0,13,2,False,1.0,0.0
j131886,2,delay_tolerant,0.655,0.0,7.7333,0.5,0.0,12,2,True,1.0,0.05
j131886,2,delay_tolerant,0.7917,0.0,7.7333,0.5,0.0,12,2,True,1.0,0.05
j132022,2,delay_tolerant,0.7917,0.0,7.7333,0.5,0.0,21,2,True,1.0,0.05
j132130,2,delay_tolerant,0.5867,0.4353,7.7333,0.5,0.0,7,2,True,1.0,0.0245
j132130,2,delay_tolerant,1.065,0.0,8.2,0.5,0.0,12,2,True,1.0,0.05
j132139,2,delay_tolerant,0.86,0.0,7.7333,0.5,0.0,13,2,False,1.0,0.0
j132139,2,token_batch,1.475,0.6757,11.0,0.5,4484.92,13,1,True,1.0,0.05
j132139,2,delay_tolerant,0.5183,0.0,7.7333,0.5,0.0,13,2,True,1.0,0.05
j132529,2,delay_tolerant,0.5183,0.0,7.7333,0.5,0.0,18,2,True,1.0,0.0957
j132631,2,delay_tolerant,1.3383,0.0,10.0667,0.5,0.0,12,2,False,1.0,0.0
j132631,2,delay_sensitive,0.5183,0.0,7.7333,0.5,0.0,3,3,False,1.0,0.0
j132631,2,delay_tolerant,1.065,0.0,8.2,0.5,0.0,13,2,False,1.0,0.0
j132631,2,delay_tolerant,0.5183,0.0,7.7333,0.5,0.0,5,2,True,1.0,0.05
j132701,2,token_batch,1.475,0.0,11.0,0.5,4216.049,18,1,True,1.0,0.1241
j133712,2,token_batch,2.5,1.3405,18.0,0.5,4390.398,6,1,True,1.0,0.05
j134227,2,delay_tolerant,0.7233,0.2892,7.7333,0.5,0.0,5,2,True,1.0,0.05
j134284,2,delay_tolerant,0.9283,0.0,7.7333,0.5,0.0,10,2,False,1.0,0.0
j13479,2,delay_tolerant,0.5867,0.0,7.7333,0.5,0.0,13,2,False,1.0,0.0
j135351,2,delay_tolerant,0.5183,0.4778,7.7333,0.5,0.0,16,2,True,1.0,0.05
j135917,2,delay_tolerant,1.4067,0.0,10.5333,0.5,0.0,11,2,False,1.0,0.0
j135998,2,delay_tolerant,1.2017,0.0,9.1333,0.5,0.0,19,2,False,1.0,0.0
j135998,2,delay_tolerant,0.5183,0.0,7.7333,0.5,0.0,19,2,True,1.0,0.05
j136374,2,delay_tolerant,0.5183,0.0,7.7333,0.5,0.0,14,2,True,1.0,0.05
j13647,2,delay_tolerant,0.5183,0.0,7.7333,0.5,0.0,10,2,True,1.0,0.05
j13647,2,delay_tolerant,1.1333,0.0,8.6667,0.5,0.0,10,2,False,1.0,0.0
j136914,2,token_batch,1.7483,0.7945,12.8667,0.5,4266.129,6,1,True,1.0,0.1708
j136914,2,delay_tolerant,0.7233,0.0,7.7333,0.5,0.0,10,2,True,1.0,0.05
j136914,2,delay_tolerant,0.5183,0.0,7.7333,0.5,0.0,11,2,False,1.0,0.0
j136914,2,delay_tolerant,0.7233,0.0,7.7333,0.5,0.0,5,2,True,1.0,0.061
j137191,2,delay_tolerant,0.5183,0.5998,7.7333,0.5,0.0,10,2,False,1.0,0.0
j137367,2,delay_tolerant,0.5183,0.0,7.7333,0.5,0.0,15,2,False,1.0,0.0
j137373,2,delay_tolerant,0.5183,0.0,7.7333,0.5,0.0,22,2,False,1.0,0.0
j137373,2,token_batch,1.6117,1.443,11.9333,0.5,4348.291,22,1,True,1.0,0.05
j137373,2,delay_tolerant,1.4067,0.0,10.5333,0.5,0.0,19,2,True,1.0,0.0757
j137373,2,delay_tolerant,0.5183,0.0,7.7333,0.5,0.0,5,2,False,1.0,0.0
j137373,2,delay_tolerant,1.3383,0.0,10.0667,0.5,0.0,19,2,True,1.0,0.05
j137373,2,token_batch,2.5,0.5238,18.0,0.5,4491.344,14,1,True,1.0,0.05
j137665,2,token_batch,1.475,1.2905,11.0,0.5,4442.218,19,1,True,1.0,0.1528
j139096,2,token_batch,1.475,0.4876,11.0,0.5,3987.611,18,1,False,1.0,0.0
j139510,2,token_batch,1.475,0.6643,11.0,0.5,4217.31,19,1,False,1.0,0.0
j140002,2,delay_tolerant,1.1333,0.0,8.6667,0.5,0.0,16,2,False,1.0,0.0
j140003,2,delay_tolerant,1.1333,0.392,8.6667,0.5,0.0,10,2,False,1.0,0.0
j140003,2,delay_tolerant,0.9967,0.0,7.7333,0.5,0.0,11,2,False,1.0,0.0
j140052,2,delay_tolerant,1.27,0.0,9.6,0.5,0.0,9,2,False,1.0,0.0
j140360,2,delay_tolerant,0.5183,0.0,7.7333,0.5,0.0,5,2,True,1.0,0.0666
j140360,2,delay_tolerant,0.5867,0.0,7.7333,0.5,0.0,16,2,False,1.0,0.0
j140360,2,delay_tolerant,0.5867,0.0,7.7333,0.5,0.0,16,2,False,1.0,0.0
j14101,2,delay_tolerant,0.7233,0.0,7.7333,0.5,0.0,22,2,False,1.0,0.0
j14101,2,token_batch,1.475,1.0513,11.0,0.5,3849.317,22,1,True,1.0,0.05
j141039,2,delay_tolerant,0.5867,0.0,7.7333,0.5,0.0,9,2,False,1.0,0.0
j141149,2,delay_tolerant,0.5183,0.0,7.7333,0.5,0.0,22,2,True,1.0,0.05
j141149,2,token_batch,2.5,0.698,18.0,0.5,5165.493,14,1,True,1.0,0.05
j141149,2,token_batch,2.5,1.3699,18.0,0.5,5306.197,19,1,False,1.0,0.0
j141149,2,delay_tolerant,0.5183,0.0,7.7333,0.5,0.0,22,2,True,1.0,0.05
j141457,2,delay_tolerant,1.065,0.0,8.2,0.5,0.0,13,2,False,1.0,0.0
j141509,2,delay_tolerant,0.86,0.0,7.7333,0.5,0.0,12,2,True,1.0,0.05
j14182,2,delay_tolerant,1.4067,0.0,10.5333,0.5,0.0,22,2,True,1.0,0.0529
j141894,2,token_batch,2.5,0.0,18.0,0.5,4332.695,7,1,True,1.0,0.1898
j142437,2,delay_tolerant,1.4067,0.0,10.5333,0.5,0.0,13,2,False,1.0,0.0
j142699,2,token_batch,1.475,1.2361,11.0,0.5,3671.534,16,1,True,1.0,0.05
j142699,2,delay_tolerant,1.2017,0.0,9.1333,0.5,0.0,15,2,True,1.0,0.0547
j142899,2,delay_tolerant,1.2017,0.0,9.1333,0.5,0.0,14,2,True,1.0,0.0967
j143136,2,delay_tolerant,0.5183,0.0,7.7333,0.5,0.0,9,2,False,1.0,0.0
j143273,2,token_batch,1.475,1.2508,11.0,0.5,3558.783,9,1,True,1.0,0.05
j143343,2,token_batch,1.475,0.8267,11.0,0.5,4400.086,23,1,True,1.0,0.05
j143343,2,delay_tolerant,0.655,0.0,7.7333,0.5,0.0,5,2,True,1.0,0.05
j143343,2,token_batch,1.475,1.0851,11.0,0.5,3449.984,23,1,False,1.0,0.0
j143462,2,delay_tolerant,0.9283,0.0,7.7333,0.5,0.0,12,2,True,1.0,0.05
j14356,2,delay_tolerant,1.2017,0.0,9.1333,0.5,0.0,5,2,False,1.0,0.0
j14356,2,delay_tolerant,0.9967,0.0,7.7333,0.5,0.0,10,2,False,1.0,0.0
j144778,2,delay_tolerant,0.7917,0.0,7.7333,0.5,0.0,22,2,False,1.0,0.0
j144817,2,delay_tolerant,1.1333,0.0,8.6667,0.5,0.0,11,2,True,1.0,0.05
j144941,2,delay_tolerant,0.86,0.0,7.7333,0.5,0.0,7,2,True,1.0,0.05
j144941,2,delay_tolerant,0.5183,0.0,7.7333,0.5,0.0,6,2,False,1.0,0.0
j144963,2,token_batch,1.475,1.0434,11.0,0.5,3973.54,23,1,True,1.0,0.1205
j144976,2,delay_tolerant,1.4067,0.0,10.5333,0.5,0.0,12,2,True,1.0,0.0823
j145283,2,delay_tolerant,0.9967,0.0,7.7333,0.5,0.0,10,2,True,1.0,0.0443
j145334,2,token_batch,1.475,0.9548,11.0,0.5,4205.151,22,1,True,1.0,0.05
j145589,2,delay_tolerant,0.9283,0.4915,7.7333,0.5,0.0,10,2,True,1.0,0.05
j146406,2,token_batch,1.885,0.8986,13.8,0.5,5114.319,20,1,True,1.0,0.05
j146406,2,delay_tolerant,0.7233,0.0,7.7333,0.5,0.0,20,2,True,1.0,0.0701
j146406,2,token_batch,1.5433,0.9527,11.4667,0.5,4348.434,20,1,True,1.0,0.05
j146486,2,delay_tolerant,0.5183,0.0,7.7333,0.5,0.0,22,2,True,1.0,0.05
j146486,2,token_batch,2.1583,0.8493,15.6667,0.5,5431.651,22,1,True,1.0,0.1597
j146486,2,delay_tolerant,0.7917,0.0,7.7333,0.5,0.0,22,2,False,1.0,0.0
j146486,2,delay_tolerant,0.5183,0.0,7.7333,0.5,0.0,22,2,False,1.0,0.0
j146486,2,delay_tolerant,0.655,0.0,7.7333,0.5,0.0,22,2,True,1.0,0.05
j146486,2,token_batch,1.475,1.0665,11.0,0.5,4433.559,23,1,True,1.0,0.05
j146486,2,token_batch,2.09,0.8318,15.2,0.5,5203.754,14,1,True,1.0,0.1026
j146486,2,delay_tolerant,0.5183,0.0,7.7333,0.5,0.0,22,2,True,1.0,0.05
j146633,2,token_batch,1.475,1.3221,11.0,0.5,4045.151,21,1,True,1.0,0.0875
j146633,2,delay_tolerant,0.5183,0.0,7.7333,0.5,0.0,21,2,False,1.0,0.0
j146633,2,delay_tolerant,0.86,0.0,7.7333,0.5,0.0,21,2,True,1.0,0.05
j146633,2,token_batch,1.475,1.4437,11.0,0.5,3471.553,22,1,True,1.0,0.1027
j146848,2,delay_tolerant,1.4067,0.0,10.5333,0.5,0.0,17,2,False,1.0,0.0
j146932,2,delay_tolerant,1.3383,0.0,10.0667,0.5,0.0,20,2,True,1.0,0.0452
j147537,2,delay_tolerant,1.27,0.0,9.6,0.5,0.0,15,2,False,1.0,0.0
j147940,2,delay_tolerant,1.1333,0.0,8.6667,0.5,0.0,18,2,False,1.0,0.0
j148214,2,token_batch,1.475,1.4379,11.0,0.5,4353.719,16,1,True,1.0,0.1401
j148243,2,delay_tolerant,0.5183,0.0,7.7333,0.5,0.0,10,2,True,1.0,0.05
j148831,2,delay_tolerant,0.7233,0.0,7.7333,0.5,0.0,5,2,True,1.0,0.0823
j149561,2,delay_tolerant,0.5183,0.0,7.7333,0.5,0.0,21,2,False,1.0,0.0
j149561,2,delay_tolerant,0.7233,0.0,7.7333,0.5,0.0,21,2,False,1.0,0.0
j149595,2,delay_tolerant,0.5183,0.0,7.7333,0.5,0.0,16,2,True,1.0,0.0349
j149595,2,token_batch,1.475,0.6404,11.0,0.5,4220.315,16,1,True,1.0,0.05
j150233,2,delay_tolerant,0.9967,0.0,7.7333,0.5,0.0,18,2,True,1.0,0.05
j150411,2,token_batch,2.5,0.5043,18.0,0.5,4992.208,20,1,True,1.0,0.098
j150847,2,token_batch,2.5,1.1818,18.0,0.5,4759.645,6,1,True,1.0,0.05
j150847,2,token_batch,1.6117,1.081,11.9333,0.5,4499.986,10,1,True,1.0,0.05
j150847,2,delay_tolerant,0.86,0.0,7.7333,0.5,0.0,5,2,True,1.0,0.05
j151007,2,token_batch,1.475,0.4764,11.0,0.5,4293.905,22,1,True,1.0,0.05
j151007,2,token_batch,1.475,0.8218,11.0,0.5,3649.207,23,1,False,1.0,0.0
j151021,2,token_batch,1.475,0.0,11.0,0.5,3688.822,22,1,False,1.0,0.0
j151747,2,delay_tolerant,0.5183,0.0,7.7333,0.5,0.0,13,2,False,1.0,0.0
j15185,2,delay_tolerant,1.4067,0.0,10.5333,0.5,0.0,18,2,False,1.0,0.0
j15188,2,delay_tolerant,0.5183,0.39,7.7333,0.5,0.0,10,2,True,1.0,0.05
j151921,2,delay_tolerant,1.1333,0.0,8.6667,0.5,0.0,15,2,True,1.0,0.0887
j151943,2,token_batch,1.885,1.0364,13.8,0.5,4528.708,12,1,True,1.0,0.05
j151943,2,token_batch,2.5,0.6177,18.0,0.5,4912.717,10,1,True,1.0,0.1475
j152148,2,delay_tolerant,0.5183,0.0,7.7333,0.5,0.0,9,2,True,1.0,0.0271
j152252,2,delay_tolerant,1.1333,0.0,8.6667,0.5,0.0,19,2,True,1.0,0.0827
j152492,2,delay_tolerant,0.5183,0.0,7.7333,0.5,0.0,5,2,True,1.0,0.05
j152492,2,delay_tolerant,0.655,0.0,7.7333,0.5,0.0,13,2,False,1.0,0.0
j152584,2,token_batch,1.475,0.6036,11.0,0.5,3451.705,19,1,False,1.0,0.0
j153111,2,delay_tolerant,0.5183,0.4129,7.7333,0.5,0.0,16,2,False,1.0,0.0
j153111,2,delay_tolerant,0.5183,0.0,7.7333,0.5,0.0,5,2,False,1.0,0.0
j153111,2,token_batch,1.475,0.8445,11.0,0.5,4303.383,19,1,True,1.0,0.05
j153340,2,delay_tolerant,0.5867,0.0,7.7333,0.5,0.0,10,2,False,1.0,0.0
j153340,2,delay_tolerant,0.86,0.0,7.7333,0.5,0.0,10,2,True,1.0,0.05
j153340,2,token_batch,1.475,0.468,11.0,0.5,4432.689,10,1,True,1.0,0.111
j153340,2,delay_tolerant,0.9283,0.0,7.7333,0.5,0.0,11,2,False,1.0,0.0
j15399,2,delay_tolerant,0.5867,0.0,7.7333,0.5,0.0,22,2,True,1.0,0.05
j153995,2,delay_tolerant,1.27,0.0,9.6,0.5,0.0,22,2,False,1.0,0.0
j154298,2,delay_tolerant,1.27,0.0,9.6,0.5,0.0,10,2,False,1.0,0.0
j154298,2,token_batch,1.475,0.0,11.0,0.5,3558.559,11,1,True,1.0,0.1963
j154298,2,token_batch,1.475,1.2633,11.0,0.5,4339.379,10,1,False,1.0,0.0
j154298,2,token_batch,1.475,0.812,11.0,0.5,4067.742,10,1,True,1.0,0.05
j154838,2,delay_tolerant,0.5183,0.0,7.7333,0.5,0.0,9,2,False,1.0,0.0
j15568,2,delay_tolerant,0.9967,0.2458,7.7333,0.5,0.0,19,2,True,1.0,0.05
j15568,2,token_batch,1.475,1.0026,11.0,0.5,3805.77,20,1,False,1.0,0.0
j155767,2,delay_tolerant,0.5183,0.0,7.7333,0.5,0.0,5,2,False,1.0,0.0
j156566,2,token_batch,1.475,0.0,11.0,0.5,3644.102,13,1,True,1.0,0.1823
j156566,2,token_batch,1.475,0.8194,11.0,0.5,4120.631,13,1,False,1.0,0.0
j157055,2,delay_tolerant,0.655,0.0,7.7333,0.5,0.0,7,2,False,1.0,0.0
j158230,2,token_batch,1.475,1.4111,11.0,0.5,4556.823,15,1,True,1.0,0.1307
j159492,2,token_batch,1.475,0.0,11.0,0.5,4012.808,9,1,False,1.0,0.0
j159842,2,token_batch,1.475,0.0,11.0,0.5,3947.135,22,1,True,1.0,0.14
j159842,2,token_batch,1.475,1.2097,11.0,0.5,3592.057,22,1,False,1.0,0.0
j159842,2,delay_tolerant,1.1333,0.0,8.6667,0.5,0.0,22,2,False,1.0,0.0
j159842,2,delay_tolerant,0.5183,0.0,7.7333,0.5,0.0,22,2,False,1.0,0.0
j159842,2,delay_tolerant,1.2017,0.0,9.1333,0.5,0.0,22,2,False,1.0,0.0
j160367,2,delay_tolerant,1.2017,0.0,9.1333,0.5,0.0,11,2,False,1.0,0.0
j160676,2,token_batch,1.475,0.0,11.0,0.5,4569.224,18,1,False,1.0,0.0
j160841,2,delay_tolerant,1.065,0.0,8.2,0.5,0.0,20,2,False,1.0,0.0
j160841,2,token_batch,1.8167,0.7091,13.3333,0.5,4124.516,20,1,False,1.0,0.0
j161079,2,token_batch,2.5,1.2372,18.0,0.5,4388.654,14,1,True,1.0,0.1156
j161079,2,delay_tolerant,0.5183,0.0,7.7333,0.5,0.0,20,2,True,1.0,0.0657
j161079,2,token_batch,2.5,0.8832,18.0,0.5,4403.052,21,1,True,1.0,0.05
j161079,2,token_batch,2.5,0.5973,18.0,0.5,4395.298,20,1,False,1.0,0.0
j161079,2,token_batch,2.5,0.0,18.0,0.5,4781.624,20,1,True,1.0,0.0934
j161849,2,delay_tolerant,0.5867,0.0,7.7333,0.5,0.0,19,2,False,1.0,0.0
j162209,2,delay_tolerant,1.2017,0.0,9.1333,0.5,0.0,21,2,False,1.0,0.0
j162209,2,delay_tolerant,0.5183,0.0,7.7333,0.5,0.0,22,2,False,1.0,0.0
j162209,2,token_batch,2.5,0.0,18.0,0.5,5544.17,22,1,True,1.0,0.1796
j162325,2,delay_tolerant,0.7233,0.0,7.7333,0.5,0.0,18,2,True,1.0,0.05
j162325,2,token_batch,1.475,0.0,11.0,0.5,4070.405,19,1,True,1.0,0.1603
j162325,2,token_batch,1.475,1.3788,11.0,0.5,3797.646,19,1,True,1.0,0.1044
j162623,2,delay_tolerant,0.5183,0.0,7.7333,0.5,0.0,13,2,False,1.0,0.0
j162623,2,token_batch,2.5,1.101,18.0,0.5,4702.834,13,1,True,1.0,0.1233
j162623,2,token_batch,2.5,0.4727,18.0,0.5,4342.234,14,1,True,1.0,0.1038
j162623,2,token_batch,2.5,0.7368,18.0,0.5,4599.859,12,1,True,1.0,0.05
j16266,2,delay_tolerant,0.7233,0.0,7.7333,0.5,0.0,13,2,False,1.0,0.0
j16266,2,token_batch,1.475,0.4281,11.0,0.5,4204.12,13,1,False,1.0,0.0
j162760,2,delay_tolerant,0.5183,0.0,7.7333,0.5,0.0,5,2,True,1.0,0.0631
j162813,2,delay_tolerant,0.9283,0.0,7.7333,0.5,0.0,14,2,False,1.0,0.0
j162813,2,delay_tolerant,0.5183,0.0,7.7333,0.5,0.0,12,2,False,1.0,0.0
j162813,2,delay_tolerant,1.3383,0.0,10.0667,0.5,0.0,15,2,False,1.0,0.0
j162966,2,delay_tolerant,1.2017,0.0,9.1333,0.5,0.0,23,2,True,1.0,0.0368
j163128,2,delay_tolerant,0.5183,0.0,7.7333,0.5,0.0,5,2,True,1.0,0.05
j163128,2,delay_tolerant,0.5867,0.0,7.7333,0.5,0.0,13,2,True,1.0,0.05
j163542,2,token_batch,1.475,1.0467,11.0,0.5,4050.204,17,1,False,1.0,0.0
j163542,2,token_batch,1.475,1.1188,11.0,0.5,3841.168,17,1,True,1.0,0.0923
j163699,2,delay_tolerant,0.86,0.0,7.7333,0.5,0.0,14,2,False,1.0,0.0
j16393,2,delay_tolerant,0.5183,0.0,7.7333,0.5,0.0,16,2,True,1.0,0.05
j16393,2,delay_tolerant,0.7233,0.0,7.7333,0.5,0.0,21,2,True,1.0,0.0423
j16393,2,delay_tolerant,0.7233,0.0,7.7333,0.5,0.0,21,2,True,1.0,0.05
j16393,2,delay_tolerant,0.9967,0.0,7.7333,0.5,0.0,22,2,True,1.0,0.05
j164273,2,token_batch,1.475,0.0,11.0,0.5,4189.11,13,1,True,1.0,0.106
j164807,2,delay_tolerant,0.5183,0.0,7.7333,0.5,0.0,16,2,True,1.0,0.05
j165207,2,delay_tolerant,0.5183,0.0,7.7333,0.5,0.0,5,2,False,1.0,0.0
j165207,2,token_batch,1.475,1.4933,11.0,0.5,3631.399,23,1,True,1.0,0.1066
j16538,2,token_batch,1.475,0.5177,11.0,0.5,4427.869,19,1,True,1.0,0.05
j16539,2,delay_tolerant,0.5183,0.0,7.7333,0.5,0.0,16,2,True,1.0,0.05
j165914,2,delay_tolerant,0.5867,0.0,7.7333,0.5,0.0,5,2,True,1.0,0.0621
j16677,2,delay_tolerant,1.065,0.0,8.2,0.5,0.0,10,2,False,1.0,0.0
j167471,2,token_batch,1.475,1.2314,11.0,0.5,3558.828,13,1,False,1.0,0.0
j167471,2,delay_tolerant,0.5183,0.0,7.7333,0.5,0.0,13,2,False,1.0,0.0
j167471,2,delay_tolerant,0.5183,0.0,7.7333,0.5,0.0,13,2,True,1.0,0.05
j167628,2,delay_tolerant,1.4067,0.0,10.5333,0.5,0.0,13,2,True,1.0,0.05
j167871,2,token_batch,1.475,1.039,11.0,0.5,3830.135,12,1,False,1.0,0.0
j167871,2,token_batch,1.475,1.0506,11.0,0.5,4450.291,13,1,True,1.0,0.1158
j168105,2,delay_tolerant,0.7917,0.0,7.7333,0.5,0.0,5,2,True,1.0,0.0565
j16833,2,delay_tolerant,1.065,0.0,8.2,0.5,0.0,12,2,False,1.0,0.0
j16842,2,token_batch,1.475,0.9202,11.0,0.5,4423.039,13,1,False,1.0,0.0
j168489,2,delay_tolerant,1.3383,0.0,10.0667,0.5,0.0,18,2,True,1.0,0.05
j16890,2,token_batch,1.475,1.0987,11.0,0.5,3847.07,12,1,True,1.0,0.05
j170096,2,token_batch,1.475,0.0,11.0,0.5,3445.936,12,1,False,1.0,0.0
j170238,2,token_batch,2.5,0.4151,18.0,0.5,4416.913,16,1,True,1.0,0.1055
j170238,2,token_batch,1.885,0.6183,13.8,0.5,5357.624,12,1,True,1.0,0.05
j170238,2,token_batch,1.6117,1.2484,11.9333,0.5,4468.219,15,1,False,1.0,0.0
j170238,2,delay_tolerant,0.5183,0.0,7.7333,0.5,0.0,15,2,False,1.0,0.0
j170526,2,delay_tolerant,0.5183,0.0,7.7333,0.5,0.0,5,2,True,1.0,0.05
j170526,2,token_batch,1.475,1.304,11.0,0.5,3523.009,18,1,True,1.0,0.05
j170864,2,token_batch,1.9533,1.4573,14.2667,0.5,5129.004,6,1,False,1.0,0.0
j170864,2,token_batch,2.5,1.0268,18.0,0.5,5364.628,18,1,True,1.0,0.0824
j17094,2,delay_tolerant,0.9967,0.2007,7.7333,0.5,0.0,13,2,True,1.0,0.05
j17094,2,delay_tolerant,1.27,0.0,9.6,0.5,0.0,12,2,False,1.0,0.0
j171250,2,token_batch,1.475,1.0435,11.0,0.5,3836.171,12,1,True,1.0,0.1328
j173026,2,delay_tolerant,1.4067,0.0,10.5333,0.5,0.0,19,2,True,1.0,0.05
j173559,2,delay_tolerant,0.7233,0.0,7.7333,0.5,0.0,13,2,True,1.0,0.05
j173837,2,delay_tolerant,0.9967,0.0,7.7333,0.5,0.0,11,2,True,1.0,0.05
j173920,2,delay_tolerant,0.5867,0.0,7.7333,0.5,0.0,5,2,False,1.0,0.0
j173958,2,token_batch,2.5,0.0,18.0,0.5,4842.689,23,1,True,1.0,0.1393
j175075,2,token_batch,1.475,0.895,11.0,0.5,4586.451,19,1,True,1.0,0.05
j175075,2,delay_tolerant,0.5867,0.0,7.7333,0.5,0.0,18,2,False,1.0,0.0
j175075,2,token_batch,1.475,0.0,11.0,0.5,3929.462,19,1,False,1.0,0.0
j175146,2,delay_tolerant,0.7917,0.0,7.7333,0.5,0.0,16,2,False,1.0,0.0
j175146,2,delay_tolerant,1.1333,0.0,8.6667,0.5,0.0,16,2,False,1.0,0.0
j175146,2,delay_tolerant,0.5867,0.0,7.7333,0.5,0.0,6,2,False,1.0,0.0
j175146,2,delay_tolerant,1.4067,0.0,10.5333,0.5,0.0,16,2,True,1.0,0.05
j17524,2,token_batch,1.9533,0.0,14.2667,0.5,5170.98,9,1,True,1.0,0.1664
j17524,2,token_batch,2.5,1.3349,18.0,0.5,4869.421,19,1,True,1.0,0.05
j17524,2,delay_tolerant,0.7233,0.0,7.7333,0.5,0.0,9,2,False,1.0,0.0
j17563,2,delay_tolerant,0.7233,0.0,7.7333,0.5,0.0,11,2,True,1.0,0.0557
j176219,2,delay_tolerant,0.9967,0.0,7.7333,0.5,0.0,23,2,True,1.0,0.0261
j176478,2,delay_tolerant,0.7233,0.0,7.7333,0.5,0.0,15,2,True,1.0,0.05
j176495,2,delay_tolerant,1.3383,0.0,10.0667,0.5,0.0,13,2,True,1.0,0.05
j17673,2,delay_tolerant,0.86,0.0,7.7333,0.5,0.0,13,2,False,1.0,0.0
j17673,2,delay_tolerant,0.5183,0.0,7.7333,0.5,0.0,12,2,True,1.0,0.05
j17673,2,delay_tolerant,0.5183,0.0,7.7333,0.5,0.0,11,2,True,1.0,0.05
j17673,2,delay_tolerant,1.4067,0.0,10.5333,0.5,0.0,12,2,False,1.0,0.0
j17675,2,delay_tolerant,1.1333,0.0,8.6667,0.5,0.0,19,2,False,1.0,0.0
j176979,2,delay_tolerant,0.5183,0.0,7.7333,0.5,0.0,5,2,True,1.0,0.0854
j177156,2,token_batch,1.475,1.2779,11.0,0.5,4481.241,22,1,True,1.0,0.05
j177325,2,delay_tolerant,1.2017,0.0,9.1333,0.5,0.0,19,2,False,1.0,0.0
j177782,2,delay_tolerant,0.7917,0.0,7.7333,0.5,0.0,21,2,True,1.0,0.0487
j177871,2,delay_tolerant,0.5183,0.0,7.7333,0.5,0.0,15,2,False,1.0,0.0
j177993,2,delay_tolerant,0.9967,0.0,7.7333,0.5,0.0,16,2,True,1.0,0.05
j17807,2,delay_tolerant,1.27,0.0,9.6,0.5,0.0,23,2,False,1.0,0.0
j178171,2,delay_tolerant,1.3383,0.0,10.0667,0.5,0.0,17,2,False,1.0,0.0
j178223,2,token_batch,2.5,1.047,18.0,0.5,4819.623,6,1,False,1.0,0.0
j178427,2,token_batch,1.475,0.0,11.0,0.5,4360.229,18,1,True,1.0,0.1913
j178427,2,delay_tolerant,0.86,0.0,7.7333,0.5,0.0,18,2,False,1.0,0.0
j17843,2,delay_tolerant,0.655,0.0,7.7333,0.5,0.0,19,2,False,1.0,0.0
j17843,2,delay_tolerant,0.5183,0.0,7.7333,0.5,0.0,19,2,False,1.0,0.0
j17843,2,delay_tolerant,0.5183,0.0,7.7333,0.5,0.0,9,2,True,1.0,0.0878
j17843,2,delay_tolerant,0.5183,0.0,7.7333,0.5,0.0,19,2,False,1.0,0.0
j178465,2,token_batch,1.475,0.0,11.0,0.5,4380.055,15,1,True,1.0,0.1525
j178753,2,delay_tolerant,0.9283,0.0,7.7333,0.5,0.0,21,2,False,1.0,0.0
j178849,2,delay_tolerant,1.3383,0.0,10.0667,0.5,0.0,13,2,True,1.0,0.05
j179157,2,token_batch,1.475,0.7716,11.0,0.5,3863.52,15,1,False,1.0,0.0
j179157,2,token_batch,1.475,0.8384,11.0,0.5,3821.569,15,1,True,1.0,0.05
j179257,2,token_batch,1.475,1.0021,11.0,0.5,3758.344,20,1,True,1.0,0.05
j179343,2,delay_tolerant,1.2017,0.0,9.1333,0.5,0.0,17,2,True,1.0,0.0237
j179343,2,delay_tolerant,0.5183,0.0,7.7333,0.5,0.0,17,2,True,1.0,0.05
j179378,2,delay_tolerant,1.2017,0.0,9.1333,0.5,0.0,17,2,True,1.0,0.05
j179378,2,delay_tolerant,0.5183,0.0,7.7333,0.5,0.0,17,2,False,1.0,0.0
j179428,2,token_batch,1.475,0.9895,11.0,0.5,3468.493,18,1,False,1.0,0.0
j179616,2,delay_tolerant,0.5183,0.0,7.7333,0.5,0.0,5,2,False,1.0,0.0
j180092,2,delay_tolerant,0.86,0.0,7.7333,0.5,0.0,15,2,True,1.0,0.05
j180120,2,token_batch,1.7483,0.6177,12.8667,0.5,4168.203,6,1,False,1.0,0.0
j180120,2,token_batch,2.5,0.0,18.0,0.5,5291.596,23,1,False,1.0,0.0
j180120,2,token_batch,2.5,0.9317,18.0,0.5,4981.814,14,1,False,1.0,0.0
j180120,2,token_batch,2.5,0.8145,18.0,0.5,4528.586,22,1,True,1.0,0.1253
j180184,2,delay_tolerant,0.655,0.0,7.7333,0.5,0.0,6,2,True,1.0,0.05
j180409,2,delay_tolerant,1.2017,0.0,9.1333,0.5,0.0,15,2,False,1.0,0.0
j180552,2,delay_tolerant,1.2017,0.0,9.1333,0.5,0.0,20,2,False,1.0,0.0
j180552,2,delay_tolerant,0.5183,0.0,7.7333,0.5,0.0,20,2,True,1.0,0.05
j18125,2,delay_tolerant,1.2017,0.0,9.1333,0.5,0.0,10,2,True,1.0,0.05
j18134,2,delay_tolerant,0.5183,0.0,7.7333,0.5,0.0,9,2,False,1.0,0.0
j181525,2,token_batch,1.475,1.1211,11.0,0.5,3457.643,9,1,True,1.0,0.0988
j181525,2,delay_tolerant,1.3383,0.0,10.0667,0.5,0.0,9,2,False,1.0,0.0
j181566,2,token_batch,2.5,1.0188,18.0,0.5,5233.523,20,1,True,1.0,0.05
j181566,2,delay_tolerant,0.7917,0.0,7.7333,0.5,0.0,19,2,False,1.0,0.0
j181853,2,delay_tolerant,0.9967,0.0,7.7333,0.5,0.0,9,2,True,1.0,0.05
j182261,2,token_batch,1.475,0.9188,11.0,0.5,4359.505,12,1,False,1.0,0.0
j182261,2,delay_tolerant,0.5183,0.0,7.7333,0.5,0.0,5,2,True,1.0,0.05
j182303,2,delay_tolerant,1.3383,0.0,10.0667,0.5,0.0,16,2,True,1.0,0.05
j182303,2,delay_tolerant,0.5183,0.0,7.7333,0.5,0.0,6,2,False,1.0,0.0
j182454,2,token_batch,2.5,0.0,18.0,0.5,4703.689,17,1,False,1.0,0.0
j182705,2,delay_tolerant,1.065,0.0,8.2,0.5,0.0,12,2,False,1.0,0.0
j182705,2,delay_tolerant,1.3383,0.0,10.0667,0.5,0.0,5,2,False,1.0,0.0
j182705,2,delay_tolerant,1.3383,0.0,10.0667,0.5,0.0,13,2,True,1.0,0.05
j182971,2,delay_tolerant,0.655,0.0,7.7333,0.5,0.0,9,2,False,1.0,0.0
j183424,2,delay_tolerant,0.86,0.0,7.7333,0.5,0.0,7,2,True,1.0,0.05
j184241,2,delay_tolerant,1.27,0.0,9.6,0.5,0.0,19,2,False,1.0,0.0
j18456,2,delay_tolerant,1.4067,0.0,10.5333,0.5,0.0,13,2,True,1.0,0.0674
j18456,2,delay_tolerant,0.7233,0.0,7.7333,0.5,0.0,11,2,False,1.0,0.0
j18456,2,delay_tolerant,0.7917,0.0,7.7333,0.5,0.0,12,2,True,1.0,0.05
j184697,2,delay_tolerant,0.86,0.0,7.7333,0.5,0.0,5,2,False,1.0,0.0
j184697,2,delay_tolerant,0.5183,0.0,7.7333,0.5,0.0,5,2,True,1.0,0.0332
j184697,2,delay_tolerant,0.5183,0.2501,7.7333,0.5,0.0,5,2,False,1.0,0.0
j184697,2,delay_tolerant,0.655,0.5208,7.7333,0.5,0.0,5,2,True,1.0,0.05
j185440,2,token_batch,1.475,0.4461,11.0,0.5,3595.364,12,1,True,1.0,0.1621
j185463,2,delay_sensitive,0.5183,0.0,7.7333,0.5,0.0,3,3,False,1.0,0.0
j185463,2,token_batch,1.475,1.0601,11.0,0.5,4201.849,16,1,True,1.0,0.05
j185463,2,token_batch,1.475,0.0,11.0,0.5,4055.042,16,1,True,1.0,0.1316
j185463,2,delay_sensitive,0.5183,0.0,7.7333,0.5,0.0,3,3,False,1.0,0.0
j185592,2,delay_tolerant,1.065,0.0,8.2,0.5,0.0,15,2,False,1.0,0.0
j18625,2,token_batch,1.475,0.0,11.0,0.5,4234.021,12,1,False,1.0,0.0
j18674,2,delay_tolerant,1.27,0.0,9.6,0.5,0.0,13,2,False,1.0,0.0
j18674,2,delay_tolerant,0.5183,0.0,7.7333,0.5,0.0,7,2,False,1.0,0.0
j186971,2,delay_tolerant,1.27,0.3288,9.6,0.5,0.0,17,2,False,1.0,0.0
j1871,2,delay_tolerant,1.2017,0.0,9.1333,0.5,0.0,12,2,True,1.0,0.095
j187380,2,delay_tolerant,1.2017,0.0,9.1333,0.5,0.0,18,2,False,1.0,0.0
j187380,2,token_batch,1.475,1.2197,11.0,0.5,3649.991,17,1,False,1.0,0.0
j187380,2,delay_tolerant,0.5867,0.0,7.7333,0.5,0.0,18,2,True,1.0,0.05
j187399,2,delay_tolerant,0.7233,0.0,7.7333,0.5,0.0,13,2,True,1.0,0.05
j187399,2,delay_tolerant,1.3383,0.0,10.0667,0.5,0.0,13,2,True,1.0,0.0869
j187399,2,delay_tolerant,1.065,0.0,8.2,0.5,0.0,13,2,False,1.0,0.0
j18762,2,delay_tolerant,1.2017,0.0,9.1333,0.5,0.0,13,2,True,1.0,0.0515
j187789,2,delay_tolerant,0.5867,0.0,7.7333,0.5,0.0,5,2,True,1.0,0.05
j18818,2,token_batch,1.475,1.1725,11.0,0.5,3604.028,23,1,False,1.0,0.0
j188528,2,token_batch,1.475,1.2778,11.0,0.5,4024.679,20,1,False,1.0,0.0
j188772,2,delay_tolerant,1.3383,0.0,10.0667,0.5,0.0,19,2,True,1.0,0.05
j188772,2,delay_tolerant,1.2017,0.0,9.1333,0.5,0.0,18,2,True,1.0,0.0206
j188772,2,delay_tolerant,0.655,0.0,7.7333,0.5,0.0,19,2,False,1.0,0.0
j188772,2,delay_tolerant,1.2017,0.0,9.1333,0.5,0.0,19,2,True,1.0,0.0393
j188772,2,delay_tolerant,1.1333,0.0,8.6667,0.5,0.0,18,2,False,1.0,0.0
j188904,2,token_batch,1.475,1.128,11.0,0.5,3633.259,16,1,True,1.0,0.05
j189059,2,delay_tolerant,0.86,0.0,7.7333,0.5,0.0,22,2,False,1.0,0.0
j189059,2,delay_tolerant,1.2017,0.0,9.1333,0.5,0.0,22,2,True,1.0,0.0913
j189684,2,token_batch,1.475,0.0,11.0,0.5,4077.572,13,1,False,1.0,0.0
j189684,2,delay_tolerant,1.3383,0.0,10.0667,0.5,0.0,14,2,False,1.0,0.0
j190163,2,token_batch,1.475,0.0,11.0,0.5,3476.941,22,1,True,1.0,0.1063
j19023,2,delay_tolerant,1.2017,0.0,9.1333,0.5,0.0,17,2,True,1.0,0.05
j19023,2,delay_tolerant,1.065,0.0,8.2,0.5,0.0,16,2,False,1.0,0.0
j19023,2,delay_tolerant,1.4067,0.0,10.5333,0.5,0.0,17,2,True,1.0,0.05
j190417,2,delay_tolerant,1.1333,0.5816,8.6667,0.5,0.0,23,2,False,1.0,0.0
j191374,2,delay_tolerant,0.5183,0.0,7.7333,0.5,0.0,5,2,False,1.0,0.0
j191374,2,token_batch,1.475,1.3682,11.0,0.5,4563.64,22,1,False,1.0,0.0
j191374,2,token_batch,1.475,0.7742,11.0,0.5,4520.899,21,1,False,1.0,0.0
j191374,2,delay_tolerant,0.86,0.0,7.7333,0.5,0.0,21,2,True,1.0,0.0884
j191455,2,token_batch,2.5,0.6473,18.0,0.5,4775.755,6,1,True,1.0,0.1733
j191455,2,token_batch,1.6117,0.0,11.9333,0.5,5095.124,11,1,True,1.0,0.1863
j191455,2,token_batch,2.5,1.3428,18.0,0.5,4242.557,10,1,True,1.0,0.139
j191455,2,delay_tolerant,0.655,0.2393,7.7333,0.5,0.0,11,2,False,1.0,0.0
j19167,2,delay_tolerant,0.5183,0.0,7.7333,0.5,0.0,5,2,False,1.0,0.0
j19167,2,delay_tolerant,1.27,0.0,9.6,0.5,0.0,19,2,False,1.0,0.0
j191815,2,delay_tolerant,1.065,0.0,8.2,0.5,0.0,19,2,True,1.0,0.05
j191994,2,token_batch,1.475,0.8394,11.0,0.5,4226.465,16,1,True,1.0,0.0906
j191994,2,delay_tolerant,1.4067,0.2222,10.5333,0.5,0.0,16,2,False,1.0,0.0
j191994,2,delay_tolerant,1.2017,0.4073,9.1333,0.5,0.0,16,2,False,1.0,0.0
j192080,2,delay_tolerant,0.5183,0.0,7.7333,0.5,0.0,5,2,False,1.0,0.0
j192080,2,delay_tolerant,1.1333,0.0,8.6667,0.5,0.0,10,2,True,1.0,0.05
j192433,2,delay_tolerant,0.5183,0.0,7.7333,0.5,0.0,21,2,True,1.0,0.0848
j192720,2,token_batch,1.475,0.7224,11.0,0.5,3999.584,11,1,True,1.0,0.05
j193351,2,token_batch,1.475,1.3139,11.0,0.5,4423.381,16,1,False,1.0,0.0
j193680,2,delay_tolerant,1.2017,0.0,9.1333,0.5,0.0,13,2,False,1.0,0.0
j193741,2,delay_tolerant,1.065,0.0,8.2,0.5,0.0,11,2,True,1.0,0.05
j193741,2,token_batch,1.475,0.9893,11.0,0.5,4040.067,11,1,True,1.0,0.156
j193741,2,delay_tolerant,1.2017,0.0,9.1333,0.5,0.0,10,2,False,1.0,0.0
j193741,2,delay_tolerant,0.655,0.0,7.7333,0.5,0.0,10,2,False,1.0,0.0
j193741,2,delay_tolerant,0.7917,0.4157,7.7333,0.5,0.0,10,2,True,1.0,0.05
j193796,2,delay_tolerant,0.5867,0.0,7.7333,0.5,0.0,19,2,False,1.0,0.0
j194155,2,delay_tolerant,1.27,0.3613,9.6,0.5,0.0,16,2,False,1.0,0.0
j194217,2,token_batch,2.5,0.0,18.0,0.5,5464.562,19,1,False,1.0,0.0
j194647,2,token_batch,2.5,1.3801,18.0,0.5,4687.01,23,1,True,1.0,0.05
j194764,2,delay_tolerant,0.5183,0.0,7.7333,0.5,0.0,21,2,False,1.0,0.0
j194764,2,delay_tolerant,0.5183,0.4225,7.7333,0.5,0.0,22,2,False,1.0,0.0
j194764,2,token_batch,2.0217,0.0,14.7333,0.5,4297.929,21,1,False,1.0,0.0
j194764,2,token_batch,2.2267,1.31,16.1333,0.5,4869.469,14,1,False,1.0,0.0
j194883,2,delay_tolerant,1.3383,0.0,10.0667,0.5,0.0,19,2,True,1.0,0.0662
j195111,2,delay_tolerant,0.5183,0.0,7.7333,0.5,0.0,21,2,True,1.0,0.05
j195678,2,token_batch,1.475,0.5185,11.0,0.5,3970.157,20,1,False,1.0,0.0
j195678,2,token_batch,1.475,0.6366,11.0,0.5,4288.636,19,1,False,1.0,0.0
j19571,2,token_batch,1.475,1.4769,11.0,0.5,4161.468,23,1,True,1.0,0.05
j195987,2,delay_tolerant,0.5183,0.0,7.7333,0.5,0.0,16,2,False,1.0,0.0
j196080,2,delay_tolerant,1.065,0.0,8.2,0.5,0.0,10,2,False,1.0,0.0
j196292,2,delay_tolerant,0.86,0.0,7.7333,0.5,0.0,7,2,True,1.0,0.05
j1970,2,token_batch,1.475,1.2764,11.0,0.5,3909.048,12,1,False,1.0,0.0
j197824,2,delay_tolerant,0.5183,0.0,7.7333,0.5,0.0,7,2,False,1.0,0.0
j197824,2,delay_tolerant,0.5183,0.0,7.7333,0.5,0.0,12,2,True,1.0,0.05
j198456,2,token_batch,1.475,0.7065,11.0,0.5,3513.945,22,1,True,1.0,0.05
j19852,2,token_batch,1.885,0.4529,13.8,0.5,4758.007,23,1,False,1.0,0.0
j19852,2,delay_tolerant,1.27,0.0,9.6,0.5,0.0,14,2,True,1.0,0.0254
j19852,2,delay_tolerant,0.655,0.0,7.7333,0.5,0.0,17,2,False,1.0,0.0
j19852,2,token_batch,2.5,0.7813,18.0,0.5,5341.527,23,1,True,1.0,0.1254
j198608,2,delay_tolerant,0.5183,0.0,7.7333,0.5,0.0,18,2,True,1.0,0.05
j198761,2,token_batch,1.475,0.5,11.0,0.5,3904.556,16,1,True,1.0,0.05
j198842,2,delay_tolerant,1.065,0.0,8.2,0.5,0.0,22,2,False,1.0,0.0
j198842,2,delay_tolerant,0.5183,0.0,7.7333,0.5,0.0,14,2,True,1.0,0.0294
j199004,2,delay_tolerant,0.5183,0.0,7.7333,0.5,0.0,14,2,True,1.0,0.05
j199049,2,delay_tolerant,0.9283,0.0,7.7333,0.5,0.0,13,2,False,1.0,0.0
j199630,2,delay_tolerant,1.065,0.0,8.2,0.5,0.0,13,2,False,1.0,0.0
j199630,2,delay_tolerant,0.7917,0.0,7.7333,0.5,0.0,13,2,True,1.0,0.05
j199630,2,delay_tolerant,1.4067,0.0,10.5333,0.5,0.0,14,2,False,1.0,0.0
j200213,2,delay_tolerant,0.86,0.0,7.7333,0.5,0.0,19,2,False,1.0,0.0
j200322,2,delay_tolerant,1.1333,0.0,8.6667,0.5,0.0,16,2,True,1.0,0.05
j200322,2,delay_tolerant,1.3383,0.0,10.0667,0.5,0.0,16,2,False,1.0,0.0
j200521,2,delay_tolerant,0.5183,0.0,7.7333,0.5,0.0,14,2,True,1.0,0.05
j201133,2,delay_tolerant,0.655,0.0,7.7333,0.5,0.0,5,2,False,1.0,0.0
j201243,2,delay_tolerant,0.5183,0.0,7.7333,0.5,0.0,5,2,False,1.0,0.0
j201243,2,token_batch,1.475,0.8791,11.0,0.5,4364.857,12,1,True,1.0,0.05
j201284,2,delay_tolerant,0.5183,0.0,7.7333,0.5,0.0,16,2,False,1.0,0.0
j20134,2,delay_tolerant,0.5183,0.0,7.7333,0.5,0.0,5,2,True,1.0,0.0673
j20134,2,token_batch,1.475,0.0,11.0,0.5,4441.123,12,1,True,1.0,0.1583
j201521,2,delay_tolerant,0.5183,0.0,7.7333,0.5,0.0,6,2,False,1.0,0.0
j201561,2,delay_tolerant,0.86,0.0,7.7333,0.5,0.0,17,2,True,1.0,0.05
j201956,2,delay_tolerant,0.5183,0.0,7.7333,0.5,0.0,5,2,True,1.0,0.05
j201956,2,token_batch,1.8167,1.3862,13.3333,0.5,4745.144,17,1,False,1.0,0.0
j201972,2,delay_tolerant,1.4067,0.0,10.5333,0.5,0.0,15,2,False,1.0,0.0
j201972,2,delay_tolerant,0.655,0.0,7.7333,0.5,0.0,14,2,True,1.0,0.05
j202336,2,delay_tolerant,0.7917,0.0,7.7333,0.5,0.0,19,2,False,1.0,0.0
j202376,2,delay_tolerant,1.4067,0.0,10.5333,0.5,0.0,21,2,False,1.0,0.0
j202376,2,delay_tolerant,0.5183,0.4262,7.7333,0.5,0.0,14,2,False,1.0,0.0
j202389,2,delay_tolerant,0.5183,0.0,7.7333,0.5,0.0,13,2,True,1.0,0.05
j203042,2,delay_tolerant,1.1333,0.0,8.6667,0.5,0.0,16,2,True,1.0,0.05
j203046,2,delay_tolerant,0.9967,0.0,7.7333,0.5,0.0,22,2,False,1.0,0.0
j203056,2,delay_tolerant,0.655,0.0,7.7333,0.5,0.0,10,2,False,1.0,0.0
j203350,2,delay_tolerant,1.4067,0.0,10.5333,0.5,0.0,13,2,False,1.0,0.0
j203552,2,delay_tolerant,0.5183,0.0,7.7333,0.5,0.0,16,2,False,1.0,0.0
j203552,2,token_batch,1.475,0.9113,11.0,0.5,3469.983,19,1,True,1.0,0.05
j203552,2,token_batch,1.475,0.0,11.0,0.5,4574.865,19,1,False,1.0,0.0
j203785,2,token_batch,1.7483,1.281,12.8667,0.5,4284.732,15,1,True,1.0,0.05
j204297,2,delay_tolerant,1.1333,0.0,8.6667,0.5,0.0,5,2,True,1.0,0.05
j204297,2,token_batch,2.5,0.9834,18.0,0.5,5581.116,14,1,True,1.0,0.1636
j204327,2,token_batch,1.475,1.3278,11.0,0.5,4039.002,20,1,False,1.0,0.0
j204809,2,token_batch,1.475,0.0,11.0,0.5,4025.696,16,1,False,1.0,0.0
j204809,2,delay_tolerant,0.5183,0.0,7.7333,0.5,0.0,15,2,True,1.0,0.0912
j204843,2,token_batch,2.5,0.4055,18.0,0.5,5248.78,20,1,True,1.0,0.05
j2049,2,delay_tolerant,1.27,0.0,9.6,0.5,0.0,19,2,True,1.0,0.05
j204957,2,delay_tolerant,1.4067,0.0,10.5333,0.5,0.0,9,2,False,1.0,0.0
j205178,2,token_batch,1.475,0.6549,11.0,0.5,3852.507,23,1,False,1.0,0.0
j205178,2,token_batch,1.475,1.3491,11.0,0.5,3705.605,22,1,False,1.0,0.0
j205178,2,delay_tolerant,0.5183,0.0,7.7333,0.5,0.0,22,2,True,1.0,0.05
j205277,2,delay_tolerant,0.9283,0.0,7.7333,0.5,0.0,21,2,False,1.0,0.0
j205304,2,token_batch,1.475,0.0,11.0,0.5,3471.833,11,1,True,1.0,0.1683
j205304,2,token_batch,1.475,0.5183,11.0,0.5,4158.198,10,1,False,1.0,0.0
j205432,2,token_batch,2.5,0.91,18.0,0.5,4203.757,6,1,False,1.0,0.0
j205432,2,token_batch,2.5,1.3589,18.0,0.5,4596.945,14,1,False,1.0,0.0
j205787,2,delay_tolerant,1.27,0.0,9.6,0.5,0.0,22,2,False,1.0,0.0
j206699,2,delay_tolerant,1.2017,0.3674,9.1333,0.5,0.0,15,2,False,1.0,0.0
j206699,2,delay_tolerant,1.3383,0.0,10.0667,0.5,0.0,15,2,True,1.0,0.05
j207631,2,token_batch,1.475,0.898,11.0,0.5,3687.406,13,1,False,1.0,0.0
j207922,2,token_batch,1.475,0.0,11.0,0.5,4256.518,13,1,True,1.0,0.1232
j208063,2,delay_tolerant,1.3383,0.0,10.0667,0.5,0.0,7,2,True,1.0,0.05
j208063,2,delay_tolerant,0.5183,0.0,7.7333,0.5,0.0,14,2,True,1.0,0.05
j208888,2,delay_tolerant,0.5183,0.0,7.7333,0.5,0.0,10,2,True,1.0,0.05
j208888,2,delay_tolerant,1.1333,0.0,8.6667,0.5,0.0,11,2,True,1.0,0.05
j209390,2,delay_tolerant,1.27,0.2691,9.6,0.5,0.0,9,2,True,1.0,0.05
j209390,2,token_batch,1.475,0.733,11.0,0.5,3600.408,10,1,True,1.0,0.1633
j209416,2,token_batch,1.475,0.7335,11.0,0.5,4472.213,14,1,False,1.0,0.0
j209416,2,delay_tolerant,0.9967,0.0,7.7333,0.5,0.0,13,2,True,1.0,0.05
j209466,2,delay_tolerant,1.4067,0.0,10.5333,0.5,0.0,5,2,False,1.0,0.0
j209466,2,token_batch,1.7483,1.1119,12.8667,0.5,5119.311,23,1,True,1.0,0.1777
j209466,2,delay_tolerant,1.1333,0.0,8.6667,0.5,0.0,21,2,True,1.0,0.05
j209632,2,delay_tolerant,0.5183,0.0,7.7333,0.5,0.0,5,2,False,1.0,0.0
j20985,2,token_batch,1.475,0.0,11.0,0.5,4390.723,17,1,True,1.0,0.093
j20992,2,token_batch,1.475,0.0,11.0,0.5,4102.722,20,1,False,1.0,0.0
j210271,2,token_batch,2.5,0.6165,18.0,0.5,5563.768,14,1,True,1.0,0.05
j210271,2,delay_tolerant,0.9283,0.0,7.7333,0.5,0.0,5,2,False,1.0,0.0
j210271,2,token_batch,2.5,0.4765,18.0,0.5,4933.886,21,1,True,1.0,0.05
j210271,2,delay_tolerant,0.9283,0.0,7.7333,0.5,0.0,14,2,False,1.0,0.0
j210271,2,token_batch,2.5,1.2378,18.0,0.5,4745.589,20,1,True,1.0,0.05
j210271,2,delay_tolerant,0.9283,0.4754,7.7333,0.5,0.0,5,2,True,1.0,0.05
j210271,2,token_batch,2.5,0.0,18.0,0.5,4287.84,20,1,False,1.0,0.0
j210271,2,delay_tolerant,0.5183,0.0,7.7333,0.5,0.0,19,2,False,1.0,0.0
j210965,2,token_batch,1.475,0.7856,11.0,0.5,4267.026,18,1,True,1.0,0.05
j210965,2,delay_tolerant,1.065,0.0,8.2,0.5,0.0,17,2,True,1.0,0.05
j211113,2,delay_tolerant,1.4067,0.0,10.5333,0.5,0.0,19,2,True,1.0,0.05
j211113,2,delay_tolerant,0.9967,0.0,7.7333,0.5,0.0,18,2,False,1.0,0.0
j211475,2,delay_tolerant,0.655,0.0,7.7333,0.5,0.0,16,2,False,1.0,0.0
j211592,2,token_batch,1.475,0.7571,11.0,0.5,3904.965,16,1,False,1.0,0.0
j211592,2,token_batch,1.475,1.4846,11.0,0.5,4458.955,16,1,True,1.0,0.05
j21167,2,delay_tolerant,1.065,0.0,8.2,0.5,0.0,17,2,True,1.0,0.05
j212145,2,token_batch,1.475,0.0,11.0,0.5,3975.218,13,1,False,1.0,0.0
j212365,2,delay_tolerant,1.2017,0.0,9.1333,0.5,0.0,22,2,False,1.0,0.0
j212510,2,delay_tolerant,1.2017,0.0,9.1333,0.5,0.0,19,2,False,1.0,0.0
j212660,2,token_batch,1.475,0.9506,11.0,0.5,4328.493,11,1,False,1.0,0.0
j212660,2,token_batch,1.475,0.533,11.0,0.5,3465.811,11,1,True,1.0,0.05
j212842,2,token_batch,1.475,0.4452,11.0,0.5,3648.59,21,1,True,1.0,0.1847
j213182,2,delay_tolerant,1.1333,0.0,8.6667,0.5,0.0,10,2,False,1.0,0.0
j213979,2,delay_tolerant,1.2017,0.0,9.1333,0.5,0.0,15,2,False,1.0,0.0
j214179,2,token_batch,1.475,1.4233,11.0,0.5,4424.404,14,1,True,1.0,0.05
j214813,2,token_batch,1.6117,1.3925,11.9333,0.5,4622.009,6,1,False,1.0,0.0
j215366,2,delay_tolerant,1.1333,0.0,8.6667,0.5,0.0,15,2,True,1.0,0.05
j215366,2,delay_tolerant,0.86,0.0,7.7333,0.5,0.0,15,2,False,1.0,0.0
j215568,2,delay_tolerant,1.3383,0.0,10.0667,0.5,0.0,19,2,False,1.0,0.0
j215653,2,token_batch,1.475,1.348,11.0,0.5,3930.223,19,1,False,1.0,0.0
j216300,2,token_batch,1.475,0.0,11.0,0.5,4106.95,16,1,False,1.0,0.0
j216300,2,delay_tolerant,0.86,0.3831,7.7333,0.5,0.0,7,2,True,1.0,0.05
j216300,2,token_batch,1.475,1.1871,11.0,0.5,4098.905,16,1,True,1.0,0.05
j216300,2,delay_tolerant,0.5183,0.0,7.7333,0.5,0.0,5,2,True,1.0,0.0806
j216300,2,token_batch,1.475,1.4187,11.0,0.5,3700.653,16,1,True,1.0,0.05
j21649,2,token_batch,1.475,0.8439,11.0,0.5,4386.699,9,1,True,1.0,0.1288
j216884,2,delay_tolerant,1.065,0.0,8.2,0.5,0.0,20,2,False,1.0,0.0
j216940,2,token_batch,2.5,0.0,18.0,0.5,5111.475,18,1,False,1.0,0.0
j217707,2,delay_tolerant,0.7917,0.0,7.7333,0.5,0.0,14,2,False,1.0,0.0
j218188,2,delay_tolerant,0.5183,0.0,7.7333,0.5,0.0,5,2,False,1.0,0.0
j218374,2,token_batch,1.475,0.0,11.0,0.5,4064.426,10,1,True,1.0,0.1206
j218374,2,delay_tolerant,1.27,0.0,9.6,0.5,0.0,10,2,True,1.0,0.0664
j218517,2,delay_tolerant,1.2017,0.0,9.1333,0.5,0.0,11,2,True,1.0,0.05
j218869,2,token_batch,1.475,0.5709,11.0,0.5,4538.648,7,1,True,1.0,0.1344
j218869,2,delay_tolerant,0.5183,0.0,7.7333,0.5,0.0,18,2,False,1.0,0.0
j218869,2,token_batch,1.6117,0.8637,11.9333,0.5,4655.96,7,1,False,1.0,0.0
j218869,2,delay_tolerant,1.27,0.0,9.6,0.5,0.0,7,2,False,1.0,0.0
j218869,2,delay_tolerant,0.86,0.0,7.7333,0.5,0.0,5,2,True,1.0,0.05
j218869,2,token_batch,1.885,1.2411,13.8,0.5,4355.153,17,1,False,1.0,0.0
j218890,2,token_batch,2.5,0.5704,18.0,0.5,4536.97,23,1,True,1.0,0.05
j218890,2,delay_tolerant,0.5183,0.0,7.7333,0.5,0.0,22,2,False,1.0,0.0
j218890,2,token_batch,2.5,0.4406,18.0,0.5,5184.532,23,1,False,1.0,0.0
j218890,2,token_batch,2.5,0.9114,18.0,0.5,4595.896,23,1,False,1.0,0.0
j219110,2,delay_tolerant,0.7917,0.5633,7.7333,0.5,0.0,19,2,True,1.0,0.05
j219381,2,delay_tolerant,0.9967,0.0,7.7333,0.5,0.0,18,2,True,1.0,0.05
j219598,2,token_batch,2.5,1.039,18.0,0.5,4317.87,23,1,True,1.0,0.05
j220764,2,delay_tolerant,0.5183,0.0,7.7333,0.5,0.0,5,2,True,1.0,0.05
j220824,2,token_batch,1.475,0.0,11.0,0.5,4284.703,23,1,False,1.0,0.0
j221356,2,delay_tolerant,0.9283,0.0,7.7333,0.5,0.0,14,2,False,1.0,0.0
j221356,2,delay_tolerant,1.3383,0.486,10.0667,0.5,0.0,15,2,False,1.0,0.0
j221356,2,delay_tolerant,0.5183,0.0,7.7333,0.5,0.0,6,2,False,1.0,0.0
j221356,2,token_batch,1.475,0.523,11.0,0.5,4572.371,15,1,True,1.0,0.05
j221567,2,delay_tolerant,0.9283,0.3552,7.7333,0.5,0.0,19,2,False,1.0,0.0
j221756,2,delay_tolerant,0.5183,0.0,7.7333,0.5,0.0,5,2,False,1.0,0.0
j221756,2,delay_tolerant,0.9967,0.0,7.7333,0.5,0.0,14,2,True,1.0,0.05
j222527,2,token_batch,1.475,1.4754,11.0,0.5,3883.497,9,1,True,1.0,0.05
j2226,2,delay_tolerant,0.5183,0.0,7.7333,0.5,0.0,5,2,False,1.0,0.0
j222975,2,delay_tolerant,0.7233,0.0,7.7333,0.5,0.0,19,2,False,1.0,0.0
j223241,2,delay_tolerant,1.2017,0.0,9.1333,0.5,0.0,16,2,False,1.0,0.0
j223241,2,token_batch,1.475,0.0,11.0,0.5,3429.295,16,1,False,1.0,0.0
j223460,2,delay_tolerant,1.3383,0.0,10.0667,0.5,0.0,19,2,True,1.0,0.05
j224297,2,token_batch,1.475,1.3905,11.0,0.5,3697.073,15,1,False,1.0,0.0
j224678,2,delay_tolerant,0.9967,0.0,7.7333,0.5,0.0,15,2,True,1.0,0.05
j224678,2,delay_tolerant,0.9283,0.0,7.7333,0.5,0.0,14,2,False,1.0,0.0
j224678,2,token_batch,1.475,0.0,11.0,0.5,3987.024,16,1,False,1.0,0.0
j224678,2,token_batch,1.475,1.1109,11.0,0.5,3472.363,14,1,False,1.0,0.0
j224678,2,delay_tolerant,1.065,0.0,8.2,0.5,0.0,15,2,True,1.0,0.05
j225090,2,delay_tolerant,1.27,0.5099,9.6,0.5,0.0,12,2,False,1.0,0.0
j225090,2,delay_sensitive,0.5183,0.0,7.7333,0.5,0.0,3,3,False,1.0,0.0
j225441,2,delay_tolerant,1.1333,0.0,8.6667,0.5,0.0,15,2,False,1.0,0.0
j2255,2,delay_tolerant,0.5183,0.0,7.7333,0.5,0.0,5,2,True,1.0,0.0599
j225789,2,delay_tolerant,0.5183,0.0,7.7333,0.5,0.0,5,2,True,1.0,0.05
j225789,2,delay_tolerant,0.7917,0.0,7.7333,0.5,0.0,20,2,True,1.0,0.0503
j226030,2,token_batch,1.475,0.0,11.0,0.5,3847.542,19,1,True,1.0,0.144
j226030,2,delay_tolerant,0.86,0.0,7.7333,0.5,0.0,16,2,False,1.0,0.0
j226907,2,delay_tolerant,0.9967,0.0,7.7333,0.5,0.0,15,2,False,1.0,0.0
j226943,2,token_batch,1.475,1.2393,11.0,0.5,4404.913,9,1,False,1.0,0.0
j226943,2,delay_sensitive,1.5433,0.0,11.4667,0.5,0.0,3,3,False,1.0,0.0
j226943,2,delay_sensitive,1.2017,0.0,9.1333,0.5,0.0,3,3,False,1.0,0.0
j226943,2,delay_tolerant,0.5183,0.0,7.7333,0.5,0.0,9,2,False,1.0,0.0
j226943,2,delay_tolerant,0.7917,0.0,7.7333,0.5,0.0,9,2,False,1.0,0.0
j226943,2,delay_tolerant,0.86,0.444,7.7333,0.5,0.0,9,2,True,1.0,0.05
j226943,2,delay_tolerant,0.9283,0.0,7.7333,0.5,0.0,9,2,True,1.0,0.05
j226943,2,delay_tolerant,0.7233,0.0,7.7333,0.5,0.0,5,2,False,1.0,0.0
j226955,2,delay_tolerant,0.655,0.0,7.7333,0.5,0.0,13,2,True,1.0,0.0328
j227140,2,token_batch,1.6117,1.4865,11.9333,0.5,4297.328,14,1,False,1.0,0.0
j227140,2,delay_tolerant,0.5183,0.0,7.7333,0.5,0.0,15,2,False,1.0,0.0
j227140,2,token_batch,2.5,0.7902,18.0,0.5,4892.312,6,1,True,1.0,0.05
j227140,2,token_batch,2.5,0.5298,18.0,0.5,4755.715,14,1,False,1.0,0.0
j227140,2,delay_tolerant,0.5183,0.0,7.7333,0.5,0.0,5,2,True,1.0,0.05
j227140,2,delay_tolerant,0.5183,0.0,7.7333,0.5,0.0,15,2,False,1.0,0.0
j227511,2,delay_tolerant,0.5183,0.0,7.7333,0.5,0.0,14,2,True,1.0,0.0562
j227583,2,delay_tolerant,0.7233,0.0,7.7333,0.5,0.0,13,2,True,1.0,0.05
j228150,2,delay_tolerant,0.5183,0.0,7.7333,0.5,0.0,5,2,True,1.0,0.0982
j228171,2,delay_tolerant,0.5183,0.0,7.7333,0.5,0.0,5,2,True,1.0,0.05
j228690,2,token_batch,1.5433,1.092,11.4667,0.5,4749.997,14,1,False,1.0,0.0
j228850,2,delay_tolerant,1.1333,0.0,8.6667,0.5,0.0,15,2,False,1.0,0.0
j229594,2,token_batch,1.475,1.2421,11.0,0.5,4438.38,22,1,True,1.0,0.05
j230052,2,delay_tolerant,1.2017,0.0,9.1333,0.5,0.0,18,2,True,1.0,0.05
j230139,2,delay_tolerant,0.5183,0.0,7.7333,0.5,0.0,13,2,False,1.0,0.0
j230238,2,token_batch,1.475,1.2159,11.0,0.5,3939.969,10,1,True,1.0,0.05
j230238,2,token_batch,1.475,0.5142,11.0,0.5,3510.975,10,1,True,1.0,0.1508
j231051,2,delay_tolerant,0.655,0.0,7.7333,0.5,0.0,19,2,True,1.0,0.0473
j231051,2,delay_tolerant,0.5183,0.0,7.7333,0.5,0.0,14,2,True,1.0,0.05
j231051,2,delay_tolerant,0.655,0.0,7.7333,0.5,0.0,19,2,False,1.0,0.0
j231051,2,delay_tolerant,1.27,0.0,9.6,0.5,0.0,14,2,False,1.0,0.0
j231051,2,delay_tolerant,1.27,0.0,9.6,0.5,0.0,20,2,True,1.0,0.0247
j231051,2,delay_tolerant,0.86,0.313,7.7333,0.5,0.0,19,2,False,1.0,0.0
j231051,2,token_batch,1.885,1.1443,13.8,0.5,5357.27,14,1,True,1.0,0.0895
j231051,2,token_batch,1.885,0.8389,13.8,0.5,3983.504,16,1,False,1.0,0.0
j231130,2,delay_tolerant,0.5183,0.0,7.7333,0.5,0.0,15,2,False,1.0,0.0
j231232,2,token_batch,1.885,1.3739,13.8,0.5,4806.401,19,1,True,1.0,0.05
j231290,2,token_batch,1.475,1.1524,11.0,0.5,3984.257,12,1,True,1.0,0.05
j231408,2,delay_tolerant,0.5867,0.0,7.7333,0.5,0.0,22,2,True,1.0,0.05
j231408,2,delay_tolerant,0.7917,0.0,7.7333,0.5,0.0,23,2,False,1.0,0.0
j231704,2,delay_tolerant,1.4067,0.0,10.5333,0.5,0.0,19,2,False,1.0,0.0
j231793,2,token_batch,1.475,0.6415,11.0,0.5,3719.507,16,1,True,1.0,0.196
j231978,2,delay_tolerant,1.1333,0.0,8.6667,0.5,0.0,19,2,False,1.0,0.0
j231978,2,delay_tolerant,0.9967,0.0,7.7333,0.5,0.0,19,2,True,1.0,0.05
j23238,2,token_batch,1.475,0.0,11.0,0.5,3865.428,17,1,True,1.0,0.1409
j232518,2,delay_tolerant,0.5867,0.0,7.7333,0.5,0.0,5,2,True,1.0,0.0656
j232518,2,token_batch,1.475,1.2916,11.0,0.5,4621.481,19,1,True,1.0,0.1229
j232786,2,delay_tolerant,0.5183,0.0,7.7333,0.5,0.0,15,2,False,1.0,0.0
j232786,2,delay_tolerant,0.5183,0.0,7.7333,0.5,0.0,15,2,False,1.0,0.0
j232786,2,delay_tolerant,1.065,0.0,8.2,0.5,0.0,5,2,True,1.0,0.0588
j232786,2,token_batch,1.8167,0.0,13.3333,0.5,4662.055,7,1,True,1.0,0.1417
j232786,2,token_batch,2.5,0.6104,18.0,0.5,4680.559,15,1,True,1.0,0.1436
j232927,2,delay_tolerant,0.5183,0.0,7.7333,0.5,0.0,13,2,False,1.0,0.0
j232998,2,token_batch,1.475,0.6425,11.0,0.5,3987.689,16,1,False,1.0,0.0
j23307,2,delay_tolerant,0.7917,0.0,7.7333,0.5,0.0,19,2,False,1.0,0.0
j23307,2,delay_tolerant,0.86,0.0,7.7333,0.5,0.0,19,2,True,1.0,0.05
j233162,2,token_batch,2.5,1.1255,18.0,0.5,4988.091,19,1,True,1.0,0.1808
j233162,2,delay_tolerant,0.7917,0.0,7.7333,0.5,0.0,17,2,True,1.0,0.05
j233400,2,delay_tolerant,0.5183,0.0,7.7333,0.5,0.0,18,2,False,1.0,0.0
j233400,2,delay_tolerant,1.3383,0.0,10.0667,0.5,0.0,18,2,True,1.0,0.0907
j233932,2,token_batch,1.475,0.888,11.0,0.5,4596.473,18,1,True,1.0,0.05
j233932,2,delay_tolerant,1.3383,0.0,10.0667,0.5,0.0,19,2,False,1.0,0.0
j233932,2,token_batch,1.475,0.0,11.0,0.5,3871.384,19,1,False,1.0,0.0
j234066,2,delay_tolerant,1.2017,0.0,9.1333,0.5,0.0,23,2,True,1.0,0.05
j234191,2,delay_tolerant,0.5183,0.0,7.7333,0.5,0.0,5,2,True,1.0,0.05
j234191,2,delay_tolerant,1.2017,0.0,9.1333,0.5,0.0,22,2,False,1.0,0.0
j234191,2,delay_tolerant,0.5183,0.0,7.7333,0.5,0.0,16,2,False,1.0,0.0
j234299,2,delay_tolerant,0.5183,0.0,7.7333,0.5,0.0,16,2,False,1.0,0.0
j234651,2,delay_tolerant,1.27,0.0,9.6,0.5,0.0,12,2,False,1.0,0.0
j235143,2,token_batch,1.475,0.865,11.0,0.5,4353.943,19,1,True,1.0,0.1629
j235150,2,delay_tolerant,1.4067,0.5084,10.5333,0.5,0.0,6,2,True,1.0,0.05
j235150,2,delay_tolerant,0.5183,0.0,7.7333,0.5,0.0,5,2,True,1.0,0.05
j235150,2,delay_tolerant,0.5183,0.0,7.7333,0.5,0.0,6,2,False,1.0,0.0
j235150,2,token_batch,1.8167,1.0164,13.3333,0.5,5095.874,15,1,True,1.0,0.1833
j235150,2,delay_tolerant,1.1333,0.0,8.6667,0.5,0.0,15,2,False,1.0,0.0
j235150,2,delay_tolerant,0.5183,0.0,7.7333,0.5,0.0,6,2,False,1.0,0.0
j235249,2,delay_tolerant,0.5183,0.0,7.7333,0.5,0.0,5,2,False,1.0,0.0
j235431,2,token_batch,1.9533,0.6718,14.2667,0.5,4384.882,21,1,True,1.0,0.05
j235431,2,delay_tolerant,0.86,0.0,7.7333,0.5,0.0,22,2,True,1.0,0.05
j235431,2,token_batch,1.6117,0.6422,11.9333,0.5,5091.511,21,1,False,1.0,0.0
j235431,2,delay_tolerant,1.4067,0.0,10.5333,0.5,0.0,14,2,True,1.0,0.0633
j235813,2,token_batch,1.475,1.4383,11.0,0.5,3874.497,12,1,False,1.0,0.0
j235865,2,delay_tolerant,0.5867,0.0,7.7333,0.5,0.0,5,2,False,1.0,0.0
j235865,2,delay_tolerant,0.5183,0.0,7.7333,0.5,0.0,5,2,False,1.0,0.0
j235865,2,token_batch,1.475,0.9628,11.0,0.5,4172.878,6,1,True,1.0,0.1288
j236200,2,delay_tolerant,0.5867,0.0,7.7333,0.5,0.0,20,2,False,1.0,0.0
j236267,2,token_batch,1.475,1.2781,11.0,0.5,3494.457,10,1,True,1.0,0.05
j236267,2,delay_tolerant,0.9967,0.0,7.7333,0.5,0.0,11,2,False,1.0,0.0
j236267,2,delay_tolerant,0.9283,0.0,7.7333,0.5,0.0,10,2,False,1.0,0.0
j236299,2,token_batch,1.475,0.8793,11.0,0.5,3588.452,18,1,True,1.0,0.1144
j236761,2,delay_tolerant,0.5183,0.0,7.7333,0.5,0.0,5,2,False,1.0,0.0
j237016,2,token_batch,1.475,0.9558,11.0,0.5,4617.327,22,1,False,1.0,0.0
j237252,2,delay_tolerant,0.7917,0.0,7.7333,0.5,0.0,16,2,False,1.0,0.0
j237509,2,delay_tolerant,1.4067,0.0,10.5333,0.5,0.0,18,2,True,1.0,0.05
j237509,2,delay_tolerant,0.5183,0.0,7.7333,0.5,0.0,5,2,True,1.0,0.05
j237583,2,delay_tolerant,0.5183,0.0,7.7333,0.5,0.0,20,2,True,1.0,0.05
j237583,2,delay_tolerant,1.27,0.0,9.6,0.5,0.0,19,2,False,1.0,0.0
j237583,2,delay_tolerant,0.7917,0.0,7.7333,0.5,0.0,20,2,False,1.0,0.0
j239115,2,delay_tolerant,0.5183,0.0,7.7333,0.5,0.0,21,2,True,1.0,0.0466
j239115,2,token_batch,2.0217,0.4017,14.7333,0.5,4304.361,14,1,True,1.0,0.05
j239115,2,delay_tolerant,0.5867,0.0,7.7333,0.5,0.0,21,2,True,1.0,0.0882
j239115,2,delay_tolerant,0.7233,0.0,7.7333,0.5,0.0,14,2,False,1.0,0.0
j23912,2,delay_tolerant,0.655,0.0,7.7333,0.5,0.0,21,2,False,1.0,0.0
j23942,2,token_batch,1.7483,0.8128,12.8667,0.5,4532.712,15,1,True,1.0,0.1858
j23942,2,delay_tolerant,0.5183,0.0,7.7333,0.5,0.0,15,2,True,1.0,0.0758
j23942,2,delay_tolerant,0.7233,0.0,7.7333,0.5,0.0,6,2,False,1.0,0.0
j23942,2,token_batch,1.68,1.0094,12.4,0.5,4370.619,12,1,False,1.0,0.0
j23942,2,token_batch,2.0217,0.0,14.7333,0.5,4546.33,6,1,False,1.0,0.0
j23942,2,delay_tolerant,0.86,0.0,7.7333,0.5,0.0,6,2,True,1.0,0.05
j23942,2,delay_tolerant,1.3383,0.0,10.0667,0.5,0.0,15,2,False,1.0,0.0
j23942,2,delay_tolerant,0.655,0.0,7.7333,0.5,0.0,7,2,False,1.0,0.0
j240004,2,delay_tolerant,1.4067,0.0,10.5333,0.5,0.0,17,2,False,1.0,0.0
j24004,2,delay_tolerant,1.4067,0.0,10.5333,0.5,0.0,21,2,True,1.0,0.0862
j24022,2,delay_tolerant,0.9283,0.0,7.7333,0.5,0.0,13,2,True,1.0,0.0544
j240412,2,delay_sensitive,0.5183,0.0,7.7333,0.5,0.0,3,3,False,1.0,0.0
j240471,2,delay_tolerant,0.5183,0.0,7.7333,0.5,0.0,5,2,False,1.0,0.0
j240471,2,delay_tolerant,0.9967,0.0,7.7333,0.5,0.0,13,2,True,1.0,0.05
j240560,2,delay_tolerant,0.9967,0.0,7.7333,0.5,0.0,16,2,True,1.0,0.05
j240560,2,delay_sensitive,0.5183,0.0,7.7333,0.5,0.0,3,3,False,1.0,0.0
j240846,2,delay_tolerant,1.27,0.0,9.6,0.5,0.0,11,2,False,1.0,0.0
j240846,2,delay_tolerant,0.5183,0.0,7.7333,0.5,0.0,11,2,False,1.0,0.0
j241261,2,token_batch,1.475,0.5151,11.0,0.5,3932.196,17,1,False,1.0,0.0
j241701,2,delay_tolerant,0.86,0.4629,7.7333,0.5,0.0,10,2,True,1.0,0.0816
j241701,2,delay_tolerant,1.065,0.0,8.2,0.5,0.0,10,2,True,1.0,0.0854
j241938,2,token_batch,1.475,0.7874,11.0,0.5,3827.589,15,1,False,1.0,0.0
j241939,2,token_batch,2.5,1.3609,18.0,0.5,5405.86,23,1,True,1.0,0.1623
j241939,2,delay_tolerant,0.5183,0.0,7.7333,0.5,0.0,20,2,False,1.0,0.0
j241939,2,token_batch,2.5,0.0,18.0,0.5,4303.587,21,1,False,1.0,0.0
j241943,2,delay_tolerant,0.5183,0.0,7.7333,0.5,0.0,14,2,True,1.0,0.05
j241943,2,delay_tolerant,0.9283,0.0,7.7333,0.5,0.0,19,2,True,1.0,0.05
j241943,2,delay_tolerant,1.3383,0.0,10.0667,0.5,0.0,19,2,False,1.0,0.0
j24235,2,delay_tolerant,0.5867,0.0,7.7333,0.5,0.0,11,2,True,1.0,0.05
j242763,2,delay_tolerant,0.655,0.0,7.7333,0.5,0.0,5,2,True,1.0,0.05
j242890,2,delay_tolerant,0.9967,0.4491,7.7333,0.5,0.0,20,2,False,1.0,0.0
j242890,2,token_batch,1.475,1.2546,11.0,0.5,3670.118,20,1,True,1.0,0.086
j243044,2,delay_tolerant,0.86,0.0,7.7333,0.5,0.0,20,2,True,1.0,0.05
j243234,2,delay_tolerant,0.5183,0.0,7.7333,0.5,0.0,5,2,False,1.0,0.0
j244060,2,delay_tolerant,0.7917,0.0,7.7333,0.5,0.0,19,2,False,1.0,0.0
j244060,2,delay_tolerant,1.27,0.0,9.6,0.5,0.0,19,2,False,1.0,0.0
j244060,2,delay_tolerant,0.9283,0.0,7.7333,0.5,0.0,19,2,True,1.0,0.05
j24428,2,token_batch,1.475,0.0,11.0,0.5,4614.592,15,1,True,1.0,0.09
j244379,2,token_batch,1.68,0.4362,12.4,0.5,4109.55,19,1,True,1.0,0.05
j244379,2,delay_tolerant,0.7233,0.0,7.7333,0.5,0.0,14,2,True,1.0,0.05
j244379,2,delay_tolerant,0.86,0.0,7.7333,0.5,0.0,20,2,True,1.0,0.0297
j244379,2,token_batch,1.8167,1.1095,13.3333,0.5,5181.361,6,1,True,1.0,0.0846
j244379,2,token_batch,1.475,1.0149,11.0,0.5,4100.14,14,1,True,1.0,0.0809
j244524,2,delay_tolerant,0.5183,0.279,7.7333,0.5,0.0,5,2,True,1.0,0.05
j244695,2,delay_tolerant,1.4067,0.0,10.5333,0.5,0.0,17,2,False,1.0,0.0
j244695,2,delay_tolerant,0.5183,0.251,7.7333,0.5,0.0,12,2,False,1.0,0.0
j244695,2,token_batch,1.7483,1.1996,12.8667,0.5,4209.885,6,1,True,1.0,0.05
j244695,2,token_batch,1.7483,0.6587,12.8667,0.5,4007.086,17,1,False,1.0,0.0
j244882,2,token_batch,2.1583,0.6533,15.6667,0.5,5093.178,14,1,True,1.0,0.05
j244882,2,delay_tolerant,0.5183,0.0,7.7333,0.5,0.0,14,2,True,1.0,0.0505
j244882,2,token_batch,2.5,1.4455,18.0,0.5,4542.005,20,1,False,1.0,0.0
j244941,2,delay_tolerant,1.27,0.0,9.6,0.5,0.0,21,2,True,1.0,0.05
j245121,2,token_batch,1.475,0.7942,11.0,0.5,3645.783,23,1,True,1.0,0.05
j245121,2,delay_tolerant,0.5183,0.0,7.7333,0.5,0.0,5,2,False,1.0,0.0
j245446,2,token_batch,1.475,0.0,11.0,0.5,4597.243,19,1,False,1.0,0.0
j245601,2,delay_tolerant,0.5183,0.0,7.7333,0.5,0.0,5,2,False,1.0,0.0
j245931,2,delay_tolerant,1.27,0.0,9.6,0.5,0.0,19,2,True,1.0,0.05
j245931,2,token_batch,1.475,0.8073,11.0,0.5,3950.326,18,1,True,1.0,0.05
j245931,2,delay_tolerant,0.7917,0.0,7.7333,0.5,0.0,19,2,False,1.0,0.0
j246197,2,token_batch,1.475,0.0,11.0,0.5,3778.79,13,1,True,1.0,0.169
j247028,2,delay_tolerant,1.2017,0.0,9.1333,0.5,0.0,15,2,True,1.0,0.05
j24705,2,delay_tolerant,0.5183,0.0,7.7333,0.5,0.0,12,2,False,1.0,0.0
j247360,2,delay_tolerant,1.1333,0.0,8.6667,0.5,0.0,10,2,True,1.0,0.05
j247420,2,delay_tolerant,0.5867,0.0,7.7333,0.5,0.0,16,2,True,1.0,0.05
j247618,2,delay_tolerant,0.5183,0.0,7.7333,0.5,0.0,15,2,True,1.0,0.05
j247632,2,delay_tolerant,0.7917,0.0,7.7333,0.5,0.0,16,2,False,1.0,0.0
j248135,2,delay_tolerant,0.7233,0.0,7.7333,0.5,0.0,14,2,True,1.0,0.0649
j248254,2,delay_tolerant,1.065,0.0,8.2,0.5,0.0,22,2,False,1.0,0.0
j248254,2,delay_tolerant,0.5183,0.0,7.7333,0.5,0.0,5,2,True,1.0,0.05
j248254,2,delay_tolerant,0.5183,0.0,7.7333,0.5,0.0,5,2,True,1.0,0.05
j248649,2,delay_tolerant,0.5183,0.0,7.7333,0.5,0.0,10,2,False,1.0,0.0
j24915,2,delay_tolerant,1.1333,0.0,8.6667,0.5,0.0,12,2,True,1.0,0.065
j249542,2,delay_tolerant,1.4067,0.0,10.5333,0.5,0.0,22,2,False,1.0,0.0
j249567,2,delay_tolerant,1.3383,0.0,10.0667,0.5,0.0,20,2,True,1.0,0.05
j249708,2,delay_tolerant,0.5183,0.4781,7.7333,0.5,0.0,11,2,False,1.0,0.0
j250372,2,token_batch,2.5,0.7751,18.0,0.5,4661.266,14,1,True,1.0,0.05
j250372,2,delay_tolerant,1.065,0.0,8.2,0.5,0.0,22,2,True,1.0,0.05
j251133,2,token_batch,2.5,0.4219,18.0,0.5,5057.761,15,1,False,1.0,0.0
j251473,2,token_batch,1.475,0.6411,11.0,0.5,3441.554,20,1,True,1.0,0.091
j251473,2,token_batch,1.475,0.5103,11.0,0.5,3457.318,20,1,True,1.0,0.05
j251473,2,token_batch,1.475,0.8739,11.0,0.5,4353.8,20,1,False,1.0,0.0
j252060,2,delay_tolerant,1.1333,0.0,8.6667,0.5,0.0,21,2,False,1.0,0.0
j252060,2,delay_tolerant,0.5183,0.0,7.7333,0.5,0.0,5,2,False,1.0,0.0
j252113,2,token_batch,2.5,0.4047,18.0,0.5,4428.795,19,1,False,1.0,0.0
j252113,2,token_batch,2.5,0.7456,18.0,0.5,5085.332,7,1,False,1.0,0.0
j252143,2,delay_tolerant,0.9967,0.0,7.7333,0.5,0.0,17,2,False,1.0,0.0
j252143,2,delay_tolerant,0.5183,0.0,7.7333,0.5,0.0,18,2,False,1.0,0.0
j252143,2,delay_tolerant,0.5183,0.0,7.7333,0.5,0.0,7,2,True,1.0,0.05
j252143,2,token_batch,1.8167,0.5225,13.3333,0.5,4682.322,6,1,True,1.0,0.1158
j252143,2,delay_tolerant,0.9967,0.0,7.7333,0.5,0.0,18,2,True,1.0,0.05
j252260,2,delay_tolerant,0.655,0.0,7.7333,0.5,0.0,11,2,False,1.0,0.0
j252854,2,delay_tolerant,0.5867,0.0,7.7333,0.5,0.0,6,2,False,1.0,0.0
j253079,2,delay_tolerant,0.9283,0.0,7.7333,0.5,0.0,22,2,True,1.0,0.0636
j253079,2,token_batch,1.475,0.8963,11.0,0.5,3940.863,23,1,True,1.0,0.0977
j253488,2,token_batch,1.475,0.0,11.0,0.5,3803.536,22,1,True,1.0,0.1963
j253820,2,delay_tolerant,1.27,0.0,9.6,0.5,0.0,22,2,True,1.0,0.0659
j253857,2,token_batch,1.475,0.0,11.0,0.5,3803.888,10,1,False,1.0,0.0
j253920,2,delay_tolerant,0.9283,0.0,7.7333,0.5,0.0,9,2,True,1.0,0.05
j25394,2,token_batch,1.475,1.1357,11.0,0.5,3650.233,19,1,False,1.0,0.0
j254534,2,token_batch,2.5,1.2824,18.0,0.5,4926.346,14,1,True,1.0,0.1514
j254534,2,token_batch,2.5,0.4619,18.0,0.5,4356.83,6,1,True,1.0,0.05
j254644,2,token_batch,1.475,1.4045,11.0,0.5,4598.362,20,1,True,1.0,0.05
j254849,2,token_batch,1.475,0.0,11.0,0.5,3516.19,19,1,True,1.0,0.1919
j254863,2,delay_tolerant,0.5183,0.0,7.7333,0.5,0.0,16,2,False,1.0,0.0
j255544,2,token_batch,1.475,1.1562,11.0,0.5,4319.333,12,1,False,1.0,0.0
j255544,2,token_batch,1.475,0.9216,11.0,0.5,4617.321,12,1,False,1.0,0.0
j255576,2,delay_tolerant,0.5183,0.2208,7.7333,0.5,0.0,19,2,False,1.0,0.0
j255723,2,token_batch,1.475,0.666,11.0,0.5,3925.229,20,1,False,1.0,0.0
j255831,2,delay_tolerant,1.27,0.0,9.6,0.5,0.0,16,2,False,1.0,0.0
j25594,2,token_batch,2.5,0.9699,18.0,0.5,5292.099,20,1,True,1.0,0.05
j25594,2,token_batch,2.5,0.7414,18.0,0.5,4497.35,22,1,False,1.0,0.0
j25594,2,delay_tolerant,0.7233,0.0,7.7333,0.5,0.0,22,2,False,1.0,0.0
j25594,2,token_batch,2.5,1.4429,18.0,0.5,4413.637,14,1,True,1.0,0.1674
j256530,2,delay_tolerant,1.27,0.0,9.6,0.5,0.0,10,2,True,1.0,0.0216
j256694,2,token_batch,1.475,0.0,11.0,0.5,4424.53,10,1,False,1.0,0.0
j256752,2,delay_tolerant,0.9283,0.0,7.7333,0.5,0.0,17,2,True,1.0,0.05
j256958,2,delay_tolerant,0.9283,0.0,7.7333,0.5,0.0,19,2,False,1.0,0.0
j257285,2,delay_tolerant,0.5867,0.0,7.7333,0.5,0.0,5,2,True,1.0,0.0597
j257438,2,delay_tolerant,1.065,0.0,8.2,0.5,0.0,19,2,True,1.0,0.0238
j257438,2,token_batch,2.5,0.5103,18.0,0.5,5374.927,19,1,True,1.0,0.1108
j257438,2,token_batch,1.8167,1.2455,13.3333,0.5,5092.401,6,1,True,1.0,0.05
j257542,2,delay_tolerant,0.7917,0.0,7.7333,0.5,0.0,5,2,True,1.0,0.0434
j257542,2,delay_tolerant,1.3383,0.0,10.0667,0.5,0.0,20,2,False,1.0,0.0
j257542,2,token_batch,2.5,0.0,18.0,0.5,4692.569,19,1,False,1.0,0.0
j258437,2,delay_sensitive,0.5183,0.0,7.7333,0.5,0.0,3,3,False,1.0,0.0
j258595,2,delay_sensitive,0.5183,0.0,7.7333,0.5,0.0,3,3,False,1.0,0.0
j258600,2,token_batch,1.885,0.5444,13.8,0.5,3985.846,20,1,True,1.0,0.1235
j258600,2,token_batch,1.475,0.0,11.0,0.5,4227.703,19,1,False,1.0,0.0
j259379,2,delay_tolerant,0.7233,0.0,7.7333,0.5,0.0,15,2,True,1.0,0.0419
j259828,2,token_batch,2.5,0.0,18.0,0.5,4976.925,21,1,True,1.0,0.116
j259828,2,delay_tolerant,1.27,0.0,9.6,0.5,0.0,19,2,False,1.0,0.0
j259828,2,token_batch,2.5,0.8592,18.0,0.5,5163.209,21,1,False,1.0,0.0
j259828,2,delay_tolerant,1.3383,0.0,10.0667,0.5,0.0,19,2,False,1.0,0.0
j259828,2,token_batch,2.5,0.8329,18.0,0.5,4174.575,21,1,True,1.0,0.05
j259828,2,token_batch,2.5,0.0,18.0,0.5,4659.525,14,1,False,1.0,0.0
j25983,2,delay_tolerant,0.5183,0.0,7.7333,0.5,0.0,17,2,True,1.0,0.0915
j259847,2,token_batch,1.5433,1.469,11.4667,0.5,4566.2,14,1,True,1.0,0.05
j260145,2,token_batch,1.475,1.213,11.0,0.5,4239.836,13,1,False,1.0,0.0
j260355,2,token_batch,1.68,0.9229,12.4,0.5,4466.211,21,1,True,1.0,0.05
j260355,2,delay_tolerant,0.5183,0.0,7.7333,0.5,0.0,5,2,True,1.0,0.05
j260355,2,delay_tolerant,1.27,0.3263,9.6,0.5,0.0,19,2,False,1.0,0.0
j260355,2,delay_tolerant,0.5183,0.0,7.7333,0.5,0.0,20,2,True,1.0,0.05
j260394,2,delay_tolerant,0.9967,0.0,7.7333,0.5,0.0,15,2,False,1.0,0.0
j260589,2,delay_tolerant,1.27,0.0,9.6,0.5,0.0,9,2,False,1.0,0.0
j260589,2,delay_tolerant,0.5867,0.0,7.7333,0.5,0.0,5,2,True,1.0,0.0772
j260589,2,delay_tolerant,1.2017,0.0,9.1333,0.5,0.0,9,2,True,1.0,0.0813
j260705,2,delay_sensitive,0.5867,0.0,7.7333,0.5,0.0,3,3,False,1.0,0.0
j261309,2,token_batch,1.475,1.2368,11.0,0.5,4387.046,11,1,True,1.0,0.105
j261309,2,delay_tolerant,0.5183,0.0,7.7333,0.5,0.0,5,2,False,1.0,0.0
j261341,2,delay_tolerant,1.2017,0.0,9.1333,0.5,0.0,18,2,True,1.0,0.0812
j261341,2,delay_tolerant,1.065,0.0,8.2,0.5,0.0,17,2,False,1.0,0.0
j261464,2,delay_tolerant,1.27,0.0,9.6,0.5,0.0,16,2,True,1.0,0.05
j261582,2,delay_tolerant,0.655,0.3938,7.7333,0.5,0.0,6,2,True,1.0,0.05
j261582,2,delay_tolerant,0.86,0.0,7.7333,0.5,0.0,14,2,True,1.0,0.05
j26173,2,delay_tolerant,1.1333,0.0,8.6667,0.5,0.0,18,2,True,1.0,0.0695
j26173,2,token_batch,1.475,0.0,11.0,0.5,3480.384,17,1,True,1.0,0.0907
j262264,2,delay_tolerant,1.3383,0.0,10.0667,0.5,0.0,19,2,True,1.0,0.05
j262575,2,delay_tolerant,1.1333,0.0,8.6667,0.5,0.0,13,2,False,1.0,0.0
j262575,2,token_batch,2.1583,0.4293,15.6667,0.5,5350.131,12,1,False,1.0,0.0
j263333,2,delay_tolerant,0.5867,0.2941,7.7333,0.5,0.0,19,2,False,1.0,0.0
j263552,2,token_batch,1.475,0.9988,11.0,0.5,3735.223,11,1,False,1.0,0.0
j264138,2,token_batch,2.5,0.5829,18.0,0.5,4390.627,22,1,True,1.0,0.1826
j264138,2,token_batch,2.5,1.254,18.0,0.5,5035.138,21,1,False,1.0,0.0
j264138,2,delay_tolerant,0.5867,0.0,7.7333,0.5,0.0,21,2,False,1.0,0.0
j264138,2,delay_tolerant,1.065,0.0,8.2,0.5,0.0,21,2,True,1.0,0.0928
j264138,2,token_batch,2.5,0.6519,18.0,0.5,5311.891,14,1,True,1.0,0.05
j264204,2,delay_tolerant,1.4067,0.0,10.5333,0.5,0.0,13,2,True,1.0,0.05
j264275,2,delay_tolerant,1.1333,0.0,8.6667,0.5,0.0,12,2,True,1.0,0.0584
j264275,2,delay_tolerant,1.27,0.0,9.6,0.5,0.0,12,2,False,1.0,0.0
j264368,2,token_batch,2.5,0.9176,18.0,0.5,5373.184,17,1,False,1.0,0.0
j264541,2,delay_tolerant,0.5183,0.0,7.7333,0.5,0.0,5,2,True,1.0,0.05
j264630,2,token_batch,1.475,1.4046,11.0,0.5,4124.995,15,1,True,1.0,0.1795
j264753,2,delay_tolerant,0.7233,0.0,7.7333,0.5,0.0,10,2,False,1.0,0.0
j264753,2,delay_tolerant,0.9283,0.0,7.7333,0.5,0.0,10,2,True,1.0,0.05
j265042,2,token_batch,1.475,0.0,11.0,0.5,4179.86,22,1,False,1.0,0.0
j265434,2,token_batch,1.475,1.0282,11.0,0.5,4393.125,9,1,True,1.0,0.05
j26570,2,delay_tolerant,0.86,0.0,7.7333,0.5,0.0,10,2,False,1.0,0.0
j265731,2,delay_tolerant,1.1333,0.0,8.6667,0.5,0.0,22,2,False,1.0,0.0
j265980,2,delay_tolerant,0.655,0.0,7.7333,0.5,0.0,13,2,True,1.0,0.0987
j266016,2,token_batch,1.475,0.5674,11.0,0.5,4358.169,19,1,True,1.0,0.05
j266016,2,delay_tolerant,1.27,0.0,9.6,0.5,0.0,19,2,False,1.0,0.0
j266019,2,token_batch,1.475,1.0579,11.0,0.5,4508.894,18,1,True,1.0,0.1064
j266019,2,delay_tolerant,0.7917,0.0,7.7333,0.5,0.0,18,2,False,1.0,0.0
j266079,2,token_batch,2.5,0.914,18.0,0.5,4464.305,17,1,True,1.0,0.1981
j266079,2,delay_tolerant,1.3383,0.0,10.0667,0.5,0.0,23,2,True,1.0,0.05
j266079,2,delay_tolerant,0.9283,0.0,7.7333,0.5,0.0,22,2,True,1.0,0.0982
j266079,2,token_batch,1.68,0.0,12.4,0.5,4589.34,22,1,True,1.0,0.1833
j266079,2,token_batch,1.7483,0.4083,12.8667,0.5,4664.252,22,1,False,1.0,0.0
j266079,2,delay_tolerant,0.5183,0.0,7.7333,0.5,0.0,23,2,True,1.0,0.05
j2661,2,delay_tolerant,0.5183,0.0,7.7333,0.5,0.0,5,2,True,1.0,0.05
j266218,2,delay_tolerant,1.1333,0.0,8.6667,0.5,0.0,13,2,False,1.0,0.0
j266218,2,delay_tolerant,1.27,0.0,9.6,0.5,0.0,12,2,True,1.0,0.05
j266218,2,token_batch,1.475,1.2926,11.0,0.5,3586.907,12,1,True,1.0,0.122
j266308,2,token_batch,1.475,1.2668,11.0,0.5,3630.798,16,1,True,1.0,0.1088
j266600,2,delay_tolerant,0.5183,0.0,7.7333,0.5,0.0,18,2,False,1.0,0.0
j266672,2,delay_tolerant,1.3383,0.0,10.0667,0.5,0.0,14,2,True,1.0,0.05
j266865,2,token_batch,1.475,1.2315,11.0,0.5,3850.568,9,1,True,1.0,0.126
j266879,2,delay_tolerant,1.4067,0.0,10.5333,0.5,0.0,20,2,False,1.0,0.0
j267008,2,delay_tolerant,0.655,0.0,7.7333,0.5,0.0,16,2,False,1.0,0.0
j267049,2,delay_tolerant,0.5183,0.0,7.7333,0.5,0.0,5,2,False,1.0,0.0
j267163,2,delay_tolerant,1.2017,0.5828,9.1333,0.5,0.0,12,2,False,1.0,0.0
j267168,2,token_batch,1.475,0.0,11.0,0.5,3873.942,18,1,False,1.0,0.0
j267173,2,delay_tolerant,1.065,0.0,8.2,0.5,0.0,18,2,True,1.0,0.05
j267816,2,delay_tolerant,0.9967,0.0,7.7333,0.5,0.0,19,2,True,1.0,0.05
j267816,2,delay_tolerant,0.5183,0.0,7.7333,0.5,0.0,16,2,False,1.0,0.0
j267816,2,delay_tolerant,0.9283,0.0,7.7333,0.5,0.0,5,2,True,1.0,0.05
j268271,2,delay_tolerant,0.5183,0.0,7.7333,0.5,0.0,12,2,False,1.0,0.0
j268414,2,delay_tolerant,1.2017,0.0,9.1333,0.5,0.0,14,2,False,1.0,0.0
j268414,2,delay_tolerant,0.5183,0.0,7.7333,0.5,0.0,5,2,True,1.0,0.05
j268414,2,delay_tolerant,0.5183,0.0,7.7333,0.5,0.0,20,2,True,1.0,0.05
j268414,2,delay_tolerant,0.5183,0.0,7.7333,0.5,0.0,19,2,True,1.0,0.05
j268414,2,delay_tolerant,1.2017,0.0,9.1333,0.5,0.0,19,2,False,1.0,0.0
j268414,2,delay_tolerant,0.655,0.0,7.7333,0.5,0.0,20,2,False,1.0,0.0
j268586,2,delay_tolerant,0.86,0.354,7.7333,0.5,0.0,14,2,False,1.0,0.0
j268586,2,delay_tolerant,0.655,0.0,7.7333,0.5,0.0,6,2,True,1.0,0.05
j268944,2,delay_tolerant,0.5183,0.0,7.7333,0.5,0.0,18,2,True,1.0,0.0509
j269144,2,token_batch,1.475,0.0,11.0,0.5,4196.911,13,1,False,1.0,0.0
j270202,2,token_batch,1.475,0.4151,11.0,0.5,3658.995,20,1,True,1.0,0.05
j270285,2,delay_tolerant,1.2017,0.0,9.1333,0.5,0.0,23,2,False,1.0,0.0
j270722,2,token_batch,1.475,0.9869,11.0,0.5,4264.484,9,1,True,1.0,0.05
j270857,2,delay_tolerant,0.5183,0.0,7.7333,0.5,0.0,14,2,False,1.0,0.0
j270857,2,token_batch,2.5,0.0,18.0,0.5,4766.208,18,1,True,1.0,0.0846
j271069,2,delay_tolerant,0.9283,0.0,7.7333,0.5,0.0,20,2,True,1.0,0.05
j271069,2,delay_tolerant,1.065,0.0,8.2,0.5,0.0,22,2,False,1.0,0.0
j271240,2,token_batch,1.475,0.8889,11.0,0.5,3476.033,10,1,True,1.0,0.05
j271560,2,delay_tolerant,0.9283,0.0,7.7333,0.5,0.0,11,2,False,1.0,0.0
j271646,2,delay_tolerant,0.5183,0.0,7.7333,0.5,0.0,14,2,True,1.0,0.05
j271713,2,delay_tolerant,0.655,0.0,7.7333,0.5,0.0,11,2,True,1.0,0.05
j272035,2,delay_tolerant,1.4067,0.0,10.5333,0.5,0.0,16,2,False,1.0,0.0
j272161,2,delay_tolerant,0.5183,0.0,7.7333,0.5,0.0,13,2,True,1.0,0.0284
j272161,2,delay_tolerant,1.1333,0.0,8.6667,0.5,0.0,5,2,True,1.0,0.05
j272161,2,token_batch,1.68,0.668,12.4,0.5,4976.542,14,1,False,1.0,0.0
j272767,2,token_batch,1.475,1.2505,11.0,0.5,3771.184,13,1,False,1.0,0.0
j272898,2,delay_tolerant,1.2017,0.0,9.1333,0.5,0.0,19,2,True,1.0,0.05
j273112,2,token_batch,1.475,1.0116,11.0,0.5,3592.475,14,1,True,1.0,0.05
j273112,2,delay_tolerant,1.3383,0.0,10.0667,0.5,0.0,15,2,False,1.0,0.0
j273112,2,delay_tolerant,0.5183,0.0,7.7333,0.5,0.0,7,2,False,1.0,0.0
j273410,2,delay_tolerant,0.9283,0.0,7.7333,0.5,0.0,12,2,True,1.0,0.05
j273515,2,delay_tolerant,0.5183,0.0,7.7333,0.5,0.0,6,2,True,1.0,0.05
j274176,2,delay_tolerant,0.5183,0.0,7.7333,0.5,0.0,5,2,False,1.0,0.0
j274394,2,token_batch,1.475,0.4792,11.0,0.5,4424.551,16,1,True,1.0,0.05
j274433,2,delay_tolerant,1.4067,0.0,10.5333,0.5,0.0,20,2,False,1.0,0.0
j274990,2,delay_tolerant,1.1333,0.0,8.6667,0.5,0.0,17,2,True,1.0,0.05
j274990,2,delay_tolerant,0.86,0.0,7.7333,0.5,0.0,17,2,True,1.0,0.05
j275366,2,delay_tolerant,1.27,0.0,9.6,0.5,0.0,17,2,False,1.0,0.0
j275568,2,token_batch,1.475,1.309,11.0,0.5,3460.987,23,1,True,1.0,0.05
j275821,2,delay_tolerant,0.7233,0.0,7.7333,0.5,0.0,19,2,False,1.0,0.0
j276076,2,delay_tolerant,0.5183,0.0,7.7333,0.5,0.0,5,2,False,1.0,0.0
j276076,2,delay_tolerant,0.7917,0.0,7.7333,0.5,0.0,13,2,False,1.0,0.0
j276352,2,token_batch,1.475,0.7253,11.0,0.5,3596.28,22,1,True,1.0,0.1347
j276582,2,delay_tolerant,0.7917,0.0,7.7333,0.5,0.0,15,2,False,1.0,0.0
j276582,2,delay_tolerant,0.5183,0.0,7.7333,0.5,0.0,5,2,False,1.0,0.0
j276582,2,delay_tolerant,0.9967,0.0,7.7333,0.5,0.0,16,2,True,1.0,0.0562
j276649,2,token_batch,2.5,1.2712,18.0,0.5,5469.698,12,1,True,1.0,0.099
j276649,2,token_batch,1.7483,0.768,12.8667,0.5,5029.705,12,1,True,1.0,0.132
j276649,2,token_batch,2.5,1.2416,18.0,0.5,4861.458,13,1,False,1.0,0.0
j276649,2,token_batch,2.5,1.4482,18.0,0.5,4498.299,13,1,True,1.0,0.05
j276900,2,delay_tolerant,0.86,0.0,7.7333,0.5,0.0,13,2,True,1.0,0.05
j276900,2,delay_tolerant,1.1333,0.0,8.6667,0.5,0.0,13,2,True,1.0,0.05
j277106,2,token_batch,1.475,0.6451,11.0,0.5,3991.821,12,1,True,1.0,0.05
j277106,2,delay_tolerant,0.5867,0.0,7.7333,0.5,0.0,13,2,True,1.0,0.05
j277112,2,delay_tolerant,0.5183,0.0,7.7333,0.5,0.0,5,2,True,1.0,0.0987
j277499,2,delay_tolerant,0.5183,0.0,7.7333,0.5,0.0,5,2,True,1.0,0.0205
j27778,2,delay_tolerant,1.065,0.0,8.2,0.5,0.0,15,2,False,1.0,0.0
j27778,2,token_batch,1.475,0.8574,11.0,0.5,4359.671,15,1,False,1.0,0.0
j27778,2,token_batch,1.475,1.3556,11.0,0.5,3494.114,14,1,True,1.0,0.1732
j278166,2,delay_tolerant,0.5183,0.0,7.7333,0.5,0.0,23,2,False,1.0,0.0
j278166,2,delay_tolerant,0.7233,0.0,7.7333,0.5,0.0,23,2,False,1.0,0.0
j278166,2,token_batch,1.9533,0.0,14.2667,0.5,4550.965,6,1,False,1.0,0.0
j278248,2,delay_tolerant,0.5183,0.0,7.7333,0.5,0.0,5,2,False,1.0,0.0
j278552,2,delay_tolerant,0.86,0.0,7.7333,0.5,0.0,19,2,True,1.0,0.05
j278682,2,token_batch,1.475,1.1789,11.0,0.5,4334.595,19,1,True,1.0,0.05
j278791,2,token_batch,1.475,0.5564,11.0,0.5,4349.885,10,1,True,1.0,0.05
j279153,2,delay_tolerant,0.5183,0.0,7.7333,0.5,0.0,19,2,True,1.0,0.05
j279153,2,delay_tolerant,0.86,0.0,7.7333,0.5,0.0,19,2,True,1.0,0.05
j279153,2,delay_tolerant,1.065,0.0,8.2,0.5,0.0,19,2,False,1.0,0.0
j279285,2,token_batch,1.475,0.9088,11.0,0.5,4017.867,23,1,False,1.0,0.0
j279321,2,delay_tolerant,0.5183,0.0,7.7333,0.5,0.0,12,2,True,1.0,0.05
j28002,2,token_batch,1.475,0.6977,11.0,0.5,3487.066,10,1,True,1.0,0.05
j28002,2,delay_tolerant,0.5183,0.0,7.7333,0.5,0.0,10,2,False,1.0,0.0
j28002,2,delay_tolerant,1.27,0.5883,9.6,0.5,0.0,10,2,True,1.0,0.05
j28002,2,delay_tolerant,1.1333,0.411,8.6667,0.5,0.0,9,2,False,1.0,0.0
j280302,2,token_batch,1.475,1.27,11.0,0.5,4126.24,19,1,True,1.0,0.05
j280302,2,delay_tolerant,1.1333,0.0,8.6667,0.5,0.0,20,2,False,1.0,0.0
j280446,2,token_batch,1.475,1.0667,11.0,0.5,4153.702,19,1,True,1.0,0.05
j280504,2,token_batch,1.475,1.4213,11.0,0.5,4281.006,18,1,True,1.0,0.0829
j280504,2,token_batch,2.0217,0.0,14.7333,0.5,4393.091,18,1,False,1.0,0.0
j280504,2,delay_tolerant,0.7917,0.5312,7.7333,0.5,0.0,11,2,False,1.0,0.0
j280504,2,delay_tolerant,0.5183,0.3897,7.7333,0.5,0.0,19,2,True,1.0,0.0439
j280504,2,token_batch,1.68,0.5132,12.4,0.5,4973.716,18,1,False,1.0,0.0
j280504,2,delay_tolerant,0.5183,0.0,7.7333,0.5,0.0,12,2,False,1.0,0.0
j280504,2,token_batch,2.4317,0.5994,17.5333,0.5,5173.35,19,1,True,1.0,0.05
j280504,2,delay_tolerant,1.4067,0.0,10.5333,0.5,0.0,19,2,False,1.0,0.0
j280504,2,delay_tolerant,0.5183,0.0,7.7333,0.5,0.0,11,2,False,1.0,0.0
j280504,2,delay_tolerant,0.7233,0.0,7.7333,0.5,0.0,18,2,False,1.0,0.0
j280504,2,delay_tolerant,0.5183,0.0,7.7333,0.5,0.0,18,2,True,1.0,0.05
j280504,2,delay_tolerant,0.9283,0.4178,7.7333,0.5,0.0,19,2,True,1.0,0.05
j280504,2,delay_tolerant,1.065,0.0,8.2,0.5,0.0,9,2,True,1.0,0.06
j280893,2,token_batch,1.475,0.0,11.0,0.5,4484.921,16,1,True,1.0,0.1114
j280952,2,delay_tolerant,0.5183,0.0,7.7333,0.5,0.0,21,2,True,1.0,0.05
j280989,2,delay_tolerant,1.4067,0.0,10.5333,0.5,0.0,15,2,False,1.0,0.0
j281272,2,delay_tolerant,0.9283,0.0,7.7333,0.5,0.0,16,2,True,1.0,0.05
j282201,2,delay_tolerant,1.27,0.0,9.6,0.5,0.0,9,2,True,1.0,0.0365
j282458,2,token_batch,1.475,0.0,11.0,0.5,4598.152,9,1,True,1.0,0.1597
j282901,2,delay_tolerant,0.5183,0.0,7.7333,0.5,0.0,5,2,True,1.0,0.05
j282985,2,token_batch,1.475,0.8802,11.0,0.5,3909.638,18,1,True,1.0,0.1631
j282985,2,delay_tolerant,1.3383,0.3528,10.0667,0.5,0.0,18,2,False,1.0,0.0
j283000,2,delay_tolerant,0.9967,0.0,7.7333,0.5,0.0,10,2,False,1.0,0.0
j283147,2,delay_tolerant,1.4067,0.0,10.5333,0.5,0.0,20,2,False,1.0,0.0
j283147,2,delay_tolerant,1.27,0.0,9.6,0.5,0.0,16,2,False,1.0,0.0
j283503,2,delay_tolerant,0.86,0.0,7.7333,0.5,0.0,16,2,False,1.0,0.0
j283528,2,token_batch,1.475,0.0,11.0,0.5,3812.682,22,1,False,1.0,0.0
j283528,2,delay_tolerant,0.5867,0.0,7.7333,0.5,0.0,16,2,False,1.0,0.0
j283610,2,delay_tolerant,0.655,0.4663,7.7333,0.5,0.0,9,2,False,1.0,0.0
j283859,2,token_batch,2.5,1.071,18.0,0.5,4188.981,19,1,False,1.0,0.0
j283859,2,delay_tolerant,0.5183,0.0,7.7333,0.5,0.0,16,2,True,1.0,0.05
j283885,2,delay_tolerant,0.655,0.0,7.7333,0.5,0.0,16,2,True,1.0,0.05
j283885,2,delay_tolerant,1.4067,0.0,10.5333,0.5,0.0,17,2,False,1.0,0.0
j283885,2,delay_tolerant,0.5183,0.0,7.7333,0.5,0.0,16,2,True,1.0,0.05
j283885,2,delay_tolerant,0.5183,0.0,7.7333,0.5,0.0,16,2,True,1.0,0.0882
j283885,2,delay_tolerant,0.7917,0.0,7.7333,0.5,0.0,16,2,True,1.0,0.05
j283885,2,delay_tolerant,0.5867,0.0,7.7333,0.5,0.0,17,2,False,1.0,0.0
j28419,2,delay_tolerant,1.27,0.0,9.6,0.5,0.0,18,2,True,1.0,0.05
j284517,2,token_batch,1.68,1.1986,12.4,0.5,5056.532,12,1,True,1.0,0.05
j284517,2,token_batch,1.885,0.9101,13.8,0.5,4657.498,17,1,True,1.0,0.05
j284517,2,delay_tolerant,0.7917,0.0,7.7333,0.5,0.0,5,2,True,1.0,0.0943
j284517,2,delay_tolerant,0.5183,0.0,7.7333,0.5,0.0,17,2,False,1.0,0.0
j284517,2,delay_tolerant,0.86,0.0,7.7333,0.5,0.0,17,2,False,1.0,0.0
j285037,2,token_batch,1.475,1.3336,11.0,0.5,4464.354,22,1,True,1.0,0.1777
j285037,2,delay_tolerant,0.86,0.0,7.7333,0.5,0.0,5,2,False,1.0,0.0
j285382,2,delay_tolerant,0.5183,0.0,7.7333,0.5,0.0,12,2,True,1.0,0.05
j28554,2,delay_tolerant,1.3383,0.0,10.0667,0.5,0.0,16,2,True,1.0,0.05
j28554,2,delay_tolerant,0.5183,0.0,7.7333,0.5,0.0,7,2,True,1.0,0.05
j28554,2,token_batch,1.475,0.0,11.0,0.5,3469.605,16,1,True,1.0,0.1723
j285955,2,token_batch,1.475,0.0,11.0,0.5,4029.782,9,1,True,1.0,0.113
j28605,2,token_batch,2.3633,0.0,17.0667,0.5,4500.12,15,1,False,1.0,0.0
j286842,2,token_batch,1.475,1.2015,11.0,0.5,4274.963,13,1,True,1.0,0.1892
j286847,2,token_batch,1.475,1.0171,11.0,0.5,4411.131,12,1,False,1.0,0.0
j286847,2,delay_tolerant,1.1333,0.0,8.6667,0.5,0.0,12,2,False,1.0,0.0
j286877,2,delay_tolerant,1.27,0.2245,9.6,0.5,0.0,18,2,False,1.0,0.0
j286877,2,token_batch,1.475,1.452,11.0,0.5,4028.656,19,1,False,1.0,0.0
j286877,2,token_batch,1.475,0.7965,11.0,0.5,3941.352,19,1,True,1.0,0.1979
j286877,2,delay_tolerant,1.2017,0.0,9.1333,0.5,0.0,19,2,True,1.0,0.0642
j287052,2,token_batch,1.475,1.2816,11.0,0.5,3550.129,9,1,True,1.0,0.05
j28713,2,delay_tolerant,1.27,0.0,9.6,0.5,0.0,22,2,True,1.0,0.05
j287192,2,token_batch,1.475,0.4687,11.0,0.5,3482.7,18,1,True,1.0,0.05
j287263,2,delay_tolerant,0.5183,0.4833,7.7333,0.5,0.0,5,2,False,1.0,0.0
j287751,2,token_batch,1.475,0.6145,11.0,0.5,4296.345,13,1,True,1.0,0.05
j287939,2,token_batch,1.475,0.0,11.0,0.5,3454.923,15,1,False,1.0,0.0
j287939,2,delay_tolerant,0.9967,0.0,7.7333,0.5,0.0,15,2,True,1.0,0.05
j287939,2,delay_tolerant,0.5183,0.0,7.7333,0.5,0.0,12,2,False,1.0,0.0
j288405,2,delay_tolerant,0.7233,0.0,7.7333,0.5,0.0,13,2,False,1.0,0.0
j289281,2,delay_tolerant,1.065,0.0,8.2,0.5,0.0,12,2,True,1.0,0.05
j289777,2,token_batch,1.475,0.4138,11.0,0.5,4592.972,23,1,True,1.0,0.05
j289799,2,delay_tolerant,1.1333,0.0,8.6667,0.5,0.0,18,2,False,1.0,0.0
j289799,2,token_batch,1.475,1.317,11.0,0.5,4583.427,18,1,True,1.0,0.05
j289799,2,delay_tolerant,0.5183,0.0,7.7333,0.5,0.0,9,2,False,1.0,0.0
j290489,2,delay_tolerant,1.4067,0.0,10.5333,0.5,0.0,16,2,False,1.0,0.0
j29089,2,delay_tolerant,0.9283,0.0,7.7333,0.5,0.0,11,2,False,1.0,0.0
j291217,2,token_batch,1.475,0.0,11.0,0.5,4207.635,23,1,False,1.0,0.0
j291297,2,token_batch,1.885,0.9531,13.8,0.5,4157.931,17,1,True,1.0,0.1671
j291297,2,delay_tolerant,0.5867,0.0,7.7333,0.5,0.0,7,2,True,1.0,0.0806
j291297,2,delay_tolerant,0.5867,0.4373,7.7333,0.5,0.0,7,2,False,1.0,0.0
j291297,2,delay_tolerant,1.065,0.0,8.2,0.5,0.0,7,2,False,1.0,0.0
j291378,2,token_batch,1.475,0.0,11.0,0.5,3481.444,16,1,True,1.0,0.1083
j29141,2,token_batch,2.5,1.0367,18.0,0.5,5166.744,23,1,True,1.0,0.05
j291844,2,delay_tolerant,0.5183,0.0,7.7333,0.5,0.0,7,2,False,1.0,0.0
j291844,2,delay_tolerant,1.1333,0.0,8.6667,0.5,0.0,16,2,False,1.0,0.0
j291844,2,delay_tolerant,0.5183,0.0,7.7333,0.5,0.0,7,2,False,1.0,0.0
j291921,2,delay_tolerant,1.1333,0.0,8.6667,0.5,0.0,10,2,False,1.0,0.0
j291921,2,token_batch,1.475,0.0,11.0,0.5,4247.209,11,1,False,1.0,0.0
j292365,2,delay_tolerant,1.065,0.0,8.2,0.5,0.0,13,2,False,1.0,0.0
j292365,2,delay_tolerant,0.5183,0.0,7.7333,0.5,0.0,12,2,True,1.0,0.05
j292474,2,delay_tolerant,0.655,0.0,7.7333,0.5,0.0,12,2,False,1.0,0.0
j292675,2,token_batch,1.475,1.046,11.0,0.5,4293.25,19,1,False,1.0,0.0
j292755,2,token_batch,1.475,1.2057,11.0,0.5,3990.723,16,1,True,1.0,0.05
j292755,2,delay_tolerant,0.655,0.0,7.7333,0.5,0.0,6,2,True,1.0,0.0646
j292824,2,delay_tolerant,0.7917,0.3237,7.7333,0.5,0.0,23,2,False,1.0,0.0
j292864,2,token_batch,1.475,0.0,11.0,0.5,4565.286,13,1,False,1.0,0.0
j293064,2,token_batch,1.475,0.7262,11.0,0.5,4560.798,18,1,True,1.0,0.1935
j293373,2,token_batch,1.475,0.5451,11.0,0.5,4552.303,13,1,True,1.0,0.1114
j29357,2,delay_tolerant,0.5867,0.0,7.7333,0.5,0.0,13,2,False,1.0,0.0
j293724,2,token_batch,1.475,0.0,11.0,0.5,3613.31,22,1,False,1.0,0.0
j293768,2,delay_tolerant,0.655,0.0,7.7333,0.5,0.0,5,2,False,1.0,0.0
j293802,2,delay_tolerant,0.5183,0.0,7.7333,0.5,0.0,10,2,False,1.0,0.0
j293802,2,token_batch,1.475,1.4596,11.0,0.5,4147.693,10,1,True,1.0,0.05
j29464,2,token_batch,1.475,0.9272,11.0,0.5,3905.847,10,1,True,1.0,0.1265
j29464,2,token_batch,1.475,0.0,11.0,0.5,4153.255,11,1,False,1.0,0.0
j294937,2,delay_tolerant,0.5183,0.0,7.7333,0.5,0.0,15,2,False,1.0,0.0
j294937,2,token_batch,1.475,0.6958,11.0,0.5,3798.339,15,1,False,1.0,0.0
j294937,2,delay_tolerant,1.3383,0.0,10.0667,0.5,0.0,15,2,True,1.0,0.05
j295137,2,token_batch,1.475,0.8756,11.0,0.5,3589.078,16,1,False,1.0,0.0
j295755,2,token_batch,1.475,1.3848,11.0,0.5,3908.516,14,1,True,1.0,0.0969
j296163,2,delay_tolerant,0.5867,0.3185,7.7333,0.5,0.0,16,2,True,1.0,0.05
j296344,2,delay_tolerant,0.7233,0.0,7.7333,0.5,0.0,16,2,False,1.0,0.0
j296440,2,delay_tolerant,1.4067,0.0,10.5333,0.5,0.0,14,2,False,1.0,0.0
j296784,2,delay_tolerant,0.7233,0.0,7.7333,0.5,0.0,13,2,False,1.0,0.0
j296784,2,delay_tolerant,1.1333,0.0,8.6667,0.5,0.0,12,2,False,1.0,0.0
j297340,2,delay_tolerant,0.5183,0.0,7.7333,0.5,0.0,9,2,True,1.0,0.05
j297340,2,delay_tolerant,1.3383,0.0,10.0667,0.5,0.0,9,2,False,1.0,0.0
j29762,2,delay_tolerant,0.7233,0.0,7.7333,0.5,0.0,7,2,False,1.0,0.0
j29762,2,delay_tolerant,0.9283,0.0,7.7333,0.5,0.0,13,2,False,1.0,0.0
j297678,2,delay_tolerant,1.3383,0.0,10.0667,0.5,0.0,18,2,False,1.0,0.0
j297678,2,token_batch,1.475,0.0,11.0,0.5,4425.244,16,1,True,1.0,0.1588
j297678,2,delay_tolerant,1.4067,0.0,10.5333,0.5,0.0,18,2,True,1.0,0.0973
j297925,2,delay_tolerant,0.5183,0.0,7.7333,0.5,0.0,20,2,False,1.0,0.0
j297925,2,token_batch,1.475,0.0,11.0,0.5,4138.511,20,1,True,1.0,0.1456
j297925,2,token_batch,1.475,1.382,11.0,0.5,4588.66,19,1,True,1.0,0.1846
j298042,2,delay_tolerant,0.655,0.0,7.7333,0.5,0.0,5,2,True,1.0,0.05
j298100,2,token_batch,1.475,0.0,11.0,0.5,4172.814,20,1,False,1.0,0.0
j298100,2,token_batch,1.475,0.0,11.0,0.5,4024.089,20,1,True,1.0,0.1795
j298107,2,token_batch,1.475,0.0,11.0,0.5,4509.352,11,1,True,1.0,0.0897
j298107,2,delay_tolerant,1.3383,0.2315,10.0667,0.5,0.0,11,2,False,1.0,0.0
j298107,2,token_batch,1.475,1.112,11.0,0.5,3721.898,12,1,True,1.0,0.0922
j298227,2,token_batch,1.475,0.6824,11.0,0.5,4111.809,23,1,False,1.0,0.0
j29837,2,token_batch,2.5,0.417,18.0,0.5,4316.785,12,1,False,1.0,0.0
j299331,2,delay_tolerant,0.5183,0.0,7.7333,0.5,0.0,16,2,True,1.0,0.05
j299824,2,delay_tolerant,1.2017,0.0,9.1333,0.5,0.0,14,2,False,1.0,0.0
j300035,2,delay_tolerant,1.1333,0.0,8.6667,0.5,0.0,23,2,False,1.0,0.0
j300127,2,token_batch,1.475,1.249,11.0,0.5,4554.332,23,1,False,1.0,0.0
j301452,2,delay_tolerant,0.655,0.0,7.7333,0.5,0.0,19,2,False,1.0,0.0
j301506,2,token_batch,1.475,0.0,11.0,0.5,4202.282,23,1,True,1.0,0.1936
j302196,2,delay_tolerant,0.7917,0.229,7.7333,0.5,0.0,14,2,True,1.0,0.05
j302196,2,token_batch,1.475,0.0,11.0,0.5,3815.664,23,1,True,1.0,0.1123
j302196,2,token_batch,2.0217,0.0,14.7333,0.5,4944.578,17,1,True,1.0,0.1988
j302196,2,token_batch,1.475,1.46,11.0,0.5,4197.51,22,1,True,1.0,0.0809
j302196,2,token_batch,2.09,0.68,15.2,0.5,4274.694,23,1,False,1.0,0.0
j302196,2,delay_tolerant,0.5183,0.0,7.7333,0.5,0.0,22,2,True,1.0,0.05
j302196,2,delay_tolerant,1.2017,0.0,9.1333,0.5,0.0,22,2,True,1.0,0.05
j302196,2,token_batch,1.475,0.0,11.0,0.5,4172.435,23,1,True,1.0,0.1941
j302196,2,delay_tolerant,1.4067,0.0,10.5333,0.5,0.0,22,2,False,1.0,0.0
j302329,2,delay_tolerant,1.27,0.0,9.6,0.5,0.0,22,2,False,1.0,0.0
j302582,2,delay_tolerant,0.5183,0.0,7.7333,0.5,0.0,14,2,True,1.0,0.05
j302582,2,delay_sensitive,0.5183,0.0,7.7333,0.5,0.0,3,3,False,1.0,0.0
j302582,2,delay_tolerant,0.5183,0.0,7.7333,0.5,0.0,7,2,False,1.0,0.0
j302754,2,delay_tolerant,1.27,0.0,9.6,0.5,0.0,13,2,False,1.0,0.0
j302754,2,token_batch,1.475,0.6462,11.0,0.5,3745.743,13,1,True,1.0,0.1288
j303204,2,token_batch,1.475,0.7068,11.0,0.5,3536.565,10,1,False,1.0,0.0
j303439,2,token_batch,1.475,0.0,11.0,0.5,4230.785,23,1,False,1.0,0.0
j303439,2,token_batch,1.475,0.8181,11.0,0.5,3870.39,23,1,True,1.0,0.05
j303439,2,delay_tolerant,1.2017,0.0,9.1333,0.5,0.0,23,2,True,1.0,0.0332
j303512,2,delay_tolerant,0.86,0.0,7.7333,0.5,0.0,16,2,True,1.0,0.05
j303765,2,delay_tolerant,1.2017,0.0,9.1333,0.5,0.0,23,2,False,1.0,0.0
j304123,2,delay_tolerant,0.7233,0.0,7.7333,0.5,0.0,15,2,True,1.0,0.05
j304123,2,delay_tolerant,0.5183,0.0,7.7333,0.5,0.0,15,2,False,1.0,0.0
j304123,2,delay_tolerant,0.655,0.0,7.7333,0.5,0.0,14,2,True,1.0,0.05
j304123,2,delay_tolerant,1.3383,0.0,10.0667,0.5,0.0,14,2,True,1.0,0.05
j304123,2,delay_tolerant,0.5183,0.0,7.7333,0.5,0.0,15,2,False,1.0,0.0
j304123,2,token_batch,1.5433,1.0964,11.4667,0.5,4852.806,6,1,False,1.0,0.0
j304455,2,token_batch,1.475,1.4393,11.0,0.5,3742.599,14,1,True,1.0,0.167
j304455,2,delay_tolerant,1.2017,0.0,9.1333,0.5,0.0,13,2,False,1.0,0.0
j304455,2,delay_tolerant,0.7917,0.0,7.7333,0.5,0.0,14,2,True,1.0,0.05
j305039,2,token_batch,1.475,0.7038,11.0,0.5,4550.073,12,1,True,1.0,0.05
j305414,2,delay_tolerant,1.3383,0.0,10.0667,0.5,0.0,16,2,True,1.0,0.05
j30561,2,token_batch,1.475,0.0,11.0,0.5,3547.407,19,1,False,1.0,0.0
j30562,2,delay_tolerant,0.7233,0.0,7.7333,0.5,0.0,16,2,False,1.0,0.0
j30562,2,delay_tolerant,1.2017,0.0,9.1333,0.5,0.0,20,2,False,1.0,0.0
j305702,2,token_batch,1.475,1.2162,11.0,0.5,4472.723,23,1,True,1.0,0.05
j305878,2,delay_tolerant,1.4067,0.3484,10.5333,0.5,0.0,10,2,False,1.0,0.0
j306080,2,token_batch,1.475,0.466,11.0,0.5,4592.306,13,1,True,1.0,0.1566
j306080,2,delay_tolerant,0.7917,0.0,7.7333,0.5,0.0,13,2,True,1.0,0.05
j30647,2,token_batch,1.475,0.4442,11.0,0.5,3842.863,10,1,True,1.0,0.1209
j306729,2,token_batch,1.475,1.4627,11.0,0.5,4254.715,16,1,False,1.0,0.0
j306729,2,token_batch,1.475,0.0,11.0,0.5,4625.632,16,1,True,1.0,0.1978
j306770,2,delay_sensitive,0.5183,0.0,7.7333,0.5,0.0,3,3,False,1.0,0.0
j307034,2,token_batch,1.475,0.8888,11.0,0.5,3647.967,23,1,False,1.0,0.0
j307034,2,token_batch,1.475,1.2392,11.0,0.5,3885.209,22,1,True,1.0,0.05
j308013,2,delay_tolerant,1.065,0.0,8.2,0.5,0.0,17,2,False,1.0,0.0
j308188,2,delay_tolerant,1.1333,0.0,8.6667,0.5,0.0,19,2,False,1.0,0.0
j308405,2,token_batch,1.475,1.4498,11.0,0.5,4455.247,12,1,True,1.0,0.0859
j308618,2,token_batch,1.475,1.4199,11.0,0.5,4470.546,23,1,True,1.0,0.05
j308984,2,token_batch,1.475,0.6805,11.0,0.5,4156.313,23,1,True,1.0,0.1688
j309245,2,delay_tolerant,0.7917,0.0,7.7333,0.5,0.0,5,2,False,1.0,0.0
j309563,2,token_batch,1.475,1.4478,11.0,0.5,3537.136,23,1,True,1.0,0.05
j309850,2,delay_tolerant,1.27,0.0,9.6,0.5,0.0,19,2,True,1.0,0.05
j310161,2,delay_tolerant,0.5183,0.0,7.7333,0.5,0.0,19,2,True,1.0,0.05
j310271,2,token_batch,1.5433,0.7233,11.4667,0.5,4156.984,13,1,True,1.0,0.1343
j311142,2,token_batch,1.475,0.9419,11.0,0.5,4400.194,16,1,True,1.0,0.05
j311531,2,token_batch,1.475,0.6924,11.0,0.5,4370.362,23,1,False,1.0,0.0
j311755,2,token_batch,1.475,0.5137,11.0,0.5,4407.653,12,1,True,1.0,0.05
j31200,2,delay_tolerant,1.065,0.0,8.2,0.5,0.0,13,2,True,1.0,0.05
j312136,2,delay_tolerant,1.065,0.0,8.2,0.5,0.0,12,2,False,1.0,0.0
j312136,2,delay_tolerant,1.1333,0.0,8.6667,0.5,0.0,11,2,False,1.0,0.0
j312157,2,delay_tolerant,1.4067,0.0,10.5333,0.5,0.0,13,2,False,1.0,0.0
j31276,2,delay_tolerant,1.1333,0.0,8.6667,0.5,0.0,12,2,False,1.0,0.0
j313380,2,delay_tolerant,0.9283,0.0,7.7333,0.5,0.0,9,2,False,1.0,0.0
j313653,2,delay_tolerant,1.3383,0.0,10.0667,0.5,0.0,16,2,False,1.0,0.0
j313703,2,delay_tolerant,0.5867,0.0,7.7333,0.5,0.0,5,2,False,1.0,0.0
j313914,2,delay_tolerant,0.86,0.0,7.7333,0.5,0.0,19,2,False,1.0,0.0
j313950,2,token_batch,1.68,1.2119,12.4,0.5,4132.926,6,1,True,1.0,0.05
j314004,2,token_batch,1.475,0.533,11.0,0.5,4616.402,21,1,True,1.0,0.05
j314177,2,delay_tolerant,0.655,0.0,7.7333,0.5,0.0,22,2,True,1.0,0.0649
j314314,2,delay_tolerant,0.5867,0.0,7.7333,0.5,0.0,17,2,False,1.0,0.0
j314314,2,delay_tolerant,0.86,0.0,7.7333,0.5,0.0,23,2,True,1.0,0.05
j31462,2,delay_tolerant,1.3383,0.0,10.0667,0.5,0.0,16,2,False,1.0,0.0
j314660,2,delay_tolerant,0.5183,0.2669,7.7333,0.5,0.0,17,2,False,1.0,0.0
j31477,2,delay_sensitive,0.5183,0.0,7.7333,0.5,0.0,3,3,False,1.0,0.0
j314799,2,delay_tolerant,0.86,0.0,7.7333,0.5,0.0,16,2,True,1.0,0.05
j314799,2,token_batch,1.475,0.0,11.0,0.5,3757.278,16,1,False,1.0,0.0
j315314,2,delay_tolerant,1.1333,0.0,8.6667,0.5,0.0,10,2,True,1.0,0.0465
j315314,2,delay_tolerant,0.5183,0.0,7.7333,0.5,0.0,5,2,False,1.0,0.0
j315813,2,delay_tolerant,0.5183,0.0,7.7333,0.5,0.0,5,2,True,1.0,0.0954
j315861,2,token_batch,1.475,0.6471,11.0,0.5,4391.435,11,1,True,1.0,0.05
j316395,2,token_batch,1.475,1.2352,11.0,0.5,4625.76,22,1,True,1.0,0.05
j31643,2,delay_tolerant,1.1333,0.0,8.6667,0.5,0.0,19,2,True,1.0,0.05
j316639,2,delay_tolerant,1.3383,0.0,10.0667,0.5,0.0,13,2,True,1.0,0.05
j316639,2,token_batch,1.475,0.9976,11.0,0.5,4182.502,13,1,False,1.0,0.0
j316639,2,delay_tolerant,0.7917,0.0,7.7333,0.5,0.0,12,2,False,1.0,0.0
j316639,2,token_batch,1.475,1.0042,11.0,0.5,3805.478,13,1,True,1.0,0.05
j316779,2,delay_tolerant,1.2017,0.0,9.1333,0.5,0.0,11,2,False,1.0,0.0
j31687,2,delay_tolerant,0.5183,0.0,7.7333,0.5,0.0,11,2,False,1.0,0.0
j31687,2,token_batch,2.5,1.3264,18.0,0.5,4663.027,13,1,True,1.0,0.05
j316952,2,delay_sensitive,1.68,0.0,12.4,0.5,0.0,3,3,False,1.0,0.0
j316952,2,token_batch,1.68,0.9412,12.4,0.5,5126.2,6,1,False,1.0,0.0
j316952,2,token_batch,1.7483,0.0,12.8667,0.5,4761.18,7,1,False,1.0,0.0
j31770,2,delay_tolerant,1.2017,0.0,9.1333,0.5,0.0,22,2,False,1.0,0.0
j31770,2,delay_tolerant,0.5867,0.0,7.7333,0.5,0.0,21,2,False,1.0,0.0
j317703,2,delay_tolerant,0.655,0.0,7.7333,0.5,0.0,5,2,True,1.0,0.05
j318234,2,token_batch,2.5,0.9789,18.0,0.5,5136.757,16,1,True,1.0,0.1653
j318338,2,delay_tolerant,1.4067,0.0,10.5333,0.5,0.0,13,2,True,1.0,0.05
j318755,2,delay_tolerant,1.1333,0.0,8.6667,0.5,0.0,13,2,False,1.0,0.0
j318755,2,token_batch,1.475,1.0665,11.0,0.5,4135.603,12,1,True,1.0,0.05
j319246,2,delay_tolerant,0.5183,0.0,7.7333,0.5,0.0,22,2,True,1.0,0.05
j319432,2,delay_tolerant,1.065,0.0,8.2,0.5,0.0,15,2,True,1.0,0.05
j319432,2,delay_tolerant,1.4067,0.0,10.5333,0.5,0.0,15,2,False,1.0,0.0
j319470,2,delay_tolerant,1.065,0.0,8.2,0.5,0.0,20,2,True,1.0,0.05
j319620,2,delay_tolerant,0.7917,0.0,7.7333,0.5,0.0,21,2,True,1.0,0.05
j320035,2,delay_tolerant,0.86,0.0,7.7333,0.5,0.0,9,2,True,1.0,0.0857
j320035,2,token_batch,1.475,1.2289,11.0,0.5,4544.204,9,1,False,1.0,0.0
j320177,2,token_batch,1.475,0.4898,11.0,0.5,3473.009,13,1,True,1.0,0.1382
j320177,2,token_batch,1.475,0.0,11.0,0.5,3960.486,14,1,True,1.0,0.0904
j320177,2,token_batch,1.475,0.403,11.0,0.5,4021.44,13,1,True,1.0,0.1979
j320177,2,token_batch,1.475,1.3966,11.0,0.5,3555.778,13,1,True,1.0,0.0897
j320359,2,token_batch,1.8167,1.2079,13.3333,0.5,4357.053,6,1,True,1.0,0.05
j320359,2,delay_tolerant,0.5183,0.0,7.7333,0.5,0.0,22,2,False,1.0,0.0
j320365,2,delay_tolerant,0.9283,0.0,7.7333,0.5,0.0,19,2,False,1.0,0.0
j321346,2,delay_tolerant,1.2017,0.0,9.1333,0.5,0.0,10,2,False,1.0,0.0
j321346,2,token_batch,2.5,0.597,18.0,0.5,4392.086,10,1,False,1.0,0.0
j321346,2,token_batch,2.5,0.0,18.0,0.5,5586.182,10,1,True,1.0,0.1645
j321346,2,delay_tolerant,0.5183,0.0,7.7333,0.5,0.0,10,2,True,1.0,0.05
j322020,2,token_batch,1.475,1.0522,11.0,0.5,4173.363,21,1,True,1.0,0.05
j322047,2,token_batch,1.475,0.0,11.0,0.5,4410.909,17,1,True,1.0,0.1843
j322298,2,delay_tolerant,0.5183,0.0,7.7333,0.5,0.0,5,2,True,1.0,0.05
j322821,2,delay_tolerant,0.5183,0.0,7.7333,0.5,0.0,5,2,True,1.0,0.05
j322821,2,delay_tolerant,0.5867,0.0,7.7333,0.5,0.0,14,2,False,1.0,0.0
j322821,2,delay_tolerant,0.5183,0.0,7.7333,0.5,0.0,12,2,False,1.0,0.0
j323205,2,delay_tolerant,0.5867,0.0,7.7333,0.5,0.0,9,2,True,1.0,0.05
j323205,2,token_batch,1.475,0.0,11.0,0.5,4485.658,9,1,False,1.0,0.0
j323205,2,delay_tolerant,1.3383,0.0,10.0667,0.5,0.0,10,2,True,1.0,0.05
j323876,2,token_batch,1.475,1.1043,11.0,0.5,4296.957,10,1,False,1.0,0.0
j323998,2,delay_tolerant,1.2017,0.0,9.1333,0.5,0.0,17,2,False,1.0,0.0
j324169,2,token_batch,1.475,0.65,11.0,0.5,4515.962,19,1,False,1.0,0.0
j324169,2,delay_tolerant,0.5183,0.0,7.7333,0.5,0.0,14,2,True,1.0,0.05
j324254,2,delay_tolerant,0.9967,0.0,7.7333,0.5,0.0,15,2,True,1.0,0.0807
j324784,2,delay_tolerant,1.3383,0.0,10.0667,0.5,0.0,9,2,True,1.0,0.05
j324784,2,delay_tolerant,0.9967,0.0,7.7333,0.5,0.0,9,2,False,1.0,0.0
j324784,2,delay_tolerant,0.5183,0.0,7.7333,0.5,0.0,9,2,True,1.0,0.0654
j324784,2,delay_tolerant,1.27,0.0,9.6,0.5,0.0,9,2,False,1.0,0.0
j325158,2,delay_tolerant,0.5183,0.0,7.7333,0.5,0.0,5,2,False,1.0,0.0
j325158,2,delay_tolerant,1.065,0.3589,8.2,0.5,0.0,12,2,True,1.0,0.0377
j325603,2,delay_tolerant,0.7233,0.0,7.7333,0.5,0.0,16,2,True,1.0,0.05
j325808,2,delay_tolerant,1.1333,0.0,8.6667,0.5,0.0,22,2,True,1.0,0.023
j325808,2,delay_tolerant,1.2017,0.0,9.1333,0.5,0.0,22,2,False,1.0,0.0
j325893,2,token_batch,2.5,0.9295,18.0,0.5,4508.426,16,1,False,1.0,0.0
j326,2,delay_tolerant,1.3383,0.0,10.0667,0.5,0.0,15,2,False,1.0,0.0
j326168,2,delay_tolerant,0.5183,0.0,7.7333,0.5,0.0,5,2,False,1.0,0.0
j326437,2,token_batch,1.475,1.4112,11.0,0.5,4571.632,9,1,True,1.0,0.05
j326458,2,delay_tolerant,1.3383,0.0,10.0667,0.5,0.0,15,2,False,1.0,0.0
j326628,2,delay_tolerant,1.3383,0.2457,10.0667,0.5,0.0,9,2,True,1.0,0.0224
j326628,2,delay_sensitive,0.5183,0.0,7.7333,0.5,0.0,3,3,False,1.0,0.0
j326638,2,delay_tolerant,0.5183,0.0,7.7333,0.5,0.0,5,2,False,1.0,0.0
j326740,2,delay_tolerant,0.86,0.0,7.7333,0.5,0.0,15,2,False,1.0,0.0
j326891,2,token_batch,1.475,0.4585,11.0,0.5,4621.12,12,1,False,1.0,0.0
j327121,2,token_batch,1.475,0.6378,11.0,0.5,3884.921,13,1,False,1.0,0.0
j327121,2,delay_tolerant,1.4067,0.0,10.5333,0.5,0.0,14,2,True,1.0,0.05
j327597,2,delay_tolerant,1.27,0.5472,9.6,0.5,0.0,23,2,True,1.0,0.05
j327710,2,token_batch,1.475,1.2005,11.0,0.5,3507.979,13,1,False,1.0,0.0
j32851,2,delay_tolerant,0.9967,0.0,7.7333,0.5,0.0,17,2,True,1.0,0.0578
j328611,2,delay_tolerant,0.5183,0.0,7.7333,0.5,0.0,13,2,True,1.0,0.0308
j329095,2,token_batch,1.475,0.6824,11.0,0.5,4578.963,13,1,True,1.0,0.1339
j329095,2,delay_tolerant,1.4067,0.0,10.5333,0.5,0.0,13,2,False,1.0,0.0
j329308,2,delay_tolerant,1.065,0.0,8.2,0.5,0.0,16,2,True,1.0,0.05
j330407,2,delay_tolerant,1.2017,0.0,9.1333,0.5,0.0,22,2,False,1.0,0.0
j330697,2,delay_tolerant,0.5183,0.3673,7.7333,0.5,0.0,11,2,False,1.0,0.0
j330697,2,delay_tolerant,0.5867,0.0,7.7333,0.5,0.0,5,2,False,1.0,0.0
j330918,2,token_batch,1.475,0.7933,11.0,0.5,4359.396,17,1,False,1.0,0.0
j331059,2,token_batch,1.475,0.5643,11.0,0.5,3926.963,10,1,True,1.0,0.05
j331130,2,delay_tolerant,0.86,0.0,7.7333,0.5,0.0,19,2,True,1.0,0.0278
j331130,2,delay_tolerant,0.5183,0.0,7.7333,0.5,0.0,9,2,True,1.0,0.05
j331187,2,delay_tolerant,0.5183,0.0,7.7333,0.5,0.0,16,2,False,1.0,0.0
j331281,2,token_batch,1.475,0.0,11.0,0.5,4009.128,21,1,False,1.0,0.0
j331521,2,delay_tolerant,0.7233,0.0,7.7333,0.5,0.0,22,2,False,1.0,0.0
j331584,2,delay_tolerant,0.9283,0.0,7.7333,0.5,0.0,15,2,False,1.0,0.0
j331951,2,delay_tolerant,0.5867,0.0,7.7333,0.5,0.0,9,2,True,1.0,0.05
j331951,2,token_batch,1.475,0.4227,11.0,0.5,4166.11,10,1,True,1.0,0.05
j332002,2,delay_tolerant,0.5867,0.0,7.7333,0.5,0.0,22,2,False,1.0,0.0
j332036,2,delay_tolerant,1.065,0.0,8.2,0.5,0.0,19,2,True,1.0,0.05
j332186,2,delay_tolerant,0.5183,0.0,7.7333,0.5,0.0,23,2,True,1.0,0.0683
j332323,2,delay_tolerant,1.4067,0.0,10.5333,0.5,0.0,14,2,True,1.0,0.05
j332333,2,token_batch,1.8167,0.0,13.3333,0.5,4053.549,14,1,False,1.0,0.0
j332333,2,delay_tolerant,1.4067,0.0,10.5333,0.5,0.0,14,2,True,1.0,0.0342
j332333,2,delay_tolerant,0.5183,0.0,7.7333,0.5,0.0,5,2,True,1.0,0.05
j332333,2,delay_tolerant,0.5183,0.0,7.7333,0.5,0.0,21,2,False,1.0,0.0
j332333,2,token_batch,2.5,0.7752,18.0,0.5,4314.744,22,1,True,1.0,0.05
j332333,2,delay_tolerant,0.5183,0.0,7.7333,0.5,0.0,21,2,False,1.0,0.0
j332333,2,token_batch,2.5,0.4431,18.0,0.5,5177.121,14,1,False,1.0,0.0
j332333,2,delay_tolerant,0.5183,0.4136,7.7333,0.5,0.0,21,2,False,1.0,0.0
j332333,2,token_batch,1.9533,1.272,14.2667,0.5,4170.904,16,1,False,1.0,0.0
j332333,2,delay_tolerant,0.5183,0.0,7.7333,0.5,0.0,22,2,False,1.0,0.0
j332333,2,delay_tolerant,1.065,0.0,8.2,0.5,0.0,16,2,False,1.0,0.0
j332467,2,delay_tolerant,1.1333,0.0,8.6667,0.5,0.0,22,2,False,1.0,0.0
j332467,2,token_batch,1.475,0.6104,11.0,0.5,4375.948,22,1,False,1.0,0.0
j332916,2,delay_tolerant,0.9283,0.0,7.7333,0.5,0.0,13,2,False,1.0,0.0
j332916,2,token_batch,1.475,0.462,11.0,0.5,3614.2,13,1,True,1.0,0.05
j333036,2,token_batch,1.475,0.8963,11.0,0.5,3519.522,9,1,True,1.0,0.1012
j333036,2,token_batch,1.475,0.5972,11.0,0.5,3453.711,9,1,False,1.0,0.0
j333036,2,delay_tolerant,0.5867,0.0,7.7333,0.5,0.0,5,2,True,1.0,0.05
j333036,2,delay_tolerant,0.5867,0.0,7.7333,0.5,0.0,5,2,False,1.0,0.0
j333316,2,delay_tolerant,1.2017,0.0,9.1333,0.5,0.0,21,2,True,1.0,0.05
j333644,2,delay_sensitive,0.5183,0.0,7.7333,0.5,0.0,3,3,False,1.0,0.0
j333644,2,delay_tolerant,1.2017,0.0,9.1333,0.5,0.0,16,2,False,1.0,0.0
j333644,2,delay_tolerant,0.5183,0.4115,7.7333,0.5,0.0,15,2,False,1.0,0.0
j333677,2,token_batch,1.475,0.4912,11.0,0.5,4400.886,17,1,True,1.0,0.0897
j333677,2,delay_tolerant,1.065,0.0,8.2,0.5,0.0,17,2,True,1.0,0.05
j334311,2,delay_tolerant,0.5183,0.0,7.7333,0.5,0.0,5,2,False,1.0,0.0
j3349,2,delay_tolerant,1.4067,0.0,10.5333,0.5,0.0,20,2,True,1.0,0.05
j3349,2,delay_tolerant,1.065,0.0,8.2,0.5,0.0,20,2,False,1.0,0.0
j3349,2,delay_tolerant,0.5183,0.0,7.7333,0.5,0.0,19,2,True,1.0,0.0702
j335208,2,token_batch,1.475,0.0,11.0,0.5,4585.545,12,1,True,1.0,0.0928
j335669,2,token_batch,1.475,1.2012,11.0,0.5,3674.706,23,1,True,1.0,0.05
j336175,2,delay_tolerant,0.5867,0.0,7.7333,0.5,0.0,9,2,True,1.0,0.0496
j336175,2,token_batch,1.475,1.4393,11.0,0.5,4520.566,9,1,True,1.0,0.05
j336273,2,delay_tolerant,1.4067,0.0,10.5333,0.5,0.0,22,2,True,1.0,0.05
j336273,2,delay_tolerant,0.9967,0.0,7.7333,0.5,0.0,14,2,True,1.0,0.0826
j336366,2,delay_tolerant,0.7917,0.0,7.7333,0.5,0.0,17,2,True,1.0,0.05
j33641,2,delay_tolerant,1.065,0.0,8.2,0.5,0.0,10,2,False,1.0,0.0
j33641,2,delay_tolerant,0.5183,0.0,7.7333,0.5,0.0,5,2,False,1.0,0.0
j33641,2,token_batch,1.5433,1.0864,11.4667,0.5,5138.465,12,1,True,1.0,0.05
j336592,2,token_batch,1.475,1.329,11.0,0.5,4145.495,13,1,True,1.0,0.05
j336927,2,delay_tolerant,1.1333,0.0,8.6667,0.5,0.0,14,2,False,1.0,0.0
j337128,2,delay_tolerant,1.065,0.0,8.2,0.5,0.0,16,2,False,1.0,0.0
j337161,2,delay_tolerant,0.5183,0.0,7.7333,0.5,0.0,15,2,True,1.0,0.0611
j337161,2,delay_tolerant,0.5183,0.0,7.7333,0.5,0.0,15,2,False,1.0,0.0
j337197,2,delay_tolerant,0.9967,0.0,7.7333,0.5,0.0,13,2,True,1.0,0.05
j337266,2,delay_tolerant,1.4067,0.0,10.5333,0.5,0.0,12,2,True,1.0,0.05
j337266,2,token_batch,1.475,0.5945,11.0,0.5,4470.372,12,1,True,1.0,0.1893
j337266,2,delay_tolerant,0.5183,0.0,7.7333,0.5,0.0,5,2,False,1.0,0.0
j337266,2,delay_tolerant,0.5183,0.4071,7.7333,0.5,0.0,5,2,False,1.0,0.0
j337266,2,delay_tolerant,0.9283,0.0,7.7333,0.5,0.0,11,2,False,1.0,0.0
j337725,2,delay_tolerant,0.7233,0.0,7.7333,0.5,0.0,6,2,True,1.0,0.05
j338415,2,delay_tolerant,0.86,0.0,7.7333,0.5,0.0,17,2,False,1.0,0.0
j338894,2,delay_tolerant,1.065,0.0,8.2,0.5,0.0,22,2,False,1.0,0.0
j338894,2,delay_tolerant,0.7917,0.0,7.7333,0.5,0.0,22,2,False,1.0,0.0
j339023,2,delay_tolerant,0.5183,0.0,7.7333,0.5,0.0,18,2,False,1.0,0.0
j339129,2,delay_tolerant,0.5183,0.5496,7.7333,0.5,0.0,5,2,True,1.0,0.05
j339305,2,delay_tolerant,0.5183,0.0,7.7333,0.5,0.0,12,2,False,1.0,0.0
j339385,2,delay_tolerant,0.9967,0.0,7.7333,0.5,0.0,12,2,False,1.0,0.0
j339385,2,token_batch,2.5,1.2259,18.0,0.5,5526.098,19,1,True,1.0,0.1367
j339428,2,delay_tolerant,1.065,0.5961,8.2,0.5,0.0,23,2,True,1.0,0.05
j339707,2,delay_tolerant,0.5183,0.0,7.7333,0.5,0.0,21,2,False,1.0,0.0
j339707,2,token_batch,2.5,1.0119,18.0,0.5,4917.332,16,1,False,1.0,0.0
j339755,2,token_batch,2.5,0.794,18.0,0.5,4218.541,23,1,True,1.0,0.1784
j340028,2,token_batch,1.475,0.0,11.0,0.5,4524.328,18,1,False,1.0,0.0
j340028,2,delay_tolerant,1.2017,0.0,9.1333,0.5,0.0,19,2,True,1.0,0.0723
j340028,2,delay_tolerant,1.2017,0.0,9.1333,0.5,0.0,19,2,True,1.0,0.0974
j340188,2,delay_tolerant,0.7917,0.0,7.7333,0.5,0.0,5,2,False,1.0,0.0
j340464,2,delay_tolerant,1.2017,0.0,9.1333,0.5,0.0,13,2,True,1.0,0.026
j340464,2,token_batch,1.475,1.2177,11.0,0.5,3925.777,13,1,True,1.0,0.1749
j340574,2,delay_tolerant,1.3383,0.0,10.0667,0.5,0.0,20,2,False,1.0,0.0
j340598,2,delay_tolerant,0.5183,0.0,7.7333,0.5,0.0,5,2,True,1.0,0.05
j340799,2,delay_tolerant,0.86,0.0,7.7333,0.5,0.0,22,2,False,1.0,0.0
j340799,2,delay_tolerant,0.5183,0.0,7.7333,0.5,0.0,22,2,False,1.0,0.0
j34185,2,delay_tolerant,0.5183,0.0,7.7333,0.5,0.0,5,2,True,1.0,0.05
j342098,2,delay_tolerant,0.5183,0.0,7.7333,0.5,0.0,10,2,True,1.0,0.07
j342148,2,delay_tolerant,1.4067,0.0,10.5333,0.5,0.0,13,2,False,1.0,0.0
j342148,2,delay_tolerant,1.1333,0.0,8.6667,0.5,0.0,12,2,True,1.0,0.0768
j342225,2,token_batch,1.475,1.1832,11.0,0.5,3819.334,15,1,True,1.0,0.05
j342225,2,token_batch,1.475,1.0937,11.0,0.5,3529.868,14,1,True,1.0,0.05
j342548,2,delay_tolerant,1.27,0.0,9.6,0.5,0.0,20,2,True,1.0,0.05
j343190,2,token_batch,1.475,1.0159,11.0,0.5,3872.606,20,1,True,1.0,0.1553
j343471,2,delay_tolerant,1.1333,0.0,8.6667,0.5,0.0,23,2,False,1.0,0.0
j343533,2,delay_tolerant,0.7917,0.0,7.7333,0.5,0.0,16,2,False,1.0,0.0
j343533,2,delay_tolerant,0.5183,0.0,7.7333,0.5,0.0,5,2,False,1.0,0.0
j343533,2,delay_tolerant,0.9283,0.0,7.7333,0.5,0.0,14,2,False,1.0,0.0
j343533,2,token_batch,1.5433,0.5243,11.4667,0.5,4262.517,14,1,False,1.0,0.0
j344282,2,delay_tolerant,1.1333,0.0,8.6667,0.5,0.0,5,2,False,1.0,0.0
j344282,2,token_batch,2.5,1.3745,18.0,0.5,5350.325,13,1,True,1.0,0.05
j344282,2,token_batch,1.68,0.9277,12.4,0.5,4392.308,6,1,True,1.0,0.1314
j344282,2,delay_tolerant,1.2017,0.0,9.1333,0.5,0.0,5,2,True,1.0,0.05
j344399,2,delay_tolerant,0.5183,0.0,7.7333,0.5,0.0,5,2,False,1.0,0.0
j344679,2,delay_tolerant,0.7917,0.0,7.7333,0.5,0.0,16,2,False,1.0,0.0
j344679,2,delay_tolerant,0.655,0.0,7.7333,0.5,0.0,20,2,False,1.0,0.0
j345030,2,token_batch,2.5,0.7725,18.0,0.5,4712.612,13,1,True,1.0,0.05
j345067,2,token_batch,1.475,0.8249,11.0,0.5,4462.252,19,1,True,1.0,0.1075
j345370,2,delay_sensitive,0.5183,0.0,7.7333,0.5,0.0,3,3,False,1.0,0.0
j345370,2,delay_sensitive,0.5183,0.0,7.7333,0.5,0.0,3,3,False,1.0,0.0
j345370,2,delay_tolerant,0.5183,0.0,7.7333,0.5,0.0,5,2,False,1.0,0.0
j345370,2,delay_tolerant,0.5183,0.2573,7.7333,0.5,0.0,5,2,False,1.0,0.0
j345983,2,delay_tolerant,1.1333,0.0,8.6667,0.5,0.0,22,2,True,1.0,0.05
j346064,2,delay_tolerant,1.4067,0.0,10.5333,0.5,0.0,10,2,True,1.0,0.0518
j346116,2,delay_tolerant,1.27,0.0,9.6,0.5,0.0,12,2,False,1.0,0.0
j346151,2,token_batch,2.5,0.0,18.0,0.5,4553.182,14,1,False,1.0,0.0
j346314,2,delay_tolerant,0.5183,0.0,7.7333,0.5,0.0,6,2,True,1.0,0.05
j346735,2,delay_tolerant,0.9967,0.0,7.7333,0.5,0.0,19,2,True,1.0,0.0901
j346735,2,delay_tolerant,0.9283,0.0,7.7333,0.5,0.0,20,2,True,1.0,0.05
j34733,2,delay_tolerant,0.7233,0.0,7.7333,0.5,0.0,13,2,False,1.0,0.0
j347720,2,delay_tolerant,1.2017,0.0,9.1333,0.5,0.0,9,2,True,1.0,0.05
j347720,2,delay_tolerant,0.9967,0.0,7.7333,0.5,0.0,10,2,False,1.0,0.0
j347720,2,delay_tolerant,0.5183,0.0,7.7333,0.5,0.0,9,2,True,1.0,0.05
j347752,2,token_batch,2.5,1.1332,18.0,0.5,4337.413,23,1,False,1.0,0.0
j347752,2,delay_tolerant,0.5183,0.0,7.7333,0.5,0.0,22,2,False,1.0,0.0
j347752,2,delay_tolerant,0.5183,0.0,7.7333,0.5,0.0,5,2,False,1.0,0.0
j347841,2,delay_tolerant,0.5183,0.0,7.7333,0.5,0.0,5,2,True,1.0,0.0304
j348069,2,delay_tolerant,1.3383,0.0,10.0667,0.5,0.0,17,2,True,1.0,0.086
j348341,2,delay_tolerant,0.86,0.0,7.7333,0.5,0.0,15,2,False,1.0,0.0
j348434,2,delay_tolerant,0.5183,0.5116,7.7333,0.5,0.0,15,2,True,1.0,0.05
j348448,2,token_batch,2.5,0.7939,18.0,0.5,4360.039,22,1,True,1.0,0.05
j348601,2,delay_tolerant,1.27,0.0,9.6,0.5,0.0,20,2,False,1.0,0.0
j348848,2,delay_tolerant,0.5183,0.0,7.7333,0.5,0.0,14,2,False,1.0,0.0
j348848,2,token_batch,2.5,0.6938,18.0,0.5,5072.877,23,1,True,1.0,0.05
j348848,2,delay_tolerant,0.5183,0.0,7.7333,0.5,0.0,5,2,True,1.0,0.0664
j349099,2,token_batch,1.475,1.1882,11.0,0.5,4388.691,14,1,True,1.0,0.05
j349546,2,delay_tolerant,0.655,0.0,7.7333,0.5,0.0,6,2,True,1.0,0.05
j35034,2,delay_tolerant,0.9283,0.0,7.7333,0.5,0.0,19,2,True,1.0,0.05
j351129,2,delay_tolerant,1.4067,0.0,10.5333,0.5,0.0,20,2,True,1.0,0.05
j351258,2,delay_tolerant,1.27,0.0,9.6,0.5,0.0,11,2,True,1.0,0.05
j351258,2,token_batch,1.475,1.3482,11.0,0.5,4125.434,11,1,True,1.0,0.05
j351320,2,token_batch,1.475,0.7288,11.0,0.5,4209.834,18,1,True,1.0,0.1861
j351514,2,delay_tolerant,0.9283,0.0,7.7333,0.5,0.0,9,2,False,1.0,0.0
j351514,2,delay_tolerant,1.065,0.0,8.2,0.5,0.0,9,2,False,1.0,0.0
j351586,2,token_batch,1.475,0.0,11.0,0.5,3839.287,14,1,True,1.0,0.086
j352200,2,token_batch,1.475,0.0,11.0,0.5,4221.315,22,1,True,1.0,0.0839
j352453,2,token_batch,1.475,0.5886,11.0,0.5,4122.833,16,1,False,1.0,0.0
j352759,2,token_batch,1.475,1.0397,11.0,0.5,4230.028,15,1,False,1.0,0.0
j352830,2,delay_tolerant,1.2017,0.0,9.1333,0.5,0.0,14,2,True,1.0,0.0468
j352830,2,delay_tolerant,1.2017,0.0,9.1333,0.5,0.0,15,2,True,1.0,0.05
j352830,2,delay_tolerant,1.1333,0.0,8.6667,0.5,0.0,15,2,True,1.0,0.05
j353138,2,token_batch,2.5,0.4897,18.0,0.5,5384.435,7,1,False,1.0,0.0
j353138,2,delay_tolerant,0.5183,0.0,7.7333,0.5,0.0,7,2,False,1.0,0.0
j353138,2,delay_tolerant,0.5183,0.0,7.7333,0.5,0.0,7,2,False,1.0,0.0
j353138,2,token_batch,2.5,0.8683,18.0,0.5,4288.372,17,1,True,1.0,0.05
j353138,2,token_batch,2.5,0.5998,18.0,0.5,4199.557,17,1,True,1.0,0.1005
j353138,2,delay_tolerant,0.5867,0.0,7.7333,0.5,0.0,5,2,False,1.0,0.0
j353138,2,delay_sensitive,0.5183,0.0,7.7333,0.5,0.0,3,3,False,1.0,0.0
j353138,2,delay_tolerant,0.655,0.0,7.7333,0.5,0.0,7,2,False,1.0,0.0
j353138,2,delay_tolerant,0.7233,0.0,7.7333,0.5,0.0,5,2,True,1.0,0.05
j353138,2,token_batch,1.5433,1.1195,11.4667,0.5,4830.866,18,1,False,1.0,0.0
j353138,2,token_batch,2.5,0.9752,18.0,0.5,5539.286,18,1,False,1.0,0.0
j353138,2,token_batch,1.5433,0.9183,11.4667,0.5,5072.671,17,1,False,1.0,0.0
j353138,2,delay_tolerant,0.5183,0.0,7.7333,0.5,0.0,17,2,True,1.0,0.0369
j353138,2,token_batch,2.5,0.6794,18.0,0.5,4727.058,9,1,True,1.0,0.1843
j353138,2,token_batch,2.5,0.0,18.0,0.5,5412.798,17,1,False,1.0,0.0
j353138,2,delay_tolerant,0.5183,0.0,7.7333,0.5,0.0,5,2,False,1.0,0.0
j35318,2,token_batch,1.475,0.5195,11.0,0.5,3985.992,18,1,False,1.0,0.0
j35318,2,delay_tolerant,0.9967,0.2115,7.7333,0.5,0.0,18,2,True,1.0,0.05
j354334,2,delay_tolerant,1.4067,0.0,10.5333,0.5,0.0,21,2,True,1.0,0.0901
j354412,2,delay_tolerant,1.2017,0.0,9.1333,0.5,0.0,22,2,False,1.0,0.0
j354412,2,delay_tolerant,0.655,0.0,7.7333,0.5,0.0,22,2,True,1.0,0.0576
j354412,2,delay_tolerant,0.7917,0.0,7.7333,0.5,0.0,22,2,False,1.0,0.0
j354493,2,delay_tolerant,0.86,0.0,7.7333,0.5,0.0,22,2,True,1.0,0.05
j354697,2,token_batch,1.475,1.4212,11.0,0.5,4116.398,22,1,False,1.0,0.0
j355783,2,token_batch,1.475,1.2803,11.0,0.5,4101.276,12,1,False,1.0,0.0
j356175,2,delay_tolerant,0.5183,0.0,7.7333,0.5,0.0,22,2,False,1.0,0.0
j356369,2,delay_tolerant,0.9283,0.0,7.7333,0.5,0.0,16,2,False,1.0,0.0
j356567,2,delay_sensitive,0.5183,0.0,7.7333,0.5,0.0,3,3,False,1.0,0.0
j356577,2,token_batch,1.475,1.2544,11.0,0.5,4532.722,20,1,True,1.0,0.1375
j358127,2,token_batch,2.5,1.3705,18.0,0.5,4432.415,19,1,True,1.0,0.05
j358272,2,delay_sensitive,0.5183,0.0,7.7333,0.5,0.0,3,3,False,1.0,0.0
j358272,2,token_batch,1.885,0.0,13.8,0.5,4014.39,18,1,False,1.0,0.0
j358272,2,delay_sensitive,1.6117,0.0,11.9333,0.5,0.0,3,3,False,1.0,0.0
j358272,2,token_batch,2.2267,0.4279,16.1333,0.5,4639.268,17,1,True,1.0,0.05
j358272,2,token_batch,2.295,1.0698,16.6,0.5,5136.556,19,1,True,1.0,0.05
j358272,2,token_batch,2.5,0.0,18.0,0.5,4532.487,9,1,False,1.0,0.0
j35850,2,delay_tolerant,0.5183,0.0,7.7333,0.5,0.0,15,2,False,1.0,0.0
j35850,2,token_batch,1.5433,0.0,11.4667,0.5,5042.036,15,1,True,1.0,0.1733
j35850,2,delay_tolerant,0.5183,0.0,7.7333,0.5,0.0,6,2,False,1.0,0.0
j35850,2,token_batch,1.5433,1.3397,11.4667,0.5,4967.567,15,1,False,1.0,0.0
j35850,2,token_batch,2.5,0.0,18.0,0.5,5371.589,16,1,True,1.0,0.1019
j35850,2,delay_tolerant,0.5183,0.0,7.7333,0.5,0.0,5,2,True,1.0,0.05
j35850,2,delay_tolerant,0.5183,0.0,7.7333,0.5,0.0,15,2,False,1.0,0.0
j358991,2,delay_tolerant,0.5867,0.0,7.7333,0.5,0.0,17,2,True,1.0,0.05
j359343,2,delay_tolerant,0.86,0.0,7.7333,0.5,0.0,16,2,True,1.0,0.05
j359343,2,delay_tolerant,0.5183,0.0,7.7333,0.5,0.0,9,2,False,1.0,0.0
j359343,2,delay_tolerant,0.5183,0.0,7.7333,0.5,0.0,6,2,False,1.0,0.0
j359343,2,delay_tolerant,0.5183,0.0,7.7333,0.5,0.0,17,2,True,1.0,0.0267
j359343,2,token_batch,1.6117,0.8514,11.9333,0.5,4904.329,18,1,False,1.0,0.0
j359612,2,delay_tolerant,0.5183,0.0,7.7333,0.5,0.0,5,2,True,1.0,0.05
j35978,2,delay_tolerant,0.9283,0.0,7.7333,0.5,0.0,18,2,True,1.0,0.05
j35978,2,delay_tolerant,0.7917,0.0,7.7333,0.5,0.0,19,2,False,1.0,0.0
j35978,2,delay_tolerant,0.655,0.0,7.7333,0.5,0.0,18,2,False,1.0,0.0
j35978,2,delay_tolerant,1.1333,0.0,8.6667,0.5,0.0,19,2,False,1.0,0.0
j360355,2,delay_tolerant,0.9967,0.0,7.7333,0.5,0.0,21,2,False,1.0,0.0
j360650,2,delay_tolerant,0.9283,0.0,7.7333,0.5,0.0,15,2,True,1.0,0.05
j360650,2,delay_tolerant,1.4067,0.0,10.5333,0.5,0.0,14,2,False,1.0,0.0
j360771,2,delay_tolerant,1.27,0.0,9.6,0.5,0.0,13,2,True,1.0,0.05
j360860,2,token_batch,1.475,1.1555,11.0,0.5,4365.096,11,1,True,1.0,0.05
j361112,2,delay_tolerant,1.3383,0.0,10.0667,0.5,0.0,23,2,True,1.0,0.0692
j361124,2,delay_tolerant,1.4067,0.0,10.5333,0.5,0.0,20,2,True,1.0,0.05
j361124,2,token_batch,1.475,0.0,11.0,0.5,3596.046,20,1,False,1.0,0.0
j361453,2,token_batch,1.475,1.1765,11.0,0.5,3981.779,13,1,True,1.0,0.05
j36308,2,delay_tolerant,0.7233,0.0,7.7333,0.5,0.0,19,2,True,1.0,0.0624
j364257,2,delay_tolerant,0.9967,0.0,7.7333,0.5,0.0,12,2,True,1.0,0.0512
j364436,2,delay_tolerant,1.2017,0.0,9.1333,0.5,0.0,12,2,True,1.0,0.0975
j364436,2,delay_tolerant,0.7917,0.0,7.7333,0.5,0.0,11,2,True,1.0,0.05
j364945,2,delay_tolerant,0.5183,0.0,7.7333,0.5,0.0,9,2,False,1.0,0.0
j36505,2,delay_tolerant,0.5183,0.0,7.7333,0.5,0.0,5,2,False,1.0,0.0
j365295,2,delay_tolerant,0.7233,0.0,7.7333,0.5,0.0,19,2,False,1.0,0.0
j365639,2,token_batch,1.475,1.2912,11.0,0.5,4281.896,16,1,True,1.0,0.05
j365639,2,delay_tolerant,0.5867,0.0,7.7333,0.5,0.0,5,2,True,1.0,0.0823
j366993,2,delay_tolerant,0.5183,0.0,7.7333,0.5,0.0,5,2,True,1.0,0.05
j366993,2,delay_tolerant,1.2017,0.0,9.1333,0.5,0.0,11,2,False,1.0,0.0
j366993,2,token_batch,1.475,0.9025,11.0,0.5,3743.857,12,1,True,1.0,0.05
j367456,2,token_batch,1.475,1.1688,11.0,0.5,4261.466,23,1,True,1.0,0.1231
j367456,2,delay_tolerant,1.3383,0.0,10.0667,0.5,0.0,23,2,False,1.0,0.0
j367859,2,delay_tolerant,1.4067,0.0,10.5333,0.5,0.0,12,2,True,1.0,0.0701
j367859,2,delay_tolerant,0.5183,0.0,7.7333,0.5,0.0,13,2,False,1.0,0.0
j367859,2,token_batch,2.5,0.6929,18.0,0.5,5501.159,14,1,True,1.0,0.1077
j367859,2,delay_tolerant,0.86,0.2466,7.7333,0.5,0.0,5,2,True,1.0,0.05
j367908,2,token_batch,1.475,0.0,11.0,0.5,3995.032,12,1,True,1.0,0.199
j367908,2,delay_tolerant,0.5183,0.0,7.7333,0.5,0.0,5,2,True,1.0,0.05
j36806,2,delay_tolerant,1.2017,0.0,9.1333,0.5,0.0,12,2,False,1.0,0.0
j36806,2,delay_tolerant,0.7917,0.0,7.7333,0.5,0.0,12,2,False,1.0,0.0
j368193,2,token_batch,1.885,1.0634,13.8,0.5,4000.171,14,1,True,1.0,0.1079
j368193,2,delay_tolerant,0.7917,0.0,7.7333,0.5,0.0,20,2,False,1.0,0.0
j368193,2,delay_tolerant,0.5183,0.0,7.7333,0.5,0.0,14,2,True,1.0,0.05
j368193,2,delay_tolerant,0.5183,0.0,7.7333,0.5,0.0,14,2,False,1.0,0.0
j368636,2,token_batch,1.475,1.475,11.0,0.5,4625.602,15,1,True,1.0,0.1941
j369147,2,token_batch,1.475,1.2136,11.0,0.5,3823.273,23,1,True,1.0,0.05
j369147,2,token_batch,1.475,0.0,11.0,0.5,4268.134,22,1,False,1.0,0.0
j369147,2,delay_tolerant,0.5183,0.0,7.7333,0.5,0.0,17,2,True,1.0,0.05
j36915,2,token_batch,1.475,0.814,11.0,0.5,4073.755,22,1,False,1.0,0.0
j36915,2,delay_tolerant,0.7917,0.0,7.7333,0.5,0.0,22,2,False,1.0,0.0
j36915,2,delay_tolerant,0.5183,0.0,7.7333,0.5,0.0,19,2,True,1.0,0.0428
j369302,2,delay_tolerant,0.5867,0.0,7.7333,0.5,0.0,14,2,False,1.0,0.0
j369302,2,delay_tolerant,0.5183,0.0,7.7333,0.5,0.0,5,2,True,1.0,0.05
j369341,2,delay_tolerant,0.5183,0.0,7.7333,0.5,0.0,19,2,False,1.0,0.0
j369344,2,delay_tolerant,0.9967,0.0,7.7333,0.5,0.0,19,2,True,1.0,0.05
j370396,2,token_batch,1.475,1.0517,11.0,0.5,4276.883,19,1,True,1.0,0.05
j370898,2,delay_tolerant,0.9283,0.0,7.7333,0.5,0.0,23,2,False,1.0,0.0
j370964,2,delay_tolerant,0.86,0.2552,7.7333,0.5,0.0,14,2,False,1.0,0.0
j371885,2,delay_tolerant,0.7917,0.0,7.7333,0.5,0.0,13,2,True,1.0,0.05
j371885,2,delay_tolerant,0.5183,0.0,7.7333,0.5,0.0,13,2,True,1.0,0.05
j371885,2,token_batch,1.475,1.195,11.0,0.5,3785.822,14,1,False,1.0,0.0
j371885,2,delay_tolerant,1.2017,0.0,9.1333,0.5,0.0,14,2,False,1.0,0.0
j371888,2,delay_tolerant,0.7917,0.0,7.7333,0.5,0.0,21,2,False,1.0,0.0
j371888,2,token_batch,1.475,0.0,11.0,0.5,3938.396,22,1,False,1.0,0.0
j371888,2,token_batch,1.475,0.0,11.0,0.5,4508.337,21,1,False,1.0,0.0
j371888,2,delay_tolerant,0.5183,0.0,7.7333,0.5,0.0,22,2,True,1.0,0.0656
j371920,2,delay_tolerant,0.9967,0.0,7.7333,0.5,0.0,13,2,True,1.0,0.0854
j372298,2,token_batch,1.475,1.2764,11.0,0.5,4438.388,23,1,True,1.0,0.1509
j372298,2,delay_tolerant,1.3383,0.0,10.0667,0.5,0.0,23,2,False,1.0,0.0
j3724,2,token_batch,1.475,0.0,11.0,0.5,3961.898,16,1,False,1.0,0.0
j372703,2,delay_tolerant,0.7917,0.0,7.7333,0.5,0.0,5,2,False,1.0,0.0
j37290,2,token_batch,1.9533,0.6506,14.2667,0.5,4287.493,7,1,True,1.0,0.05
j37290,2,token_batch,2.5,0.4476,18.0,0.5,4702.317,13,1,False,1.0,0.0
j373018,2,delay_tolerant,0.7233,0.0,7.7333,0.5,0.0,13,2,True,1.0,0.05
j373161,2,delay_tolerant,0.5183,0.0,7.7333,0.5,0.0,13,2,False,1.0,0.0
j373245,2,token_batch,1.475,1.3379,11.0,0.5,4019.128,12,1,True,1.0,0.05
j373245,2,delay_tolerant,1.1333,0.0,8.6667,0.5,0.0,12,2,False,1.0,0.0
j37352,2,token_batch,1.475,0.8474,11.0,0.5,4537.932,12,1,True,1.0,0.05
j373615,2,token_batch,1.475,0.4088,11.0,0.5,4383.586,22,1,False,1.0,0.0
j373714,2,token_batch,2.5,0.5546,18.0,0.5,5170.68,16,1,True,1.0,0.05
j37398,2,delay_tolerant,0.5183,0.0,7.7333,0.5,0.0,10,2,True,1.0,0.05
j374338,2,token_batch,1.475,1.3315,11.0,0.5,4528.191,19,1,False,1.0,0.0
j374344,2,delay_tolerant,1.3383,0.0,10.0667,0.5,0.0,17,2,False,1.0,0.0
j375201,2,delay_tolerant,0.5183,0.0,7.7333,0.5,0.0,13,2,True,1.0,0.05
j375201,2,delay_tolerant,0.655,0.0,7.7333,0.5,0.0,13,2,False,1.0,0.0
j375201,2,delay_tolerant,0.7917,0.0,7.7333,0.5,0.0,13,2,True,1.0,0.0272
j375201,2,delay_tolerant,0.5183,0.0,7.7333,0.5,0.0,12,2,False,1.0,0.0
j375207,2,delay_tolerant,1.3383,0.2548,10.0667,0.5,0.0,16,2,True,1.0,0.0774
j37554,2,delay_tolerant,0.5183,0.0,7.7333,0.5,0.0,11,2,True,1.0,0.05
j37554,2,delay_tolerant,0.9967,0.0,7.7333,0.5,0.0,11,2,True,1.0,0.05
j37554,2,token_batch,1.475,0.4176,11.0,0.5,3628.696,12,1,True,1.0,0.1095
j37554,2,token_batch,1.475,1.4177,11.0,0.5,3576.231,12,1,True,1.0,0.1437
j37554,2,delay_tolerant,1.2017,0.0,9.1333,0.5,0.0,12,2,False,1.0,0.0
j375830,2,token_batch,1.475,0.5595,11.0,0.5,4583.988,13,1,False,1.0,0.0
j376551,2,delay_tolerant,0.5867,0.0,7.7333,0.5,0.0,22,2,True,1.0,0.06
j376618,2,delay_tolerant,0.9283,0.0,7.7333,0.5,0.0,12,2,False,1.0,0.0
j376755,2,delay_tolerant,1.4067,0.0,10.5333,0.5,0.0,20,2,False,1.0,0.0
j376868,2,delay_tolerant,0.7917,0.0,7.7333,0.5,0.0,18,2,True,1.0,0.0244
j376868,2,token_batch,2.5,0.6101,18.0,0.5,4565.973,17,1,False,1.0,0.0
j376896,2,delay_tolerant,0.7917,0.0,7.7333,0.5,0.0,13,2,True,1.0,0.0389
j377181,2,delay_tolerant,0.9283,0.0,7.7333,0.5,0.0,23,2,True,1.0,0.05
j377596,2,delay_tolerant,0.5183,0.0,7.7333,0.5,0.0,14,2,False,1.0,0.0
j377715,2,delay_tolerant,0.5183,0.0,7.7333,0.5,0.0,16,2,False,1.0,0.0
j377918,2,delay_tolerant,1.4067,0.0,10.5333,0.5,0.0,12,2,True,1.0,0.05
j378599,2,token_batch,1.475,0.5728,11.0,0.5,3816.628,21,1,False,1.0,0.0
j378691,2,delay_tolerant,1.065,0.0,8.2,0.5,0.0,13,2,True,1.0,0.05
j378711,2,delay_tolerant,0.5183,0.0,7.7333,0.5,0.0,21,2,True,1.0,0.05
j378711,2,delay_tolerant,0.7917,0.0,7.7333,0.5,0.0,22,2,False,1.0,0.0
j378912,2,delay_tolerant,1.2017,0.0,9.1333,0.5,0.0,12,2,False,1.0,0.0
j378912,2,token_batch,1.475,0.0,11.0,0.5,3765.405,12,1,False,1.0,0.0
j37933,2,delay_tolerant,0.5183,0.0,7.7333,0.5,0.0,17,2,False,1.0,0.0
j379696,2,delay_tolerant,1.065,0.3412,8.2,0.5,0.0,13,2,True,1.0,0.05
j379696,2,token_batch,1.475,0.0,11.0,0.5,3478.829,13,1,False,1.0,0.0
j379696,2,token_batch,1.475,0.0,11.0,0.5,4184.739,13,1,False,1.0,0.0
j379696,2,delay_tolerant,0.5183,0.0,7.7333,0.5,0.0,13,2,True,1.0,0.05
j37972,2,delay_tolerant,0.5183,0.0,7.7333,0.5,0.0,22,2,False,1.0,0.0
j380297,2,delay_tolerant,0.7233,0.2381,7.7333,0.5,0.0,5,2,True,1.0,0.0796
j380297,2,token_batch,1.475,1.4775,11.0,0.5,3837.165,12,1,False,1.0,0.0
j380345,2,delay_tolerant,1.2017,0.5084,9.1333,0.5,0.0,11,2,True,1.0,0.05
j380396,2,delay_tolerant,0.5183,0.4232,7.7333,0.5,0.0,9,2,False,1.0,0.0
j3808,2,delay_tolerant,0.5867,0.0,7.7333,0.5,0.0,7,2,False,1.0,0.0
j3808,2,delay_tolerant,0.5183,0.5039,7.7333,0.5,0.0,5,2,False,1.0,0.0
j3808,2,delay_tolerant,0.5183,0.0,7.7333,0.5,0.0,12,2,True,1.0,0.0582
j3811,2,delay_tolerant,0.86,0.0,7.7333,0.5,0.0,14,2,False,1.0,0.0
j381247,2,delay_tolerant,1.4067,0.0,10.5333,0.5,0.0,13,2,True,1.0,0.05
j381328,2,delay_tolerant,0.9283,0.0,7.7333,0.5,0.0,11,2,False,1.0,0.0
j381328,2,delay_tolerant,0.5183,0.0,7.7333,0.5,0.0,5,2,True,1.0,0.0485
j38133,2,delay_tolerant,0.9283,0.0,7.7333,0.5,0.0,17,2,True,1.0,0.0882
j381353,2,token_batch,2.5,0.9717,18.0,0.5,4202.157,12,1,True,1.0,0.05
j381353,2,delay_tolerant,0.86,0.0,7.7333,0.5,0.0,18,2,True,1.0,0.0638
j38142,2,delay_tolerant,0.5183,0.0,7.7333,0.5,0.0,5,2,True,1.0,0.05
j382017,2,delay_tolerant,1.1333,0.0,8.6667,0.5,0.0,23,2,False,1.0,0.0
j38213,2,delay_tolerant,0.9283,0.0,7.7333,0.5,0.0,11,2,False,1.0,0.0
j382530,2,delay_tolerant,0.9967,0.0,7.7333,0.5,0.0,13,2,True,1.0,0.05
j383162,2,delay_tolerant,0.5183,0.0,7.7333,0.5,0.0,14,2,True,1.0,0.0375
j383162,2,delay_tolerant,1.3383,0.0,10.0667,0.5,0.0,19,2,True,1.0,0.05
j383232,2,token_batch,1.475,1.3372,11.0,0.5,4138.525,19,1,True,1.0,0.05
j383331,2,token_batch,2.5,1.0801,18.0,0.5,4562.619,23,1,True,1.0,0.197
j383637,2,token_batch,2.0217,0.9138,14.7333,0.5,4831.869,18,1,True,1.0,0.05
j383742,2,delay_tolerant,0.5183,0.0,7.7333,0.5,0.0,5,2,True,1.0,0.05
j383742,2,delay_tolerant,0.7233,0.0,7.7333,0.5,0.0,14,2,False,1.0,0.0
j383742,2,delay_tolerant,0.5183,0.0,7.7333,0.5,0.0,21,2,False,1.0,0.0
j383810,2,token_batch,1.475,1.0749,11.0,0.5,3746.559,19,1,True,1.0,0.0814
j383973,2,token_batch,1.475,0.42,11.0,0.5,3753.242,23,1,True,1.0,0.1814
j383983,2,delay_tolerant,1.3383,0.0,10.0667,0.5,0.0,21,2,False,1.0,0.0
j383983,2,delay_tolerant,1.4067,0.0,10.5333,0.5,0.0,21,2,False,1.0,0.0
j383983,2,token_batch,1.475,1.4432,11.0,0.5,4533.051,21,1,True,1.0,0.0826
j38408,2,token_batch,1.475,1.3076,11.0,0.5,4167.894,10,1,True,1.0,0.1945
j384218,2,delay_tolerant,0.5183,0.211,7.7333,0.5,0.0,5,2,False,1.0,0.0
j38444,2,delay_tolerant,1.4067,0.0,10.5333,0.5,0.0,13,2,False,1.0,0.0
j384516,2,delay_tolerant,0.655,0.0,7.7333,0.5,0.0,5,2,False,1.0,0.0
j384773,2,token_batch,1.475,0.0,11.0,0.5,4202.899,15,1,False,1.0,0.0
j385100,2,token_batch,1.475,1.1195,11.0,0.5,4051.565,16,1,False,1.0,0.0
j385379,2,token_batch,1.475,1.2295,11.0,0.5,4502.583,23,1,False,1.0,0.0
j385539,2,token_batch,2.5,0.8717,18.0,0.5,4403.269,11,1,True,1.0,0.05
j385539,2,token_batch,2.5,0.0,18.0,0.5,4879.992,9,1,False,1.0,0.0
j385539,2,delay_tolerant,0.86,0.0,7.7333,0.5,0.0,5,2,False,1.0,0.0
j385598,2,delay_tolerant,0.5183,0.0,7.7333,0.5,0.0,22,2,False,1.0,0.0
j385854,2,token_batch,1.475,0.7833,11.0,0.5,4588.064,15,1,True,1.0,0.05
j385854,2,delay_tolerant,0.86,0.0,7.7333,0.5,0.0,12,2,True,1.0,0.0453
j385881,2,delay_tolerant,0.5183,0.0,7.7333,0.5,0.0,17,2,False,1.0,0.0
j386211,2,delay_tolerant,1.2017,0.0,9.1333,0.5,0.0,21,2,True,1.0,0.0952
j386241,2,token_batch,1.475,1.3193,11.0,0.5,4127.965,21,1,True,1.0,0.05
j386745,2,token_batch,1.475,0.938,11.0,0.5,4287.246,21,1,False,1.0,0.0
j386745,2,token_batch,1.475,0.9642,11.0,0.5,3691.447,22,1,False,1.0,0.0
j386753,2,delay_tolerant,1.2017,0.0,9.1333,0.5,0.0,9,2,True,1.0,0.05
j386892,2,delay_tolerant,0.5183,0.0,7.7333,0.5,0.0,16,2,False,1.0,0.0
j386892,2,delay_tolerant,0.7233,0.0,7.7333,0.5,0.0,19,2,False,1.0,0.0
j387572,2,delay_tolerant,1.3383,0.0,10.0667,0.5,0.0,18,2,False,1.0,0.0
j387572,2,token_batch,1.475,1.0298,11.0,0.5,4352.299,18,1,False,1.0,0.0
j388584,2,delay_tolerant,1.4067,0.0,10.5333,0.5,0.0,20,2,False,1.0,0.0
j388584,2,token_batch,2.5,0.0,18.0,0.5,4986.564,20,1,False,1.0,0.0
j388652,2,delay_tolerant,0.5867,0.0,7.7333,0.5,0.0,19,2,False,1.0,0.0
j388652,2,delay_tolerant,0.5183,0.0,7.7333,0.5,0.0,19,2,False,1.0,0.0
j389613,2,delay_tolerant,0.5183,0.0,7.7333,0.5,0.0,12,2,True,1.0,0.0435
j389661,2,delay_tolerant,1.1333,0.0,8.6667,0.5,0.0,19,2,False,1.0,0.0
j39015,2,token_batch,1.475,1.1803,11.0,0.5,3938.369,12,1,True,1.0,0.05
j390301,2,delay_tolerant,0.9967,0.0,7.7333,0.5,0.0,13,2,True,1.0,0.05
j39032,2,token_batch,1.475,1.3888,11.0,0.5,4175.231,10,1,True,1.0,0.05
j390868,2,delay_tolerant,0.9967,0.0,7.7333,0.5,0.0,13,2,True,1.0,0.05
j39197,2,delay_tolerant,0.5183,0.0,7.7333,0.5,0.0,12,2,True,1.0,0.05
j392004,2,delay_tolerant,1.4067,0.0,10.5333,0.5,0.0,12,2,True,1.0,0.05
j392253,2,token_batch,2.5,1.3836,18.0,0.5,4798.313,20,1,True,1.0,0.05
j392253,2,token_batch,1.885,1.1348,13.8,0.5,3992.609,6,1,True,1.0,0.1285
j392253,2,delay_tolerant,0.7917,0.0,7.7333,0.5,0.0,20,2,True,1.0,0.05
j392253,2,token_batch,2.5,0.0,18.0,0.5,5347.925,16,1,True,1.0,0.1282
j392253,2,delay_tolerant,0.86,0.0,7.7333,0.5,0.0,21,2,False,1.0,0.0
j392253,2,token_batch,1.475,0.7725,11.0,0.5,3680.725,22,1,False,1.0,0.0
j392290,2,token_batch,2.5,0.402,18.0,0.5,5193.409,23,1,False,1.0,0.0
j392290,2,token_batch,2.5,0.4122,18.0,0.5,4186.472,14,1,True,1.0,0.05
j393230,2,delay_tolerant,1.065,0.0,8.2,0.5,0.0,20,2,True,1.0,0.05
j3934,2,token_batch,1.475,0.61,11.0,0.5,4452.554,12,1,False,1.0,0.0
j393560,2,token_batch,1.475,1.2404,11.0,0.5,3652.84,12,1,True,1.0,0.05
j393560,2,delay_tolerant,1.2017,0.0,9.1333,0.5,0.0,13,2,True,1.0,0.05
j393689,2,token_batch,1.475,0.6767,11.0,0.5,4240.846,16,1,True,1.0,0.101
j393689,2,token_batch,1.475,0.0,11.0,0.5,3971.869,16,1,False,1.0,0.0
j39428,2,delay_tolerant,0.5183,0.0,7.7333,0.5,0.0,5,2,False,1.0,0.0
j394590,2,delay_sensitive,0.5183,0.0,7.7333,0.5,0.0,3,3,False,1.0,0.0
j394789,2,delay_tolerant,0.86,0.0,7.7333,0.5,0.0,5,2,False,1.0,0.0
j394789,2,token_batch,1.8167,0.678,13.3333,0.5,4264.357,6,1,True,1.0,0.1774
j394789,2,delay_tolerant,0.5183,0.0,7.7333,0.5,0.0,13,2,False,1.0,0.0
j394789,2,token_batch,2.5,0.0,18.0,0.5,4439.497,12,1,False,1.0,0.0
j394789,2,token_batch,1.9533,0.0,14.2667,0.5,4948.275,12,1,True,1.0,0.091
j394789,2,delay_tolerant,0.7917,0.0,7.7333,0.5,0.0,13,2,True,1.0,0.0556
j394789,2,delay_tolerant,0.5183,0.2985,7.7333,0.5,0.0,13,2,True,1.0,0.05
j394789,2,delay_tolerant,0.86,0.0,7.7333,0.5,0.0,12,2,True,1.0,0.05
j394970,2,delay_tolerant,0.5867,0.0,7.7333,0.5,0.0,17,2,True,1.0,0.0859
j395332,2,delay_tolerant,1.065,0.0,8.2,0.5,0.0,16,2,True,1.0,0.05
j395381,2,token_batch,1.475,0.623,11.0,0.5,3946.646,19,1,False,1.0,0.0
j396006,2,token_batch,2.5,1.4949,18.0,0.5,4564.912,17,1,False,1.0,0.0
j396270,2,delay_tolerant,0.9967,0.0,7.7333,0.5,0.0,17,2,True,1.0,0.0898
j396436,2,token_batch,1.475,0.5904,11.0,0.5,3647.048,15,1,True,1.0,0.05
j396508,2,delay_tolerant,1.2017,0.0,9.1333,0.5,0.0,20,2,False,1.0,0.0
j396648,2,delay_tolerant,1.1333,0.0,8.6667,0.5,0.0,12,2,True,1.0,0.05
j396648,2,token_batch,1.475,1.1244,11.0,0.5,4138.426,12,1,True,1.0,0.05
j396648,2,delay_tolerant,0.9967,0.0,7.7333,0.5,0.0,12,2,True,1.0,0.05
j396717,2,delay_tolerant,0.7917,0.0,7.7333,0.5,0.0,16,2,False,1.0,0.0
j397566,2,delay_tolerant,1.4067,0.0,10.5333,0.5,0.0,22,2,True,1.0,0.05
j397566,2,delay_tolerant,0.7233,0.0,7.7333,0.5,0.0,5,2,False,1.0,0.0
j398081,2,delay_tolerant,1.1333,0.0,8.6667,0.5,0.0,16,2,True,1.0,0.05
j398081,2,token_batch,1.475,1.1881,11.0,0.5,4258.451,16,1,True,1.0,0.05
j398731,2,delay_tolerant,0.86,0.3273,7.7333,0.5,0.0,14,2,True,1.0,0.0688
j399032,2,delay_tolerant,1.4067,0.0,10.5333,0.5,0.0,17,2,True,1.0,0.0794
j399195,2,delay_tolerant,0.5183,0.0,7.7333,0.5,0.0,5,2,False,1.0,0.0
j399388,2,token_batch,1.475,0.0,11.0,0.5,3655.286,9,1,False,1.0,0.0
j399698,2,delay_tolerant,1.4067,0.0,10.5333,0.5,0.0,13,2,True,1.0,0.05
j399698,2,delay_tolerant,0.5867,0.0,7.7333,0.5,0.0,7,2,False,1.0,0.0
j399891,2,token_batch,1.475,1.1453,11.0,0.5,4063.215,11,1,True,1.0,0.05
j400063,2,delay_tolerant,0.7917,0.0,7.7333,0.5,0.0,5,2,True,1.0,0.0809
j40049,2,delay_tolerant,0.9283,0.0,7.7333,0.5,0.0,5,2,True,1.0,0.05
j40049,2,delay_tolerant,0.5183,0.0,7.7333,0.5,0.0,23,2,True,1.0,0.05
j400671,2,token_batch,2.5,0.5742,18.0,0.5,4759.201,20,1,True,1.0,0.1988
j400671,2,delay_tolerant,1.3383,0.0,10.0667,0.5,0.0,21,2,False,1.0,0.0
j400671,2,token_batch,2.09,0.4743,15.2,0.5,5123.795,14,1,False,1.0,0.0
j400671,2,delay_tolerant,0.7917,0.0,7.7333,0.5,0.0,21,2,True,1.0,0.05
j400671,2,delay_tolerant,1.065,0.0,8.2,0.5,0.0,19,2,False,1.0,0.0
j402087,2,token_batch,1.475,0.6275,11.0,0.5,3755.92,18,1,False,1.0,0.0
j402087,2,delay_tolerant,0.5183,0.0,7.7333,0.5,0.0,16,2,False,1.0,0.0
j402087,2,delay_tolerant,0.9967,0.0,7.7333,0.5,0.0,17,2,True,1.0,0.05
j402169,2,delay_tolerant,0.7233,0.0,7.7333,0.5,0.0,22,2,False,1.0,0.0
j402220,2,token_batch,1.475,1.0497,11.0,0.5,4160.309,22,1,False,1.0,0.0
j402843,2,token_batch,1.475,0.0,11.0,0.5,4551.958,19,1,False,1.0,0.0
j402851,2,delay_tolerant,1.2017,0.0,9.1333,0.5,0.0,23,2,True,1.0,0.065
j403017,2,delay_tolerant,0.7233,0.0,7.7333,0.5,0.0,16,2,False,1.0,0.0
j403017,2,delay_tolerant,0.9967,0.0,7.7333,0.5,0.0,16,2,False,1.0,0.0
j403017,2,delay_tolerant,1.3383,0.0,10.0667,0.5,0.0,16,2,True,1.0,0.0398
j403178,2,token_batch,2.5,0.0,18.0,0.5,5420.355,18,1,True,1.0,0.118
j403598,2,delay_tolerant,0.7917,0.0,7.7333,0.5,0.0,12,2,False,1.0,0.0
j403635,2,delay_tolerant,0.86,0.0,7.7333,0.5,0.0,18,2,True,1.0,0.05
j403635,2,token_batch,2.5,0.0,18.0,0.5,4679.314,18,1,False,1.0,0.0
j403635,2,token_batch,1.8167,1.4312,13.3333,0.5,4530.033,19,1,True,1.0,0.05
j403635,2,token_batch,2.5,0.0,18.0,0.5,5082.419,19,1,True,1.0,0.0821
j403635,2,delay_tolerant,0.5183,0.0,7.7333,0.5,0.0,18,2,True,1.0,0.05
j405353,2,delay_tolerant,0.7917,0.0,7.7333,0.5,0.0,5,2,False,1.0,0.0
j405353,2,token_batch,1.8167,1.4525,13.3333,0.5,4997.291,7,1,False,1.0,0.0
j405353,2,token_batch,2.5,0.4322,18.0,0.5,5233.825,17,1,True,1.0,0.05
j405736,2,token_batch,1.475,0.0,11.0,0.5,4535.64,17,1,False,1.0,0.0
j406211,2,token_batch,1.475,1.2561,11.0,0.5,3512.383,10,1,True,1.0,0.05
j406211,2,delay_tolerant,0.5183,0.0,7.7333,0.5,0.0,5,2,True,1.0,0.05
j406211,2,delay_tolerant,0.9283,0.0,7.7333,0.5,0.0,9,2,False,1.0,0.0
j406211,2,delay_tolerant,1.2017,0.0,9.1333,0.5,0.0,9,2,True,1.0,0.05
j406211,2,delay_tolerant,1.1333,0.0,8.6667,0.5,0.0,9,2,True,1.0,0.05
j406988,2,delay_tolerant,0.5867,0.0,7.7333,0.5,0.0,14,2,True,1.0,0.05
j406988,2,token_batch,1.475,0.5695,11.0,0.5,4469.399,13,1,True,1.0,0.1182
j407265,2,delay_tolerant,0.9283,0.0,7.7333,0.5,0.0,16,2,True,1.0,0.0817
j40729,2,delay_tolerant,1.1333,0.0,8.6667,0.5,0.0,9,2,True,1.0,0.0752
j407354,2,delay_tolerant,0.86,0.0,7.7333,0.5,0.0,22,2,False,1.0,0.0
j407354,2,delay_tolerant,1.2017,0.0,9.1333,0.5,0.0,23,2,False,1.0,0.0
j407354,2,delay_tolerant,0.9967,0.0,7.7333,0.5,0.0,23,2,False,1.0,0.0
j407354,2,token_batch,1.475,1.2724,11.0,0.5,4139.313,23,1,False,1.0,0.0
j407354,2,delay_tolerant,1.2017,0.2459,9.1333,0.5,0.0,22,2,True,1.0,0.0452
j407829,2,delay_tolerant,0.9283,0.0,7.7333,0.5,0.0,23,2,True,1.0,0.05
j407953,2,delay_tolerant,0.7917,0.0,7.7333,0.5,0.0,5,2,False,1.0,0.0
j407953,2,token_batch,1.7483,1.3793,12.8667,0.5,5012.453,6,1,True,1.0,0.05
j407953,2,delay_tolerant,1.065,0.0,8.2,0.5,0.0,9,2,False,1.0,0.0
j407953,2,token_batch,1.7483,0.0,12.8667,0.5,4541.757,9,1,True,1.0,0.1849
j407953,2,token_batch,2.5,0.933,18.0,0.5,4430.888,9,1,True,1.0,0.05
j408691,2,token_batch,2.5,0.871,18.0,0.5,4869.322,19,1,True,1.0,0.05
j408691,2,token_batch,1.885,0.8646,13.8,0.5,4287.183,19,1,False,1.0,0.0
j408691,2,delay_tolerant,0.86,0.0,7.7333,0.5,0.0,19,2,True,1.0,0.05
j408691,2,token_batch,2.5,1.2249,18.0,0.5,5431.15,19,1,True,1.0,0.05
j408691,2,token_batch,2.5,0.0,18.0,0.5,5067.445,18,1,False,1.0,0.0
j408691,2,token_batch,1.8167,1.2162,13.3333,0.5,4569.569,6,1,True,1.0,0.1776
j408691,2,token_batch,2.5,0.4944,18.0,0.5,4162.526,12,1,True,1.0,0.05
j408691,2,delay_tolerant,1.065,0.0,8.2,0.5,0.0,17,2,True,1.0,0.05
j408691,2,delay_tolerant,1.27,0.0,9.6,0.5,0.0,18,2,False,1.0,0.0
j408691,2,delay_tolerant,0.5183,0.0,7.7333,0.5,0.0,9,2,True,1.0,0.05
j408691,2,delay_tolerant,0.5183,0.0,7.7333,0.5,0.0,19,2,False,1.0,0.0
j408691,2,delay_tolerant,0.5183,0.0,7.7333,0.5,0.0,9,2,True,1.0,0.0478
j408691,2,delay_tolerant,0.5183,0.0,7.7333,0.5,0.0,18,2,True,1.0,0.05
j408691,2,token_batch,1.6117,0.9408,11.9333,0.5,4701.327,19,1,True,1.0,0.05
j409430,2,token_batch,1.475,0.7926,11.0,0.5,4199.935,23,1,False,1.0,0.0
j409753,2,delay_tolerant,0.7233,0.0,7.7333,0.5,0.0,11,2,False,1.0,0.0
j409773,2,delay_tolerant,1.3383,0.0,10.0667,0.5,0.0,11,2,False,1.0,0.0
j409773,2,token_batch,2.5,0.9207,18.0,0.5,4578.99,13,1,True,1.0,0.05
j410230,2,token_batch,1.475,0.8819,11.0,0.5,3428.194,21,1,True,1.0,0.1774
j410427,2,delay_tolerant,1.4067,0.2237,10.5333,0.5,0.0,18,2,False,1.0,0.0
j411346,2,delay_tolerant,0.7233,0.0,7.7333,0.5,0.0,15,2,False,1.0,0.0
j411346,2,delay_tolerant,0.7917,0.0,7.7333,0.5,0.0,15,2,False,1.0,0.0
j411412,2,delay_tolerant,1.065,0.0,8.2,0.5,0.0,11,2,False,1.0,0.0
j411412,2,token_batch,1.475,0.9915,11.0,0.5,3548.34,12,1,False,1.0,0.0
j411415,2,delay_tolerant,0.5183,0.0,7.7333,0.5,0.0,16,2,True,1.0,0.05
j411846,2,token_batch,1.475,1.493,11.0,0.5,4577.02,22,1,False,1.0,0.0
j412488,2,delay_tolerant,0.7917,0.0,7.7333,0.5,0.0,14,2,True,1.0,0.05
j412488,2,token_batch,1.475,0.0,11.0,0.5,4089.216,15,1,True,1.0,0.1935
j41255,2,token_batch,1.475,0.5576,11.0,0.5,3996.493,21,1,True,1.0,0.05
j41255,2,token_batch,1.475,1.2902,11.0,0.5,3546.305,21,1,True,1.0,0.05
j412846,2,delay_tolerant,0.86,0.0,7.7333,0.5,0.0,13,2,True,1.0,0.05
j41303,2,delay_tolerant,0.7233,0.0,7.7333,0.5,0.0,14,2,True,1.0,0.05
j41303,2,token_batch,1.475,0.7743,11.0,0.5,3684.846,15,1,True,1.0,0.05
j413332,2,token_batch,1.475,0.0,11.0,0.5,3803.664,12,1,True,1.0,0.1497
j413332,2,delay_tolerant,0.655,0.0,7.7333,0.5,0.0,11,2,False,1.0,0.0
j413438,2,delay_tolerant,0.9283,0.0,7.7333,0.5,0.0,5,2,True,1.0,0.0526
j413438,2,delay_tolerant,1.1333,0.0,8.6667,0.5,0.0,10,2,False,1.0,0.0
j413438,2,token_batch,1.475,0.0,11.0,0.5,3772.336,10,1,False,1.0,0.0
j413438,2,delay_tolerant,0.5867,0.0,7.7333,0.5,0.0,10,2,False,1.0,0.0
j4136,2,delay_tolerant,0.9283,0.0,7.7333,0.5,0.0,14,2,True,1.0,0.05
j413898,2,token_batch,1.6117,0.0,11.9333,0.5,4553.528,6,1,False,1.0,0.0
j413898,2,delay_tolerant,0.5183,0.0,7.7333,0.5,0.0,17,2,False,1.0,0.0
j413898,2,delay_tolerant,1.1333,0.2279,8.6667,0.5,0.0,18,2,True,1.0,0.05
j413898,2,delay_tolerant,0.9283,0.0,7.7333,0.5,0.0,17,2,False,1.0,0.0
j413898,2,delay_tolerant,1.27,0.0,9.6,0.5,0.0,7,2,True,1.0,0.05
j413898,2,delay_tolerant,0.5867,0.0,7.7333,0.5,0.0,17,2,True,1.0,0.05
j413898,2,delay_tolerant,0.5183,0.555,7.7333,0.5,0.0,9,2,True,1.0,0.0485
j413898,2,delay_tolerant,0.9967,0.0,7.7333,0.5,0.0,6,2,False,1.0,0.0
j413898,2,delay_tolerant,0.5183,0.0,7.7333,0.5,0.0,5,2,False,1.0,0.0
j413898,2,token_batch,1.475,0.5645,11.0,0.5,4037.105,9,1,True,1.0,0.05
j413898,2,delay_tolerant,0.9967,0.0,7.7333,0.5,0.0,16,2,True,1.0,0.0503
j413898,2,delay_tolerant,0.5183,0.0,7.7333,0.5,0.0,7,2,False,1.0,0.0
j413898,2,delay_tolerant,0.5183,0.0,7.7333,0.5,0.0,6,2,True,1.0,0.05
j413898,2,token_batch,1.5433,1.4407,11.4667,0.5,4466.961,17,1,False,1.0,0.0
j413898,2,token_batch,1.5433,0.9487,11.4667,0.5,5060.583,17,1,False,1.0,0.0
j413898,2,delay_tolerant,0.5183,0.0,7.7333,0.5,0.0,12,2,True,1.0,0.05
j413898,2,delay_tolerant,0.9967,0.0,7.7333,0.5,0.0,7,2,False,1.0,0.0
j413898,2,delay_tolerant,1.2017,0.0,9.1333,0.5,0.0,7,2,False,1.0,0.0
j41394,2,delay_tolerant,0.7233,0.0,7.7333,0.5,0.0,5,2,True,1.0,0.05
j414208,2,token_batch,1.475,0.0,11.0,0.5,4125.294,9,1,False,1.0,0.0
j414620,2,delay_tolerant,1.4067,0.0,10.5333,0.5,0.0,20,2,False,1.0,0.0
j414687,2,delay_tolerant,1.4067,0.0,10.5333,0.5,0.0,17,2,True,1.0,0.05
j414968,2,delay_tolerant,1.3383,0.0,10.0667,0.5,0.0,10,2,True,1.0,0.0517
j415377,2,delay_tolerant,0.86,0.0,7.7333,0.5,0.0,18,2,False,1.0,0.0
j415609,2,delay_tolerant,0.5183,0.0,7.7333,0.5,0.0,5,2,False,1.0,0.0
j415609,2,delay_tolerant,0.9283,0.0,7.7333,0.5,0.0,11,2,False,1.0,0.0
j415609,2,delay_tolerant,1.065,0.0,8.2,0.5,0.0,10,2,False,1.0,0.0
j41658,2,token_batch,1.475,0.7823,11.0,0.5,4339.406,12,1,True,1.0,0.095
j41658,2,delay_tolerant,1.1333,0.0,8.6667,0.5,0.0,12,2,False,1.0,0.0
j41658,2,token_batch,1.475,0.7336,11.0,0.5,3477.548,13,1,True,1.0,0.05
j41658,2,token_batch,1.475,0.4419,11.0,0.5,4068.357,13,1,True,1.0,0.1762
j416587,2,delay_tolerant,1.27,0.0,9.6,0.5,0.0,13,2,True,1.0,0.05
j416587,2,delay_tolerant,0.9283,0.0,7.7333,0.5,0.0,13,2,True,1.0,0.05
j416716,2,delay_tolerant,0.5867,0.0,7.7333,0.5,0.0,5,2,True,1.0,0.05
j416716,2,token_batch,1.475,1.263,11.0,0.5,4200.5,18,1,False,1.0,0.0
j417086,2,delay_tolerant,0.655,0.0,7.7333,0.5,0.0,5,2,True,1.0,0.0827
j417087,2,delay_tolerant,1.2017,0.0,9.1333,0.5,0.0,19,2,False,1.0,0.0
j417087,2,delay_tolerant,0.5867,0.0,7.7333,0.5,0.0,5,2,False,1.0,0.0
j417426,2,delay_sensitive,0.5183,0.0,7.7333,0.5,0.0,3,3,False,1.0,0.0
j417917,2,delay_tolerant,0.5183,0.0,7.7333,0.5,0.0,16,2,True,1.0,0.0611
j417959,2,delay_tolerant,0.5867,0.0,7.7333,0.5,0.0,15,2,False,1.0,0.0
j417959,2,delay_tolerant,0.7917,0.0,7.7333,0.5,0.0,15,2,True,1.0,0.0582
j417959,2,delay_tolerant,0.7233,0.0,7.7333,0.5,0.0,5,2,False,1.0,0.0
j418595,2,delay_tolerant,0.5183,0.2477,7.7333,0.5,0.0,5,2,False,1.0,0.0
j419382,2,delay_tolerant,0.5183,0.0,7.7333,0.5,0.0,12,2,True,1.0,0.05
j419382,2,token_batch,1.475,0.0,11.0,0.5,4575.175,13,1,False,1.0,0.0
j419382,2,delay_tolerant,1.1333,0.0,8.6667,0.5,0.0,14,2,True,1.0,0.0387
j419581,2,delay_tolerant,0.5183,0.0,7.7333,0.5,0.0,16,2,False,1.0,0.0
j419755,2,delay_tolerant,0.7233,0.0,7.7333,0.5,0.0,19,2,False,1.0,0.0
j419755,2,delay_tolerant,1.4067,0.0,10.5333,0.5,0.0,12,2,False,1.0,0.0
j419755,2,token_batch,1.6117,1.0038,11.9333,0.5,4547.457,9,1,False,1.0,0.0
j419755,2,token_batch,2.5,0.9152,18.0,0.5,5197.093,18,1,False,1.0,0.0
j419755,2,delay_tolerant,0.5183,0.0,7.7333,0.5,0.0,12,2,False,1.0,0.0
j419755,2,token_batch,1.8167,1.4079,13.3333,0.5,4633.588,9,1,True,1.0,0.1549
j419755,2,delay_tolerant,0.7917,0.0,7.7333,0.5,0.0,5,2,True,1.0,0.0546
j419755,2,token_batch,1.885,0.0,13.8,0.5,4812.701,12,1,False,1.0,0.0
j419755,2,delay_tolerant,1.2017,0.0,9.1333,0.5,0.0,19,2,False,1.0,0.0
j419755,2,token_batch,1.885,0.9637,13.8,0.5,4456.721,9,1,False,1.0,0.0
j419755,2,delay_tolerant,0.5183,0.0,7.7333,0.5,0.0,12,2,False,1.0,0.0
j419755,2,token_batch,2.5,0.0,18.0,0.5,4242.766,19,1,False,1.0,0.0
j419755,2,delay_tolerant,0.5183,0.0,7.7333,0.5,0.0,18,2,True,1.0,0.05
j419755,2,token_batch,2.5,1.4515,18.0,0.5,5277.352,20,1,True,1.0,0.0933
j419755,2,token_batch,1.8167,0.6395,13.3333,0.5,4197.827,9,1,False,1.0,0.0
j420001,2,delay_tolerant,0.5183,0.0,7.7333,0.5,0.0,22,2,True,1.0,0.0319
j420143,2,token_batch,1.475,0.5441,11.0,0.5,4475.308,13,1,False,1.0,0.0
j420592,2,delay_tolerant,0.5183,0.0,7.7333,0.5,0.0,12,2,True,1.0,0.0923
j421098,2,token_batch,2.5,1.2357,18.0,0.5,4726.889,19,1,False,1.0,0.0
j421098,2,token_batch,2.5,1.3348,18.0,0.5,4798.028,9,1,False,1.0,0.0
j421502,2,token_batch,1.475,1.4413,11.0,0.5,4239.944,18,1,True,1.0,0.05
j421502,2,delay_tolerant,1.065,0.0,8.2,0.5,0.0,18,2,True,1.0,0.0692
j421556,2,delay_tolerant,0.9283,0.0,7.7333,0.5,0.0,5,2,False,1.0,0.0
j421556,2,delay_tolerant,1.27,0.0,9.6,0.5,0.0,12,2,True,1.0,0.05
j422165,2,delay_tolerant,1.065,0.0,8.2,0.5,0.0,21,2,True,1.0,0.0941
j422165,2,delay_tolerant,0.5867,0.0,7.7333,0.5,0.0,21,2,True,1.0,0.05
j422426,2,delay_tolerant,0.5183,0.0,7.7333,0.5,0.0,12,2,False,1.0,0.0
j42254,2,delay_tolerant,0.5183,0.0,7.7333,0.5,0.0,16,2,True,1.0,0.0242
j423089,2,delay_tolerant,0.5183,0.0,7.7333,0.5,0.0,5,2,False,1.0,0.0
j423246,2,delay_tolerant,0.655,0.2103,7.7333,0.5,0.0,5,2,True,1.0,0.05
j423246,2,delay_tolerant,0.7917,0.0,7.7333,0.5,0.0,15,2,False,1.0,0.0
j423246,2,token_batch,1.475,0.4185,11.0,0.5,4517.283,15,1,True,1.0,0.1506
j423246,2,token_batch,1.475,0.5624,11.0,0.5,4207.225,15,1,True,1.0,0.05
j423370,2,delay_tolerant,0.5183,0.0,7.7333,0.5,0.0,11,2,True,1.0,0.05
j423396,2,delay_tolerant,1.1333,0.0,8.6667,0.5,0.0,17,2,True,1.0,0.0973
j423448,2,delay_tolerant,1.065,0.0,8.2,0.5,0.0,17,2,False,1.0,0.0
j423448,2,delay_tolerant,0.7233,0.0,7.7333,0.5,0.0,18,2,True,1.0,0.05
j423884,2,token_batch,1.475,0.0,11.0,0.5,3460.303,22,1,True,1.0,0.1187
j424210,2,delay_tolerant,1.1333,0.0,8.6667,0.5,0.0,11,2,False,1.0,0.0
j424355,2,delay_tolerant,1.3383,0.0,10.0667,0.5,0.0,16,2,False,1.0,0.0
j424547,2,delay_tolerant,1.4067,0.0,10.5333,0.5,0.0,23,2,True,1.0,0.05
j424547,2,delay_tolerant,1.27,0.0,9.6,0.5,0.0,23,2,False,1.0,0.0
j424594,2,token_batch,1.475,0.0,11.0,0.5,4005.998,22,1,True,1.0,0.1908
j424748,2,delay_tolerant,0.5183,0.0,7.7333,0.5,0.0,5,2,False,1.0,0.0
j424796,2,delay_tolerant,0.5183,0.5042,7.7333,0.5,0.0,19,2,True,1.0,0.05
j424796,2,delay_tolerant,0.5183,0.0,7.7333,0.5,0.0,18,2,False,1.0,0.0
j424796,2,token_batch,2.09,0.0,15.2,0.5,4924.103,18,1,False,1.0,0.0
j424796,2,delay_tolerant,0.5183,0.0,7.7333,0.5,0.0,18,2,True,1.0,0.05
j424796,2,delay_tolerant,0.5183,0.0,7.7333,0.5,0.0,20,2,True,1.0,0.0238
j424796,2,token_batch,1.7483,1.4236,12.8667,0.5,5082.846,19,1,False,1.0,0.0
j424796,2,delay_tolerant,0.5183,0.0,7.7333,0.5,0.0,5,2,False,1.0,0.0
j424839,2,delay_tolerant,0.9967,0.0,7.7333,0.5,0.0,11,2,False,1.0,0.0
j426025,2,delay_tolerant,0.655,0.0,7.7333,0.5,0.0,15,2,True,1.0,0.05
j426028,2,token_batch,1.6117,0.5493,11.9333,0.5,4928.631,6,1,True,1.0,0.05
j426112,2,token_batch,2.5,1.3277,18.0,0.5,4843.298,23,1,True,1.0,0.05
j426112,2,token_batch,2.5,0.0,18.0,0.5,4872.108,14,1,False,1.0,0.0
j426193,2,delay_tolerant,0.7233,0.0,7.7333,0.5,0.0,9,2,True,1.0,0.05
j426737,2,delay_tolerant,0.655,0.0,7.7333,0.5,0.0,22,2,True,1.0,0.0251
j426899,2,delay_tolerant,0.5183,0.0,7.7333,0.5,0.0,5,2,False,1.0,0.0
j426899,2,delay_tolerant,1.4067,0.0,10.5333,0.5,0.0,9,2,False,1.0,0.0
j426912,2,token_batch,1.475,1.2221,11.0,0.5,4248.503,19,1,True,1.0,0.1532
j428223,2,delay_tolerant,1.2017,0.0,9.1333,0.5,0.0,21,2,False,1.0,0.0
j428227,2,token_batch,2.0217,0.6879,14.7333,0.5,4517.362,6,1,True,1.0,0.05
j428227,2,token_batch,1.5433,0.4931,11.4667,0.5,4914.457,15,1,True,1.0,0.05
j428490,2,token_batch,1.475,1.0887,11.0,0.5,4164.056,15,1,False,1.0,0.0
j428774,2,delay_tolerant,0.9283,0.0,7.7333,0.5,0.0,9,2,False,1.0,0.0
j428774,2,delay_tolerant,0.5183,0.0,7.7333,0.5,0.0,19,2,False,1.0,0.0
j428774,2,token_batch,1.68,0.0,12.4,0.5,3976.418,19,1,False,1.0,0.0
j428971,2,delay_tolerant,0.5183,0.0,7.7333,0.5,0.0,20,2,True,1.0,0.0478
j429051,2,token_batch,1.475,0.9481,11.0,0.5,4347.479,20,1,True,1.0,0.1609
j429051,2,token_batch,1.475,0.0,11.0,0.5,3427.371,20,1,True,1.0,0.1601
j429498,2,delay_tolerant,0.7233,0.3605,7.7333,0.5,0.0,16,2,False,1.0,0.0
j42964,2,delay_tolerant,0.5183,0.0,7.7333,0.5,0.0,22,2,True,1.0,0.05
j429649,2,delay_tolerant,1.065,0.0,8.2,0.5,0.0,22,2,True,1.0,0.05
j429649,2,token_batch,1.475,0.0,11.0,0.5,3734.432,21,1,False,1.0,0.0
j429795,2,token_batch,1.475,0.0,11.0,0.5,3528.608,18,1,True,1.0,0.1868
j429795,2,delay_tolerant,0.5183,0.0,7.7333,0.5,0.0,5,2,True,1.0,0.05
j429795,2,token_batch,1.475,1.2579,11.0,0.5,4520.015,16,1,False,1.0,0.0
j429848,2,delay_tolerant,1.3383,0.211,10.0667,0.5,0.0,22,2,False,1.0,0.0
j429848,2,token_batch,1.475,0.0,11.0,0.5,4283.456,22,1,False,1.0,0.0
j429861,2,delay_tolerant,1.3383,0.0,10.0667,0.5,0.0,11,2,True,1.0,0.05
j429861,2,delay_tolerant,0.86,0.0,7.7333,0.5,0.0,12,2,False,1.0,0.0
j430447,2,delay_tolerant,0.7233,0.0,7.7333,0.5,0.0,15,2,False,1.0,0.0
j430447,2,delay_tolerant,1.4067,0.2229,10.5333,0.5,0.0,15,2,False,1.0,0.0
j430447,2,delay_tolerant,0.655,0.0,7.7333,0.5,0.0,14,2,False,1.0,0.0
j430447,2,delay_tolerant,0.9967,0.0,7.7333,0.5,0.0,15,2,True,1.0,0.0443
j430447,2,delay_tolerant,0.7917,0.0,7.7333,0.5,0.0,15,2,True,1.0,0.094
j430747,2,delay_tolerant,0.5867,0.0,7.7333,0.5,0.0,13,2,True,1.0,0.05
j430747,2,delay_tolerant,1.4067,0.0,10.5333,0.5,0.0,13,2,False,1.0,0.0
j430747,2,delay_tolerant,0.7233,0.0,7.7333,0.5,0.0,5,2,True,1.0,0.0866
j431224,2,delay_tolerant,0.5183,0.0,7.7333,0.5,0.0,5,2,False,1.0,0.0
j431224,2,token_batch,1.475,0.0,11.0,0.5,3680.782,11,1,False,1.0,0.0
j431490,2,token_batch,1.475,0.0,11.0,0.5,3865.135,22,1,False,1.0,0.0
j431525,2,token_batch,1.475,1.0389,11.0,0.5,4059.752,13,1,True,1.0,0.05
j432051,2,delay_tolerant,0.5183,0.0,7.7333,0.5,0.0,16,2,False,1.0,0.0
j432765,2,delay_tolerant,0.5183,0.0,7.7333,0.5,0.0,9,2,True,1.0,0.05
j432765,2,token_batch,1.475,1.3326,11.0,0.5,3585.122,18,1,False,1.0,0.0
j43287,2,delay_tolerant,1.065,0.0,8.2,0.5,0.0,9,2,False,1.0,0.0
j433005,2,token_batch,1.475,1.0065,11.0,0.5,3752.578,12,1,True,1.0,0.05
j433213,2,delay_tolerant,1.2017,0.0,9.1333,0.5,0.0,22,2,True,1.0,0.0574
j433300,2,delay_sensitive,1.065,0.0,8.2,0.5,0.0,3,3,False,1.0,0.0
j433300,2,token_batch,2.5,1.135,18.0,0.5,5257.507,17,1,False,1.0,0.0
j433321,2,token_batch,1.475,0.0,11.0,0.5,4444.358,19,1,False,1.0,0.0
j433449,2,delay_tolerant,0.5183,0.0,7.7333,0.5,0.0,13,2,False,1.0,0.0
j433449,2,delay_tolerant,1.1333,0.0,8.6667,0.5,0.0,13,2,False,1.0,0.0
j434492,2,delay_tolerant,0.7917,0.0,7.7333,0.5,0.0,9,2,True,1.0,0.05
j434503,2,delay_tolerant,1.3383,0.0,10.0667,0.5,0.0,19,2,True,1.0,0.05
j434957,2,token_batch,1.475,0.9817,11.0,0.5,4488.67,18,1,True,1.0,0.05
j435080,2,delay_tolerant,0.5183,0.0,7.7333,0.5,0.0,14,2,False,1.0,0.0
j435080,2,delay_tolerant,0.5183,0.0,7.7333,0.5,0.0,20,2,True,1.0,0.05
j435080,2,delay_tolerant,0.5183,0.0,7.7333,0.5,0.0,22,2,False,1.0,0.0
j436130,2,delay_tolerant,0.9283,0.0,7.7333,0.5,0.0,14,2,False,1.0,0.0
j436314,2,delay_tolerant,0.7917,0.0,7.7333,0.5,0.0,13,2,False,1.0,0.0
j43683,2,token_batch,1.475,0.0,11.0,0.5,3936.36,10,1,True,1.0,0.1175
j43693,2,delay_tolerant,1.1333,0.0,8.6667,0.5,0.0,13,2,True,1.0,0.05
j43709,2,token_batch,1.475,1.2674,11.0,0.5,3506.381,16,1,True,1.0,0.05
j437178,2,token_batch,1.475,0.0,11.0,0.5,4126.639,17,1,True,1.0,0.1336
j437941,2,delay_tolerant,0.5183,0.0,7.7333,0.5,0.0,16,2,False,1.0,0.0
j438300,2,token_batch,1.475,1.3611,11.0,0.5,3888.51,22,1,True,1.0,0.0995
j43879,2,delay_tolerant,0.86,0.0,7.7333,0.5,0.0,12,2,True,1.0,0.05
j43879,2,delay_tolerant,0.5183,0.0,7.7333,0.5,0.0,5,2,False,1.0,0.0
j438933,2,token_batch,1.475,0.4786,11.0,0.5,4453.369,12,1,False,1.0,0.0
j438933,2,delay_tolerant,0.7917,0.0,7.7333,0.5,0.0,12,2,True,1.0,0.0306
j438933,2,delay_tolerant,1.3383,0.0,10.0667,0.5,0.0,12,2,False,1.0,0.0
j440073,2,token_batch,1.475,0.4301,11.0,0.5,3500.935,16,1,True,1.0,0.05
j440073,2,delay_tolerant,0.5183,0.0,7.7333,0.5,0.0,12,2,False,1.0,0.0
j440288,2,token_batch,2.5,1.119,18.0,0.5,4235.279,19,1,True,1.0,0.05
j440431,2,delay_tolerant,1.065,0.0,8.2,0.5,0.0,16,2,False,1.0,0.0
j44055,2,delay_tolerant,0.5867,0.0,7.7333,0.5,0.0,22,2,True,1.0,0.05
j440908,2,delay_tolerant,0.5183,0.0,7.7333,0.5,0.0,9,2,False,1.0,0.0
j440908,2,delay_tolerant,0.9967,0.0,7.7333,0.5,0.0,9,2,False,1.0,0.0
j441083,2,token_batch,1.475,0.6346,11.0,0.5,4291.42,18,1,True,1.0,0.1987
j441178,2,delay_tolerant,1.3383,0.0,10.0667,0.5,0.0,13,2,True,1.0,0.0478
j441420,2,delay_tolerant,0.5183,0.0,7.7333,0.5,0.0,15,2,False,1.0,0.0
j441455,2,delay_tolerant,0.5183,0.0,7.7333,0.5,0.0,13,2,False,1.0,0.0
j441455,2,delay_tolerant,0.5867,0.0,7.7333,0.5,0.0,13,2,False,1.0,0.0
j441455,2,token_batch,1.475,1.2089,11.0,0.5,3965.454,13,1,True,1.0,0.05
j441455,2,delay_tolerant,0.5183,0.0,7.7333,0.5,0.0,13,2,True,1.0,0.05
j441560,2,delay_tolerant,1.065,0.0,8.2,0.5,0.0,21,2,False,1.0,0.0
j442453,2,delay_tolerant,0.86,0.585,7.7333,0.5,0.0,19,2,False,1.0,0.0
j442453,2,delay_tolerant,1.1333,0.0,8.6667,0.5,0.0,9,2,True,1.0,0.05
j442453,2,token_batch,2.5,1.3037,18.0,0.5,4226.678,20,1,True,1.0,0.05
j442453,2,token_batch,2.5,1.2274,18.0,0.5,4828.589,11,1,True,1.0,0.05
j442805,2,delay_tolerant,0.5183,0.0,7.7333,0.5,0.0,21,2,True,1.0,0.05
j442857,2,delay_tolerant,0.9283,0.0,7.7333,0.5,0.0,10,2,False,1.0,0.0
j442857,2,delay_tolerant,1.4067,0.0,10.5333,0.5,0.0,11,2,True,1.0,0.0932
j443021,2,token_batch,1.475,0.9164,11.0,0.5,3556.652,22,1,True,1.0,0.05
j443021,2,token_batch,1.475,0.8293,11.0,0.5,4624.85,23,1,True,1.0,0.176
j443090,2,delay_tolerant,0.9967,0.0,7.7333,0.5,0.0,20,2,False,1.0,0.0
j443090,2,delay_tolerant,0.5867,0.0,7.7333,0.5,0.0,16,2,False,1.0,0.0
j443090,2,delay_tolerant,1.4067,0.0,10.5333,0.5,0.0,20,2,True,1.0,0.05
j443233,2,delay_tolerant,0.7233,0.0,7.7333,0.5,0.0,5,2,True,1.0,0.0913
j443233,2,delay_tolerant,1.4067,0.0,10.5333,0.5,0.0,12,2,True,1.0,0.0418
j443295,2,delay_tolerant,1.3383,0.0,10.0667,0.5,0.0,13,2,True,1.0,0.05
j44345,2,token_batch,1.475,0.8034,11.0,0.5,3783.291,18,1,True,1.0,0.123
j443746,2,delay_tolerant,0.655,0.0,7.7333,0.5,0.0,21,2,False,1.0,0.0
j443815,2,delay_tolerant,1.1333,0.0,8.6667,0.5,0.0,22,2,True,1.0,0.05
j44421,2,token_batch,1.475,1.1515,11.0,0.5,4287.219,22,1,True,1.0,0.05
j444329,2,delay_tolerant,0.5183,0.0,7.7333,0.5,0.0,5,2,True,1.0,0.05
j444660,2,delay_tolerant,1.4067,0.0,10.5333,0.5,0.0,20,2,False,1.0,0.0
j444983,2,delay_tolerant,1.2017,0.0,9.1333,0.5,0.0,20,2,False,1.0,0.0
j445102,2,delay_tolerant,0.7917,0.4829,7.7333,0.5,0.0,5,2,False,1.0,0.0
j445311,2,delay_tolerant,0.9283,0.0,7.7333,0.5,0.0,21,2,False,1.0,0.0
j445960,2,token_batch,1.475,1.3807,11.0,0.5,4394.721,17,1,False,1.0,0.0
j446878,2,delay_tolerant,0.5183,0.0,7.7333,0.5,0.0,5,2,True,1.0,0.0214
j446925,2,delay_tolerant,0.7917,0.0,7.7333,0.5,0.0,14,2,True,1.0,0.0668
j446925,2,delay_tolerant,0.655,0.5312,7.7333,0.5,0.0,5,2,True,1.0,0.05
j446925,2,token_batch,1.6117,0.4541,11.9333,0.5,4425.834,6,1,False,1.0,0.0
j446925,2,token_batch,1.68,0.9304,12.4,0.5,4433.458,6,1,True,1.0,0.199
j447077,2,token_batch,1.475,0.8857,11.0,0.5,3980.585,17,1,True,1.0,0.05
j447133,2,delay_tolerant,0.9283,0.0,7.7333,0.5,0.0,13,2,False,1.0,0.0
j447168,2,delay_tolerant,0.7917,0.0,7.7333,0.5,0.0,10,2,False,1.0,0.0
j447168,2,token_batch,1.475,1.4689,11.0,0.5,3864.28,10,1,True,1.0,0.05
j447506,2,delay_tolerant,1.2017,0.0,9.1333,0.5,0.0,12,2,False,1.0,0.0
j447539,2,delay_tolerant,1.4067,0.0,10.5333,0.5,0.0,16,2,True,1.0,0.05
j447603,2,token_batch,1.475,0.7696,11.0,0.5,3469.784,10,1,False,1.0,0.0
j447603,2,token_batch,1.475,0.0,11.0,0.5,3617.117,9,1,True,1.0,0.1149
j447660,2,delay_tolerant,0.9283,0.0,7.7333,0.5,0.0,14,2,False,1.0,0.0
j447736,2,delay_tolerant,0.5183,0.0,7.7333,0.5,0.0,16,2,True,1.0,0.0486
j447873,2,delay_tolerant,1.4067,0.0,10.5333,0.5,0.0,19,2,False,1.0,0.0
j447996,2,delay_tolerant,0.7917,0.0,7.7333,0.5,0.0,16,2,True,1.0,0.05
j447996,2,token_batch,1.475,1.0937,11.0,0.5,3877.213,19,1,False,1.0,0.0
j447997,2,token_batch,1.475,1.3077,11.0,0.5,3499.289,12,1,True,1.0,0.05
j447997,2,delay_tolerant,0.5183,0.3076,7.7333,0.5,0.0,5,2,False,1.0,0.0
j448396,2,delay_tolerant,0.5183,0.0,7.7333,0.5,0.0,16,2,True,1.0,0.05
j448396,2,delay_tolerant,1.27,0.0,9.6,0.5,0.0,20,2,False,1.0,0.0
j44997,2,delay_tolerant,0.9967,0.0,7.7333,0.5,0.0,15,2,False,1.0,0.0
j450468,2,delay_tolerant,0.655,0.0,7.7333,0.5,0.0,5,2,True,1.0,0.05
j450631,2,delay_tolerant,0.5867,0.4991,7.7333,0.5,0.0,10,2,True,1.0,0.05
j450631,2,delay_tolerant,1.065,0.0,8.2,0.5,0.0,5,2,False,1.0,0.0
j450631,2,delay_tolerant,0.5183,0.0,7.7333,0.5,0.0,5,2,False,1.0,0.0
j450631,2,delay_tolerant,1.4067,0.0,10.5333,0.5,0.0,5,2,False,1.0,0.0
j450707,2,token_batch,2.5,0.4404,18.0,0.5,4467.046,14,1,True,1.0,0.1741
j450848,2,delay_tolerant,1.3383,0.0,10.0667,0.5,0.0,20,2,True,1.0,0.0567
j451008,2,delay_tolerant,0.655,0.0,7.7333,0.5,0.0,16,2,False,1.0,0.0
j451008,2,token_batch,1.475,0.0,11.0,0.5,4377.419,20,1,False,1.0,0.0
j451669,2,delay_tolerant,0.9283,0.0,7.7333,0.5,0.0,22,2,True,1.0,0.0353
j451669,2,delay_tolerant,0.5183,0.0,7.7333,0.5,0.0,14,2,True,1.0,0.05
j451917,2,token_batch,1.475,0.8283,11.0,0.5,3655.696,13,1,True,1.0,0.1421
j452663,2,token_batch,1.475,0.5379,11.0,0.5,3475.86,18,1,True,1.0,0.05
j452663,2,token_batch,1.475,0.5233,11.0,0.5,3541.053,17,1,False,1.0,0.0
j452663,2,token_batch,1.475,0.9519,11.0,0.5,3452.218,18,1,False,1.0,0.0
j453001,2,token_batch,1.475,0.6551,11.0,0.5,4328.949,19,1,True,1.0,0.1422
j453001,2,delay_tolerant,0.7233,0.0,7.7333,0.5,0.0,14,2,True,1.0,0.0245
j453135,2,token_batch,2.5,0.4425,18.0,0.5,4583.854,9,1,True,1.0,0.1914
j453135,2,token_batch,2.5,0.4076,18.0,0.5,5440.649,19,1,True,1.0,0.19
j453135,2,delay_tolerant,0.5183,0.0,7.7333,0.5,0.0,14,2,False,1.0,0.0
j453325,2,delay_tolerant,1.3383,0.0,10.0667,0.5,0.0,12,2,False,1.0,0.0
j453325,2,token_batch,1.475,0.4278,11.0,0.5,4555.302,13,1,False,1.0,0.0
j453397,2,token_batch,1.475,0.9104,11.0,0.5,4266.874,22,1,False,1.0,0.0
j453563,2,delay_tolerant,0.5183,0.0,7.7333,0.5,0.0,5,2,True,1.0,0.05
j453563,2,token_batch,1.475,0.7669,11.0,0.5,4254.508,9,1,True,1.0,0.0803
j453697,2,token_batch,1.475,0.75,11.0,0.5,3857.558,9,1,False,1.0,0.0
j453744,2,delay_tolerant,0.5183,0.233,7.7333,0.5,0.0,18,2,False,1.0,0.0
j453744,2,token_batch,2.5,0.5769,18.0,0.5,5238.823,9,1,True,1.0,0.1699
j453744,2,token_batch,1.885,0.7073,13.8,0.5,4690.025,18,1,True,1.0,0.05
j454482,2,token_batch,1.475,0.0,11.0,0.5,3793.499,12,1,True,1.0,0.1326
j454889,2,delay_tolerant,1.065,0.0,8.2,0.5,0.0,13,2,False,1.0,0.0
j454889,2,delay_tolerant,1.3383,0.5749,10.0667,0.5,0.0,13,2,False,1.0,0.0
j454976,2,delay_tolerant,0.5183,0.0,7.7333,0.5,0.0,5,2,True,1.0,0.0973
j454976,2,delay_tolerant,1.4067,0.0,10.5333,0.5,0.0,16,2,True,1.0,0.0447
j45581,2,delay_tolerant,0.5867,0.0,7.7333,0.5,0.0,5,2,True,1.0,0.0551
j45682,2,delay_tolerant,0.5867,0.0,7.7333,0.5,0.0,15,2,True,1.0,0.05
j45682,2,token_batch,1.475,1.3369,11.0,0.5,4193.97,12,1,False,1.0,0.0
j456913,2,delay_tolerant,0.5183,0.0,7.7333,0.5,0.0,23,2,False,1.0,0.0
j456913,2,delay_tolerant,0.9967,0.0,7.7333,0.5,0.0,22,2,True,1.0,0.05
j456913,2,token_batch,1.6117,1.2681,11.9333,0.5,4492.863,17,1,True,1.0,0.05
j457055,2,delay_tolerant,0.5183,0.0,7.7333,0.5,0.0,15,2,False,1.0,0.0
j457055,2,delay_tolerant,1.1333,0.0,8.6667,0.5,0.0,14,2,True,1.0,0.05
j457055,2,delay_tolerant,0.9283,0.0,7.7333,0.5,0.0,14,2,True,1.0,0.05
j457428,2,delay_tolerant,0.7917,0.0,7.7333,0.5,0.0,14,2,False,1.0,0.0
j457428,2,delay_tolerant,1.4067,0.0,10.5333,0.5,0.0,22,2,False,1.0,0.0
j457428,2,delay_tolerant,0.5183,0.0,7.7333,0.5,0.0,21,2,True,1.0,0.05
j457634,2,delay_tolerant,0.5183,0.0,7.7333,0.5,0.0,17,2,False,1.0,0.0
j458372,2,delay_tolerant,1.1333,0.0,8.6667,0.5,0.0,21,2,True,1.0,0.05
j458372,2,delay_tolerant,1.065,0.0,8.2,0.5,0.0,21,2,False,1.0,0.0
j458672,2,delay_tolerant,0.86,0.0,7.7333,0.5,0.0,7,2,False,1.0,0.0
j458718,2,delay_tolerant,0.9967,0.0,7.7333,0.5,0.0,19,2,False,1.0,0.0
j45924,2,delay_tolerant,1.27,0.0,9.6,0.5,0.0,16,2,True,1.0,0.05
j45924,2,delay_tolerant,1.3383,0.0,10.0667,0.5,0.0,16,2,False,1.0,0.0
j459510,2,token_batch,1.475,0.673,11.0,0.5,4295.218,20,1,True,1.0,0.1735
j459814,2,delay_tolerant,1.27,0.0,9.6,0.5,0.0,23,2,False,1.0,0.0
j459814,2,token_batch,1.475,0.0,11.0,0.5,4626.924,23,1,False,1.0,0.0
j46006,2,token_batch,1.475,0.8619,11.0,0.5,4017.399,19,1,True,1.0,0.0869
j46006,2,delay_tolerant,1.27,0.0,9.6,0.5,0.0,19,2,False,1.0,0.0
j460578,2,delay_tolerant,0.7917,0.0,7.7333,0.5,0.0,5,2,False,1.0,0.0
j46062,2,delay_tolerant,0.5183,0.0,7.7333,0.5,0.0,12,2,True,1.0,0.0374
j460691,2,token_batch,1.475,0.0,11.0,0.5,4550.795,9,1,False,1.0,0.0
j460693,2,token_batch,1.475,0.9782,11.0,0.5,4494.604,18,1,False,1.0,0.0
j460838,2,delay_tolerant,0.9283,0.0,7.7333,0.5,0.0,5,2,False,1.0,0.0
j460838,2,token_batch,1.8167,0.0,13.3333,0.5,4826.116,6,1,True,1.0,0.0854
j460838,2,token_batch,1.5433,0.0,11.4667,0.5,4243.015,7,1,False,1.0,0.0
j460838,2,delay_tolerant,0.5183,0.0,7.7333,0.5,0.0,15,2,False,1.0,0.0
j460924,2,delay_tolerant,1.065,0.0,8.2,0.5,0.0,19,2,True,1.0,0.0916
j460924,2,delay_tolerant,1.3383,0.0,10.0667,0.5,0.0,18,2,False,1.0,0.0
j461057,2,delay_tolerant,0.5183,0.0,7.7333,0.5,0.0,5,2,False,1.0,0.0
j461057,2,delay_tolerant,0.5183,0.0,7.7333,0.5,0.0,16,2,True,1.0,0.0622
j461057,2,token_batch,1.475,0.8708,11.0,0.5,4096.484,18,1,False,1.0,0.0
j461529,2,delay_tolerant,0.5183,0.0,7.7333,0.5,0.0,5,2,False,1.0,0.0
j461529,2,delay_tolerant,0.5183,0.0,7.7333,0.5,0.0,15,2,True,1.0,0.05
j461529,2,delay_tolerant,0.5183,0.0,7.7333,0.5,0.0,15,2,False,1.0,0.0
j461529,2,token_batch,1.885,1.2168,13.8,0.5,4009.234,6,1,True,1.0,0.1196
j461681,2,delay_tolerant,1.065,0.0,8.2,0.5,0.0,21,2,True,1.0,0.0544
j461855,2,token_batch,1.475,0.0,11.0,0.5,4077.243,20,1,True,1.0,0.1482
j461957,2,token_batch,1.475,0.0,11.0,0.5,3706.494,19,1,True,1.0,0.1568
j462027,2,token_batch,2.4317,1.4588,17.5333,0.5,5353.723,17,1,True,1.0,0.05
j462027,2,delay_tolerant,0.5183,0.0,7.7333,0.5,0.0,16,2,False,1.0,0.0
j462036,2,delay_tolerant,0.9283,0.0,7.7333,0.5,0.0,16,2,True,1.0,0.0599
j462467,2,delay_tolerant,0.5867,0.0,7.7333,0.5,0.0,5,2,True,1.0,0.05
j462800,2,token_batch,1.475,0.9955,11.0,0.5,4208.476,16,1,False,1.0,0.0
j462883,2,delay_tolerant,0.655,0.0,7.7333,0.5,0.0,5,2,False,1.0,0.0
j462883,2,token_batch,1.475,1.082,11.0,0.5,3828.822,11,1,True,1.0,0.05
j462887,2,delay_tolerant,1.4067,0.0,10.5333,0.5,0.0,5,2,False,1.0,0.0
j462887,2,token_batch,2.5,1.1469,18.0,0.5,4298.834,15,1,False,1.0,0.0
j462887,2,token_batch,1.68,0.0,12.4,0.5,5211.687,13,1,True,1.0,0.0967
j462887,2,token_batch,2.5,0.8626,18.0,0.5,5038.025,13,1,False,1.0,0.0
j462887,2,delay_tolerant,0.9283,0.0,7.7333,0.5,0.0,13,2,True,1.0,0.05
j462887,2,token_batch,2.5,0.0,18.0,0.5,4875.137,6,1,True,1.0,0.1074
j462887,2,token_batch,2.5,1.3227,18.0,0.5,5253.898,6,1,True,1.0,0.0981
j462887,2,delay_tolerant,0.9283,0.0,7.7333,0.5,0.0,12,2,False,1.0,0.0
j462938,2,token_batch,2.5,1.4828,18.0,0.5,4379.852,22,1,True,1.0,0.05
j463271,2,token_batch,1.475,0.6941,11.0,0.5,4265.344,19,1,True,1.0,0.05
j464611,2,delay_tolerant,1.4067,0.0,10.5333,0.5,0.0,15,2,True,1.0,0.05
j464614,2,delay_tolerant,0.86,0.0,7.7333,0.5,0.0,21,2,True,1.0,0.05
j465013,2,delay_tolerant,0.5183,0.0,7.7333,0.5,0.0,10,2,True,1.0,0.05
j465389,2,delay_tolerant,1.27,0.0,9.6,0.5,0.0,20,2,True,1.0,0.05
j466026,2,token_batch,1.475,1.0764,11.0,0.5,4438.866,13,1,True,1.0,0.1943
j466336,2,delay_tolerant,0.9967,0.0,7.7333,0.5,0.0,20,2,False,1.0,0.0
j4668,2,delay_tolerant,0.7917,0.3018,7.7333,0.5,0.0,19,2,True,1.0,0.05
j466912,2,delay_tolerant,0.5183,0.0,7.7333,0.5,0.0,5,2,False,1.0,0.0
j466998,2,token_batch,1.475,1.2193,11.0,0.5,3990.567,21,1,True,1.0,0.05
j467885,2,token_batch,1.475,0.9715,11.0,0.5,4424.554,10,1,True,1.0,0.1831
j467885,2,token_batch,1.475,1.4405,11.0,0.5,4022.564,11,1,False,1.0,0.0
j467885,2,delay_tolerant,0.5183,0.0,7.7333,0.5,0.0,10,2,False,1.0,0.0
j467885,2,token_batch,1.475,1.3534,11.0,0.5,3772.84,11,1,False,1.0,0.0
j467885,2,delay_tolerant,0.655,0.0,7.7333,0.5,0.0,5,2,True,1.0,0.05
j468086,2,delay_tolerant,0.655,0.0,7.7333,0.5,0.0,5,2,False,1.0,0.0
j468137,2,delay_tolerant,0.9283,0.0,7.7333,0.5,0.0,13,2,False,1.0,0.0
j468552,2,delay_tolerant,1.1333,0.0,8.6667,0.5,0.0,18,2,False,1.0,0.0
j468907,2,delay_tolerant,1.4067,0.0,10.5333,0.5,0.0,21,2,False,1.0,0.0
j468907,2,delay_tolerant,0.9283,0.0,7.7333,0.5,0.0,22,2,False,1.0,0.0
j469244,2,delay_tolerant,1.27,0.0,9.6,0.5,0.0,15,2,True,1.0,0.05
j469244,2,token_batch,1.475,0.0,11.0,0.5,3626.115,14,1,False,1.0,0.0
j469462,2,delay_tolerant,0.5183,0.0,7.7333,0.5,0.0,17,2,True,1.0,0.05
j469462,2,delay_tolerant,1.065,0.0,8.2,0.5,0.0,7,2,False,1.0,0.0
j469462,2,delay_tolerant,0.5183,0.0,7.7333,0.5,0.0,18,2,False,1.0,0.0
j469462,2,delay_tolerant,0.655,0.0,7.7333,0.5,0.0,12,2,False,1.0,0.0
j469964,2,token_batch,1.475,0.0,11.0,0.5,3839.147,18,1,False,1.0,0.0
j469986,2,delay_tolerant,1.1333,0.0,8.6667,0.5,0.0,15,2,True,1.0,0.05
j470168,2,token_batch,2.5,0.6257,18.0,0.5,4145.448,12,1,False,1.0,0.0
j470168,2,token_batch,2.5,0.0,18.0,0.5,5245.66,13,1,True,1.0,0.148
j47021,2,delay_tolerant,0.5183,0.0,7.7333,0.5,0.0,5,2,True,1.0,0.05
j470555,2,token_batch,1.475,0.0,11.0,0.5,3705.615,13,1,True,1.0,0.0998
j470555,2,delay_tolerant,0.5183,0.0,7.7333,0.5,0.0,13,2,False,1.0,0.0
j470661,2,delay_tolerant,1.27,0.0,9.6,0.5,0.0,19,2,False,1.0,0.0
j471167,2,delay_tolerant,0.86,0.0,7.7333,0.5,0.0,13,2,False,1.0,0.0
j471468,2,token_batch,1.475,1.1245,11.0,0.5,3961.508,13,1,False,1.0,0.0
j472093,2,delay_tolerant,0.7233,0.0,7.7333,0.5,0.0,12,2,True,1.0,0.05
j472153,2,delay_tolerant,0.86,0.0,7.7333,0.5,0.0,14,2,True,1.0,0.0314
j47217,2,delay_tolerant,0.5183,0.0,7.7333,0.5,0.0,5,2,False,1.0,0.0
j472681,2,token_batch,1.475,1.4422,11.0,0.5,4187.718,13,1,True,1.0,0.05
j472705,2,delay_tolerant,1.27,0.0,9.6,0.5,0.0,16,2,True,1.0,0.0774
j472705,2,delay_tolerant,0.9967,0.0,7.7333,0.5,0.0,15,2,True,1.0,0.0445
j472705,2,token_batch,1.475,1.4601,11.0,0.5,4498.232,16,1,False,1.0,0.0
j473029,2,delay_tolerant,0.7233,0.0,7.7333,0.5,0.0,19,2,False,1.0,0.0
j473029,2,delay_tolerant,0.5867,0.0,7.7333,0.5,0.0,19,2,True,1.0,0.05
j473029,2,delay_tolerant,0.5183,0.0,7.7333,0.5,0.0,19,2,False,1.0,0.0
j473029,2,delay_tolerant,0.7233,0.0,7.7333,0.5,0.0,19,2,False,1.0,0.0
j473029,2,delay_tolerant,0.5183,0.0,7.7333,0.5,0.0,14,2,False,1.0,0.0
j473093,2,delay_tolerant,0.7917,0.3862,7.7333,0.5,0.0,19,2,True,1.0,0.05
j473281,2,delay_tolerant,0.655,0.0,7.7333,0.5,0.0,14,2,True,1.0,0.05
j473289,2,delay_tolerant,1.4067,0.0,10.5333,0.5,0.0,18,2,False,1.0,0.0
j473289,2,delay_tolerant,0.5183,0.0,7.7333,0.5,0.0,17,2,True,1.0,0.0859
j473289,2,delay_tolerant,0.9283,0.0,7.7333,0.5,0.0,18,2,False,1.0,0.0
j473525,2,delay_tolerant,1.4067,0.0,10.5333,0.5,0.0,20,2,False,1.0,0.0
j474603,2,token_batch,1.475,1.4065,11.0,0.5,3675.25,9,1,True,1.0,0.1275
j474764,2,delay_tolerant,0.5183,0.0,7.7333,0.5,0.0,14,2,False,1.0,0.0
j475286,2,delay_tolerant,0.5183,0.4522,7.7333,0.5,0.0,17,2,True,1.0,0.0986
j475353,2,delay_tolerant,0.7233,0.0,7.7333,0.5,0.0,5,2,False,1.0,0.0
j475524,2,delay_tolerant,0.7233,0.0,7.7333,0.5,0.0,11,2,True,1.0,0.0569
j475829,2,delay_tolerant,0.5867,0.0,7.7333,0.5,0.0,5,2,True,1.0,0.05
j475829,2,delay_sensitive,0.5183,0.0,7.7333,0.5,0.0,3,3,False,1.0,0.0
j475852,2,token_batch,1.68,0.0,12.4,0.5,4085.837,19,1,True,1.0,0.1868
j476345,2,delay_tolerant,1.2017,0.0,9.1333,0.5,0.0,22,2,False,1.0,0.0
j476345,2,token_batch,1.475,0.4128,11.0,0.5,4252.71,22,1,True,1.0,0.05
j476345,2,token_batch,1.475,1.4307,11.0,0.5,3744.394,23,1,True,1.0,0.05
j476361,2,token_batch,1.6117,1.1542,11.9333,0.5,3901.199,15,1,True,1.0,0.08
j476361,2,delay_tolerant,1.27,0.0,9.6,0.5,0.0,15,2,False,1.0,0.0
j476361,2,token_batch,1.6117,0.9314,11.9333,0.5,4047.297,14,1,False,1.0,0.0
j476361,2,token_batch,1.475,1.3127,11.0,0.5,3829.164,16,1,False,1.0,0.0
j476461,2,token_batch,1.475,0.9092,11.0,0.5,3958.475,13,1,True,1.0,0.05
j476593,2,token_batch,1.475,0.8478,11.0,0.5,4618.152,12,1,True,1.0,0.1894
j476593,2,delay_tolerant,1.4067,0.0,10.5333,0.5,0.0,12,2,False,1.0,0.0
j476593,2,delay_tolerant,0.5183,0.3101,7.7333,0.5,0.0,5,2,True,1.0,0.0436
j476593,2,delay_tolerant,0.86,0.0,7.7333,0.5,0.0,11,2,False,1.0,0.0
j476740,2,delay_tolerant,0.5183,0.0,7.7333,0.5,0.0,17,2,True,1.0,0.0544
j476919,2,token_batch,2.5,1.4611,18.0,0.5,4400.568,7,1,True,1.0,0.1732
j476919,2,token_batch,2.5,0.0,18.0,0.5,5303.398,17,1,False,1.0,0.0
j476970,2,delay_tolerant,0.86,0.0,7.7333,0.5,0.0,13,2,False,1.0,0.0
j477042,2,token_batch,1.475,0.8491,11.0,0.5,3740.507,10,1,False,1.0,0.0
j477042,2,delay_tolerant,0.7917,0.0,7.7333,0.5,0.0,11,2,False,1.0,0.0
j4778,2,token_batch,1.475,1.1851,11.0,0.5,3780.494,14,1,True,1.0,0.05
j47814,2,token_batch,1.475,0.6709,11.0,0.5,4478.39,19,1,True,1.0,0.05
j47814,2,delay_tolerant,1.065,0.0,8.2,0.5,0.0,19,2,True,1.0,0.0984
j478178,2,delay_tolerant,1.2017,0.52,9.1333,0.5,0.0,12,2,False,1.0,0.0
j478182,2,delay_tolerant,0.5183,0.0,7.7333,0.5,0.0,5,2,False,1.0,0.0
j479153,2,delay_tolerant,0.86,0.0,7.7333,0.5,0.0,12,2,True,1.0,0.0654
j479153,2,delay_tolerant,0.9967,0.0,7.7333,0.5,0.0,12,2,True,1.0,0.05
j479493,2,delay_tolerant,0.5183,0.0,7.7333,0.5,0.0,19,2,False,1.0,0.0
j479493,2,token_batch,1.475,0.8782,11.0,0.5,4403.567,20,1,True,1.0,0.05
j479731,2,delay_tolerant,0.5183,0.0,7.7333,0.5,0.0,5,2,False,1.0,0.0
j479731,2,delay_tolerant,0.5183,0.0,7.7333,0.5,0.0,21,2,False,1.0,0.0
j479822,2,delay_tolerant,1.065,0.0,8.2,0.5,0.0,21,2,False,1.0,0.0
j479822,2,token_batch,2.5,0.5211,18.0,0.5,4891.816,21,1,False,1.0,0.0
j479822,2,delay_tolerant,1.27,0.0,9.6,0.5,0.0,5,2,True,1.0,0.0653
j479822,2,delay_tolerant,0.5183,0.0,7.7333,0.5,0.0,19,2,True,1.0,0.05
j479822,2,token_batch,1.6117,1.2015,11.9333,0.5,4812.761,16,1,False,1.0,0.0
j479822,2,delay_tolerant,0.5183,0.0,7.7333,0.5,0.0,19,2,False,1.0,0.0
j479822,2,delay_tolerant,0.5183,0.0,7.7333,0.5,0.0,14,2,False,1.0,0.0
j47997,2,delay_tolerant,1.065,0.0,8.2,0.5,0.0,9,2,False,1.0,0.0
j480459,2,delay_tolerant,1.27,0.0,9.6,0.5,0.0,10,2,False,1.0,0.0
j480464,2,token_batch,1.475,1.0785,11.0,0.5,4569.131,16,1,True,1.0,0.05
j480669,2,delay_tolerant,0.9283,0.0,7.7333,0.5,0.0,18,2,True,1.0,0.05
j480669,2,token_batch,1.475,0.9499,11.0,0.5,3818.487,19,1,False,1.0,0.0
j480932,2,token_batch,2.5,1.0955,18.0,0.5,5238.232,18,1,True,1.0,0.05
j480932,2,token_batch,2.5,1.3158,18.0,0.5,5318.286,19,1,True,1.0,0.1645
j481033,2,delay_tolerant,1.1333,0.0,8.6667,0.5,0.0,23,2,False,1.0,0.0
j481279,2,delay_tolerant,0.86,0.0,7.7333,0.5,0.0,22,2,False,1.0,0.0
j481279,2,token_batch,1.475,1.3977,11.0,0.5,4500.84,23,1,True,1.0,0.05
j481341,2,token_batch,1.475,0.0,11.0,0.5,3486.586,23,1,True,1.0,0.1567
j481925,2,delay_tolerant,0.655,0.0,7.7333,0.5,0.0,9,2,True,1.0,0.0614
j481925,2,delay_tolerant,0.5183,0.2435,7.7333,0.5,0.0,5,2,False,1.0,0.0
j482018,2,token_batch,1.475,0.4404,11.0,0.5,3506.007,20,1,True,1.0,0.05
j482098,2,token_batch,1.475,0.0,11.0,0.5,3924.404,21,1,False,1.0,0.0
j482130,2,token_batch,1.475,0.6678,11.0,0.5,3835.951,22,1,False,1.0,0.0
j482130,2,delay_tolerant,0.86,0.0,7.7333,0.5,0.0,5,2,True,1.0,0.05
j482214,2,delay_tolerant,1.4067,0.0,10.5333,0.5,0.0,11,2,False,1.0,0.0
j482214,2,token_batch,1.475,0.906,11.0,0.5,3640.825,12,1,False,1.0,0.0
j482488,2,delay_tolerant,0.5183,0.0,7.7333,0.5,0.0,5,2,True,1.0,0.05
j482488,2,token_batch,2.0217,0.0,14.7333,0.5,5362.354,21,1,False,1.0,0.0
j482488,2,token_batch,2.5,0.8403,18.0,0.5,5481.058,21,1,False,1.0,0.0
j482585,2,delay_tolerant,1.27,0.0,9.6,0.5,0.0,18,2,False,1.0,0.0
j482783,2,delay_tolerant,0.9283,0.0,7.7333,0.5,0.0,13,2,True,1.0,0.05
j482931,2,token_batch,1.5433,0.9033,11.4667,0.5,4937.429,6,1,True,1.0,0.1371
j482931,2,delay_tolerant,1.2017,0.0,9.1333,0.5,0.0,10,2,True,1.0,0.05
j482931,2,delay_tolerant,0.5183,0.0,7.7333,0.5,0.0,10,2,True,1.0,0.0711
j483343,2,delay_tolerant,0.5183,0.0,7.7333,0.5,0.0,5,2,False,1.0,0.0
j484082,2,delay_tolerant,0.655,0.0,7.7333,0.5,0.0,19,2,True,1.0,0.05
j484082,2,token_batch,1.475,0.7763,11.0,0.5,4211.558,20,1,False,1.0,0.0
j484980,2,delay_tolerant,1.3383,0.0,10.0667,0.5,0.0,18,2,True,1.0,0.05
j485034,2,delay_tolerant,0.5183,0.0,7.7333,0.5,0.0,22,2,True,1.0,0.0617
j485315,2,token_batch,1.475,0.5699,11.0,0.5,4082.637,13,1,True,1.0,0.05
j485315,2,delay_tolerant,1.065,0.2807,8.2,0.5,0.0,12,2,False,1.0,0.0
j485612,2,delay_sensitive,0.5183,0.0,7.7333,0.5,0.0,3,3,False,1.0,0.0
j485706,2,delay_tolerant,1.4067,0.0,10.5333,0.5,0.0,22,2,False,1.0,0.0
j486111,2,delay_tolerant,0.5183,0.0,7.7333,0.5,0.0,12,2,True,1.0,0.05
j486111,2,delay_tolerant,0.5183,0.0,7.7333,0.5,0.0,5,2,False,1.0,0.0
j486859,2,token_batch,1.475,0.6129,11.0,0.5,4196.587,19,1,False,1.0,0.0
j487781,2,delay_tolerant,0.86,0.0,7.7333,0.5,0.0,22,2,True,1.0,0.0932
j487781,2,token_batch,1.475,0.5133,11.0,0.5,4188.26,23,1,True,1.0,0.05
j487957,2,delay_tolerant,0.5183,0.3108,7.7333,0.5,0.0,9,2,True,1.0,0.05
j487957,2,delay_tolerant,1.3383,0.0,10.0667,0.5,0.0,10,2,False,1.0,0.0
j488399,2,delay_tolerant,1.2017,0.0,9.1333,0.5,0.0,17,2,False,1.0,0.0
j488408,2,delay_tolerant,0.7917,0.0,7.7333,0.5,0.0,21,2,True,1.0,0.05
j488563,2,delay_tolerant,0.5183,0.0,7.7333,0.5,0.0,5,2,True,1.0,0.05
j488582,2,delay_tolerant,0.7917,0.0,7.7333,0.5,0.0,9,2,False,1.0,0.0
j488582,2,token_batch,1.475,0.0,11.0,0.5,4401.031,9,1,False,1.0,0.0
j488582,2,delay_tolerant,0.7917,0.0,7.7333,0.5,0.0,9,2,True,1.0,0.0514
j48928,2,delay_tolerant,1.4067,0.544,10.5333,0.5,0.0,17,2,False,1.0,0.0
j48928,2,token_batch,1.475,0.0,11.0,0.5,3425.024,17,1,True,1.0,0.1797
j489978,2,token_batch,1.475,1.2839,11.0,0.5,4562.111,11,1,True,1.0,0.05
j490105,2,delay_tolerant,0.86,0.0,7.7333,0.5,0.0,9,2,False,1.0,0.0
j490402,2,token_batch,2.5,0.6275,18.0,0.5,4388.514,21,1,True,1.0,0.05
j490402,2,token_batch,2.5,0.7307,18.0,0.5,5150.85,21,1,True,1.0,0.0937
j490402,2,delay_tolerant,0.5183,0.0,7.7333,0.5,0.0,16,2,True,1.0,0.05
j490402,2,token_batch,1.885,0.8812,13.8,0.5,4891.977,6,1,True,1.0,0.1063
j490754,2,delay_tolerant,0.5867,0.0,7.7333,0.5,0.0,16,2,False,1.0,0.0
j490754,2,delay_tolerant,0.5183,0.0,7.7333,0.5,0.0,14,2,False,1.0,0.0
j490754,2,delay_tolerant,0.86,0.0,7.7333,0.5,0.0,21,2,True,1.0,0.05
j491191,2,delay_tolerant,1.27,0.0,9.6,0.5,0.0,13,2,True,1.0,0.05
j492176,2,delay_tolerant,0.9283,0.0,7.7333,0.5,0.0,12,2,True,1.0,0.08
j492716,2,delay_tolerant,0.5183,0.0,7.7333,0.5,0.0,16,2,False,1.0,0.0
j492716,2,delay_tolerant,0.9967,0.2282,7.7333,0.5,0.0,21,2,True,1.0,0.0223
j49312,2,token_batch,1.475,0.0,11.0,0.5,3485.615,22,1,False,1.0,0.0
j49312,2,delay_tolerant,0.5183,0.5135,7.7333,0.5,0.0,16,2,True,1.0,0.05
j493259,2,delay_tolerant,0.5183,0.0,7.7333,0.5,0.0,15,2,False,1.0,0.0
j493300,2,token_batch,1.475,0.7003,11.0,0.5,3924.73,12,1,True,1.0,0.05
j493300,2,delay_tolerant,1.065,0.0,8.2,0.5,0.0,12,2,True,1.0,0.0688
j4937,2,delay_tolerant,1.065,0.0,8.2,0.5,0.0,12,2,False,1.0,0.0
j4937,2,delay_tolerant,1.27,0.0,9.6,0.5,0.0,11,2,True,1.0,0.05
j494066,2,token_batch,1.475,0.8107,11.0,0.5,3762.967,22,1,True,1.0,0.05
j494296,2,token_batch,1.475,1.3583,11.0,0.5,4152.972,22,1,True,1.0,0.05
j494372,2,delay_tolerant,0.7233,0.0,7.7333,0.5,0.0,21,2,False,1.0,0.0
j495187,2,delay_tolerant,0.7917,0.0,7.7333,0.5,0.0,23,2,True,1.0,0.05
j495203,2,delay_tolerant,1.3383,0.0,10.0667,0.5,0.0,16,2,False,1.0,0.0
j495203,2,token_batch,1.475,1.2462,11.0,0.5,3463.963,16,1,True,1.0,0.05
j495203,2,delay_tolerant,0.5183,0.0,7.7333,0.5,0.0,16,2,True,1.0,0.05
j495203,2,delay_tolerant,1.2017,0.0,9.1333,0.5,0.0,15,2,False,1.0,0.0
j495633,2,delay_tolerant,0.5183,0.0,7.7333,0.5,0.0,5,2,True,1.0,0.0922
j49645,2,delay_tolerant,0.9967,0.0,7.7333,0.5,0.0,15,2,False,1.0,0.0
j496607,2,token_batch,2.5,0.0,18.0,0.5,4326.622,15,1,False,1.0,0.0
j496607,2,token_batch,1.5433,0.0,11.4667,0.5,4009.352,7,1,False,1.0,0.0
j496713,2,delay_tolerant,1.3383,0.0,10.0667,0.5,0.0,5,2,True,1.0,0.0978
j496713,2,token_batch,2.5,1.0257,18.0,0.5,4877.531,11,1,True,1.0,0.05
j497445,2,delay_tolerant,1.27,0.0,9.6,0.5,0.0,12,2,False,1.0,0.0
j497445,2,delay_tolerant,0.5183,0.0,7.7333,0.5,0.0,5,2,False,1.0,0.0
j498029,2,delay_tolerant,1.3383,0.0,10.0667,0.5,0.0,12,2,False,1.0,0.0
j49810,2,delay_tolerant,1.4067,0.0,10.5333,0.5,0.0,13,2,False,1.0,0.0
j49810,2,delay_tolerant,0.5183,0.3473,7.7333,0.5,0.0,5,2,False,1.0,0.0
j49810,2,delay_tolerant,1.27,0.0,9.6,0.5,0.0,13,2,True,1.0,0.05
j49810,2,token_batch,2.5,0.6545,18.0,0.5,4503.185,13,1,True,1.0,0.1876
j498214,2,delay_tolerant,1.065,0.0,8.2,0.5,0.0,19,2,False,1.0,0.0
j498259,2,token_batch,1.475,0.6062,11.0,0.5,3818.571,18,1,True,1.0,0.1346
j498491,2,delay_tolerant,0.9283,0.0,7.7333,0.5,0.0,21,2,True,1.0,0.0904
j498811,2,token_batch,2.5,1.3206,18.0,0.5,4226.8,14,1,False,1.0,0.0
j49886,2,delay_tolerant,0.5183,0.0,7.7333,0.5,0.0,13,2,False,1.0,0.0
j49886,2,delay_tolerant,0.86,0.0,7.7333,0.5,0.0,12,2,False,1.0,0.0
j49886,2,token_batch,1.475,0.547,11.0,0.5,3841.054,13,1,True,1.0,0.05
j498911,2,token_batch,2.5,0.0,18.0,0.5,4762.754,21,1,False,1.0,0.0
j498911,2,delay_tolerant,0.5183,0.0,7.7333,0.5,0.0,14,2,True,1.0,0.05
j498911,2,token_batch,2.5,0.4658,18.0,0.5,5130.553,21,1,False,1.0,0.0
j498976,2,token_batch,1.475,0.0,11.0,0.5,4509.662,9,1,False,1.0,0.0
j499160,2,token_batch,1.475,0.9176,11.0,0.5,3648.394,13,1,True,1.0,0.1895
j499208,2,delay_tolerant,1.27,0.0,9.6,0.5,0.0,20,2,False,1.0,0.0
j499259,2,delay_tolerant,0.5867,0.0,7.7333,0.5,0.0,19,2,False,1.0,0.0
j499384,2,delay_tolerant,1.2017,0.0,9.1333,0.5,0.0,11,2,False,1.0,0.0
j499384,2,token_batch,1.475,0.0,11.0,0.5,3640.543,10,1,True,1.0,0.1786
j499384,2,delay_tolerant,0.5183,0.0,7.7333,0.5,0.0,10,2,False,1.0,0.0
j499384,2,delay_tolerant,0.86,0.0,7.7333,0.5,0.0,10,2,False,1.0,0.0
j499384,2,token_batch,1.475,1.287,11.0,0.5,4469.628,10,1,True,1.0,0.1965
j499384,2,delay_tolerant,0.9283,0.0,7.7333,0.5,0.0,10,2,True,1.0,0.05
j499721,2,delay_tolerant,1.1333,0.2221,8.6667,0.5,0.0,19,2,False,1.0,0.0
j499721,2,token_batch,1.475,0.556,11.0,0.5,3455.06,6,1,True,1.0,0.05
j499721,2,delay_tolerant,1.1333,0.3996,8.6667,0.5,0.0,21,2,True,1.0,0.05
j499721,2,delay_tolerant,0.5183,0.0,7.7333,0.5,0.0,20,2,False,1.0,0.0
j499835,2,delay_tolerant,1.27,0.0,9.6,0.5,0.0,12,2,False,1.0,0.0
j500980,2,token_batch,2.5,0.0,18.0,0.5,4659.077,12,1,True,1.0,0.0871
j500980,2,token_batch,2.5,1.0942,18.0,0.5,4798.677,12,1,True,1.0,0.05
j500980,2,token_batch,2.5,1.3356,18.0,0.5,5102.065,6,1,True,1.0,0.05
j500980,2,delay_tolerant,0.7233,0.0,7.7333,0.5,0.0,10,2,True,1.0,0.05
j501046,2,delay_tolerant,1.3383,0.0,10.0667,0.5,0.0,19,2,False,1.0,0.0
j50133,2,delay_tolerant,0.7917,0.0,7.7333,0.5,0.0,12,2,False,1.0,0.0
j50133,2,delay_tolerant,1.2017,0.0,9.1333,0.5,0.0,13,2,True,1.0,0.0957
j501625,2,token_batch,1.475,1.2359,11.0,0.5,4497.221,12,1,False,1.0,0.0
j503065,2,delay_tolerant,0.7917,0.0,7.7333,0.5,0.0,14,2,False,1.0,0.0
j503164,2,delay_tolerant,0.7233,0.0,7.7333,0.5,0.0,5,2,False,1.0,0.0
j503584,2,delay_tolerant,0.5183,0.0,7.7333,0.5,0.0,14,2,True,1.0,0.0594
j503664,2,token_batch,1.475,1.1801,11.0,0.5,4170.366,13,1,True,1.0,0.05
j503664,2,token_batch,1.475,0.5423,11.0,0.5,3488.478,12,1,False,1.0,0.0
j503963,2,delay_tolerant,1.27,0.0,9.6,0.5,0.0,22,2,True,1.0,0.05
j504431,2,delay_tolerant,1.4067,0.0,10.5333,0.5,0.0,16,2,True,1.0,0.0713
j504453,2,token_batch,1.475,0.0,11.0,0.5,4208.98,23,1,False,1.0,0.0
j504838,2,delay_tolerant,0.7233,0.0,7.7333,0.5,0.0,5,2,True,1.0,0.0892
j505160,2,delay_tolerant,1.3383,0.0,10.0667,0.5,0.0,19,2,True,1.0,0.05
j505160,2,token_batch,1.475,0.6698,11.0,0.5,4092.964,19,1,True,1.0,0.05
j505191,2,delay_tolerant,0.86,0.0,7.7333,0.5,0.0,20,2,True,1.0,0.05
j505323,2,token_batch,1.475,0.0,11.0,0.5,4194.055,16,1,True,1.0,0.1621
j50617,2,token_batch,2.5,0.8988,18.0,0.5,4727.73,22,1,True,1.0,0.1223
j506194,2,delay_tolerant,1.3383,0.0,10.0667,0.5,0.0,13,2,False,1.0,0.0
j506665,2,delay_tolerant,0.5183,0.0,7.7333,0.5,0.0,5,2,False,1.0,0.0
j506665,2,delay_tolerant,0.5183,0.5571,7.7333,0.5,0.0,5,2,True,1.0,0.05
j506665,2,delay_tolerant,0.5183,0.0,7.7333,0.5,0.0,16,2,True,1.0,0.0571
j506968,2,delay_tolerant,1.2017,0.0,9.1333,0.5,0.0,15,2,True,1.0,0.05
j507011,2,delay_tolerant,0.5183,0.0,7.7333,0.5,0.0,10,2,False,1.0,0.0
j507064,2,delay_tolerant,0.5183,0.0,7.7333,0.5,0.0,12,2,True,1.0,0.05
j507064,2,delay_tolerant,1.4067,0.0,10.5333,0.5,0.0,13,2,False,1.0,0.0
j507194,2,delay_tolerant,0.9967,0.0,7.7333,0.5,0.0,16,2,False,1.0,0.0
j507194,2,delay_tolerant,1.2017,0.0,9.1333,0.5,0.0,16,2,False,1.0,0.0
j507194,2,delay_tolerant,0.655,0.0,7.7333,0.5,0.0,5,2,True,1.0,0.027
j507344,2,token_batch,1.475,0.4357,11.0,0.5,4080.058,15,1,True,1.0,0.1558
j507546,2,delay_tolerant,1.065,0.0,8.2,0.5,0.0,16,2,True,1.0,0.05
j507568,2,token_batch,1.475,0.0,11.0,0.5,4142.467,19,1,False,1.0,0.0
j507568,2,delay_tolerant,0.655,0.0,7.7333,0.5,0.0,16,2,True,1.0,0.05
j507568,2,delay_tolerant,0.5183,0.0,7.7333,0.5,0.0,5,2,True,1.0,0.0464
j507568,2,token_batch,1.475,0.8778,11.0,0.5,4348.098,19,1,False,1.0,0.0
j508024,2,delay_tolerant,1.2017,0.0,9.1333,0.5,0.0,16,2,False,1.0,0.0
j508024,2,token_batch,1.475,1.3126,11.0,0.5,4499.55,16,1,True,1.0,0.05
j508024,2,delay_tolerant,0.86,0.0,7.7333,0.5,0.0,15,2,True,1.0,0.05
j508486,2,delay_tolerant,0.7233,0.0,7.7333,0.5,0.0,5,2,True,1.0,0.0209
j508486,2,delay_tolerant,0.9967,0.0,7.7333,0.5,0.0,13,2,True,1.0,0.05
j508728,2,delay_tolerant,0.655,0.0,7.7333,0.5,0.0,5,2,False,1.0,0.0
j509660,2,delay_tolerant,0.5867,0.0,7.7333,0.5,0.0,5,2,True,1.0,0.0255
j509678,2,delay_tolerant,1.1333,0.2416,8.6667,0.5,0.0,15,2,False,1.0,0.0
j509793,2,delay_tolerant,0.9967,0.5211,7.7333,0.5,0.0,12,2,False,1.0,0.0
j509793,2,delay_sensitive,0.5183,0.0,7.7333,0.5,0.0,3,3,False,1.0,0.0
j509793,2,delay_tolerant,1.3383,0.0,10.0667,0.5,0.0,13,2,True,1.0,0.05
j509793,2,delay_tolerant,0.9283,0.0,7.7333,0.5,0.0,12,2,False,1.0,0.0
j509793,2,delay_tolerant,1.3383,0.0,10.0667,0.5,0.0,13,2,True,1.0,0.05
j509957,2,token_batch,1.475,0.8482,11.0,0.5,4499.919,22,1,True,1.0,0.05
j509957,2,delay_tolerant,1.4067,0.0,10.5333,0.5,0.0,23,2,False,1.0,0.0
j5103,2,delay_tolerant,0.86,0.3057,7.7333,0.5,0.0,13,2,False,1.0,0.0
j5103,2,delay_tolerant,0.7233,0.0,7.7333,0.5,0.0,5,2,True,1.0,0.05
j5103,2,delay_tolerant,1.27,0.0,9.6,0.5,0.0,14,2,True,1.0,0.05
j510504,2,delay_tolerant,0.9283,0.0,7.7333,0.5,0.0,12,2,True,1.0,0.05
j510506,2,delay_tolerant,1.27,0.0,9.6,0.5,0.0,15,2,True,1.0,0.0262
j510506,2,delay_tolerant,1.1333,0.0,8.6667,0.5,0.0,15,2,False,1.0,0.0
j510594,2,token_batch,1.475,0.4866,11.0,0.5,4575.176,16,1,True,1.0,0.05
j510738,2,delay_tolerant,0.5183,0.0,7.7333,0.5,0.0,12,2,False,1.0,0.0
j510762,2,delay_tolerant,1.4067,0.0,10.5333,0.5,0.0,7,2,True,1.0,0.0408
j510762,2,token_batch,1.68,1.484,12.4,0.5,4017.139,16,1,False,1.0,0.0
j510762,2,delay_tolerant,0.9283,0.0,7.7333,0.5,0.0,15,2,False,1.0,0.0
j510762,2,delay_tolerant,0.655,0.0,7.7333,0.5,0.0,5,2,False,1.0,0.0
j511094,2,delay_tolerant,1.4067,0.0,10.5333,0.5,0.0,16,2,True,1.0,0.05
j511094,2,token_batch,1.475,0.5213,11.0,0.5,4512.141,16,1,False,1.0,0.0
j511383,2,delay_tolerant,0.5183,0.4103,7.7333,0.5,0.0,13,2,False,1.0,0.0
j511453,2,delay_tolerant,1.065,0.0,8.2,0.5,0.0,15,2,False,1.0,0.0
j51191,2,delay_tolerant,0.5183,0.0,7.7333,0.5,0.0,22,2,False,1.0,0.0
j511946,2,delay_tolerant,1.27,0.0,9.6,0.5,0.0,7,2,True,1.0,0.05
j511946,2,token_batch,2.5,0.0,18.0,0.5,5568.359,15,1,True,1.0,0.176
j511946,2,token_batch,1.8167,0.7364,13.3333,0.5,4937.334,15,1,False,1.0,0.0
j511946,2,delay_tolerant,1.27,0.0,9.6,0.5,0.0,15,2,True,1.0,0.0856
j511946,2,delay_sensitive,0.5183,0.0,7.7333,0.5,0.0,3,3,False,1.0,0.0
j511946,2,delay_tolerant,0.5183,0.0,7.7333,0.5,0.0,15,2,True,1.0,0.05
j511946,2,delay_sensitive,0.5183,0.0,7.7333,0.5,0.0,3,3,False,1.0,0.0
j512507,2,delay_tolerant,1.27,0.0,9.6,0.5,0.0,19,2,True,1.0,0.05
j512507,2,token_batch,1.475,0.0,11.0,0.5,3573.43,18,1,False,1.0,0.0
j512656,2,delay_tolerant,0.5183,0.0,7.7333,0.5,0.0,5,2,False,1.0,0.0
j512656,2,delay_tolerant,0.86,0.3024,7.7333,0.5,0.0,19,2,False,1.0,0.0
j512656,2,delay_tolerant,1.2017,0.0,9.1333,0.5,0.0,18,2,False,1.0,0.0
j512656,2,delay_tolerant,0.7917,0.0,7.7333,0.5,0.0,18,2,False,1.0,0.0
j513366,2,delay_tolerant,1.3383,0.0,10.0667,0.5,0.0,23,2,False,1.0,0.0
j513366,2,delay_tolerant,0.5183,0.0,7.7333,0.5,0.0,17,2,True,1.0,0.05
j514169,2,token_batch,1.475,0.408,11.0,0.5,3980.128,16,1,True,1.0,0.05
j514169,2,token_batch,1.475,0.0,11.0,0.5,3983.145,16,1,False,1.0,0.0
j514686,2,token_batch,1.475,0.5856,11.0,0.5,4447.062,10,1,True,1.0,0.05
j514686,2,token_batch,1.475,0.6638,11.0,0.5,3781.777,10,1,True,1.0,0.05
j515200,2,delay_tolerant,1.3383,0.0,10.0667,0.5,0.0,23,2,True,1.0,0.0985
j51569,2,token_batch,1.475,0.8902,11.0,0.5,3525.438,23,1,True,1.0,0.05
j516032,2,delay_tolerant,1.2017,0.0,9.1333,0.5,0.0,22,2,False,1.0,0.0
j516317,2,delay_tolerant,0.5183,0.0,7.7333,0.5,0.0,5,2,True,1.0,0.0614
j516451,2,token_batch,1.475,1.3649,11.0,0.5,3577.447,13,1,True,1.0,0.05
j516512,2,delay_tolerant,1.065,0.0,8.2,0.5,0.0,13,2,True,1.0,0.0629
j516792,2,delay_tolerant,1.065,0.0,8.2,0.5,0.0,14,2,False,1.0,0.0
j516792,2,token_batch,1.6117,1.2874,11.9333,0.5,4886.142,19,1,False,1.0,0.0
j517133,2,token_batch,1.475,0.0,11.0,0.5,3530.113,13,1,True,1.0,0.1583
j51724,2,delay_tolerant,0.5183,0.0,7.7333,0.5,0.0,5,2,True,1.0,0.05
j517247,2,token_batch,2.5,0.4396,18.0,0.5,4275.42,12,1,True,1.0,0.05
j517247,2,token_batch,2.5,0.4891,18.0,0.5,4519.839,12,1,False,1.0,0.0
j517247,2,token_batch,2.5,1.0281,18.0,0.5,5231.348,18,1,True,1.0,0.05
j517247,2,delay_tolerant,0.5183,0.0,7.7333,0.5,0.0,6,2,True,1.0,0.05
j517247,2,token_batch,2.5,0.0,18.0,0.5,4482.637,16,1,False,1.0,0.0
j517247,2,token_batch,2.5,1.2124,18.0,0.5,4563.4,16,1,False,1.0,0.0
j517247,2,token_batch,1.5433,1.3607,11.4667,0.5,4533.506,17,1,True,1.0,0.05
j517247,2,token_batch,2.5,1.3628,18.0,0.5,4865.301,16,1,False,1.0,0.0
j517247,2,token_batch,2.5,0.7045,18.0,0.5,4597.322,17,1,False,1.0,0.0
j517247,2,token_batch,2.5,0.8902,18.0,0.5,4637.243,15,1,True,1.0,0.1016
j517596,2,delay_tolerant,1.27,0.0,9.6,0.5,0.0,15,2,False,1.0,0.0
j517860,2,delay_tolerant,0.5183,0.0,7.7333,0.5,0.0,12,2,False,1.0,0.0
j518067,2,token_batch,1.475,0.8888,11.0,0.5,3612.967,20,1,True,1.0,0.05
j518241,2,token_batch,1.475,0.0,11.0,0.5,4326.812,10,1,True,1.0,0.1242
j518269,2,delay_tolerant,0.5183,0.0,7.7333,0.5,0.0,14,2,False,1.0,0.0
j518269,2,delay_tolerant,0.5183,0.0,7.7333,0.5,0.0,14,2,False,1.0,0.0
j518269,2,delay_tolerant,0.7233,0.0,7.7333,0.5,0.0,5,2,False,1.0,0.0
j518593,2,delay_tolerant,0.7233,0.0,7.7333,0.5,0.0,11,2,False,1.0,0.0
j518758,2,token_batch,1.475,1.458,11.0,0.5,4316.669,13,1,True,1.0,0.0855
j518930,2,delay_tolerant,0.655,0.0,7.7333,0.5,0.0,16,2,False,1.0,0.0
j519309,2,token_batch,1.475,1.4949,11.0,0.5,4473.416,13,1,True,1.0,0.05
j519309,2,delay_tolerant,1.2017,0.0,9.1333,0.5,0.0,14,2,False,1.0,0.0
j51983,2,delay_tolerant,0.9283,0.0,7.7333,0.5,0.0,12,2,True,1.0,0.0786
j52002,2,delay_tolerant,1.3383,0.5313,10.0667,0.5,0.0,13,2,True,1.0,0.05
j520552,2,delay_tolerant,0.5183,0.0,7.7333,0.5,0.0,19,2,True,1.0,0.05
j52081,2,delay_tolerant,1.4067,0.0,10.5333,0.5,0.0,16,2,False,1.0,0.0
j520861,2,delay_tolerant,0.5183,0.3344,7.7333,0.5,0.0,12,2,True,1.0,0.0748
j520895,2,token_batch,1.475,0.4208,11.0,0.5,3984.565,22,1,False,1.0,0.0
j520939,2,delay_tolerant,0.5183,0.0,7.7333,0.5,0.0,19,2,False,1.0,0.0
j52106,2,token_batch,1.475,1.476,11.0,0.5,4536.236,14,1,True,1.0,0.1782
j521193,2,delay_tolerant,0.9283,0.42,7.7333,0.5,0.0,16,2,False,1.0,0.0
j521193,2,delay_tolerant,1.2017,0.0,9.1333,0.5,0.0,16,2,True,1.0,0.05
j521196,2,delay_tolerant,0.655,0.4392,7.7333,0.5,0.0,20,2,True,1.0,0.0518
j521255,2,delay_tolerant,0.9967,0.0,7.7333,0.5,0.0,17,2,True,1.0,0.05
j521255,2,delay_tolerant,0.655,0.0,7.7333,0.5,0.0,16,2,True,1.0,0.0864
j521255,2,delay_tolerant,1.27,0.0,9.6,0.5,0.0,17,2,True,1.0,0.0395
j521374,2,delay_tolerant,1.1333,0.0,8.6667,0.5,0.0,20,2,True,1.0,0.05
j522459,2,token_batch,1.475,1.2878,11.0,0.5,4320.678,10,1,False,1.0,0.0
j522670,2,delay_tolerant,0.655,0.0,7.7333,0.5,0.0,5,2,True,1.0,0.05
j52283,2,delay_tolerant,0.5183,0.0,7.7333,0.5,0.0,9,2,False,1.0,0.0
j523256,2,delay_tolerant,1.3383,0.0,10.0667,0.5,0.0,23,2,False,1.0,0.0
j5233,2,token_batch,1.475,0.7426,11.0,0.5,3543.476,12,1,True,1.0,0.05
j523393,2,delay_tolerant,0.5183,0.0,7.7333,0.5,0.0,10,2,True,1.0,0.0457
j523408,2,token_batch,2.5,0.4145,18.0,0.5,5050.632,19,1,True,1.0,0.05
j523544,2,delay_tolerant,0.9967,0.0,7.7333,0.5,0.0,20,2,False,1.0,0.0
j524207,2,delay_tolerant,0.655,0.0,7.7333,0.5,0.0,10,2,False,1.0,0.0
j524207,2,delay_tolerant,0.655,0.0,7.7333,0.5,0.0,10,2,False,1.0,0.0
j5247,2,token_batch,1.475,1.1398,11.0,0.5,3649.107,19,1,True,1.0,0.141
j524700,2,delay_tolerant,1.2017,0.5845,9.1333,0.5,0.0,10,2,True,1.0,0.05
j524861,2,delay_tolerant,0.5183,0.0,7.7333,0.5,0.0,13,2,False,1.0,0.0
j524861,2,token_batch,2.5,1.2162,18.0,0.5,4805.677,14,1,True,1.0,0.1553
j524861,2,delay_tolerant,0.5183,0.0,7.7333,0.5,0.0,5,2,False,1.0,0.0
j524861,2,token_batch,1.7483,0.0,12.8667,0.5,4649.144,14,1,True,1.0,0.174
j525073,2,delay_tolerant,1.3383,0.0,10.0667,0.5,0.0,13,2,True,1.0,0.05
j525734,2,token_batch,1.475,1.3989,11.0,0.5,3620.218,19,1,False,1.0,0.0
j525753,2,delay_tolerant,0.5183,0.0,7.7333,0.5,0.0,12,2,False,1.0,0.0
j525951,2,delay_tolerant,1.065,0.0,8.2,0.5,0.0,16,2,False,1.0,0.0
j525961,2,delay_tolerant,0.5867,0.0,7.7333,0.5,0.0,5,2,True,1.0,0.0573
j525961,2,token_batch,1.475,0.799,11.0,0.5,3663.326,23,1,True,1.0,0.05
j525961,2,token_batch,1.475,0.0,11.0,0.5,3961.608,23,1,True,1.0,0.1294
j525961,2,delay_tolerant,1.4067,0.0,10.5333,0.5,0.0,22,2,False,1.0,0.0
j526283,2,delay_tolerant,0.86,0.0,7.7333,0.5,0.0,19,2,True,1.0,0.05
j526414,2,token_batch,2.5,1.335,18.0,0.5,4511.934,11,1,False,1.0,0.0
j526414,2,delay_tolerant,0.5183,0.0,7.7333,0.5,0.0,5,2,False,1.0,0.0
j526744,2,delay_tolerant,0.5867,0.0,7.7333,0.5,0.0,5,2,True,1.0,0.05
j52695,2,delay_tolerant,1.1333,0.0,8.6667,0.5,0.0,12,2,True,1.0,0.0658
j528139,2,delay_tolerant,0.5183,0.0,7.7333,0.5,0.0,10,2,False,1.0,0.0
j528407,2,token_batch,1.475,0.0,11.0,0.5,4419.884,10,1,True,1.0,0.1787
j528407,2,delay_tolerant,0.9283,0.0,7.7333,0.5,0.0,5,2,False,1.0,0.0
j528407,2,delay_tolerant,0.9967,0.0,7.7333,0.5,0.0,11,2,False,1.0,0.0
j529214,2,delay_tolerant,0.7233,0.0,7.7333,0.5,0.0,19,2,True,1.0,0.05
j529214,2,token_batch,1.475,0.644,11.0,0.5,4563.849,22,1,True,1.0,0.05
j529221,2,token_batch,1.475,0.0,11.0,0.5,3938.394,22,1,False,1.0,0.0
j529221,2,delay_tolerant,0.9967,0.0,7.7333,0.5,0.0,22,2,True,1.0,0.05
j529963,2,token_batch,2.5,0.0,18.0,0.5,4149.264,22,1,False,1.0,0.0
j530426,2,delay_tolerant,0.86,0.0,7.7333,0.5,0.0,13,2,False,1.0,0.0
j53100,2,delay_tolerant,1.2017,0.0,9.1333,0.5,0.0,23,2,False,1.0,0.0
j53100,2,delay_tolerant,0.7917,0.0,7.7333,0.5,0.0,14,2,False,1.0,0.0
j53154,2,token_batch,1.475,0.7857,11.0,0.5,3544.291,6,1,True,1.0,0.05
j53154,2,token_batch,2.5,0.0,18.0,0.5,4512.802,21,1,False,1.0,0.0
j53154,2,token_batch,1.885,0.4577,13.8,0.5,5339.642,19,1,True,1.0,0.1576
j531611,2,delay_tolerant,0.5183,0.0,7.7333,0.5,0.0,22,2,True,1.0,0.05
j531649,2,delay_tolerant,0.655,0.0,7.7333,0.5,0.0,19,2,True,1.0,0.0499
j532561,2,token_batch,2.5,1.0509,18.0,0.5,4434.481,13,1,True,1.0,0.1473
j532561,2,delay_tolerant,0.655,0.0,7.7333,0.5,0.0,14,2,False,1.0,0.0
j532940,2,token_batch,1.475,0.5419,11.0,0.5,4433.0,15,1,True,1.0,0.1635
j533206,2,token_batch,1.475,0.9064,11.0,0.5,4108.695,11,1,False,1.0,0.0
j533466,2,delay_tolerant,0.5867,0.0,7.7333,0.5,0.0,5,2,False,1.0,0.0
j533466,2,delay_tolerant,0.655,0.5722,7.7333,0.5,0.0,5,2,False,1.0,0.0
j533607,2,delay_tolerant,0.5867,0.0,7.7333,0.5,0.0,5,2,True,1.0,0.05
j534298,2,delay_tolerant,0.7233,0.0,7.7333,0.5,0.0,12,2,False,1.0,0.0
j534620,2,delay_tolerant,1.065,0.0,8.2,0.5,0.0,16,2,True,1.0,0.0345
j535551,2,token_batch,1.475,0.0,11.0,0.5,3999.937,11,1,True,1.0,0.1062
j535620,2,delay_tolerant,0.9283,0.0,7.7333,0.5,0.0,10,2,True,1.0,0.05
j535620,2,delay_tolerant,1.065,0.0,8.2,0.5,0.0,9,2,False,1.0,0.0
j535620,2,delay_tolerant,0.7917,0.0,7.7333,0.5,0.0,5,2,True,1.0,0.0681
j535867,2,delay_tolerant,0.9967,0.0,7.7333,0.5,0.0,23,2,False,1.0,0.0
j535867,2,delay_tolerant,0.655,0.0,7.7333,0.5,0.0,23,2,True,1.0,0.05
j535889,2,token_batch,1.475,0.0,11.0,0.5,3675.711,12,1,False,1.0,0.0
j536325,2,delay_tolerant,0.5183,0.0,7.7333,0.5,0.0,19,2,True,1.0,0.05
j536395,2,token_batch,1.475,1.2378,11.0,0.5,4426.386,11,1,True,1.0,0.05
j536395,2,delay_tolerant,1.065,0.4873,8.2,0.5,0.0,11,2,True,1.0,0.0522
j536587,2,delay_tolerant,0.5183,0.0,7.7333,0.5,0.0,7,2,True,1.0,0.05
j536587,2,delay_tolerant,0.7233,0.0,7.7333,0.5,0.0,7,2,True,1.0,0.0546
j536856,2,token_batch,1.475,0.7351,11.0,0.5,4146.62,13,1,False,1.0,0.0
j537240,2,delay_tolerant,1.3383,0.0,10.0667,0.5,0.0,15,2,False,1.0,0.0
j537240,2,delay_tolerant,0.5183,0.0,7.7333,0.5,0.0,6,2,True,1.0,0.05
j537240,2,delay_tolerant,1.4067,0.0,10.5333,0.5,0.0,15,2,False,1.0,0.0
j537277,2,token_batch,1.475,0.0,11.0,0.5,4026.469,12,1,False,1.0,0.0
j537887,2,delay_tolerant,0.5183,0.0,7.7333,0.5,0.0,5,2,True,1.0,0.05
j538194,2,token_batch,1.475,1.3333,11.0,0.5,3551.51,20,1,False,1.0,0.0
j538194,2,delay_tolerant,0.7917,0.0,7.7333,0.5,0.0,20,2,False,1.0,0.0
j538194,2,token_batch,1.475,1.4118,11.0,0.5,3806.815,20,1,True,1.0,0.05
j538331,2,token_batch,2.5,0.9597,18.0,0.5,4861.115,12,1,True,1.0,0.05
j538331,2,token_batch,2.5,0.4923,18.0,0.5,4321.29,6,1,True,1.0,0.05
j538791,2,delay_tolerant,1.4067,0.0,10.5333,0.5,0.0,11,2,False,1.0,0.0
j538791,2,token_batch,1.475,1.494,11.0,0.5,4036.837,10,1,True,1.0,0.1936
j538995,2,token_batch,1.475,1.3016,11.0,0.5,4298.581,22,1,True,1.0,0.1005
j539160,2,delay_tolerant,0.655,0.0,7.7333,0.5,0.0,11,2,True,1.0,0.05
j539309,2,token_batch,1.475,0.4371,11.0,0.5,3614.075,20,1,True,1.0,0.05
j540479,2,delay_tolerant,0.5183,0.0,7.7333,0.5,0.0,14,2,False,1.0,0.0
j540479,2,delay_tolerant,0.9283,0.0,7.7333,0.5,0.0,5,2,True,1.0,0.05
j540479,2,delay_tolerant,0.655,0.0,7.7333,0.5,0.0,5,2,False,1.0,0.0
j540675,2,delay_tolerant,1.2017,0.0,9.1333,0.5,0.0,16,2,True,1.0,0.0213
j540757,2,delay_tolerant,0.5183,0.0,7.7333,0.5,0.0,5,2,True,1.0,0.05
j541131,2,delay_tolerant,0.5183,0.0,7.7333,0.5,0.0,5,2,False,1.0,0.0
j541131,2,delay_tolerant,0.5183,0.0,7.7333,0.5,0.0,13,2,True,1.0,0.05
j542098,2,token_batch,1.475,0.0,11.0,0.5,4553.972,19,1,False,1.0,0.0
j542187,2,delay_tolerant,0.9283,0.0,7.7333,0.5,0.0,18,2,True,1.0,0.05
j542877,2,delay_tolerant,0.7917,0.0,7.7333,0.5,0.0,10,2,False,1.0,0.0
j542877,2,delay_tolerant,0.5183,0.0,7.7333,0.5,0.0,5,2,False,1.0,0.0
j542877,2,delay_tolerant,0.5867,0.0,7.7333,0.5,0.0,5,2,True,1.0,0.05
j542916,2,delay_tolerant,0.9967,0.0,7.7333,0.5,0.0,13,2,True,1.0,0.0811
j544037,2,delay_tolerant,1.27,0.0,9.6,0.5,0.0,10,2,False,1.0,0.0
j544101,2,token_batch,1.475,1.1877,11.0,0.5,3567.968,16,1,True,1.0,0.1883
j544280,2,token_batch,1.475,1.1911,11.0,0.5,4630.582,15,1,False,1.0,0.0
j544881,2,token_batch,1.475,0.8344,11.0,0.5,3891.857,16,1,False,1.0,0.0
j545084,2,delay_tolerant,1.2017,0.0,9.1333,0.5,0.0,19,2,False,1.0,0.0
j545116,2,delay_tolerant,0.655,0.4228,7.7333,0.5,0.0,11,2,False,1.0,0.0
j545147,2,delay_tolerant,0.5183,0.0,7.7333,0.5,0.0,5,2,True,1.0,0.05
j545515,2,delay_tolerant,0.5183,0.0,7.7333,0.5,0.0,5,2,False,1.0,0.0
j54568,2,delay_tolerant,0.7233,0.2028,7.7333,0.5,0.0,17,2,False,1.0,0.0
j545943,2,delay_tolerant,1.4067,0.5684,10.5333,0.5,0.0,15,2,True,1.0,0.05
j545943,2,token_batch,1.475,0.5047,11.0,0.5,4378.161,15,1,True,1.0,0.05
j546202,2,token_batch,1.475,0.9446,11.0,0.5,3444.685,22,1,False,1.0,0.0
j546202,2,token_batch,1.475,0.4672,11.0,0.5,3748.978,22,1,False,1.0,0.0
j546219,2,delay_tolerant,0.5183,0.0,7.7333,0.5,0.0,5,2,True,1.0,0.05
j546270,2,delay_tolerant,1.4067,0.0,10.5333,0.5,0.0,22,2,False,1.0,0.0
j546270,2,token_batch,1.475,1.2921,11.0,0.5,4339.777,22,1,False,1.0,0.0
j547180,2,token_batch,1.475,0.0,11.0,0.5,4161.712,20,1,False,1.0,0.0
j547196,2,delay_tolerant,0.5183,0.0,7.7333,0.5,0.0,15,2,True,1.0,0.0537
j547245,2,delay_tolerant,0.655,0.0,7.7333,0.5,0.0,21,2,True,1.0,0.0407
j547367,2,delay_tolerant,0.655,0.0,7.7333,0.5,0.0,11,2,False,1.0,0.0
j547367,2,delay_tolerant,0.7233,0.0,7.7333,0.5,0.0,12,2,False,1.0,0.0
j547367,2,delay_tolerant,0.7917,0.0,7.7333,0.5,0.0,12,2,False,1.0,0.0
j547367,2,delay_tolerant,0.5867,0.0,7.7333,0.5,0.0,11,2,False,1.0,0.0
j547589,2,token_batch,1.885,1.1148,13.8,0.5,4020.887,7,1,True,1.0,0.05
j547988,2,delay_tolerant,0.5183,0.0,7.7333,0.5,0.0,5,2,True,1.0,0.05
j547988,2,delay_tolerant,0.5867,0.2562,7.7333,0.5,0.0,12,2,False,1.0,0.0
j548352,2,delay_tolerant,0.9967,0.0,7.7333,0.5,0.0,12,2,True,1.0,0.05
j548680,2,delay_tolerant,0.7917,0.0,7.7333,0.5,0.0,20,2,False,1.0,0.0
j549172,2,delay_tolerant,0.86,0.0,7.7333,0.5,0.0,16,2,True,1.0,0.085
j549904,2,delay_tolerant,0.5183,0.0,7.7333,0.5,0.0,19,2,False,1.0,0.0
j549904,2,delay_tolerant,1.2017,0.0,9.1333,0.5,0.0,23,2,True,1.0,0.05
j550000,2,delay_tolerant,0.7233,0.0,7.7333,0.5,0.0,10,2,False,1.0,0.0
j550404,2,delay_tolerant,0.5867,0.0,7.7333,0.5,0.0,5,2,False,1.0,0.0
j550561,2,token_batch,1.475,0.8408,11.0,0.5,4010.871,23,1,True,1.0,0.05
j550573,2,delay_tolerant,0.7917,0.0,7.7333,0.5,0.0,21,2,True,1.0,0.0766
j550573,2,token_batch,1.475,0.0,11.0,0.5,3504.352,22,1,False,1.0,0.0
j550573,2,token_batch,1.475,0.9069,11.0,0.5,4499.837,22,1,True,1.0,0.05
j550647,2,delay_tolerant,0.9283,0.0,7.7333,0.5,0.0,20,2,True,1.0,0.05
j55087,2,delay_tolerant,0.5183,0.582,7.7333,0.5,0.0,9,2,False,1.0,0.0
j551004,2,token_batch,1.475,0.9265,11.0,0.5,3881.805,22,1,False,1.0,0.0
j551122,2,token_batch,1.475,0.7415,11.0,0.5,3592.563,16,1,True,1.0,0.05
j551122,2,delay_sensitive,0.5183,0.0,7.7333,0.5,0.0,3,3,False,1.0,0.0
j551678,2,token_batch,1.475,1.3612,11.0,0.5,4091.622,13,1,True,1.0,0.05
j551678,2,token_batch,1.475,1.1538,11.0,0.5,4029.7,14,1,True,1.0,0.1853
j551684,2,delay_tolerant,0.86,0.5372,7.7333,0.5,0.0,15,2,False,1.0,0.0
j553024,2,delay_tolerant,1.4067,0.0,10.5333,0.5,0.0,15,2,True,1.0,0.05
j553263,2,delay_tolerant,0.5867,0.0,7.7333,0.5,0.0,19,2,False,1.0,0.0
j55327,2,delay_tolerant,0.5183,0.2765,7.7333,0.5,0.0,11,2,True,1.0,0.05
j553475,2,token_batch,1.475,1.3902,11.0,0.5,4101.02,10,1,True,1.0,0.05
j553730,2,token_batch,1.475,0.7679,11.0,0.5,4194.329,12,1,True,1.0,0.1235
j553849,2,delay_tolerant,0.5183,0.0,7.7333,0.5,0.0,5,2,False,1.0,0.0
j554028,2,token_batch,2.5,1.1848,18.0,0.5,5353.614,22,1,True,1.0,0.05
j554153,2,token_batch,2.5,0.0,18.0,0.5,5127.925,19,1,False,1.0,0.0
j554153,2,delay_tolerant,1.3383,0.0,10.0667,0.5,0.0,19,2,True,1.0,0.0451
j554153,2,token_batch,2.5,0.4238,18.0,0.5,4657.809,19,1,True,1.0,0.05
j554204,2,token_batch,1.475,0.671,11.0,0.5,3960.744,18,1,False,1.0,0.0
j554496,2,delay_tolerant,0.5183,0.2564,7.7333,0.5,0.0,19,2,False,1.0,0.0
j554496,2,delay_tolerant,1.2017,0.0,9.1333,0.5,0.0,20,2,False,1.0,0.0
j554632,2,delay_tolerant,0.5183,0.0,7.7333,0.5,0.0,5,2,True,1.0,0.0544
j554632,2,delay_tolerant,1.065,0.0,8.2,0.5,0.0,12,2,False,1.0,0.0
j554666,2,delay_tolerant,0.5183,0.0,7.7333,0.5,0.0,14,2,False,1.0,0.0
j554666,2,delay_tolerant,0.5183,0.0,7.7333,0.5,0.0,15,2,True,1.0,0.05
j554666,2,token_batch,1.475,0.0,11.0,0.5,4463.799,14,1,True,1.0,0.1368
j554813,2,token_batch,1.475,1.1621,11.0,0.5,4535.552,13,1,False,1.0,0.0
j554813,2,token_batch,1.475,0.0,11.0,0.5,3776.308,14,1,True,1.0,0.17
j554813,2,delay_tolerant,0.5183,0.0,7.7333,0.5,0.0,13,2,True,1.0,0.05
j554813,2,token_batch,1.475,0.0,11.0,0.5,3574.824,14,1,True,1.0,0.0841
j55514,2,delay_tolerant,0.5183,0.0,7.7333,0.5,0.0,17,2,False,1.0,0.0
j55514,2,delay_tolerant,1.065,0.0,8.2,0.5,0.0,22,2,True,1.0,0.0343
j55514,2,delay_tolerant,1.4067,0.0,10.5333,0.5,0.0,23,2,True,1.0,0.05
j55518,2,delay_tolerant,1.065,0.0,8.2,0.5,0.0,9,2,False,1.0,0.0
j55518,2,token_batch,1.475,1.3712,11.0,0.5,3500.167,10,1,True,1.0,0.0831
j55518,2,delay_tolerant,0.655,0.5108,7.7333,0.5,0.0,5,2,True,1.0,0.0805
j55518,2,delay_tolerant,0.7233,0.0,7.7333,0.5,0.0,9,2,False,1.0,0.0
j555737,2,token_batch,1.885,1.0954,13.8,0.5,4099.99,6,1,False,1.0,0.0
j555737,2,delay_tolerant,0.5183,0.0,7.7333,0.5,0.0,11,2,True,1.0,0.05
j555737,2,delay_tolerant,0.5183,0.0,7.7333,0.5,0.0,5,2,True,1.0,0.05
j555737,2,token_batch,1.68,0.0,12.4,0.5,3990.847,19,1,True,1.0,0.0826
j555737,2,token_batch,1.68,1.0424,12.4,0.5,4103.988,19,1,True,1.0,0.196
j555737,2,delay_tolerant,0.7233,0.0,7.7333,0.5,0.0,9,2,True,1.0,0.0416
j555737,2,delay_tolerant,0.7917,0.0,7.7333,0.5,0.0,19,2,True,1.0,0.061
j555737,2,delay_tolerant,1.4067,0.0,10.5333,0.5,0.0,18,2,False,1.0,0.0
j555737,2,delay_tolerant,0.86,0.0,7.7333,0.5,0.0,19,2,False,1.0,0.0
j555737,2,delay_tolerant,0.5183,0.0,7.7333,0.5,0.0,16,2,True,1.0,0.05
j555737,2,delay_tolerant,0.86,0.0,7.7333,0.5,0.0,5,2,False,1.0,0.0
j555737,2,delay_tolerant,0.9283,0.0,7.7333,0.5,0.0,5,2,False,1.0,0.0
j555737,2,delay_tolerant,1.1333,0.0,8.6667,0.5,0.0,18,2,True,1.0,0.05
j555737,2,delay_tolerant,0.7917,0.2074,7.7333,0.5,0.0,18,2,True,1.0,0.05
j555737,2,token_batch,1.7483,1.3445,12.8667,0.5,4234.361,19,1,True,1.0,0.0942
j555737,2,token_batch,1.475,1.2626,11.0,0.5,4326.96,18,1,True,1.0,0.05
j556274,2,token_batch,1.8167,0.5322,13.3333,0.5,4382.574,21,1,True,1.0,0.05
j556274,2,token_batch,1.5433,0.0,11.4667,0.5,4097.132,20,1,False,1.0,0.0
j556274,2,token_batch,1.885,0.0,13.8,0.5,4242.379,6,1,True,1.0,0.107
j556274,2,delay_tolerant,1.065,0.3589,8.2,0.5,0.0,20,2,False,1.0,0.0
j556274,2,delay_tolerant,1.2017,0.0,9.1333,0.5,0.0,19,2,True,1.0,0.02
j556274,2,delay_tolerant,1.4067,0.0,10.5333,0.5,0.0,21,2,True,1.0,0.05
j556274,2,token_batch,2.5,1.406,18.0,0.5,4950.407,20,1,True,1.0,0.1959
j556274,2,token_batch,2.5,1.1947,18.0,0.5,4298.737,22,1,False,1.0,0.0
j556274,2,token_batch,1.5433,0.6517,11.4667,0.5,4595.195,19,1,True,1.0,0.05
j557322,2,delay_tolerant,0.655,0.0,7.7333,0.5,0.0,19,2,True,1.0,0.0967
j557451,2,delay_tolerant,0.5867,0.0,7.7333,0.5,0.0,19,2,False,1.0,0.0
j557655,2,token_batch,1.475,0.9946,11.0,0.5,4486.744,13,1,False,1.0,0.0
j558095,2,token_batch,1.475,0.8793,11.0,0.5,3711.669,22,1,True,1.0,0.05
j558155,2,delay_tolerant,0.7233,0.5655,7.7333,0.5,0.0,17,2,True,1.0,0.05
j55852,2,delay_tolerant,0.655,0.0,7.7333,0.5,0.0,5,2,False,1.0,0.0
j55852,2,delay_tolerant,1.3383,0.0,10.0667,0.5,0.0,23,2,True,1.0,0.0611
j55852,2,delay_tolerant,1.4067,0.0,10.5333,0.5,0.0,22,2,False,1.0,0.0
j558762,2,delay_tolerant,1.27,0.0,9.6,0.5,0.0,11,2,False,1.0,0.0
j558780,2,token_batch,1.475,1.3949,11.0,0.5,3606.14,21,1,True,1.0,0.05
j558992,2,token_batch,2.5,0.0,18.0,0.5,5254.111,10,1,True,1.0,0.1313
j558992,2,delay_tolerant,1.3383,0.0,10.0667,0.5,0.0,5,2,True,1.0,0.05
j558992,2,token_batch,1.6117,0.786,11.9333,0.5,4116.922,11,1,True,1.0,0.1197
j558992,2,delay_tolerant,1.2017,0.0,9.1333,0.5,0.0,9,2,True,1.0,0.05
j558992,2,delay_tolerant,0.5183,0.2072,7.7333,0.5,0.0,9,2,False,1.0,0.0
j558992,2,delay_tolerant,1.27,0.0,9.6,0.5,0.0,10,2,True,1.0,0.0449
j558992,2,token_batch,2.5,0.0,18.0,0.5,4229.963,10,1,True,1.0,0.0978
j558992,2,token_batch,1.7483,0.0,12.8667,0.5,4232.454,9,1,False,1.0,0.0
j558992,2,delay_tolerant,1.3383,0.0,10.0667,0.5,0.0,9,2,False,1.0,0.0
j559075,2,delay_tolerant,0.5183,0.0,7.7333,0.5,0.0,16,2,True,1.0,0.05
j5591,2,token_batch,1.475,1.0591,11.0,0.5,4560.402,22,1,False,1.0,0.0
j559515,2,delay_tolerant,1.2017,0.0,9.1333,0.5,0.0,19,2,False,1.0,0.0
j559581,2,token_batch,1.475,1.444,11.0,0.5,3502.72,15,1,True,1.0,0.05
j55991,2,token_batch,2.0217,0.9647,14.7333,0.5,4025.358,13,1,True,1.0,0.05
j55991,2,delay_tolerant,0.5867,0.0,7.7333,0.5,0.0,5,2,True,1.0,0.05
j55991,2,delay_tolerant,0.5183,0.0,7.7333,0.5,0.0,14,2,True,1.0,0.05
j55991,2,delay_tolerant,0.9967,0.0,7.7333,0.5,0.0,13,2,False,1.0,0.0
j55991,2,delay_tolerant,0.5183,0.0,7.7333,0.5,0.0,5,2,False,1.0,0.0
j55991,2,delay_tolerant,0.5183,0.0,7.7333,0.5,0.0,13,2,True,1.0,0.05
j560069,2,delay_tolerant,0.5183,0.0,7.7333,0.5,0.0,5,2,True,1.0,0.05
j560069,2,token_batch,1.475,1.0507,11.0,0.5,4177.049,11,1,False,1.0,0.0
j560149,2,delay_tolerant,0.86,0.0,7.7333,0.5,0.0,19,2,True,1.0,0.0343
j56021,2,delay_tolerant,0.5183,0.0,7.7333,0.5,0.0,5,2,True,1.0,0.0948
j560259,2,token_batch,1.475,0.4666,11.0,0.5,4276.386,18,1,True,1.0,0.05
j560259,2,delay_tolerant,1.2017,0.0,9.1333,0.5,0.0,16,2,False,1.0,0.0
j560259,2,delay_tolerant,0.655,0.0,7.7333,0.5,0.0,5,2,True,1.0,0.05
j560259,2,token_batch,1.475,0.6364,11.0,0.5,4141.931,18,1,False,1.0,0.0
j560331,2,token_batch,1.475,0.7121,11.0,0.5,4210.006,13,1,True,1.0,0.1385
j560331,2,delay_tolerant,0.655,0.0,7.7333,0.5,0.0,5,2,True,1.0,0.0221
j560428,2,delay_tolerant,1.3383,0.2789,10.0667,0.5,0.0,14,2,True,1.0,0.05
j561171,2,delay_tolerant,0.7917,0.0,7.7333,0.5,0.0,5,2,True,1.0,0.05
j561466,2,delay_tolerant,0.5183,0.0,7.7333,0.5,0.0,5,2,False,1.0,0.0
j561466,2,delay_tolerant,1.3383,0.0,10.0667,0.5,0.0,13,2,False,1.0,0.0
j56164,2,delay_tolerant,0.5867,0.0,7.7333,0.5,0.0,19,2,False,1.0,0.0
j562121,2,token_batch,1.475,1.4164,11.0,0.5,3717.502,12,1,False,1.0,0.0
j562775,2,delay_tolerant,0.86,0.0,7.7333,0.5,0.0,14,2,True,1.0,0.0437
j562911,2,delay_tolerant,0.5183,0.0,7.7333,0.5,0.0,16,2,True,1.0,0.05
j562911,2,delay_tolerant,0.5183,0.0,7.7333,0.5,0.0,16,2,True,1.0,0.05
j563041,2,delay_tolerant,0.5183,0.0,7.7333,0.5,0.0,14,2,False,1.0,0.0
j563084,2,delay_tolerant,1.4067,0.0,10.5333,0.5,0.0,12,2,True,1.0,0.05
j563084,2,token_batch,1.475,1.489,11.0,0.5,4055.849,11,1,True,1.0,0.05
j563371,2,token_batch,1.475,0.9234,11.0,0.5,4132.752,14,1,False,1.0,0.0
j563516,2,token_batch,1.475,1.0326,11.0,0.5,3790.803,14,1,True,1.0,0.05
j563516,2,delay_tolerant,1.1333,0.0,8.6667,0.5,0.0,13,2,False,1.0,0.0
j563583,2,delay_tolerant,0.7917,0.0,7.7333,0.5,0.0,21,2,True,1.0,0.05
j563583,2,delay_tolerant,0.5183,0.0,7.7333,0.5,0.0,19,2,False,1.0,0.0
j563609,2,delay_tolerant,1.4067,0.0,10.5333,0.5,0.0,23,2,True,1.0,0.05
j563734,2,delay_tolerant,0.5183,0.0,7.7333,0.5,0.0,10,2,True,1.0,0.05
j563998,2,delay_tolerant,1.3383,0.0,10.0667,0.5,0.0,22,2,False,1.0,0.0
j563998,2,delay_tolerant,0.5183,0.0,7.7333,0.5,0.0,14,2,False,1.0,0.0
j563998,2,delay_tolerant,0.5183,0.0,7.7333,0.5,0.0,14,2,True,1.0,0.0559
j564888,2,delay_tolerant,1.2017,0.0,9.1333,0.5,0.0,12,2,False,1.0,0.0
j564888,2,delay_tolerant,0.655,0.0,7.7333,0.5,0.0,5,2,True,1.0,0.05
j565831,2,delay_tolerant,0.5183,0.0,7.7333,0.5,0.0,16,2,True,1.0,0.0662
j565841,2,delay_tolerant,1.4067,0.0,10.5333,0.5,0.0,13,2,False,1.0,0.0
j565894,2,delay_tolerant,0.5183,0.0,7.7333,0.5,0.0,13,2,False,1.0,0.0
j565894,2,token_batch,1.475,0.9019,11.0,0.5,4623.916,13,1,True,1.0,0.05
j566092,2,delay_tolerant,0.9967,0.0,7.7333,0.5,0.0,22,2,True,1.0,0.0868
j566152,2,delay_tolerant,0.5183,0.0,7.7333,0.5,0.0,13,2,False,1.0,0.0
j566673,2,delay_tolerant,0.5183,0.0,7.7333,0.5,0.0,5,2,True,1.0,0.05
j566737,2,token_batch,1.475,0.8392,11.0,0.5,3874.352,23,1,True,1.0,0.05
j566759,2,delay_tolerant,0.86,0.0,7.7333,0.5,0.0,18,2,False,1.0,0.0
j566759,2,delay_tolerant,0.5183,0.0,7.7333,0.5,0.0,12,2,False,1.0,0.0
j567179,2,delay_tolerant,0.5183,0.0,7.7333,0.5,0.0,10,2,True,1.0,0.0219
j567179,2,delay_tolerant,0.5183,0.4177,7.7333,0.5,0.0,5,2,True,1.0,0.05
j567198,2,token_batch,2.5,0.0,18.0,0.5,4519.985,12,1,False,1.0,0.0
j567198,2,token_batch,1.5433,0.0,11.4667,0.5,5143.509,10,1,False,1.0,0.0
j567198,2,delay_tolerant,1.1333,0.0,8.6667,0.5,0.0,10,2,True,1.0,0.05
j567198,2,delay_tolerant,1.3383,0.0,10.0667,0.5,0.0,5,2,True,1.0,0.05
j567198,2,delay_tolerant,0.5183,0.0,7.7333,0.5,0.0,5,2,True,1.0,0.05
j567198,2,delay_tolerant,0.86,0.0,7.7333,0.5,0.0,10,2,False,1.0,0.0
j567198,2,delay_tolerant,0.5183,0.0,7.7333,0.5,0.0,10,2,True,1.0,0.05
j567198,2,token_batch,1.9533,0.0,14.2667,0.5,5156.762,10,1,False,1.0,0.0
j567198,2,delay_tolerant,1.2017,0.0,9.1333,0.5,0.0,10,2,True,1.0,0.05
j567198,2,delay_tolerant,0.5183,0.0,7.7333,0.5,0.0,5,2,False,1.0,0.0
j567198,2,delay_tolerant,0.5183,0.0,7.7333,0.5,0.0,10,2,False,1.0,0.0
j567198,2,token_batch,1.885,0.9709,13.8,0.5,5116.135,10,1,False,1.0,0.0
j567198,2,delay_tolerant,0.5183,0.0,7.7333,0.5,0.0,5,2,False,1.0,0.0
j567488,2,delay_sensitive,0.5867,0.0,7.7333,0.5,0.0,3,3,False,1.0,0.0
j567488,2,delay_tolerant,0.9283,0.0,7.7333,0.5,0.0,15,2,False,1.0,0.0
j567875,2,delay_tolerant,1.27,0.0,9.6,0.5,0.0,21,2,True,1.0,0.05
j567875,2,token_batch,1.475,0.6082,11.0,0.5,3757.582,22,1,True,1.0,0.1703
j567875,2,delay_tolerant,0.655,0.0,7.7333,0.5,0.0,22,2,True,1.0,0.05
j56793,2,delay_tolerant,0.86,0.0,7.7333,0.5,0.0,14,2,False,1.0,0.0
j56793,2,delay_tolerant,0.5183,0.0,7.7333,0.5,0.0,12,2,True,1.0,0.0606
j56793,2,delay_tolerant,1.1333,0.0,8.6667,0.5,0.0,15,2,False,1.0,0.0
j56795,2,delay_tolerant,0.655,0.0,7.7333,0.5,0.0,6,2,True,1.0,0.05
j568294,2,delay_tolerant,0.7233,0.0,7.7333,0.5,0.0,9,2,True,1.0,0.05
j568294,2,delay_tolerant,0.5183,0.2722,7.7333,0.5,0.0,10,2,True,1.0,0.0621
j568541,2,delay_tolerant,0.5183,0.0,7.7333,0.5,0.0,14,2,False,1.0,0.0
j568552,2,delay_tolerant,1.065,0.0,8.2,0.5,0.0,15,2,True,1.0,0.05
j568552,2,delay_tolerant,0.5183,0.0,7.7333,0.5,0.0,14,2,True,1.0,0.05
j568552,2,delay_tolerant,0.5183,0.0,7.7333,0.5,0.0,5,2,True,1.0,0.05
j568761,2,delay_tolerant,0.5183,0.5103,7.7333,0.5,0.0,16,2,False,1.0,0.0
j568761,2,delay_tolerant,0.5183,0.0,7.7333,0.5,0.0,5,2,True,1.0,0.053
j569109,2,delay_tolerant,0.5183,0.0,7.7333,0.5,0.0,13,2,True,1.0,0.0771
j569109,2,token_batch,1.475,0.549,11.0,0.5,4499.282,13,1,False,1.0,0.0
j569344,2,delay_tolerant,0.5183,0.0,7.7333,0.5,0.0,5,2,True,1.0,0.0462
j569344,2,delay_tolerant,0.9283,0.0,7.7333,0.5,0.0,11,2,True,1.0,0.05
j569610,2,delay_tolerant,0.5183,0.0,7.7333,0.5,0.0,12,2,True,1.0,0.0891
j569776,2,delay_sensitive,0.5183,0.0,7.7333,0.5,0.0,3,3,False,1.0,0.0
j569897,2,token_batch,1.475,0.0,11.0,0.5,4591.151,23,1,True,1.0,0.1052
j569897,2,token_batch,1.475,0.0,11.0,0.5,4272.83,22,1,False,1.0,0.0
j570131,2,delay_tolerant,1.4067,0.0,10.5333,0.5,0.0,20,2,True,1.0,0.05
j570153,2,delay_tolerant,0.9283,0.0,7.7333,0.5,0.0,19,2,False,1.0,0.0
j570655,2,delay_tolerant,1.27,0.0,9.6,0.5,0.0,15,2,True,1.0,0.0543
j57069,2,delay_tolerant,1.3383,0.0,10.0667,0.5,0.0,16,2,True,1.0,0.05
j57069,2,delay_tolerant,1.3383,0.0,10.0667,0.5,0.0,15,2,True,1.0,0.0755
j570858,2,delay_tolerant,1.27,0.0,9.6,0.5,0.0,14,2,False,1.0,0.0
j570858,2,delay_tolerant,0.655,0.0,7.7333,0.5,0.0,15,2,False,1.0,0.0
j571537,2,delay_tolerant,0.5183,0.0,7.7333,0.5,0.0,7,2,False,1.0,0.0
j571566,2,delay_tolerant,1.065,0.0,8.2,0.5,0.0,19,2,False,1.0,0.0
j571611,2,delay_tolerant,0.5867,0.0,7.7333,0.5,0.0,5,2,False,1.0,0.0
j571782,2,token_batch,1.475,1.1232,11.0,0.5,3954.903,20,1,True,1.0,0.1541
j571782,2,token_batch,1.475,0.0,11.0,0.5,4556.763,19,1,False,1.0,0.0
j571932,2,delay_tolerant,1.27,0.2048,9.6,0.5,0.0,16,2,False,1.0,0.0
j572082,2,delay_tolerant,1.065,0.0,8.2,0.5,0.0,11,2,False,1.0,0.0
j572082,2,delay_tolerant,0.86,0.0,7.7333,0.5,0.0,10,2,True,1.0,0.05
j572150,2,delay_tolerant,1.1333,0.0,8.6667,0.5,0.0,23,2,True,1.0,0.0492
j572280,2,token_batch,1.475,0.7427,11.0,0.5,4126.751,20,1,True,1.0,0.05
j572631,2,token_batch,1.475,0.6827,11.0,0.5,4357.638,19,1,False,1.0,0.0
j573102,2,delay_tolerant,0.5183,0.0,7.7333,0.5,0.0,5,2,False,1.0,0.0
j573570,2,delay_tolerant,0.7233,0.0,7.7333,0.5,0.0,17,2,False,1.0,0.0
j574163,2,delay_tolerant,0.7233,0.0,7.7333,0.5,0.0,16,2,False,1.0,0.0
j574284,2,token_batch,1.475,0.0,11.0,0.5,3685.205,12,1,True,1.0,0.1388
j5744,2,delay_tolerant,1.1333,0.0,8.6667,0.5,0.0,23,2,True,1.0,0.05
j574422,2,delay_tolerant,0.5183,0.0,7.7333,0.5,0.0,15,2,False,1.0,0.0
j574639,2,token_batch,1.9533,1.3913,14.2667,0.5,5266.872,6,1,False,1.0,0.0
j574639,2,delay_tolerant,1.27,0.0,9.6,0.5,0.0,5,2,True,1.0,0.05
j574639,2,token_batch,2.5,0.9585,18.0,0.5,4368.776,11,1,False,1.0,0.0
j574639,2,token_batch,1.475,0.5474,11.0,0.5,4025.688,10,1,True,1.0,0.1155
j574639,2,delay_tolerant,1.27,0.0,9.6,0.5,0.0,10,2,False,1.0,0.0
j574639,2,delay_tolerant,0.5183,0.0,7.7333,0.5,0.0,5,2,True,1.0,0.05
j574639,2,delay_tolerant,0.5183,0.0,7.7333,0.5,0.0,10,2,True,1.0,0.05
j574639,2,token_batch,2.5,0.539,18.0,0.5,4651.189,6,1,True,1.0,0.05
j574639,2,delay_tolerant,0.5183,0.0,7.7333,0.5,0.0,5,2,True,1.0,0.05
j574639,2,token_batch,1.5433,0.0,11.4667,0.5,4323.971,10,1,False,1.0,0.0
j574754,2,delay_tolerant,1.27,0.0,9.6,0.5,0.0,19,2,False,1.0,0.0
j574778,2,token_batch,2.5,0.0,18.0,0.5,4962.914,13,1,False,1.0,0.0
j574778,2,delay_tolerant,0.86,0.5166,7.7333,0.5,0.0,5,2,True,1.0,0.05
j574778,2,delay_tolerant,0.5867,0.0,7.7333,0.5,0.0,12,2,False,1.0,0.0
j574778,2,token_batch,1.7483,0.4113,12.8667,0.5,4710.088,12,1,True,1.0,0.05
j574778,2,token_batch,2.5,0.5917,18.0,0.5,4702.859,13,1,True,1.0,0.05
j574778,2,delay_tolerant,0.655,0.0,7.7333,0.5,0.0,12,2,False,1.0,0.0
j574778,2,token_batch,1.8167,1.2777,13.3333,0.5,4265.151,12,1,True,1.0,0.05
j574778,2,token_batch,2.5,1.2056,18.0,0.5,5022.728,6,1,True,1.0,0.05
j574923,2,delay_tolerant,0.9967,0.0,7.7333,0.5,0.0,17,2,False,1.0,0.0
j575271,2,delay_tolerant,0.7917,0.0,7.7333,0.5,0.0,12,2,True,1.0,0.05
j575410,2,delay_tolerant,1.27,0.0,9.6,0.5,0.0,15,2,True,1.0,0.05
j57546,2,delay_tolerant,0.9283,0.0,7.7333,0.5,0.0,13,2,True,1.0,0.0538
j575771,2,delay_tolerant,0.5183,0.0,7.7333,0.5,0.0,6,2,True,1.0,0.05
j575775,2,delay_tolerant,1.2017,0.0,9.1333,0.5,0.0,19,2,True,1.0,0.05
j575775,2,delay_tolerant,0.5183,0.0,7.7333,0.5,0.0,5,2,False,1.0,0.0
j57580,2,delay_tolerant,1.3383,0.0,10.0667,0.5,0.0,19,2,True,1.0,0.0289
j575842,2,token_batch,1.475,1.2238,11.0,0.5,3821.211,15,1,True,1.0,0.05
j575842,2,delay_tolerant,0.7233,0.0,7.7333,0.5,0.0,7,2,True,1.0,0.0645
j576319,2,delay_tolerant,0.5183,0.0,7.7333,0.5,0.0,5,2,True,1.0,0.0778
j576319,2,delay_tolerant,0.9967,0.0,7.7333,0.5,0.0,22,2,True,1.0,0.03
j577233,2,delay_tolerant,1.4067,0.0,10.5333,0.5,0.0,22,2,False,1.0,0.0
j577233,2,token_batch,1.475,1.0824,11.0,0.5,3849.201,22,1,True,1.0,0.1114
j577244,2,delay_tolerant,0.5867,0.0,7.7333,0.5,0.0,12,2,True,1.0,0.05
j577511,2,delay_tolerant,0.7917,0.0,7.7333,0.5,0.0,15,2,False,1.0,0.0
j577546,2,delay_tolerant,0.5867,0.0,7.7333,0.5,0.0,19,2,False,1.0,0.0
j577733,2,delay_tolerant,0.86,0.0,7.7333,0.5,0.0,19,2,True,1.0,0.05
j577902,2,token_batch,1.475,0.5899,11.0,0.5,4562.389,23,1,True,1.0,0.1217
j577902,2,delay_tolerant,0.5183,0.0,7.7333,0.5,0.0,22,2,True,1.0,0.0377
j577902,2,delay_tolerant,0.7233,0.0,7.7333,0.5,0.0,22,2,True,1.0,0.05
j577902,2,delay_tolerant,1.27,0.2851,9.6,0.5,0.0,23,2,True,1.0,0.05
j578211,2,token_batch,1.475,0.7089,11.0,0.5,4225.253,13,1,True,1.0,0.1395
j578709,2,token_batch,1.475,0.9949,11.0,0.5,4543.612,16,1,True,1.0,0.05
j578709,2,delay_tolerant,0.9283,0.0,7.7333,0.5,0.0,16,2,False,1.0,0.0
j578851,2,token_batch,1.475,1.3101,11.0,0.5,3872.141,20,1,False,1.0,0.0
j578851,2,delay_tolerant,1.065,0.0,8.2,0.5,0.0,19,2,True,1.0,0.0598
j578851,2,delay_tolerant,0.5183,0.0,7.7333,0.5,0.0,16,2,True,1.0,0.0364
j579018,2,delay_tolerant,0.655,0.0,7.7333,0.5,0.0,15,2,False,1.0,0.0
j579038,2,delay_tolerant,1.4067,0.0,10.5333,0.5,0.0,10,2,True,1.0,0.0699
j579038,2,delay_tolerant,0.7233,0.0,7.7333,0.5,0.0,5,2,False,1.0,0.0
j579038,2,delay_tolerant,0.5183,0.0,7.7333,0.5,0.0,5,2,False,1.0,0.0
j579619,2,delay_tolerant,1.3383,0.0,10.0667,0.5,0.0,20,2,False,1.0,0.0
j579660,2,token_batch,1.475,1.3892,11.0,0.5,4042.797,23,1,True,1.0,0.1295
j579716,2,delay_tolerant,1.1333,0.0,8.6667,0.5,0.0,22,2,True,1.0,0.0473
j579739,2,delay_tolerant,0.5183,0.0,7.7333,0.5,0.0,5,2,False,1.0,0.0
j580280,2,token_batch,1.885,1.1771,13.8,0.5,4043.167,9,1,False,1.0,0.0
j580280,2,delay_tolerant,0.86,0.0,7.7333,0.5,0.0,16,2,False,1.0,0.0
j580280,2,token_batch,1.475,1.2359,11.0,0.5,4020.384,12,1,True,1.0,0.1239
j580280,2,token_batch,1.885,0.6921,13.8,0.5,4314.512,7,1,True,1.0,0.05
j580447,2,token_batch,1.475,0.5144,11.0,0.5,4173.023,15,1,False,1.0,0.0
j580498,2,delay_tolerant,0.7233,0.0,7.7333,0.5,0.0,23,2,True,1.0,0.05
j580648,2,delay_tolerant,0.5183,0.0,7.7333,0.5,0.0,5,2,False,1.0,0.0
j580648,2,delay_tolerant,0.5183,0.0,7.7333,0.5,0.0,22,2,False,1.0,0.0
j581096,2,delay_tolerant,0.655,0.0,7.7333,0.5,0.0,14,2,True,1.0,0.0221
j581096,2,delay_tolerant,1.3383,0.3503,10.0667,0.5,0.0,20,2,False,1.0,0.0
j582189,2,delay_tolerant,0.5867,0.0,7.7333,0.5,0.0,5,2,True,1.0,0.05
j582189,2,delay_tolerant,1.4067,0.0,10.5333,0.5,0.0,15,2,False,1.0,0.0
j582341,2,delay_tolerant,0.9967,0.0,7.7333,0.5,0.0,10,2,True,1.0,0.05
j582341,2,delay_tolerant,0.5183,0.0,7.7333,0.5,0.0,10,2,True,1.0,0.05
j582358,2,token_batch,1.885,0.7985,13.8,0.5,4279.14,18,1,True,1.0,0.1077
j582358,2,delay_tolerant,1.3383,0.0,10.0667,0.5,0.0,9,2,False,1.0,0.0
j582358,2,token_batch,2.0217,1.1103,14.7333,0.5,4771.234,9,1,True,1.0,0.05
j582358,2,token_batch,2.5,1.4194,18.0,0.5,4729.315,19,1,True,1.0,0.1696
j582358,2,token_batch,2.5,0.0,18.0,0.5,5420.05,19,1,False,1.0,0.0
j582358,2,delay_tolerant,0.5183,0.0,7.7333,0.5,0.0,19,2,True,1.0,0.05
j582979,2,delay_tolerant,1.065,0.0,8.2,0.5,0.0,13,2,False,1.0,0.0
j583103,2,token_batch,1.475,1.1834,11.0,0.5,4161.832,18,1,True,1.0,0.05
j584015,2,delay_tolerant,0.7233,0.0,7.7333,0.5,0.0,5,2,False,1.0,0.0
j584015,2,token_batch,1.885,0.0,13.8,0.5,4936.645,10,1,False,1.0,0.0
j584015,2,delay_tolerant,0.5183,0.2396,7.7333,0.5,0.0,10,2,True,1.0,0.05
j584015,2,token_batch,1.7483,1.4144,12.8667,0.5,3937.674,10,1,True,1.0,0.05
j584015,2,delay_tolerant,0.5183,0.0,7.7333,0.5,0.0,10,2,False,1.0,0.0
j584015,2,delay_tolerant,0.5867,0.0,7.7333,0.5,0.0,5,2,True,1.0,0.0302
j584112,2,token_batch,1.475,0.0,11.0,0.5,4029.495,15,1,True,1.0,0.16
j584471,2,token_batch,2.5,0.879,18.0,0.5,5501.375,21,1,True,1.0,0.1303
j584483,2,token_batch,1.475,0.6121,11.0,0.5,4618.649,18,1,True,1.0,0.05
j584755,2,delay_tolerant,0.5183,0.0,7.7333,0.5,0.0,5,2,True,1.0,0.026
j584817,2,delay_tolerant,1.2017,0.0,9.1333,0.5,0.0,22,2,True,1.0,0.05
j584817,2,delay_tolerant,1.1333,0.0,8.6667,0.5,0.0,21,2,True,1.0,0.05
j585459,2,token_batch,1.475,1.2186,11.0,0.5,3532.843,19,1,True,1.0,0.05
j585459,2,delay_tolerant,0.9283,0.3818,7.7333,0.5,0.0,20,2,True,1.0,0.0984
j585664,2,delay_tolerant,1.2017,0.0,9.1333,0.5,0.0,19,2,True,1.0,0.05
j586222,2,delay_tolerant,0.5183,0.0,7.7333,0.5,0.0,13,2,False,1.0,0.0
j586599,2,delay_tolerant,0.5183,0.0,7.7333,0.5,0.0,5,2,True,1.0,0.0871
j586715,2,delay_tolerant,0.5183,0.0,7.7333,0.5,0.0,5,2,True,1.0,0.05
j586715,2,token_batch,1.475,0.5548,11.0,0.5,4517.43,10,1,True,1.0,0.05
j586715,2,delay_tolerant,1.065,0.5571,8.2,0.5,0.0,10,2,True,1.0,0.05
j587213,2,token_batch,1.475,1.4721,11.0,0.5,3581.246,10,1,True,1.0,0.05
j58727,2,delay_tolerant,0.5183,0.0,7.7333,0.5,0.0,10,2,True,1.0,0.0728
j587407,2,delay_tolerant,1.1333,0.0,8.6667,0.5,0.0,22,2,True,1.0,0.067
j587407,2,token_batch,1.475,1.4965,11.0,0.5,3863.851,22,1,False,1.0,0.0
j587633,2,delay_tolerant,0.9283,0.0,7.7333,0.5,0.0,13,2,False,1.0,0.0
j588081,2,delay_tolerant,0.5183,0.0,7.7333,0.5,0.0,19,2,False,1.0,0.0
j588581,2,delay_tolerant,0.86,0.0,7.7333,0.5,0.0,20,2,False,1.0,0.0
j588581,2,token_batch,2.5,1.2355,18.0,0.5,4231.207,21,1,True,1.0,0.05
j589198,2,delay_tolerant,0.5183,0.0,7.7333,0.5,0.0,21,2,False,1.0,0.0
j58948,2,delay_tolerant,1.2017,0.0,9.1333,0.5,0.0,16,2,False,1.0,0.0
j58948,2,delay_tolerant,1.4067,0.0,10.5333,0.5,0.0,16,2,False,1.0,0.0
j589656,2,delay_tolerant,1.2017,0.0,9.1333,0.5,0.0,12,2,False,1.0,0.0
j589785,2,token_batch,1.475,0.4737,11.0,0.5,3856.637,11,1,True,1.0,0.1928
j589922,2,delay_tolerant,0.5183,0.0,7.7333,0.5,0.0,5,2,True,1.0,0.05
j589922,2,token_batch,1.475,0.8831,11.0,0.5,3888.575,13,1,True,1.0,0.05
j589922,2,delay_tolerant,0.9967,0.0,7.7333,0.5,0.0,14,2,False,1.0,0.0
j59065,2,delay_tolerant,0.7917,0.0,7.7333,0.5,0.0,9,2,False,1.0,0.0
j59065,2,token_batch,1.475,0.5094,11.0,0.5,4419.57,9,1,False,1.0,0.0
j590656,2,delay_tolerant,1.065,0.0,8.2,0.5,0.0,9,2,False,1.0,0.0
j590656,2,delay_tolerant,1.2017,0.0,9.1333,0.5,0.0,10,2,False,1.0,0.0
j591362,2,delay_tolerant,0.5867,0.0,7.7333,0.5,0.0,13,2,False,1.0,0.0
j591370,2,delay_tolerant,0.9967,0.0,7.7333,0.5,0.0,18,2,True,1.0,0.0716
j591503,2,delay_tolerant,0.5183,0.0,7.7333,0.5,0.0,5,2,False,1.0,0.0
j591566,2,token_batch,1.475,0.0,11.0,0.5,4607.835,15,1,False,1.0,0.0
j591588,2,token_batch,1.475,1.3248,11.0,0.5,4389.828,13,1,True,1.0,0.1471
j591628,2,token_batch,1.475,1.292,11.0,0.5,3511.026,15,1,False,1.0,0.0
j591628,2,delay_tolerant,0.9967,0.0,7.7333,0.5,0.0,15,2,False,1.0,0.0
j591890,2,token_batch,1.475,0.6751,11.0,0.5,4491.64,16,1,False,1.0,0.0
j591890,2,delay_tolerant,0.86,0.0,7.7333,0.5,0.0,12,2,False,1.0,0.0
j592009,2,delay_tolerant,0.9283,0.0,7.7333,0.5,0.0,16,2,True,1.0,0.05
j592009,2,delay_tolerant,0.7917,0.0,7.7333,0.5,0.0,20,2,False,1.0,0.0
j59219,2,delay_tolerant,1.3383,0.0,10.0667,0.5,0.0,9,2,False,1.0,0.0
j592523,2,token_batch,1.475,1.4354,11.0,0.5,4037.536,20,1,True,1.0,0.1274
j593412,2,delay_tolerant,0.7917,0.0,7.7333,0.5,0.0,9,2,False,1.0,0.0
j593444,2,delay_tolerant,0.5183,0.0,7.7333,0.5,0.0,9,2,False,1.0,0.0
j593484,2,token_batch,1.475,1.2027,11.0,0.5,3623.221,16,1,True,1.0,0.152
j593550,2,delay_tolerant,0.5183,0.0,7.7333,0.5,0.0,9,2,False,1.0,0.0
j593550,2,delay_tolerant,0.7917,0.0,7.7333,0.5,0.0,10,2,True,1.0,0.0874
j593736,2,token_batch,1.475,0.0,11.0,0.5,3668.824,13,1,True,1.0,0.1536
j594396,2,token_batch,1.475,0.6507,11.0,0.5,4575.619,23,1,True,1.0,0.05
j594396,2,token_batch,1.475,0.0,11.0,0.5,3536.877,23,1,False,1.0,0.0
j595425,2,delay_tolerant,1.27,0.0,9.6,0.5,0.0,10,2,False,1.0,0.0
j59547,2,token_batch,1.475,1.4155,11.0,0.5,3859.517,20,1,False,1.0,0.0
j595474,2,delay_tolerant,1.2017,0.0,9.1333,0.5,0.0,16,2,False,1.0,0.0
j595474,2,delay_tolerant,0.7233,0.0,7.7333,0.5,0.0,16,2,False,1.0,0.0
j596632,2,token_batch,1.475,0.0,11.0,0.5,3762.082,18,1,True,1.0,0.1111
j596632,2,token_batch,1.475,0.5468,11.0,0.5,4033.035,17,1,False,1.0,0.0
j596632,2,delay_tolerant,0.5183,0.0,7.7333,0.5,0.0,17,2,False,1.0,0.0
j596818,2,delay_tolerant,0.5867,0.0,7.7333,0.5,0.0,11,2,False,1.0,0.0
j597193,2,delay_tolerant,0.655,0.0,7.7333,0.5,0.0,7,2,False,1.0,0.0
j597193,2,token_batch,1.475,0.0,11.0,0.5,4209.745,12,1,True,1.0,0.0928
j597225,2,delay_tolerant,0.7917,0.0,7.7333,0.5,0.0,15,2,True,1.0,0.05
j597674,2,delay_tolerant,0.5183,0.0,7.7333,0.5,0.0,14,2,False,1.0,0.0
j597674,2,delay_tolerant,1.27,0.0,9.6,0.5,0.0,23,2,False,1.0,0.0
j597896,2,delay_tolerant,0.86,0.0,7.7333,0.5,0.0,21,2,False,1.0,0.0
j598473,2,delay_tolerant,0.5183,0.0,7.7333,0.5,0.0,11,2,False,1.0,0.0
j598473,2,delay_tolerant,1.065,0.0,8.2,0.5,0.0,12,2,False,1.0,0.0
j598669,2,token_batch,1.475,0.0,11.0,0.5,3488.163,20,1,True,1.0,0.1579
j599441,2,token_batch,1.6117,1.3522,11.9333,0.5,4182.053,19,1,True,1.0,0.1645
j599441,2,delay_tolerant,0.7233,0.0,7.7333,0.5,0.0,21,2,True,1.0,0.0313
j599441,2,delay_tolerant,0.5183,0.0,7.7333,0.5,0.0,19,2,True,1.0,0.0575
j599801,2,token_batch,1.475,0.6447,11.0,0.5,3552.941,18,1,False,1.0,0.0
j59986,2,delay_tolerant,0.5867,0.0,7.7333,0.5,0.0,5,2,False,1.0,0.0
j60009,2,delay_tolerant,0.655,0.0,7.7333,0.5,0.0,16,2,True,1.0,0.05
j600793,2,delay_tolerant,0.7917,0.2255,7.7333,0.5,0.0,12,2,False,1.0,0.0
j600828,2,delay_tolerant,0.9967,0.0,7.7333,0.5,0.0,22,2,False,1.0,0.0
j6011,2,delay_tolerant,0.86,0.2243,7.7333,0.5,0.0,13,2,False,1.0,0.0
j601766,2,delay_tolerant,0.5183,0.0,7.7333,0.5,0.0,10,2,False,1.0,0.0
j601792,2,delay_tolerant,0.86,0.0,7.7333,0.5,0.0,13,2,False,1.0,0.0
j601792,2,delay_tolerant,0.5867,0.0,7.7333,0.5,0.0,12,2,False,1.0,0.0
j601925,2,delay_tolerant,0.5183,0.0,7.7333,0.5,0.0,5,2,False,1.0,0.0
j602105,2,delay_tolerant,1.4067,0.0,10.5333,0.5,0.0,19,2,False,1.0,0.0
j602105,2,delay_tolerant,1.4067,0.0,10.5333,0.5,0.0,19,2,True,1.0,0.05
j602201,2,token_batch,2.5,1.0333,18.0,0.5,4417.782,14,1,True,1.0,0.05
j602201,2,token_batch,1.68,1.097,12.4,0.5,3947.727,7,1,True,1.0,0.1668
j602201,2,delay_tolerant,0.7233,0.0,7.7333,0.5,0.0,13,2,False,1.0,0.0
j602201,2,delay_tolerant,0.7917,0.0,7.7333,0.5,0.0,5,2,True,1.0,0.05
j602201,2,token_batch,2.09,1.0148,15.2,0.5,4272.273,14,1,True,1.0,0.1011
j602201,2,delay_tolerant,0.5183,0.0,7.7333,0.5,0.0,13,2,True,1.0,0.0225
j602201,2,token_batch,2.5,1.2522,18.0,0.5,5331.7,6,1,False,1.0,0.0
j602201,2,token_batch,2.5,0.0,18.0,0.5,4500.045,15,1,False,1.0,0.0
j602341,2,delay_tolerant,0.5183,0.0,7.7333,0.5,0.0,17,2,True,1.0,0.0407
j602341,2,delay_tolerant,1.4067,0.0,10.5333,0.5,0.0,17,2,False,1.0,0.0
j602571,2,token_batch,1.475,0.0,11.0,0.5,3577.991,23,1,True,1.0,0.1578
j602939,2,token_batch,1.475,0.463,11.0,0.5,3650.303,15,1,True,1.0,0.05
j602939,2,delay_tolerant,0.5183,0.0,7.7333,0.5,0.0,6,2,False,1.0,0.0
j602948,2,token_batch,1.475,1.0479,11.0,0.5,3637.633,9,1,True,1.0,0.05
j603232,2,delay_tolerant,1.4067,0.0,10.5333,0.5,0.0,19,2,True,1.0,0.068
j603232,2,delay_tolerant,0.655,0.0,7.7333,0.5,0.0,5,2,False,1.0,0.0
j603319,2,delay_tolerant,0.9967,0.0,7.7333,0.5,0.0,15,2,True,1.0,0.0248
j603319,2,token_batch,1.475,1.0346,11.0,0.5,4062.68,15,1,False,1.0,0.0
j604212,2,token_batch,1.475,1.1357,11.0,0.5,3446.679,13,1,False,1.0,0.0
j604212,2,delay_tolerant,1.2017,0.0,9.1333,0.5,0.0,12,2,False,1.0,0.0
j60466,2,delay_sensitive,0.5183,0.0,7.7333,0.5,0.0,3,3,False,1.0,0.0
j604708,2,delay_tolerant,0.5183,0.0,7.7333,0.5,0.0,12,2,True,1.0,0.05
j605087,2,token_batch,1.475,1.1148,11.0,0.5,4207.301,14,1,True,1.0,0.1843
j605450,2,delay_tolerant,0.5183,0.0,7.7333,0.5,0.0,21,2,False,1.0,0.0
j605450,2,token_batch,1.475,0.0,11.0,0.5,3667.825,22,1,False,1.0,0.0
j605890,2,token_batch,1.475,0.9588,11.0,0.5,4628.102,14,1,True,1.0,0.05
j607051,2,delay_tolerant,0.7917,0.0,7.7333,0.5,0.0,22,2,True,1.0,0.094
j607088,2,token_batch,2.5,0.6783,18.0,0.5,4691.511,21,1,True,1.0,0.05
j607088,2,delay_tolerant,0.5183,0.0,7.7333,0.5,0.0,14,2,True,1.0,0.05
j607136,2,delay_tolerant,0.7917,0.0,7.7333,0.5,0.0,18,2,True,1.0,0.05
j607136,2,delay_tolerant,0.655,0.0,7.7333,0.5,0.0,12,2,True,1.0,0.05
j60736,2,delay_tolerant,0.5183,0.0,7.7333,0.5,0.0,5,2,True,1.0,0.05
j60736,2,delay_tolerant,0.5183,0.0,7.7333,0.5,0.0,5,2,False,1.0,0.0
j60736,2,token_batch,1.475,0.0,11.0,0.5,3756.114,9,1,False,1.0,0.0
j60736,2,delay_tolerant,0.5183,0.0,7.7333,0.5,0.0,5,2,True,1.0,0.0263
j607419,2,delay_tolerant,0.5183,0.0,7.7333,0.5,0.0,20,2,False,1.0,0.0
j607419,2,delay_tolerant,1.1333,0.0,8.6667,0.5,0.0,21,2,False,1.0,0.0
j607419,2,token_batch,1.475,0.0,11.0,0.5,4543.11,22,1,False,1.0,0.0
j607419,2,delay_tolerant,1.3383,0.0,10.0667,0.5,0.0,22,2,False,1.0,0.0
j607419,2,delay_tolerant,0.7233,0.0,7.7333,0.5,0.0,21,2,False,1.0,0.0
j60818,2,delay_tolerant,1.4067,0.0,10.5333,0.5,0.0,13,2,False,1.0,0.0
j609101,2,token_batch,1.475,1.3025,11.0,0.5,4334.456,20,1,True,1.0,0.1792
j610168,2,token_batch,1.475,0.4984,11.0,0.5,3728.823,23,1,True,1.0,0.1671
j610179,2,token_batch,1.475,1.0293,11.0,0.5,3676.724,15,1,True,1.0,0.1953
j610179,2,token_batch,1.475,0.0,11.0,0.5,3580.865,15,1,True,1.0,0.1754
j610260,2,delay_tolerant,0.7917,0.0,7.7333,0.5,0.0,10,2,True,1.0,0.0297
j610528,2,token_batch,2.5,0.7631,18.0,0.5,5600.607,19,1,True,1.0,0.05
j610528,2,token_batch,1.7483,0.0,12.8667,0.5,4480.753,6,1,False,1.0,0.0
j610794,2,delay_tolerant,1.2017,0.0,9.1333,0.5,0.0,15,2,False,1.0,0.0
j610903,2,token_batch,1.475,0.0,11.0,0.5,4195.206,13,1,True,1.0,0.1606
j61113,2,delay_tolerant,1.1333,0.0,8.6667,0.5,0.0,16,2,False,1.0,0.0
j611428,2,token_batch,2.5,1.0559,18.0,0.5,4542.26,9,1,False,1.0,0.0
j611618,2,delay_tolerant,1.4067,0.0,10.5333,0.5,0.0,9,2,True,1.0,0.07
j611618,2,delay_tolerant,1.1333,0.0,8.6667,0.5,0.0,10,2,False,1.0,0.0
j611876,2,delay_tolerant,0.7917,0.0,7.7333,0.5,0.0,19,2,False,1.0,0.0
j6120,2,delay_tolerant,0.7917,0.0,7.7333,0.5,0.0,19,2,False,1.0,0.0
j6120,2,delay_tolerant,0.5867,0.0,7.7333,0.5,0.0,14,2,True,1.0,0.0938
j61216,2,token_batch,2.5,0.0,18.0,0.5,4851.442,16,1,False,1.0,0.0
j61216,2,token_batch,2.5,0.6136,18.0,0.5,5144.893,16,1,True,1.0,0.05
j612805,2,delay_sensitive,0.5183,0.0,7.7333,0.5,0.0,3,3,False,1.0,0.0
j612805,2,token_batch,1.475,1.2275,11.0,0.5,3862.162,12,1,False,1.0,0.0
j612946,2,token_batch,1.6117,1.2114,11.9333,0.5,4759.687,18,1,False,1.0,0.0
j612946,2,token_batch,1.68,0.0,12.4,0.5,4264.669,18,1,False,1.0,0.0
j612946,2,token_batch,2.5,1.3481,18.0,0.5,4152.769,14,1,False,1.0,0.0
j612946,2,delay_tolerant,0.655,0.0,7.7333,0.5,0.0,16,2,False,1.0,0.0
j61385,2,delay_tolerant,1.065,0.0,8.2,0.5,0.0,16,2,True,1.0,0.028
j615191,2,delay_tolerant,0.5183,0.0,7.7333,0.5,0.0,22,2,True,1.0,0.05
j615445,2,token_batch,2.5,0.6455,18.0,0.5,4478.979,17,1,False,1.0,0.0
j61644,2,token_batch,1.475,1.3955,11.0,0.5,3491.588,12,1,True,1.0,0.05
j616590,2,token_batch,1.475,0.6495,11.0,0.5,3923.053,14,1,True,1.0,0.1503
j616590,2,token_batch,1.475,0.4535,11.0,0.5,3703.927,13,1,True,1.0,0.05
j616590,2,delay_tolerant,0.5183,0.0,7.7333,0.5,0.0,7,2,True,1.0,0.0831
j61690,2,delay_tolerant,1.27,0.4213,9.6,0.5,0.0,20,2,True,1.0,0.05
j617507,2,delay_tolerant,0.7917,0.0,7.7333,0.5,0.0,19,2,True,1.0,0.05
j617611,2,delay_tolerant,0.5867,0.0,7.7333,0.5,0.0,5,2,False,1.0,0.0
j617611,2,delay_tolerant,1.1333,0.0,8.6667,0.5,0.0,16,2,False,1.0,0.0
j617611,2,delay_tolerant,1.3383,0.0,10.0667,0.5,0.0,16,2,True,1.0,0.084
j617953,2,delay_tolerant,0.655,0.0,7.7333,0.5,0.0,16,2,True,1.0,0.05
j61837,2,delay_tolerant,1.2017,0.0,9.1333,0.5,0.0,19,2,True,1.0,0.05
j618549,2,token_batch,1.475,1.3932,11.0,0.5,3867.624,12,1,True,1.0,0.1202
j618606,2,token_batch,1.475,1.3019,11.0,0.5,3624.372,12,1,True,1.0,0.1825
j618890,2,token_batch,1.475,0.0,11.0,0.5,4008.905,23,1,True,1.0,0.117
j618890,2,token_batch,1.475,0.0,11.0,0.5,3565.667,23,1,False,1.0,0.0
j618998,2,token_batch,1.475,0.0,11.0,0.5,3504.64,20,1,False,1.0,0.0
j619025,2,token_batch,1.475,0.0,11.0,0.5,3658.968,16,1,False,1.0,0.0
j619560,2,delay_tolerant,0.9283,0.0,7.7333,0.5,0.0,20,2,False,1.0,0.0
j619700,2,token_batch,1.475,0.0,11.0,0.5,3814.135,9,1,False,1.0,0.0
j619700,2,delay_tolerant,0.5867,0.0,7.7333,0.5,0.0,5,2,False,1.0,0.0
j619700,2,delay_tolerant,0.7233,0.0,7.7333,0.5,0.0,10,2,True,1.0,0.05
j62014,2,delay_tolerant,0.5183,0.0,7.7333,0.5,0.0,14,2,True,1.0,0.0237
j62014,2,delay_tolerant,1.3383,0.0,10.0667,0.5,0.0,23,2,False,1.0,0.0
j620208,2,token_batch,1.475,1.1921,11.0,0.5,4491.742,15,1,False,1.0,0.0
j620208,2,delay_sensitive,0.5183,0.0,7.7333,0.5,0.0,3,3,False,1.0,0.0
j620706,2,delay_tolerant,0.655,0.0,7.7333,0.5,0.0,9,2,False,1.0,0.0
j620936,2,token_batch,1.475,0.6312,11.0,0.5,4508.11,20,1,True,1.0,0.05
j621032,2,delay_tolerant,0.9967,0.0,7.7333,0.5,0.0,20,2,False,1.0,0.0
j621032,2,delay_tolerant,0.86,0.0,7.7333,0.5,0.0,19,2,False,1.0,0.0
j621040,2,delay_tolerant,1.065,0.0,8.2,0.5,0.0,13,2,False,1.0,0.0
j62128,2,delay_tolerant,1.27,0.0,9.6,0.5,0.0,22,2,False,1.0,0.0
j621775,2,delay_tolerant,0.7233,0.2115,7.7333,0.5,0.0,5,2,False,1.0,0.0
j621775,2,delay_tolerant,0.5183,0.0,7.7333,0.5,0.0,9,2,False,1.0,0.0
j621780,2,delay_tolerant,0.86,0.0,7.7333,0.5,0.0,19,2,False,1.0,0.0
j621840,2,delay_tolerant,0.7233,0.0,7.7333,0.5,0.0,12,2,True,1.0,0.05
j622257,2,token_batch,1.475,1.1323,11.0,0.5,4600.291,9,1,False,1.0,0.0
j622257,2,delay_tolerant,0.5183,0.0,7.7333,0.5,0.0,5,2,True,1.0,0.05
j622257,2,token_batch,1.475,0.6469,11.0,0.5,4471.222,10,1,False,1.0,0.0
j622508,2,token_batch,1.475,0.5829,11.0,0.5,3875.47,21,1,True,1.0,0.0871
j622693,2,delay_tolerant,0.5183,0.0,7.7333,0.5,0.0,19,2,True,1.0,0.05
j622945,2,token_batch,1.475,1.1555,11.0,0.5,4500.35,20,1,True,1.0,0.1308
j623830,2,delay_tolerant,1.065,0.0,8.2,0.5,0.0,23,2,False,1.0,0.0
j623988,2,delay_tolerant,1.1333,0.0,8.6667,0.5,0.0,22,2,False,1.0,0.0
j623988,2,token_batch,2.5,1.439,18.0,0.5,4887.791,23,1,True,1.0,0.1062
j62410,2,delay_tolerant,0.5183,0.0,7.7333,0.5,0.0,13,2,True,1.0,0.0607
j624245,2,delay_tolerant,0.5183,0.0,7.7333,0.5,0.0,11,2,False,1.0,0.0
j624245,2,token_batch,1.8167,0.0,13.3333,0.5,5274.707,13,1,True,1.0,0.1956
j624245,2,delay_sensitive,1.8167,0.0,13.3333,0.5,0.0,3,3,False,1.0,0.0
j624421,2,token_batch,1.475,1.1099,11.0,0.5,3555.8,9,1,True,1.0,0.05
j625279,2,delay_tolerant,0.9967,0.0,7.7333,0.5,0.0,21,2,False,1.0,0.0
j625823,2,delay_tolerant,1.3383,0.0,10.0667,0.5,0.0,11,2,False,1.0,0.0
j625930,2,delay_tolerant,0.5183,0.0,7.7333,0.5,0.0,5,2,False,1.0,0.0
j625930,2,delay_tolerant,0.655,0.0,7.7333,0.5,0.0,5,2,True,1.0,0.0581
j625950,2,token_batch,1.475,0.9806,11.0,0.5,3645.192,23,1,True,1.0,0.05
j626324,2,token_batch,1.475,0.0,11.0,0.5,3620.777,14,1,False,1.0,0.0
j626324,2,delay_tolerant,1.065,0.0,8.2,0.5,0.0,13,2,False,1.0,0.0
j626775,2,delay_tolerant,0.5183,0.0,7.7333,0.5,0.0,5,2,True,1.0,0.0844
j627342,2,delay_tolerant,1.27,0.0,9.6,0.5,0.0,13,2,False,1.0,0.0
j627453,2,token_batch,1.475,1.3549,11.0,0.5,3839.666,19,1,True,1.0,0.1371
j627453,2,delay_tolerant,1.4067,0.0,10.5333,0.5,0.0,19,2,True,1.0,0.054
j627587,2,delay_tolerant,0.9283,0.0,7.7333,0.5,0.0,16,2,False,1.0,0.0
j627609,2,token_batch,1.475,0.0,11.0,0.5,3935.651,12,1,False,1.0,0.0
j6278,2,token_batch,1.475,1.3544,11.0,0.5,4545.477,18,1,True,1.0,0.1084
j628163,2,delay_tolerant,0.9967,0.0,7.7333,0.5,0.0,21,2,True,1.0,0.05
j629976,2,delay_tolerant,0.5183,0.0,7.7333,0.5,0.0,5,2,False,1.0,0.0
j629976,2,delay_tolerant,1.1333,0.0,8.6667,0.5,0.0,20,2,True,1.0,0.05
j62998,2,delay_tolerant,0.5183,0.0,7.7333,0.5,0.0,5,2,True,1.0,0.0964
j62998,2,token_batch,1.475,0.5757,11.0,0.5,4286.753,23,1,False,1.0,0.0
j630352,2,delay_tolerant,0.9967,0.0,7.7333,0.5,0.0,13,2,False,1.0,0.0
j63099,2,delay_tolerant,1.1333,0.0,8.6667,0.5,0.0,19,2,False,1.0,0.0
j63099,2,delay_tolerant,1.065,0.0,8.2,0.5,0.0,19,2,False,1.0,0.0
j63099,2,delay_tolerant,0.7233,0.0,7.7333,0.5,0.0,19,2,False,1.0,0.0
j631578,2,token_batch,1.475,0.6203,11.0,0.5,3670.335,16,1,True,1.0,0.05
j631846,2,delay_tolerant,1.4067,0.0,10.5333,0.5,0.0,10,2,True,1.0,0.05
j631846,2,delay_tolerant,0.5183,0.0,7.7333,0.5,0.0,5,2,False,1.0,0.0
j631846,2,delay_tolerant,0.5183,0.0,7.7333,0.5,0.0,11,2,False,1.0,0.0
j631934,2,delay_tolerant,1.27,0.0,9.6,0.5,0.0,16,2,True,1.0,0.05
j632111,2,delay_tolerant,0.5183,0.0,7.7333,0.5,0.0,16,2,True,1.0,0.05
j632111,2,delay_tolerant,1.065,0.0,8.2,0.5,0.0,22,2,False,1.0,0.0
j632111,2,delay_tolerant,1.065,0.0,8.2,0.5,0.0,21,2,True,1.0,0.0601
j632111,2,token_batch,1.9533,0.6916,14.2667,0.5,5312.243,21,1,False,1.0,0.0
j632111,2,delay_tolerant,1.065,0.0,8.2,0.5,0.0,21,2,False,1.0,0.0
j632111,2,token_batch,2.5,0.7461,18.0,0.5,4356.066,14,1,True,1.0,0.121
j633171,2,delay_sensitive,0.5183,0.0,7.7333,0.5,0.0,3,3,False,1.0,0.0
j633223,2,delay_tolerant,0.5183,0.0,7.7333,0.5,0.0,5,2,False,1.0,0.0
j633683,2,delay_tolerant,0.9967,0.0,7.7333,0.5,0.0,22,2,False,1.0,0.0
j633683,2,delay_tolerant,0.5867,0.0,7.7333,0.5,0.0,14,2,True,1.0,0.05
j633972,2,delay_tolerant,0.86,0.0,7.7333,0.5,0.0,16,2,True,1.0,0.05
j63405,2,token_batch,1.475,0.0,11.0,0.5,3561.24,22,1,True,1.0,0.1525
j63405,2,delay_tolerant,0.5867,0.0,7.7333,0.5,0.0,22,2,False,1.0,0.0
j634318,2,token_batch,1.475,1.2138,11.0,0.5,4430.076,19,1,True,1.0,0.1514
j634335,2,token_batch,1.475,0.5203,11.0,0.5,3858.756,10,1,True,1.0,0.05
j634335,2,delay_tolerant,0.5183,0.0,7.7333,0.5,0.0,5,2,False,1.0,0.0
j634352,2,delay_tolerant,1.27,0.0,9.6,0.5,0.0,19,2,False,1.0,0.0
j634352,2,delay_tolerant,1.2017,0.0,9.1333,0.5,0.0,19,2,True,1.0,0.05
j634363,2,delay_tolerant,0.86,0.0,7.7333,0.5,0.0,22,2,False,1.0,0.0
j63451,2,token_batch,1.475,0.8473,11.0,0.5,3902.714,13,1,True,1.0,0.103
j63451,2,delay_tolerant,0.5183,0.0,7.7333,0.5,0.0,5,2,False,1.0,0.0
j634651,2,delay_tolerant,1.3383,0.0,10.0667,0.5,0.0,15,2,True,1.0,0.05
j635176,2,delay_tolerant,0.7233,0.0,7.7333,0.5,0.0,5,2,False,1.0,0.0
j635389,2,token_batch,1.475,0.0,11.0,0.5,3427.259,9,1,False,1.0,0.0
j635707,2,delay_tolerant,1.27,0.0,9.6,0.5,0.0,20,2,False,1.0,0.0
j636103,2,token_batch,1.475,1.478,11.0,0.5,4479.126,12,1,True,1.0,0.0835
j636103,2,delay_tolerant,1.2017,0.0,9.1333,0.5,0.0,12,2,False,1.0,0.0
j636103,2,delay_tolerant,0.5867,0.0,7.7333,0.5,0.0,12,2,False,1.0,0.0
j636219,2,delay_tolerant,1.1333,0.0,8.6667,0.5,0.0,22,2,True,1.0,0.05
j636279,2,delay_tolerant,0.86,0.0,7.7333,0.5,0.0,12,2,False,1.0,0.0
j636612,2,token_batch,1.475,0.454,11.0,0.5,4090.445,23,1,True,1.0,0.1842
j636800,2,token_batch,1.475,0.5139,11.0,0.5,3583.072,20,1,True,1.0,0.171
j637511,2,delay_tolerant,0.5183,0.588,7.7333,0.5,0.0,5,2,True,1.0,0.05
j637602,2,delay_tolerant,1.1333,0.0,8.6667,0.5,0.0,9,2,False,1.0,0.0
j637602,2,token_batch,1.475,1.2018,11.0,0.5,3931.816,9,1,True,1.0,0.05
j637930,2,delay_tolerant,0.5867,0.3748,7.7333,0.5,0.0,12,2,True,1.0,0.05
j637930,2,delay_tolerant,1.2017,0.0,9.1333,0.5,0.0,14,2,True,1.0,0.05
j638711,2,delay_tolerant,1.4067,0.0,10.5333,0.5,0.0,16,2,False,1.0,0.0
j63916,2,delay_tolerant,0.5867,0.3857,7.7333,0.5,0.0,5,2,True,1.0,0.0647
j63916,2,delay_tolerant,0.5183,0.0,7.7333,0.5,0.0,5,2,False,1.0,0.0
j63916,2,delay_sensitive,0.5183,0.0,7.7333,0.5,0.0,3,3,False,1.0,0.0
j639401,2,delay_tolerant,1.3383,0.0,10.0667,0.5,0.0,19,2,True,1.0,0.05
j639698,2,token_batch,1.475,0.5808,11.0,0.5,4131.769,16,1,True,1.0,0.05
j639780,2,delay_tolerant,0.5183,0.0,7.7333,0.5,0.0,14,2,False,1.0,0.0
j639780,2,delay_tolerant,0.5183,0.0,7.7333,0.5,0.0,5,2,False,1.0,0.0
j639780,2,token_batch,2.5,0.5858,18.0,0.5,4548.497,14,1,True,1.0,0.1994
j639780,2,token_batch,1.8167,1.3104,13.3333,0.5,4319.266,22,1,False,1.0,0.0
j639780,2,delay_tolerant,0.7233,0.0,7.7333,0.5,0.0,5,2,False,1.0,0.0
j639850,2,delay_tolerant,0.5183,0.0,7.7333,0.5,0.0,5,2,True,1.0,0.05
j639954,2,delay_tolerant,0.9283,0.0,7.7333,0.5,0.0,19,2,True,1.0,0.05
j639954,2,delay_tolerant,1.2017,0.0,9.1333,0.5,0.0,19,2,False,1.0,0.0
j639954,2,delay_tolerant,1.3383,0.0,10.0667,0.5,0.0,19,2,False,1.0,0.0
j639954,2,token_batch,1.475,1.2845,11.0,0.5,3749.382,19,1,False,1.0,0.0
j640381,2,token_batch,1.475,1.1873,11.0,0.5,3678.832,11,1,False,1.0,0.0
j640491,2,delay_tolerant,0.7233,0.0,7.7333,0.5,0.0,23,2,True,1.0,0.0613
j641152,2,delay_tolerant,0.5183,0.0,7.7333,0.5,0.0,22,2,True,1.0,0.05
j64118,2,token_batch,1.68,0.0,12.4,0.5,4447.491,6,1,False,1.0,0.0
j64118,2,delay_tolerant,0.7233,0.0,7.7333,0.5,0.0,21,2,False,1.0,0.0
j64118,2,delay_tolerant,0.7917,0.0,7.7333,0.5,0.0,21,2,True,1.0,0.05
j64118,2,delay_tolerant,0.5867,0.0,7.7333,0.5,0.0,21,2,False,1.0,0.0
j64118,2,delay_tolerant,0.5183,0.0,7.7333,0.5,0.0,14,2,False,1.0,0.0
j64118,2,delay_tolerant,0.5183,0.0,7.7333,0.5,0.0,14,2,False,1.0,0.0
j641465,2,delay_tolerant,0.5183,0.0,7.7333,0.5,0.0,12,2,True,1.0,0.0526
j641465,2,token_batch,1.475,1.0447,11.0,0.5,4005.943,16,1,True,1.0,0.1085
j641465,2,token_batch,1.475,0.0,11.0,0.5,4200.2,16,1,True,1.0,0.1695
j641791,2,delay_tolerant,0.5183,0.0,7.7333,0.5,0.0,10,2,True,1.0,0.0923
j641791,2,delay_tolerant,0.5183,0.0,7.7333,0.5,0.0,5,2,False,1.0,0.0
j641847,2,delay_tolerant,1.4067,0.0,10.5333,0.5,0.0,5,2,False,1.0,0.0
j642591,2,token_batch,1.475,0.0,11.0,0.5,3836.89,11,1,False,1.0,0.0
j643652,2,token_batch,1.475,0.0,11.0,0.5,4512.929,23,1,False,1.0,0.0
j643652,2,delay_tolerant,0.5183,0.0,7.7333,0.5,0.0,5,2,False,1.0,0.0
j643652,2,token_batch,1.475,0.8027,11.0,0.5,4201.889,23,1,True,1.0,0.1637
j643961,2,token_batch,1.475,0.7894,11.0,0.5,4352.631,13,1,True,1.0,0.05
j644131,2,delay_tolerant,0.5183,0.0,7.7333,0.5,0.0,5,2,False,1.0,0.0
j644131,2,delay_tolerant,0.655,0.0,7.7333,0.5,0.0,9,2,False,1.0,0.0
j644866,2,token_batch,1.475,0.466,11.0,0.5,3784.99,16,1,True,1.0,0.1599
j64496,2,delay_tolerant,0.9283,0.0,7.7333,0.5,0.0,15,2,False,1.0,0.0
j644980,2,token_batch,1.475,0.0,11.0,0.5,3644.761,19,1,True,1.0,0.0901
j645042,2,token_batch,1.475,1.3163,11.0,0.5,4471.675,23,1,True,1.0,0.1017
j645152,2,delay_tolerant,0.5183,0.0,7.7333,0.5,0.0,11,2,True,1.0,0.05
j645302,2,token_batch,1.475,0.823,11.0,0.5,4340.987,9,1,True,1.0,0.1458
j645781,2,token_batch,2.5,0.0,18.0,0.5,5106.645,10,1,False,1.0,0.0
j645944,2,delay_tolerant,0.655,0.3426,7.7333,0.5,0.0,14,2,True,1.0,0.05
j646346,2,token_batch,1.475,1.0732,11.0,0.5,3664.081,11,1,False,1.0,0.0
j646346,2,delay_tolerant,1.2017,0.0,9.1333,0.5,0.0,10,2,True,1.0,0.05
j646346,2,delay_tolerant,0.5867,0.0,7.7333,0.5,0.0,5,2,False,1.0,0.0
j646464,2,token_batch,2.5,0.81,18.0,0.5,4400.479,7,1,True,1.0,0.1189
j646551,2,token_batch,1.475,0.7043,11.0,0.5,4066.847,13,1,False,1.0,0.0
j646551,2,delay_tolerant,0.5183,0.0,7.7333,0.5,0.0,5,2,True,1.0,0.0718
j647340,2,delay_tolerant,0.5183,0.0,7.7333,0.5,0.0,6,2,True,1.0,0.05
j647340,2,delay_tolerant,0.5183,0.0,7.7333,0.5,0.0,12,2,True,1.0,0.05
j647340,2,token_batch,1.6117,0.7339,11.9333,0.5,4930.292,18,1,False,1.0,0.0
j647340,2,delay_tolerant,1.1333,0.0,8.6667,0.5,0.0,18,2,True,1.0,0.0568
j647340,2,token_batch,1.7483,0.0,12.8667,0.5,4722.94,18,1,True,1.0,0.1628
j647340,2,delay_tolerant,0.5183,0.0,7.7333,0.5,0.0,9,2,False,1.0,0.0
j647340,2,token_batch,1.68,0.4867,12.4,0.5,5043.118,16,1,True,1.0,0.1429
j647340,2,delay_tolerant,0.655,0.0,7.7333,0.5,0.0,12,2,False,1.0,0.0
j647340,2,delay_tolerant,0.5183,0.0,7.7333,0.5,0.0,17,2,True,1.0,0.05
j647340,2,delay_tolerant,1.065,0.0,8.2,0.5,0.0,17,2,False,1.0,0.0
j647340,2,delay_tolerant,0.5183,0.0,7.7333,0.5,0.0,9,2,True,1.0,0.0236
j647340,2,token_batch,1.6117,0.0,11.9333,0.5,4978.12,17,1,True,1.0,0.1937
j647340,2,delay_tolerant,0.5867,0.0,7.7333,0.5,0.0,5,2,False,1.0,0.0
j647340,2,token_batch,1.8167,0.8756,13.3333,0.5,5055.812,9,1,True,1.0,0.05
j647340,2,delay_tolerant,0.5183,0.0,7.7333,0.5,0.0,17,2,False,1.0,0.0
j647340,2,delay_tolerant,0.5183,0.0,7.7333,0.5,0.0,17,2,True,1.0,0.05
j647340,2,delay_tolerant,0.5867,0.0,7.7333,0.5,0.0,17,2,False,1.0,0.0
j647340,2,delay_tolerant,0.655,0.0,7.7333,0.5,0.0,17,2,True,1.0,0.0289
j647340,2,delay_tolerant,1.1333,0.0,8.6667,0.5,0.0,18,2,False,1.0,0.0
j647340,2,token_batch,1.5433,0.5088,11.4667,0.5,4362.865,17,1,False,1.0,0.0
j647503,2,delay_tolerant,1.1333,0.0,8.6667,0.5,0.0,13,2,False,1.0,0.0
j647718,2,token_batch,1.475,0.8881,11.0,0.5,4417.875,10,1,False,1.0,0.0
j64787,2,token_batch,1.475,0.0,11.0,0.5,3565.841,23,1,False,1.0,0.0
j648160,2,delay_tolerant,0.5183,0.0,7.7333,0.5,0.0,12,2,True,1.0,0.0305
j648275,2,token_batch,1.7483,0.9483,12.8667,0.5,5046.676,17,1,True,1.0,0.0831
j648856,2,delay_tolerant,0.5867,0.0,7.7333,0.5,0.0,12,2,False,1.0,0.0
j648856,2,delay_tolerant,0.5183,0.0,7.7333,0.5,0.0,5,2,True,1.0,0.0466
j649162,2,delay_tolerant,0.9283,0.0,7.7333,0.5,0.0,13,2,False,1.0,0.0
j649162,2,delay_tolerant,0.86,0.0,7.7333,0.5,0.0,13,2,False,1.0,0.0
j64917,2,delay_tolerant,0.7917,0.0,7.7333,0.5,0.0,15,2,False,1.0,0.0
j649586,2,delay_tolerant,0.5183,0.0,7.7333,0.5,0.0,14,2,True,1.0,0.05
j649858,2,delay_tolerant,0.7917,0.5971,7.7333,0.5,0.0,14,2,True,1.0,0.05
j650431,2,token_batch,2.5,0.0,18.0,0.5,4291.449,6,1,False,1.0,0.0
j650620,2,delay_tolerant,1.065,0.0,8.2,0.5,0.0,18,2,True,1.0,0.05
j651201,2,token_batch,1.475,1.4397,11.0,0.5,4122.759,11,1,True,1.0,0.1667
j651465,2,delay_tolerant,1.1333,0.0,8.6667,0.5,0.0,19,2,False,1.0,0.0
j651592,2,delay_tolerant,0.86,0.0,7.7333,0.5,0.0,15,2,True,1.0,0.05
j651592,2,delay_tolerant,0.5183,0.0,7.7333,0.5,0.0,16,2,False,1.0,0.0
j651996,2,token_batch,1.475,1.1808,11.0,0.5,3914.048,13,1,False,1.0,0.0
j652036,2,delay_tolerant,0.86,0.0,7.7333,0.5,0.0,14,2,True,1.0,0.05
j652139,2,token_batch,1.8167,1.4201,13.3333,0.5,4287.027,6,1,True,1.0,0.05
j652139,2,delay_tolerant,1.065,0.0,8.2,0.5,0.0,18,2,True,1.0,0.05
j652139,2,delay_tolerant,0.9967,0.0,7.7333,0.5,0.0,17,2,False,1.0,0.0
j652139,2,token_batch,1.6117,0.802,11.9333,0.5,5150.043,17,1,False,1.0,0.0
j652139,2,delay_tolerant,0.5183,0.0,7.7333,0.5,0.0,17,2,True,1.0,0.0484
j652139,2,delay_tolerant,0.9283,0.0,7.7333,0.5,0.0,7,2,False,1.0,0.0
j652139,2,token_batch,1.7483,0.4583,12.8667,0.5,4531.752,18,1,True,1.0,0.05
j652398,2,delay_tolerant,0.9283,0.4252,7.7333,0.5,0.0,19,2,False,1.0,0.0
j652751,2,delay_tolerant,0.7917,0.0,7.7333,0.5,0.0,19,2,False,1.0,0.0
j652769,2,token_batch,1.475,0.9308,11.0,0.5,3513.38,11,1,False,1.0,0.0
j652961,2,delay_tolerant,1.4067,0.0,10.5333,0.5,0.0,15,2,True,1.0,0.05
j653119,2,delay_tolerant,0.5183,0.0,7.7333,0.5,0.0,16,2,False,1.0,0.0
j653519,2,delay_tolerant,0.5183,0.0,7.7333,0.5,0.0,13,2,True,1.0,0.0823
j654585,2,delay_tolerant,0.655,0.0,7.7333,0.5,0.0,5,2,True,1.0,0.05
j655419,2,delay_tolerant,0.9283,0.0,7.7333,0.5,0.0,17,2,False,1.0,0.0
j655578,2,delay_tolerant,0.5183,0.0,7.7333,0.5,0.0,14,2,True,1.0,0.05
j6556,2,delay_tolerant,0.655,0.0,7.7333,0.5,0.0,15,2,False,1.0,0.0
j655655,2,token_batch,1.475,0.0,11.0,0.5,3849.663,13,1,False,1.0,0.0
j655898,2,delay_tolerant,0.5183,0.0,7.7333,0.5,0.0,5,2,False,1.0,0.0
j656679,2,delay_tolerant,1.3383,0.0,10.0667,0.5,0.0,19,2,True,1.0,0.05
j656759,2,delay_tolerant,0.5867,0.0,7.7333,0.5,0.0,12,2,False,1.0,0.0
j656759,2,token_batch,1.475,0.0,11.0,0.5,3824.147,17,1,False,1.0,0.0
j656803,2,delay_tolerant,1.3383,0.0,10.0667,0.5,0.0,11,2,False,1.0,0.0
j656803,2,delay_tolerant,0.655,0.0,7.7333,0.5,0.0,7,2,False,1.0,0.0
j656847,2,delay_tolerant,1.1333,0.0,8.6667,0.5,0.0,15,2,False,1.0,0.0
j656948,2,delay_tolerant,0.7917,0.0,7.7333,0.5,0.0,9,2,False,1.0,0.0
j656972,2,delay_tolerant,0.86,0.0,7.7333,0.5,0.0,12,2,True,1.0,0.0462
j656972,2,token_batch,1.475,0.777,11.0,0.5,4124.96,13,1,True,1.0,0.05
j65714,2,token_batch,1.475,0.9785,11.0,0.5,3637.407,16,1,True,1.0,0.132
j657213,2,delay_tolerant,0.5867,0.0,7.7333,0.5,0.0,5,2,True,1.0,0.05
j657922,2,delay_tolerant,1.1333,0.0,8.6667,0.5,0.0,12,2,True,1.0,0.05
j65804,2,delay_tolerant,0.7233,0.0,7.7333,0.5,0.0,22,2,True,1.0,0.05
j658611,2,delay_tolerant,0.5183,0.0,7.7333,0.5,0.0,18,2,True,1.0,0.0218
j658611,2,token_batch,2.5,0.9641,18.0,0.5,4906.267,19,1,True,1.0,0.05
j658621,2,delay_tolerant,0.5183,0.0,7.7333,0.5,0.0,5,2,True,1.0,0.05
j658891,2,token_batch,1.475,0.9168,11.0,0.5,3452.752,16,1,True,1.0,0.1248
j659101,2,delay_sensitive,0.5183,0.0,7.7333,0.5,0.0,3,3,False,1.0,0.0
j659101,2,delay_tolerant,0.9283,0.0,7.7333,0.5,0.0,9,2,True,1.0,0.05
j659101,2,delay_tolerant,0.5183,0.0,7.7333,0.5,0.0,5,2,False,1.0,0.0
j659101,2,delay_tolerant,0.5867,0.0,7.7333,0.5,0.0,5,2,False,1.0,0.0
j659206,2,delay_tolerant,0.7233,0.0,7.7333,0.5,0.0,12,2,True,1.0,0.05
j659206,2,token_batch,1.475,0.5028,11.0,0.5,3518.893,18,1,False,1.0,0.0
j659206,2,delay_tolerant,1.1333,0.0,8.6667,0.5,0.0,17,2,True,1.0,0.05
j659246,2,token_batch,1.475,0.0,11.0,0.5,3569.175,13,1,True,1.0,0.1074
j659246,2,token_batch,1.475,0.7773,11.0,0.5,4520.81,13,1,False,1.0,0.0
j659246,2,token_batch,1.475,0.7216,11.0,0.5,4338.074,12,1,False,1.0,0.0
j659280,2,delay_tolerant,0.5183,0.0,7.7333,0.5,0.0,5,2,True,1.0,0.071
j65958,2,token_batch,2.5,0.0,18.0,0.5,5597.345,22,1,True,1.0,0.1167
j65958,2,token_batch,1.6117,1.3012,11.9333,0.5,4579.822,19,1,False,1.0,0.0
j659635,2,delay_tolerant,0.9967,0.0,7.7333,0.5,0.0,12,2,False,1.0,0.0
j659980,2,delay_tolerant,1.27,0.0,9.6,0.5,0.0,15,2,False,1.0,0.0
j659980,2,delay_tolerant,0.7233,0.0,7.7333,0.5,0.0,12,2,False,1.0,0.0
j659980,2,delay_tolerant,1.065,0.0,8.2,0.5,0.0,15,2,True,1.0,0.0863
j660169,2,token_batch,2.1583,0.8036,15.6667,0.5,4122.643,12,1,True,1.0,0.05
j660169,2,token_batch,2.0217,0.0,14.7333,0.5,4726.411,10,1,True,1.0,0.1733
j660169,2,token_batch,2.09,0.8379,15.2,0.5,4088.161,6,1,False,1.0,0.0
j660169,2,token_batch,2.5,0.5794,18.0,0.5,4743.863,12,1,True,1.0,0.05
j660169,2,token_batch,2.5,1.0707,18.0,0.5,5535.83,10,1,False,1.0,0.0
j660169,2,token_batch,2.0217,0.6478,14.7333,0.5,5076.679,11,1,True,1.0,0.05
j660529,2,delay_tolerant,0.5867,0.0,7.7333,0.5,0.0,22,2,False,1.0,0.0
j660529,2,token_batch,1.475,0.8178,11.0,0.5,3878.964,22,1,True,1.0,0.05
j660557,2,token_batch,1.475,1.2612,11.0,0.5,4534.03,15,1,True,1.0,0.05
j660721,2,token_batch,1.475,0.0,11.0,0.5,3690.545,14,1,False,1.0,0.0
j660721,2,token_batch,1.475,1.371,11.0,0.5,3767.224,13,1,False,1.0,0.0
j66091,2,delay_tolerant,1.3383,0.0,10.0667,0.5,0.0,16,2,True,1.0,0.05
j661035,2,delay_tolerant,0.7233,0.0,7.7333,0.5,0.0,10,2,False,1.0,0.0
j661368,2,delay_sensitive,0.5183,0.0,7.7333,0.5,0.0,3,3,False,1.0,0.0
j661475,2,delay_tolerant,1.2017,0.0,9.1333,0.5,0.0,16,2,False,1.0,0.0
j661477,2,delay_tolerant,1.065,0.0,8.2,0.5,0.0,15,2,False,1.0,0.0
j661477,2,delay_tolerant,0.5183,0.0,7.7333,0.5,0.0,14,2,False,1.0,0.0
j66166,2,delay_tolerant,1.3383,0.0,10.0667,0.5,0.0,19,2,True,1.0,0.0369
j662254,2,delay_tolerant,1.3383,0.0,10.0667,0.5,0.0,16,2,False,1.0,0.0
j662254,2,delay_tolerant,0.7917,0.0,7.7333,0.5,0.0,5,2,False,1.0,0.0
j662254,2,delay_tolerant,1.1333,0.0,8.6667,0.5,0.0,16,2,True,1.0,0.05
j662254,2,delay_tolerant,0.86,0.0,7.7333,0.5,0.0,16,2,False,1.0,0.0
j662254,2,delay_tolerant,0.5867,0.0,7.7333,0.5,0.0,6,2,False,1.0,0.0
j662254,2,delay_tolerant,1.4067,0.0,10.5333,0.5,0.0,6,2,False,1.0,0.0
j662307,2,delay_tolerant,0.5183,0.0,7.7333,0.5,0.0,11,2,True,1.0,0.05
j662933,2,token_batch,1.475,0.0,11.0,0.5,3603.594,9,1,True,1.0,0.1236
j662933,2,token_batch,1.475,0.0,11.0,0.5,3897.481,9,1,False,1.0,0.0
j662933,2,token_batch,1.475,0.0,11.0,0.5,4620.499,9,1,False,1.0,0.0
j663018,2,delay_tolerant,0.655,0.0,7.7333,0.5,0.0,14,2,False,1.0,0.0
j66313,2,token_batch,1.475,0.0,11.0,0.5,4573.135,23,1,False,1.0,0.0
j663238,2,token_batch,1.475,0.4453,11.0,0.5,4090.953,16,1,False,1.0,0.0
j663238,2,token_batch,1.475,0.4222,11.0,0.5,4227.132,16,1,True,1.0,0.1731
j66333,2,token_batch,1.475,0.0,11.0,0.5,4240.209,13,1,False,1.0,0.0
j664046,2,delay_tolerant,0.7233,0.0,7.7333,0.5,0.0,19,2,True,1.0,0.0737
j664086,2,delay_tolerant,0.9283,0.0,7.7333,0.5,0.0,5,2,True,1.0,0.0258
j664086,2,delay_tolerant,1.3383,0.0,10.0667,0.5,0.0,5,2,False,1.0,0.0
j664086,2,delay_tolerant,0.7233,0.221,7.7333,0.5,0.0,11,2,True,1.0,0.0859
j66431,2,delay_tolerant,1.2017,0.0,9.1333,0.5,0.0,12,2,False,1.0,0.0
j665368,2,delay_tolerant,1.2017,0.0,9.1333,0.5,0.0,15,2,True,1.0,0.0775
j665368,2,token_batch,1.475,1.2425,11.0,0.5,4544.411,15,1,True,1.0,0.0919
j665593,2,delay_tolerant,0.7233,0.0,7.7333,0.5,0.0,17,2,True,1.0,0.0211
j665640,2,delay_tolerant,0.5183,0.0,7.7333,0.5,0.0,5,2,True,1.0,0.05
j666780,2,delay_tolerant,1.065,0.0,8.2,0.5,0.0,15,2,True,1.0,0.0327
j667393,2,delay_tolerant,1.1333,0.0,8.6667,0.5,0.0,13,2,False,1.0,0.0
j667393,2,delay_tolerant,1.065,0.0,8.2,0.5,0.0,14,2,False,1.0,0.0
j667393,2,delay_tolerant,1.065,0.5864,8.2,0.5,0.0,13,2,False,1.0,0.0
j667697,2,delay_tolerant,0.5867,0.0,7.7333,0.5,0.0,15,2,True,1.0,0.05
j668091,2,delay_tolerant,0.9283,0.4332,7.7333,0.5,0.0,22,2,True,1.0,0.05
j668740,2,delay_tolerant,0.655,0.0,7.7333,0.5,0.0,15,2,True,1.0,0.0405
j668752,2,token_batch,1.475,1.1888,11.0,0.5,3830.752,12,1,True,1.0,0.05
j668782,2,delay_tolerant,1.4067,0.0,10.5333,0.5,0.0,16,2,False,1.0,0.0
j668782,2,delay_tolerant,0.5183,0.0,7.7333,0.5,0.0,12,2,True,1.0,0.0458
j668902,2,delay_tolerant,1.27,0.0,9.6,0.5,0.0,12,2,False,1.0,0.0
j668902,2,token_batch,1.475,0.0,11.0,0.5,4473.145,12,1,True,1.0,0.1361
j668902,2,delay_tolerant,0.655,0.0,7.7333,0.5,0.0,5,2,False,1.0,0.0
j668903,2,token_batch,1.475,1.0482,11.0,0.5,4169.932,15,1,True,1.0,0.1015
j670093,2,token_batch,1.475,0.9198,11.0,0.5,3856.594,13,1,False,1.0,0.0
j670235,2,delay_tolerant,0.5183,0.0,7.7333,0.5,0.0,23,2,False,1.0,0.0
j670236,2,token_batch,1.475,0.9187,11.0,0.5,3614.595,13,1,False,1.0,0.0
j670475,2,token_batch,1.475,0.9586,11.0,0.5,4585.458,20,1,False,1.0,0.0
j670619,2,delay_tolerant,1.4067,0.0,10.5333,0.5,0.0,16,2,True,1.0,0.0255
j670629,2,delay_tolerant,0.5867,0.0,7.7333,0.5,0.0,5,2,False,1.0,0.0
j670735,2,delay_tolerant,1.4067,0.0,10.5333,0.5,0.0,20,2,False,1.0,0.0
j670945,2,token_batch,1.475,1.3095,11.0,0.5,4184.717,23,1,False,1.0,0.0
j6715,2,delay_tolerant,1.065,0.0,8.2,0.5,0.0,13,2,False,1.0,0.0
j671721,2,delay_tolerant,0.5183,0.0,7.7333,0.5,0.0,9,2,True,1.0,0.05
j672064,2,delay_tolerant,0.7917,0.0,7.7333,0.5,0.0,7,2,True,1.0,0.05
j672090,2,delay_sensitive,0.5183,0.0,7.7333,0.5,0.0,3,3,False,1.0,0.0
j672123,2,token_batch,1.475,0.7846,11.0,0.5,4556.714,20,1,True,1.0,0.05
j67276,2,delay_tolerant,1.065,0.0,8.2,0.5,0.0,18,2,False,1.0,0.0
j67276,2,token_batch,1.68,0.0,12.4,0.5,4736.9,9,1,True,1.0,0.0899
j67276,2,delay_tolerant,1.065,0.0,8.2,0.5,0.0,9,2,False,1.0,0.0
j67276,2,token_batch,1.8167,1.3375,13.3333,0.5,4111.064,20,1,False,1.0,0.0
j67296,2,token_batch,1.475,1.3445,11.0,0.5,4537.805,20,1,True,1.0,0.0877
j673045,2,token_batch,1.475,1.2963,11.0,0.5,4538.049,16,1,True,1.0,0.1376
j673111,2,delay_tolerant,0.5867,0.0,7.7333,0.5,0.0,13,2,True,1.0,0.0906
j673528,2,delay_tolerant,1.4067,0.0,10.5333,0.5,0.0,19,2,False,1.0,0.0
j673771,2,delay_tolerant,0.7233,0.0,7.7333,0.5,0.0,22,2,False,1.0,0.0
j673936,2,delay_tolerant,1.27,0.0,9.6,0.5,0.0,14,2,True,1.0,0.0599
j674111,2,token_batch,1.475,0.8565,11.0,0.5,3465.984,11,1,True,1.0,0.1204
j674111,2,delay_tolerant,0.7917,0.0,7.7333,0.5,0.0,5,2,True,1.0,0.0704
j67491,2,delay_tolerant,0.9283,0.0,7.7333,0.5,0.0,19,2,True,1.0,0.05
j674963,2,token_batch,1.475,0.0,11.0,0.5,3427.945,12,1,True,1.0,0.1681
j675086,2,token_batch,1.475,0.962,11.0,0.5,4277.855,11,1,True,1.0,0.1004
j675157,2,delay_tolerant,1.27,0.0,9.6,0.5,0.0,19,2,True,1.0,0.05
j675710,2,token_batch,1.475,0.5562,11.0,0.5,4218.991,19,1,True,1.0,0.05
j675710,2,delay_tolerant,0.86,0.0,7.7333,0.5,0.0,16,2,False,1.0,0.0
j675710,2,delay_tolerant,0.7233,0.0,7.7333,0.5,0.0,19,2,True,1.0,0.05
j675710,2,delay_tolerant,0.5183,0.2648,7.7333,0.5,0.0,5,2,True,1.0,0.05
j675710,2,delay_tolerant,1.3383,0.0,10.0667,0.5,0.0,19,2,True,1.0,0.0698
j676190,2,token_batch,1.475,1.0192,11.0,0.5,4325.282,22,1,True,1.0,0.1008
j676835,2,token_batch,1.475,0.904,11.0,0.5,4632.333,11,1,True,1.0,0.05
j677353,2,delay_tolerant,0.655,0.0,7.7333,0.5,0.0,13,2,False,1.0,0.0
j677578,2,delay_tolerant,1.3383,0.0,10.0667,0.5,0.0,15,2,False,1.0,0.0
j677852,2,delay_tolerant,0.5183,0.0,7.7333,0.5,0.0,12,2,False,1.0,0.0
j678779,2,delay_tolerant,1.4067,0.0,10.5333,0.5,0.0,10,2,False,1.0,0.0
j678779,2,delay_tolerant,0.5183,0.0,7.7333,0.5,0.0,10,2,False,1.0,0.0
j678865,2,delay_tolerant,0.5867,0.0,7.7333,0.5,0.0,12,2,False,1.0,0.0
j679036,2,delay_tolerant,0.5183,0.0,7.7333,0.5,0.0,5,2,False,1.0,0.0
j679221,2,delay_tolerant,0.5183,0.0,7.7333,0.5,0.0,16,2,False,1.0,0.0
j679645,2,delay_tolerant,0.7917,0.0,7.7333,0.5,0.0,21,2,True,1.0,0.0614
j679669,2,delay_tolerant,0.5867,0.0,7.7333,0.5,0.0,20,2,True,1.0,0.05
j679837,2,delay_tolerant,0.7233,0.0,7.7333,0.5,0.0,22,2,False,1.0,0.0
j679837,2,delay_tolerant,0.5183,0.0,7.7333,0.5,0.0,17,2,True,1.0,0.05
j68026,2,token_batch,1.475,1.0804,11.0,0.5,3627.965,20,1,True,1.0,0.05
j68034,2,token_batch,1.475,1.4927,11.0,0.5,3676.561,20,1,False,1.0,0.0
j680424,2,token_batch,1.475,1.4235,11.0,0.5,4136.84,14,1,False,1.0,0.0
j681293,2,delay_tolerant,0.7917,0.0,7.7333,0.5,0.0,14,2,False,1.0,0.0
j681455,2,delay_tolerant,1.2017,0.0,9.1333,0.5,0.0,13,2,False,1.0,0.0
j681788,2,delay_tolerant,1.065,0.0,8.2,0.5,0.0,15,2,True,1.0,0.05
j681788,2,delay_sensitive,0.5183,0.0,7.7333,0.5,0.0,3,3,False,1.0,0.0
j68280,2,token_batch,1.475,1.3569,11.0,0.5,4053.593,16,1,False,1.0,0.0
j683,2,delay_tolerant,0.5183,0.0,7.7333,0.5,0.0,22,2,False,1.0,0.0
j683,2,token_batch,1.475,0.5162,11.0,0.5,3719.708,22,1,True,1.0,0.0981
j683020,2,token_batch,1.475,0.0,11.0,0.5,3456.063,21,1,False,1.0,0.0
j683020,2,token_batch,1.475,1.4869,11.0,0.5,4300.211,22,1,True,1.0,0.05
j683116,2,token_batch,2.2267,1.3789,16.1333,0.5,4207.313,19,1,True,1.0,0.05
j683116,2,token_batch,2.5,0.5619,18.0,0.5,4505.255,20,1,False,1.0,0.0
j683971,2,delay_tolerant,0.7233,0.0,7.7333,0.5,0.0,17,2,True,1.0,0.05
j684002,2,delay_tolerant,0.655,0.0,7.7333,0.5,0.0,5,2,True,1.0,0.0524
j684230,2,delay_tolerant,0.5183,0.0,7.7333,0.5,0.0,12,2,False,1.0,0.0
j684230,2,token_batch,1.475,0.0,11.0,0.5,3984.785,12,1,True,1.0,0.1512
j684230,2,delay_tolerant,1.1333,0.0,8.6667,0.5,0.0,11,2,False,1.0,0.0
j684562,2,delay_tolerant,1.4067,0.0,10.5333,0.5,0.0,19,2,False,1.0,0.0
j684562,2,token_batch,1.6117,0.5933,11.9333,0.5,4537.23,7,1,False,1.0,0.0
j684562,2,token_batch,1.7483,1.0987,12.8667,0.5,4037.237,17,1,True,1.0,0.05
j684620,2,token_batch,2.5,1.47,18.0,0.5,4765.822,22,1,False,1.0,0.0
j685796,2,delay_tolerant,1.2017,0.0,9.1333,0.5,0.0,20,2,False,1.0,0.0
j685796,2,delay_tolerant,1.065,0.0,8.2,0.5,0.0,19,2,True,1.0,0.05
j686100,2,token_batch,1.475,0.0,11.0,0.5,3855.003,22,1,False,1.0,0.0
j686153,2,token_batch,1.475,0.7014,11.0,0.5,3644.155,17,1,True,1.0,0.05
j686153,2,token_batch,1.475,0.0,11.0,0.5,3704.219,17,1,False,1.0,0.0
j686167,2,token_batch,1.475,1.3735,11.0,0.5,3577.215,21,1,False,1.0,0.0
j686167,2,token_batch,1.475,1.0543,11.0,0.5,3590.145,22,1,True,1.0,0.05
j686167,2,delay_tolerant,0.5183,0.0,7.7333,0.5,0.0,16,2,True,1.0,0.05
j686455,2,token_batch,1.475,0.8847,11.0,0.5,4406.642,13,1,False,1.0,0.0
j68647,2,delay_tolerant,0.655,0.0,7.7333,0.5,0.0,5,2,True,1.0,0.05
j686537,2,delay_tolerant,1.27,0.0,9.6,0.5,0.0,18,2,False,1.0,0.0
j686866,2,token_batch,2.5,1.4817,18.0,0.5,5002.222,12,1,False,1.0,0.0
j686866,2,delay_tolerant,1.3383,0.0,10.0667,0.5,0.0,12,2,True,1.0,0.0416
j686866,2,token_batch,2.5,1.2054,18.0,0.5,5309.531,13,1,True,1.0,0.1995
j687203,2,delay_tolerant,0.5183,0.0,7.7333,0.5,0.0,14,2,True,1.0,0.0599
j687624,2,token_batch,1.475,1.2227,11.0,0.5,3993.604,17,1,False,1.0,0.0
j687817,2,delay_tolerant,0.5183,0.0,7.7333,0.5,0.0,5,2,False,1.0,0.0
j688112,2,delay_tolerant,0.5183,0.0,7.7333,0.5,0.0,5,2,True,1.0,0.0667
j688112,2,delay_tolerant,1.1333,0.0,8.6667,0.5,0.0,12,2,False,1.0,0.0
j688530,2,delay_tolerant,0.5183,0.0,7.7333,0.5,0.0,5,2,True,1.0,0.05
j688577,2,delay_tolerant,0.5183,0.0,7.7333,0.5,0.0,5,2,True,1.0,0.05
j68893,2,delay_sensitive,0.5183,0.0,7.7333,0.5,0.0,3,3,False,1.0,0.0
j68893,2,token_batch,2.5,0.5502,18.0,0.5,5431.106,15,1,True,1.0,0.05
j68893,2,delay_tolerant,1.3383,0.0,10.0667,0.5,0.0,15,2,False,1.0,0.0
j68893,2,delay_tolerant,1.4067,0.0,10.5333,0.5,0.0,16,2,True,1.0,0.05
j68893,2,delay_tolerant,0.5183,0.4577,7.7333,0.5,0.0,6,2,False,1.0,0.0
j689012,2,token_batch,1.475,0.7055,11.0,0.5,3518.477,13,1,True,1.0,0.05
j689012,2,delay_tolerant,0.9283,0.0,7.7333,0.5,0.0,13,2,False,1.0,0.0
j689012,2,token_batch,1.475,0.8722,11.0,0.5,4499.74,13,1,True,1.0,0.1416
j689338,2,delay_tolerant,0.5183,0.0,7.7333,0.5,0.0,18,2,False,1.0,0.0
j689806,2,token_batch,1.475,1.4796,11.0,0.5,4614.702,10,1,False,1.0,0.0
j689806,2,token_batch,1.475,0.0,11.0,0.5,4626.406,10,1,False,1.0,0.0
j690077,2,token_batch,2.5,0.0,18.0,0.5,4814.634,15,1,True,1.0,0.0811
j690077,2,token_batch,2.5,1.442,18.0,0.5,4619.892,7,1,True,1.0,0.05
j690077,2,delay_tolerant,0.5183,0.0,7.7333,0.5,0.0,5,2,False,1.0,0.0
j690077,2,token_batch,2.5,1.3644,18.0,0.5,4668.504,14,1,True,1.0,0.05
j690077,2,token_batch,2.5,1.2149,18.0,0.5,4586.118,7,1,True,1.0,0.05
j690419,2,token_batch,1.475,1.2516,11.0,0.5,4275.83,15,1,True,1.0,0.1067
j690419,2,delay_tolerant,0.7233,0.0,7.7333,0.5,0.0,14,2,True,1.0,0.05
j690616,2,delay_tolerant,0.86,0.0,7.7333,0.5,0.0,12,2,False,1.0,0.0
j690763,2,delay_tolerant,0.86,0.0,7.7333,0.5,0.0,18,2,True,1.0,0.05
j69088,2,delay_tolerant,0.5183,0.2687,7.7333,0.5,0.0,14,2,True,1.0,0.0324
j69088,2,delay_tolerant,0.5183,0.0,7.7333,0.5,0.0,5,2,False,1.0,0.0
j69088,2,delay_tolerant,0.9283,0.0,7.7333,0.5,0.0,19,2,True,1.0,0.05
j69088,2,delay_tolerant,0.86,0.0,7.7333,0.5,0.0,17,2,True,1.0,0.05
j690942,2,delay_tolerant,1.1333,0.0,8.6667,0.5,0.0,13,2,False,1.0,0.0
j691496,2,token_batch,1.475,0.0,11.0,0.5,3528.573,22,1,True,1.0,0.1009
j691496,2,delay_tolerant,0.5183,0.0,7.7333,0.5,0.0,5,2,False,1.0,0.0
j691496,2,delay_tolerant,0.7917,0.0,7.7333,0.5,0.0,16,2,True,1.0,0.05
j691496,2,delay_tolerant,0.86,0.0,7.7333,0.5,0.0,16,2,True,1.0,0.05
j691602,2,delay_tolerant,1.27,0.0,9.6,0.5,0.0,13,2,True,1.0,0.05
j692117,2,token_batch,1.475,0.5617,11.0,0.5,4381.26,19,1,True,1.0,0.05
j692127,2,token_batch,2.5,0.0,18.0,0.5,5188.271,12,1,True,1.0,0.181
j692127,2,delay_tolerant,0.5183,0.0,7.7333,0.5,0.0,12,2,False,1.0,0.0
j692127,2,token_batch,2.5,0.4777,18.0,0.5,5456.872,6,1,True,1.0,0.1047
j692127,2,token_batch,2.5,0.6088,18.0,0.5,4473.762,12,1,True,1.0,0.05
j692173,2,delay_tolerant,0.5183,0.0,7.7333,0.5,0.0,16,2,False,1.0,0.0
j692958,2,delay_tolerant,0.5183,0.0,7.7333,0.5,0.0,20,2,True,1.0,0.0723
j692958,2,delay_tolerant,1.3383,0.0,10.0667,0.5,0.0,19,2,False,1.0,0.0
j69331,2,token_batch,1.5433,0.0,11.4667,0.5,5062.281,16,1,True,1.0,0.18
j69331,2,delay_tolerant,0.5183,0.0,7.7333,0.5,0.0,12,2,False,1.0,0.0
j693410,2,delay_tolerant,1.065,0.0,8.2,0.5,0.0,10,2,True,1.0,0.0524
j693560,2,delay_tolerant,1.2017,0.0,9.1333,0.5,0.0,13,2,False,1.0,0.0
j693647,2,delay_tolerant,0.7917,0.0,7.7333,0.5,0.0,23,2,False,1.0,0.0
j693832,2,delay_tolerant,0.5183,0.0,7.7333,0.5,0.0,5,2,True,1.0,0.05
j69433,2,delay_tolerant,0.9283,0.0,7.7333,0.5,0.0,17,2,True,1.0,0.05
j694512,2,token_batch,1.475,1.0697,11.0,0.5,4522.384,18,1,False,1.0,0.0
j694598,2,delay_tolerant,0.7917,0.0,7.7333,0.5,0.0,19,2,False,1.0,0.0
j694788,2,token_batch,1.475,1.1366,11.0,0.5,4149.381,13,1,True,1.0,0.05
j694818,2,token_batch,2.5,1.1875,18.0,0.5,4585.283,22,1,False,1.0,0.0
j694818,2,delay_tolerant,0.5183,0.0,7.7333,0.5,0.0,22,2,True,1.0,0.0227
j694818,2,delay_tolerant,1.1333,0.0,8.6667,0.5,0.0,5,2,True,1.0,0.0266
j694825,2,token_batch,1.475,0.0,11.0,0.5,3869.076,11,1,False,1.0,0.0
j695423,2,delay_tolerant,1.4067,0.2706,10.5333,0.5,0.0,16,2,True,1.0,0.05
j695726,2,delay_tolerant,0.86,0.0,7.7333,0.5,0.0,7,2,False,1.0,0.0
j696659,2,token_batch,1.475,1.3125,11.0,0.5,3913.396,13,1,True,1.0,0.05
j696890,2,delay_tolerant,0.9283,0.0,7.7333,0.5,0.0,9,2,True,1.0,0.05
j697428,2,delay_tolerant,1.3383,0.0,10.0667,0.5,0.0,5,2,True,1.0,0.05
j697428,2,delay_tolerant,0.5183,0.0,7.7333,0.5,0.0,10,2,False,1.0,0.0
j697428,2,token_batch,2.5,0.0,18.0,0.5,4435.295,11,1,True,1.0,0.1384
j697959,2,token_batch,1.475,1.2449,11.0,0.5,4165.843,22,1,True,1.0,0.1125
j697959,2,token_batch,1.475,1.3498,11.0,0.5,3798.062,22,1,True,1.0,0.1034
j698177,2,delay_tolerant,1.1333,0.0,8.6667,0.5,0.0,23,2,True,1.0,0.0435
j69881,2,delay_tolerant,0.7233,0.0,7.7333,0.5,0.0,5,2,False,1.0,0.0
j699040,2,delay_tolerant,0.5183,0.0,7.7333,0.5,0.0,14,2,True,1.0,0.032
j699040,2,delay_tolerant,0.7233,0.0,7.7333,0.5,0.0,21,2,True,1.0,0.0596
j699108,2,delay_tolerant,0.5183,0.0,7.7333,0.5,0.0,13,2,True,1.0,0.0578
j699108,2,delay_tolerant,0.5183,0.0,7.7333,0.5,0.0,13,2,False,1.0,0.0
j699108,2,delay_tolerant,0.7917,0.0,7.7333,0.5,0.0,5,2,False,1.0,0.0
j699108,2,delay_tolerant,1.2017,0.0,9.1333,0.5,0.0,14,2,True,1.0,0.0233
j699131,2,delay_tolerant,0.7233,0.0,7.7333,0.5,0.0,5,2,False,1.0,0.0
j699131,2,delay_tolerant,0.655,0.0,7.7333,0.5,0.0,16,2,True,1.0,0.05
j699131,2,delay_sensitive,0.5183,0.0,7.7333,0.5,0.0,3,3,False,1.0,0.0
j699742,2,token_batch,1.475,0.5228,11.0,0.5,4300.453,13,1,False,1.0,0.0
j699834,2,delay_tolerant,1.3383,0.0,10.0667,0.5,0.0,16,2,False,1.0,0.0
j699834,2,delay_tolerant,0.5183,0.0,7.7333,0.5,0.0,9,2,False,1.0,0.0
j699834,2,delay_sensitive,0.5183,0.0,7.7333,0.5,0.0,3,3,False,1.0,0.0
j699867,2,delay_tolerant,1.2017,0.0,9.1333,0.5,0.0,22,2,False,1.0,0.0
j69988,2,delay_tolerant,0.7917,0.0,7.7333,0.5,0.0,16,2,True,1.0,0.05
j700880,2,token_batch,2.5,0.8624,18.0,0.5,4247.016,19,1,True,1.0,0.05
j700880,2,token_batch,2.0217,0.0,14.7333,0.5,4715.024,14,1,False,1.0,0.0
j700880,2,token_batch,1.8167,1.4524,13.3333,0.5,4423.489,18,1,True,1.0,0.05
j700880,2,delay_tolerant,0.9283,0.0,7.7333,0.5,0.0,19,2,False,1.0,0.0
j700880,2,delay_tolerant,0.5183,0.0,7.7333,0.5,0.0,9,2,True,1.0,0.05
j701086,2,delay_tolerant,0.5183,0.0,7.7333,0.5,0.0,13,2,False,1.0,0.0
j701586,2,token_batch,1.475,0.0,11.0,0.5,4089.909,23,1,False,1.0,0.0
j701847,2,delay_tolerant,1.1333,0.0,8.6667,0.5,0.0,23,2,False,1.0,0.0
j701948,2,delay_tolerant,0.5867,0.0,7.7333,0.5,0.0,12,2,True,1.0,0.05
j701948,2,delay_tolerant,1.4067,0.0,10.5333,0.5,0.0,11,2,True,1.0,0.0558
j702564,2,token_batch,1.475,0.8788,11.0,0.5,3437.05,18,1,True,1.0,0.1114
j702776,2,token_batch,2.5,0.638,18.0,0.5,4528.347,22,1,True,1.0,0.05
j702776,2,token_batch,2.5,0.7868,18.0,0.5,5463.928,21,1,True,1.0,0.05
j702776,2,token_batch,2.5,0.0,18.0,0.5,5540.2,22,1,True,1.0,0.1765
j702776,2,delay_tolerant,0.5183,0.0,7.7333,0.5,0.0,21,2,False,1.0,0.0
j70341,2,delay_tolerant,0.86,0.0,7.7333,0.5,0.0,5,2,True,1.0,0.05
j70341,2,token_batch,2.5,1.2398,18.0,0.5,5538.867,22,1,True,1.0,0.05
j70341,2,delay_tolerant,0.5183,0.4203,7.7333,0.5,0.0,21,2,True,1.0,0.0338
j70341,2,token_batch,2.5,1.1124,18.0,0.5,4997.292,22,1,True,1.0,0.05
j70341,2,delay_tolerant,0.5183,0.0,7.7333,0.5,0.0,22,2,True,1.0,0.05
j704169,2,delay_tolerant,0.9967,0.0,7.7333,0.5,0.0,15,2,False,1.0,0.0
j704396,2,delay_tolerant,0.5183,0.0,7.7333,0.5,0.0,5,2,False,1.0,0.0
j704551,2,delay_tolerant,0.5183,0.0,7.7333,0.5,0.0,9,2,False,1.0,0.0
j704551,2,delay_tolerant,0.7917,0.0,7.7333,0.5,0.0,18,2,True,1.0,0.05
j704589,2,token_batch,1.475,0.0,11.0,0.5,3425.089,16,1,False,1.0,0.0
j704589,2,token_batch,1.475,0.0,11.0,0.5,3804.552,16,1,False,1.0,0.0
j704732,2,delay_tolerant,1.065,0.0,8.2,0.5,0.0,18,2,False,1.0,0.0
j704764,2,delay_tolerant,0.5183,0.0,7.7333,0.5,0.0,21,2,False,1.0,0.0
j704764,2,delay_tolerant,1.3383,0.0,10.0667,0.5,0.0,21,2,False,1.0,0.0
j704764,2,token_batch,1.475,0.7762,11.0,0.5,3772.672,22,1,False,1.0,0.0
j704899,2,token_batch,2.5,0.5511,18.0,0.5,5360.819,10,1,True,1.0,0.05
j704899,2,token_batch,2.5,0.7946,18.0,0.5,4579.311,6,1,False,1.0,0.0
j704899,2,token_batch,2.5,1.3406,18.0,0.5,4933.573,11,1,False,1.0,0.0
j704899,2,token_batch,2.5,1.3813,18.0,0.5,5078.107,11,1,False,1.0,0.0
j704899,2,delay_tolerant,0.7917,0.0,7.7333,0.5,0.0,11,2,True,1.0,0.05
j704899,2,delay_tolerant,0.5867,0.3912,7.7333,0.5,0.0,10,2,False,1.0,0.0
j705004,2,delay_tolerant,0.5183,0.0,7.7333,0.5,0.0,22,2,False,1.0,0.0
j705296,2,delay_tolerant,1.065,0.0,8.2,0.5,0.0,10,2,False,1.0,0.0
j705296,2,delay_tolerant,1.2017,0.0,9.1333,0.5,0.0,9,2,False,1.0,0.0
j705389,2,token_batch,1.475,0.6894,11.0,0.5,4537.619,13,1,True,1.0,0.05
j705508,2,delay_tolerant,0.9967,0.0,7.7333,0.5,0.0,10,2,False,1.0,0.0
j705526,2,delay_tolerant,0.5183,0.0,7.7333,0.5,0.0,15,2,False,1.0,0.0
j705526,2,delay_tolerant,1.2017,0.5125,9.1333,0.5,0.0,16,2,True,1.0,0.05
j705710,2,delay_tolerant,0.5183,0.0,7.7333,0.5,0.0,5,2,True,1.0,0.0673
j705970,2,delay_tolerant,1.3383,0.0,10.0667,0.5,0.0,13,2,True,1.0,0.0323
j70599,2,token_batch,2.5,0.8508,18.0,0.5,5281.636,12,1,True,1.0,0.05
j706544,2,token_batch,2.5,1.4589,18.0,0.5,4733.287,15,1,False,1.0,0.0
j707298,2,delay_tolerant,1.1333,0.0,8.6667,0.5,0.0,15,2,True,1.0,0.05
j707298,2,delay_tolerant,0.5183,0.0,7.7333,0.5,0.0,16,2,True,1.0,0.05
j707298,2,delay_tolerant,0.5183,0.0,7.7333,0.5,0.0,16,2,False,1.0,0.0
j707298,2,delay_tolerant,0.9967,0.0,7.7333,0.5,0.0,6,2,True,1.0,0.0521
j70774,2,delay_tolerant,0.9283,0.0,7.7333,0.5,0.0,22,2,True,1.0,0.05
j707751,2,delay_tolerant,1.2017,0.0,9.1333,0.5,0.0,10,2,False,1.0,0.0
j708170,2,delay_tolerant,0.9283,0.503,7.7333,0.5,0.0,13,2,True,1.0,0.05
j708471,2,delay_tolerant,1.4067,0.0,10.5333,0.5,0.0,16,2,True,1.0,0.05
j708471,2,token_batch,1.475,1.2027,11.0,0.5,4617.015,16,1,True,1.0,0.05
j709169,2,delay_tolerant,1.1333,0.0,8.6667,0.5,0.0,19,2,True,1.0,0.05
j709912,2,delay_tolerant,0.7233,0.0,7.7333,0.5,0.0,12,2,False,1.0,0.0
j710058,2,delay_tolerant,0.655,0.0,7.7333,0.5,0.0,22,2,True,1.0,0.0807
j710058,2,delay_tolerant,0.655,0.0,7.7333,0.5,0.0,5,2,False,1.0,0.0
j710518,2,delay_tolerant,0.655,0.0,7.7333,0.5,0.0,5,2,False,1.0,0.0
j710528,2,delay_tolerant,0.5183,0.0,7.7333,0.5,0.0,5,2,True,1.0,0.05
j710575,2,delay_tolerant,0.5867,0.0,7.7333,0.5,0.0,5,2,False,1.0,0.0
j710575,2,delay_tolerant,1.4067,0.0,10.5333,0.5,0.0,14,2,False,1.0,0.0
j710619,2,token_batch,1.475,0.6097,11.0,0.5,4428.708,21,1,True,1.0,0.1543
j710993,2,delay_tolerant,1.3383,0.0,10.0667,0.5,0.0,12,2,False,1.0,0.0
j711692,2,delay_tolerant,0.5183,0.0,7.7333,0.5,0.0,16,2,False,1.0,0.0
j712,2,delay_tolerant,0.5183,0.0,7.7333,0.5,0.0,21,2,False,1.0,0.0
j712156,2,token_batch,1.475,0.901,11.0,0.5,4250.131,18,1,True,1.0,0.05
j712486,2,delay_tolerant,1.3383,0.0,10.0667,0.5,0.0,12,2,True,1.0,0.05
j712486,2,delay_tolerant,0.9283,0.0,7.7333,0.5,0.0,12,2,True,1.0,0.0697
j712486,2,delay_tolerant,0.5183,0.0,7.7333,0.5,0.0,11,2,False,1.0,0.0
j71280,2,token_batch,1.475,0.0,11.0,0.5,4101.14,22,1,False,1.0,0.0
j71280,2,delay_tolerant,0.5183,0.0,7.7333,0.5,0.0,5,2,False,1.0,0.0
j712994,2,token_batch,1.475,0.0,11.0,0.5,3486.724,22,1,True,1.0,0.0862
j713002,2,delay_tolerant,0.5183,0.0,7.7333,0.5,0.0,19,2,True,1.0,0.05
j713002,2,delay_tolerant,0.5183,0.0,7.7333,0.5,0.0,5,2,False,1.0,0.0
j713029,2,delay_tolerant,1.1333,0.3134,8.6667,0.5,0.0,15,2,False,1.0,0.0
j713321,2,delay_tolerant,1.4067,0.4034,10.5333,0.5,0.0,13,2,True,1.0,0.0913
j713636,2,delay_tolerant,0.86,0.0,7.7333,0.5,0.0,20,2,True,1.0,0.05
j713636,2,delay_tolerant,0.9967,0.0,7.7333,0.5,0.0,19,2,False,1.0,0.0
j713795,2,delay_tolerant,1.2017,0.0,9.1333,0.5,0.0,13,2,True,1.0,0.0753
j713795,2,delay_tolerant,1.2017,0.0,9.1333,0.5,0.0,13,2,False,1.0,0.0
j713795,2,delay_tolerant,1.065,0.0,8.2,0.5,0.0,13,2,True,1.0,0.0365
j713795,2,delay_tolerant,1.065,0.3899,8.2,0.5,0.0,13,2,False,1.0,0.0
j714265,2,token_batch,1.475,0.7772,11.0,0.5,3825.295,13,1,False,1.0,0.0
j714490,2,token_batch,1.475,1.241,11.0,0.5,4261.202,23,1,False,1.0,0.0
j716237,2,token_batch,1.475,0.7087,11.0,0.5,3894.43,21,1,True,1.0,0.05
j716257,2,delay_sensitive,0.5183,0.0,7.7333,0.5,0.0,3,3,False,1.0,0.0
j716257,2,token_batch,1.475,1.3907,11.0,0.5,3555.873,12,1,False,1.0,0.0
j717095,2,token_batch,2.5,0.5725,18.0,0.5,4903.757,15,1,True,1.0,0.05
j717095,2,token_batch,2.5,1.4348,18.0,0.5,4850.711,16,1,True,1.0,0.083
j717095,2,token_batch,2.5,1.3097,18.0,0.5,5405.447,16,1,True,1.0,0.05
j717560,2,delay_tolerant,1.3383,0.0,10.0667,0.5,0.0,12,2,True,1.0,0.05
j717630,2,token_batch,1.475,0.75,11.0,0.5,4609.957,19,1,True,1.0,0.05
j717630,2,delay_tolerant,1.4067,0.0,10.5333,0.5,0.0,20,2,False,1.0,0.0
j717630,2,delay_tolerant,0.5183,0.0,7.7333,0.5,0.0,5,2,True,1.0,0.05
j717630,2,token_batch,1.475,1.3019,11.0,0.5,4541.298,20,1,False,1.0,0.0
j717630,2,delay_tolerant,0.5183,0.0,7.7333,0.5,0.0,20,2,False,1.0,0.0
j717926,2,delay_tolerant,1.4067,0.0,10.5333,0.5,0.0,16,2,True,1.0,0.05
j717951,2,token_batch,2.5,0.0,18.0,0.5,5114.758,7,1,False,1.0,0.0
j71801,2,token_batch,2.5,0.0,18.0,0.5,5579.086,13,1,True,1.0,0.141
j71801,2,token_batch,2.5,0.7758,18.0,0.5,5284.183,13,1,False,1.0,0.0
j71801,2,token_batch,1.5433,1.3265,11.4667,0.5,4984.766,12,1,False,1.0,0.0
j718070,2,delay_tolerant,0.9283,0.0,7.7333,0.5,0.0,15,2,False,1.0,0.0
j71825,2,delay_tolerant,1.27,0.0,9.6,0.5,0.0,16,2,True,1.0,0.0308
j718339,2,delay_tolerant,1.3383,0.0,10.0667,0.5,0.0,13,2,False,1.0,0.0
j718579,2,delay_tolerant,0.5183,0.0,7.7333,0.5,0.0,11,2,False,1.0,0.0
j718934,2,token_batch,2.5,1.256,18.0,0.5,5070.091,15,1,True,1.0,0.1834
j718934,2,token_batch,2.5,0.928,18.0,0.5,4493.793,14,1,True,1.0,0.05
j718934,2,token_batch,2.5,1.2838,18.0,0.5,4867.199,15,1,False,1.0,0.0
j718934,2,delay_tolerant,0.9967,0.0,7.7333,0.5,0.0,14,2,False,1.0,0.0
j719432,2,delay_tolerant,0.5183,0.0,7.7333,0.5,0.0,12,2,True,1.0,0.0646
j71946,2,token_batch,1.475,0.7256,11.0,0.5,4372.722,10,1,True,1.0,0.05
j71946,2,token_batch,1.475,0.4982,11.0,0.5,4408.329,11,1,False,1.0,0.0
j720228,2,token_batch,2.5,0.9901,18.0,0.5,4450.106,22,1,True,1.0,0.05
j720333,2,delay_tolerant,0.7233,0.0,7.7333,0.5,0.0,17,2,True,1.0,0.0666
j720401,2,delay_tolerant,1.3383,0.0,10.0667,0.5,0.0,18,2,True,1.0,0.05
j720401,2,token_batch,2.5,1.1749,18.0,0.5,4268.308,19,1,True,1.0,0.05
j720401,2,token_batch,2.5,0.0,18.0,0.5,5238.493,14,1,True,1.0,0.1079
j720815,2,delay_tolerant,0.9967,0.0,7.7333,0.5,0.0,23,2,True,1.0,0.05
j720828,2,delay_tolerant,0.7233,0.0,7.7333,0.5,0.0,14,2,True,1.0,0.05
j720882,2,delay_tolerant,0.5183,0.0,7.7333,0.5,0.0,19,2,False,1.0,0.0
j721405,2,delay_tolerant,0.7917,0.0,7.7333,0.5,0.0,16,2,True,1.0,0.05
j721405,2,token_batch,1.475,1.0067,11.0,0.5,3766.589,16,1,True,1.0,0.0948
j721623,2,token_batch,1.475,1.4805,11.0,0.5,3966.514,13,1,True,1.0,0.1668
j722450,2,token_batch,1.475,0.8788,11.0,0.5,4470.083,20,1,False,1.0,0.0
j723340,2,delay_tolerant,1.065,0.0,8.2,0.5,0.0,13,2,True,1.0,0.0559
j723566,2,token_batch,1.475,0.6771,11.0,0.5,3560.797,23,1,True,1.0,0.05
j723569,2,delay_tolerant,0.7917,0.0,7.7333,0.5,0.0,22,2,False,1.0,0.0
j72361,2,token_batch,2.5,0.0,18.0,0.5,5118.976,21,1,False,1.0,0.0
j723835,2,delay_tolerant,1.3383,0.0,10.0667,0.5,0.0,16,2,True,1.0,0.05
j723885,2,delay_tolerant,0.9283,0.0,7.7333,0.5,0.0,23,2,False,1.0,0.0
j724363,2,delay_tolerant,0.7233,0.0,7.7333,0.5,0.0,13,2,False,1.0,0.0
j724542,2,delay_tolerant,0.7233,0.0,7.7333,0.5,0.0,7,2,False,1.0,0.0
j724591,2,delay_tolerant,1.3383,0.0,10.0667,0.5,0.0,22,2,False,1.0,0.0
j724684,2,delay_tolerant,0.5183,0.0,7.7333,0.5,0.0,20,2,False,1.0,0.0
j724749,2,token_batch,1.475,0.0,11.0,0.5,4012.841,12,1,False,1.0,0.0
j724749,2,delay_tolerant,0.5183,0.0,7.7333,0.5,0.0,5,2,False,1.0,0.0
j724829,2,token_batch,1.475,1.4231,11.0,0.5,4443.555,13,1,False,1.0,0.0
j724829,2,delay_tolerant,0.86,0.0,7.7333,0.5,0.0,13,2,False,1.0,0.0
j724914,2,delay_tolerant,1.27,0.0,9.6,0.5,0.0,20,2,True,1.0,0.05
j724914,2,token_batch,1.475,1.0693,11.0,0.5,4361.003,20,1,False,1.0,0.0
j725832,2,delay_tolerant,0.7917,0.4281,7.7333,0.5,0.0,17,2,True,1.0,0.0619
j726438,2,token_batch,1.475,0.0,11.0,0.5,3862.702,23,1,False,1.0,0.0
j726493,2,delay_tolerant,0.9283,0.0,7.7333,0.5,0.0,11,2,True,1.0,0.05
j726493,2,delay_tolerant,0.5183,0.0,7.7333,0.5,0.0,10,2,True,1.0,0.0611
j726493,2,delay_tolerant,0.5183,0.0,7.7333,0.5,0.0,10,2,False,1.0,0.0
j726493,2,delay_tolerant,0.9967,0.0,7.7333,0.5,0.0,10,2,False,1.0,0.0
j726493,2,token_batch,2.5,0.0,18.0,0.5,5307.736,11,1,False,1.0,0.0
j726996,2,delay_tolerant,0.5183,0.0,7.7333,0.5,0.0,5,2,False,1.0,0.0
j727199,2,delay_tolerant,0.655,0.0,7.7333,0.5,0.0,12,2,False,1.0,0.0
j727440,2,delay_tolerant,1.2017,0.0,9.1333,0.5,0.0,11,2,False,1.0,0.0
j727590,2,delay_tolerant,1.3383,0.0,10.0667,0.5,0.0,23,2,True,1.0,0.05
j728036,2,delay_tolerant,0.9967,0.0,7.7333,0.5,0.0,20,2,False,1.0,0.0
j728268,2,token_batch,1.475,0.0,11.0,0.5,4214.783,23,1,False,1.0,0.0
j728435,2,delay_tolerant,1.2017,0.0,9.1333,0.5,0.0,19,2,True,1.0,0.0559
j728497,2,delay_tolerant,0.9283,0.0,7.7333,0.5,0.0,20,2,False,1.0,0.0
j729,2,delay_tolerant,0.5183,0.0,7.7333,0.5,0.0,11,2,False,1.0,0.0
j729,2,delay_tolerant,0.5183,0.0,7.7333,0.5,0.0,5,2,False,1.0,0.0
j729,2,delay_tolerant,0.5183,0.0,7.7333,0.5,0.0,12,2,False,1.0,0.0
j729,2,delay_tolerant,1.3383,0.0,10.0667,0.5,0.0,11,2,False,1.0,0.0
j729,2,delay_tolerant,0.5183,0.0,7.7333,0.5,0.0,12,2,False,1.0,0.0
j729,2,delay_tolerant,1.065,0.0,8.2,0.5,0.0,12,2,False,1.0,0.0
j72902,2,delay_tolerant,0.9967,0.0,7.7333,0.5,0.0,22,2,True,1.0,0.05
j729283,2,token_batch,1.475,1.4917,11.0,0.5,3432.684,23,1,False,1.0,0.0
j729477,2,token_batch,1.475,0.5107,11.0,0.5,4226.8,14,1,True,1.0,0.05
j729477,2,delay_tolerant,1.1333,0.0,8.6667,0.5,0.0,13,2,False,1.0,0.0
j729702,2,token_batch,1.68,1.0401,12.4,0.5,4576.392,21,1,True,1.0,0.1449
j729702,2,token_batch,2.5,0.6231,18.0,0.5,5110.895,23,1,False,1.0,0.0
j729796,2,token_batch,1.475,0.9379,11.0,0.5,4485.299,13,1,True,1.0,0.05
j729796,2,token_batch,1.475,1.4646,11.0,0.5,3684.216,13,1,False,1.0,0.0
j729796,2,token_batch,1.475,0.0,11.0,0.5,4031.554,14,1,False,1.0,0.0
j730499,2,delay_tolerant,0.86,0.0,7.7333,0.5,0.0,12,2,False,1.0,0.0
j730499,2,delay_tolerant,0.5183,0.0,7.7333,0.5,0.0,11,2,True,1.0,0.0945
j730772,2,delay_tolerant,1.2017,0.0,9.1333,0.5,0.0,12,2,False,1.0,0.0
j730772,2,token_batch,1.475,1.0155,11.0,0.5,3489.945,12,1,True,1.0,0.1886
j730772,2,delay_tolerant,1.3383,0.0,10.0667,0.5,0.0,13,2,True,1.0,0.0873
j731328,2,delay_tolerant,0.5183,0.0,7.7333,0.5,0.0,5,2,True,1.0,0.05
j731328,2,token_batch,1.475,1.0412,11.0,0.5,3673.348,23,1,True,1.0,0.05
j731331,2,delay_tolerant,1.065,0.0,8.2,0.5,0.0,19,2,True,1.0,0.0532
j731782,2,token_batch,1.475,1.3807,11.0,0.5,3876.769,18,1,True,1.0,0.05
j731782,2,delay_tolerant,0.86,0.4289,7.7333,0.5,0.0,16,2,False,1.0,0.0
j731981,2,token_batch,1.475,0.0,11.0,0.5,4502.455,15,1,True,1.0,0.189
j731981,2,token_batch,1.475,1.0086,11.0,0.5,4585.363,15,1,False,1.0,0.0
j731994,2,delay_tolerant,0.5183,0.0,7.7333,0.5,0.0,12,2,False,1.0,0.0
j732086,2,delay_tolerant,0.7233,0.0,7.7333,0.5,0.0,19,2,False,1.0,0.0
j732282,2,delay_tolerant,1.1333,0.0,8.6667,0.5,0.0,17,2,True,1.0,0.05
j732315,2,delay_tolerant,0.5183,0.0,7.7333,0.5,0.0,5,2,True,1.0,0.0404
j73232,2,delay_tolerant,1.065,0.0,8.2,0.5,0.0,21,2,False,1.0,0.0
j733447,2,delay_tolerant,1.4067,0.0,10.5333,0.5,0.0,15,2,True,1.0,0.0886
j734604,2,delay_tolerant,0.7233,0.0,7.7333,0.5,0.0,5,2,False,1.0,0.0
j734771,2,delay_tolerant,0.5183,0.0,7.7333,0.5,0.0,16,2,False,1.0,0.0
j734771,2,delay_tolerant,0.7233,0.0,7.7333,0.5,0.0,21,2,False,1.0,0.0
j735274,2,delay_tolerant,0.5183,0.0,7.7333,0.5,0.0,15,2,False,1.0,0.0
j735311,2,token_batch,1.475,1.4478,11.0,0.5,4226.088,16,1,False,1.0,0.0
j735324,2,delay_tolerant,0.655,0.5638,7.7333,0.5,0.0,7,2,True,1.0,0.05
j735324,2,delay_tolerant,1.4067,0.0,10.5333,0.5,0.0,12,2,True,1.0,0.0339
j735324,2,delay_tolerant,0.9283,0.0,7.7333,0.5,0.0,13,2,False,1.0,0.0
j735647,2,delay_tolerant,0.5183,0.0,7.7333,0.5,0.0,5,2,True,1.0,0.05
j735647,2,delay_tolerant,0.9967,0.0,7.7333,0.5,0.0,18,2,False,1.0,0.0
j735647,2,delay_tolerant,0.655,0.0,7.7333,0.5,0.0,5,2,False,1.0,0.0
j735651,2,delay_tolerant,0.5183,0.5614,7.7333,0.5,0.0,5,2,False,1.0,0.0
j735651,2,delay_tolerant,0.5183,0.0,7.7333,0.5,0.0,7,2,True,1.0,0.0406
j735651,2,token_batch,1.475,1.126,11.0,0.5,4075.739,6,1,False,1.0,0.0
j735651,2,token_batch,2.5,1.1272,18.0,0.5,5421.161,15,1,True,1.0,0.151
j735651,2,delay_tolerant,0.5183,0.0,7.7333,0.5,0.0,14,2,True,1.0,0.0921
j735651,2,delay_tolerant,1.2017,0.0,9.1333,0.5,0.0,15,2,False,1.0,0.0
j735651,2,token_batch,2.5,1.3231,18.0,0.5,5352.042,14,1,True,1.0,0.05
j735651,2,token_batch,1.7483,1.1801,12.8667,0.5,4072.727,16,1,False,1.0,0.0
j735651,2,delay_tolerant,0.5183,0.0,7.7333,0.5,0.0,5,2,False,1.0,0.0
j735651,2,delay_tolerant,0.5183,0.0,7.7333,0.5,0.0,15,2,False,1.0,0.0
j735651,2,delay_tolerant,1.27,0.0,9.6,0.5,0.0,5,2,True,1.0,0.0297
j735651,2,delay_tolerant,0.5183,0.0,7.7333,0.5,0.0,14,2,True,1.0,0.0685
j735651,2,delay_tolerant,0.5183,0.0,7.7333,0.5,0.0,12,2,False,1.0,0.0
j735651,2,delay_tolerant,1.27,0.0,9.6,0.5,0.0,15,2,True,1.0,0.0307
j735651,2,delay_tolerant,1.065,0.0,8.2,0.5,0.0,15,2,True,1.0,0.05
j735651,2,delay_tolerant,0.5183,0.0,7.7333,0.5,0.0,14,2,False,1.0,0.0
j735651,2,delay_tolerant,0.7233,0.0,7.7333,0.5,0.0,14,2,True,1.0,0.0567
j735651,2,delay_tolerant,0.9967,0.0,7.7333,0.5,0.0,15,2,False,1.0,0.0
j735651,2,delay_tolerant,1.1333,0.0,8.6667,0.5,0.0,15,2,False,1.0,0.0
j735651,2,delay_tolerant,1.4067,0.0,10.5333,0.5,0.0,15,2,False,1.0,0.0
j735651,2,delay_tolerant,0.5183,0.0,7.7333,0.5,0.0,15,2,False,1.0,0.0
j735651,2,delay_tolerant,0.5183,0.0,7.7333,0.5,0.0,5,2,False,1.0,0.0
j736404,2,token_batch,1.475,1.2604,11.0,0.5,4456.917,16,1,True,1.0,0.05
j736412,2,delay_tolerant,0.5183,0.0,7.7333,0.5,0.0,13,2,False,1.0,0.0
j736743,2,delay_tolerant,1.1333,0.0,8.6667,0.5,0.0,19,2,True,1.0,0.0878
j736743,2,token_batch,1.475,1.1461,11.0,0.5,4417.158,19,1,True,1.0,0.05
j737007,2,token_batch,1.475,0.4343,11.0,0.5,4013.434,22,1,True,1.0,0.05
j737293,2,delay_sensitive,0.5183,0.0,7.7333,0.5,0.0,3,3,False,1.0,0.0
j73755,2,delay_tolerant,0.9283,0.0,7.7333,0.5,0.0,12,2,False,1.0,0.0
j737669,2,delay_tolerant,0.5183,0.0,7.7333,0.5,0.0,5,2,True,1.0,0.0218
j737677,2,token_batch,1.475,0.0,11.0,0.5,3935.289,16,1,False,1.0,0.0
j738190,2,delay_tolerant,0.9967,0.0,7.7333,0.5,0.0,19,2,True,1.0,0.05
j738694,2,delay_tolerant,1.1333,0.0,8.6667,0.5,0.0,21,2,False,1.0,0.0
j738694,2,delay_tolerant,0.5867,0.0,7.7333,0.5,0.0,5,2,True,1.0,0.05
j738703,2,delay_sensitive,1.065,0.0,8.2,0.5,0.0,3,3,False,1.0,0.0
j73881,2,token_batch,1.5433,0.0,11.4667,0.5,3985.52,15,1,False,1.0,0.0
j738845,2,token_batch,2.5,1.3422,18.0,0.5,5204.341,14,1,True,1.0,0.05
j739048,2,token_batch,1.475,1.3083,11.0,0.5,4042.571,10,1,False,1.0,0.0
j739048,2,token_batch,1.475,0.5036,11.0,0.5,4438.817,10,1,False,1.0,0.0
j739048,2,delay_tolerant,0.9283,0.0,7.7333,0.5,0.0,10,2,True,1.0,0.05
j739883,2,token_batch,1.475,0.9665,11.0,0.5,4160.912,10,1,True,1.0,0.05
j739946,2,delay_tolerant,0.7233,0.0,7.7333,0.5,0.0,5,2,False,1.0,0.0
j740135,2,delay_tolerant,0.7917,0.0,7.7333,0.5,0.0,17,2,True,1.0,0.074
j740378,2,token_batch,1.475,1.4714,11.0,0.5,4103.014,22,1,True,1.0,0.05
j74110,2,delay_tolerant,0.5183,0.0,7.7333,0.5,0.0,12,2,True,1.0,0.05
j741517,2,delay_tolerant,1.1333,0.0,8.6667,0.5,0.0,22,2,False,1.0,0.0
j741517,2,delay_tolerant,1.2017,0.0,9.1333,0.5,0.0,21,2,True,1.0,0.05
j74188,2,token_batch,2.5,0.8853,18.0,0.5,5461.145,18,1,True,1.0,0.05
j74188,2,token_batch,2.5,0.0,18.0,0.5,5582.541,18,1,False,1.0,0.0
j742203,2,delay_tolerant,0.5183,0.0,7.7333,0.5,0.0,9,2,False,1.0,0.0
j742761,2,delay_tolerant,1.065,0.0,8.2,0.5,0.0,13,2,True,1.0,0.05
j743036,2,delay_tolerant,1.3383,0.0,10.0667,0.5,0.0,16,2,False,1.0,0.0
j744910,2,delay_tolerant,1.3383,0.0,10.0667,0.5,0.0,21,2,True,1.0,0.05
j744910,2,token_batch,2.5,0.4416,18.0,0.5,4427.366,21,1,False,1.0,0.0
j744910,2,token_batch,1.68,0.0,12.4,0.5,4121.799,14,1,True,1.0,0.1802
j745004,2,token_batch,1.475,1.1179,11.0,0.5,3972.035,13,1,True,1.0,0.1423
j745006,2,delay_tolerant,0.7917,0.386,7.7333,0.5,0.0,13,2,True,1.0,0.05
j745241,2,delay_tolerant,0.655,0.0,7.7333,0.5,0.0,9,2,False,1.0,0.0
j745423,2,delay_tolerant,0.5183,0.0,7.7333,0.5,0.0,5,2,False,1.0,0.0
j745678,2,delay_tolerant,0.5867,0.0,7.7333,0.5,0.0,5,2,False,1.0,0.0
j746314,2,delay_tolerant,0.7917,0.0,7.7333,0.5,0.0,13,2,True,1.0,0.05
j746314,2,token_batch,2.5,0.48,18.0,0.5,5550.072,6,1,False,1.0,0.0
j746314,2,token_batch,2.5,0.0,18.0,0.5,4612.933,13,1,False,1.0,0.0
j746314,2,delay_tolerant,1.27,0.0,9.6,0.5,0.0,13,2,True,1.0,0.05
j746337,2,delay_tolerant,0.5183,0.0,7.7333,0.5,0.0,5,2,False,1.0,0.0
j746630,2,delay_tolerant,0.7917,0.0,7.7333,0.5,0.0,22,2,True,1.0,0.05
j746630,2,delay_tolerant,0.5867,0.0,7.7333,0.5,0.0,14,2,True,1.0,0.05
j747086,2,token_batch,1.475,0.0,11.0,0.5,3903.405,14,1,False,1.0,0.0
j747213,2,delay_tolerant,1.4067,0.0,10.5333,0.5,0.0,12,2,False,1.0,0.0
j747360,2,delay_tolerant,1.2017,0.0,9.1333,0.5,0.0,15,2,True,1.0,0.05
j747360,2,token_batch,1.475,1.278,11.0,0.5,4598.564,15,1,False,1.0,0.0
j747393,2,delay_tolerant,1.065,0.0,8.2,0.5,0.0,13,2,True,1.0,0.05
j747451,2,token_batch,1.475,0.0,11.0,0.5,3497.038,22,1,True,1.0,0.1696
j748874,2,token_batch,1.475,1.3077,11.0,0.5,3891.169,14,1,True,1.0,0.1379
j748874,2,token_batch,1.475,0.0,11.0,0.5,3663.583,15,1,False,1.0,0.0
j748874,2,delay_tolerant,1.4067,0.0,10.5333,0.5,0.0,14,2,True,1.0,0.05
j749114,2,delay_tolerant,0.7917,0.0,7.7333,0.5,0.0,9,2,True,1.0,0.05
j749413,2,delay_tolerant,1.4067,0.0,10.5333,0.5,0.0,23,2,True,1.0,0.05
j749745,2,delay_tolerant,0.5183,0.0,7.7333,0.5,0.0,5,2,True,1.0,0.05
j749755,2,delay_tolerant,1.065,0.0,8.2,0.5,0.0,23,2,True,1.0,0.0301
j750462,2,delay_tolerant,0.5183,0.5073,7.7333,0.5,0.0,5,2,False,1.0,0.0
j750683,2,delay_tolerant,1.2017,0.0,9.1333,0.5,0.0,20,2,False,1.0,0.0
j750683,2,delay_tolerant,0.5183,0.0,7.7333,0.5,0.0,5,2,False,1.0,0.0
j750890,2,delay_tolerant,1.1333,0.0,8.6667,0.5,0.0,9,2,True,1.0,0.05
j751185,2,delay_tolerant,0.9283,0.0,7.7333,0.5,0.0,14,2,False,1.0,0.0
j751185,2,delay_tolerant,1.065,0.0,8.2,0.5,0.0,15,2,True,1.0,0.05
j751185,2,token_batch,1.475,1.1133,11.0,0.5,3595.297,15,1,True,1.0,0.0949
j751544,2,delay_tolerant,0.9967,0.0,7.7333,0.5,0.0,13,2,False,1.0,0.0
j751544,2,token_batch,1.475,1.2335,11.0,0.5,3742.482,12,1,True,1.0,0.05
j751725,2,token_batch,1.475,0.7019,11.0,0.5,4596.01,22,1,True,1.0,0.05
j751966,2,delay_tolerant,1.3383,0.0,10.0667,0.5,0.0,19,2,False,1.0,0.0
j751966,2,token_batch,2.5,0.0,18.0,0.5,4811.334,18,1,True,1.0,0.1223
j751966,2,token_batch,2.5,0.0,18.0,0.5,5383.994,19,1,True,1.0,0.112
j751966,2,delay_tolerant,0.5183,0.0,7.7333,0.5,0.0,5,2,False,1.0,0.0
j752503,2,delay_tolerant,0.5867,0.0,7.7333,0.5,0.0,5,2,False,1.0,0.0
j753101,2,delay_tolerant,1.065,0.0,8.2,0.5,0.0,15,2,False,1.0,0.0
j753520,2,delay_tolerant,0.5183,0.0,7.7333,0.5,0.0,5,2,False,1.0,0.0
j753520,2,delay_tolerant,0.5183,0.0,7.7333,0.5,0.0,11,2,True,1.0,0.0467
j753520,2,delay_tolerant,1.4067,0.0,10.5333,0.5,0.0,11,2,False,1.0,0.0
j753520,2,delay_tolerant,0.655,0.0,7.7333,0.5,0.0,5,2,True,1.0,0.05
j753520,2,delay_tolerant,0.5183,0.0,7.7333,0.5,0.0,5,2,True,1.0,0.05
j753520,2,token_batch,1.475,1.4616,11.0,0.5,4612.669,12,1,True,1.0,0.05
j753520,2,delay_tolerant,0.655,0.0,7.7333,0.5,0.0,5,2,True,1.0,0.0755
j753701,2,delay_tolerant,1.1333,0.0,8.6667,0.5,0.0,15,2,True,1.0,0.05
j754174,2,delay_tolerant,0.9967,0.0,7.7333,0.5,0.0,19,2,True,1.0,0.0227
j754294,2,delay_tolerant,1.2017,0.0,9.1333,0.5,0.0,19,2,False,1.0,0.0
j755197,2,delay_tolerant,0.7233,0.0,7.7333,0.5,0.0,9,2,True,1.0,0.05
j755448,2,delay_tolerant,0.5183,0.0,7.7333,0.5,0.0,5,2,False,1.0,0.0
j755747,2,token_batch,1.475,0.0,11.0,0.5,4079.958,16,1,False,1.0,0.0
j755747,2,delay_tolerant,0.5867,0.0,7.7333,0.5,0.0,15,2,True,1.0,0.05
j756180,2,delay_tolerant,0.7233,0.0,7.7333,0.5,0.0,17,2,True,1.0,0.05
j756492,2,delay_tolerant,1.065,0.0,8.2,0.5,0.0,16,2,False,1.0,0.0
j756492,2,delay_tolerant,0.5183,0.0,7.7333,0.5,0.0,16,2,False,1.0,0.0
j756959,2,delay_tolerant,0.5183,0.0,7.7333,0.5,0.0,11,2,False,1.0,0.0
j757122,2,token_batch,1.475,0.6462,11.0,0.5,3477.924,13,1,True,1.0,0.05
j757262,2,token_batch,1.5433,0.0,11.4667,0.5,4754.863,11,1,True,1.0,0.1383
j758189,2,delay_tolerant,0.7917,0.0,7.7333,0.5,0.0,12,2,False,1.0,0.0
j758485,2,delay_tolerant,0.7917,0.0,7.7333,0.5,0.0,11,2,True,1.0,0.0246
j759390,2,delay_tolerant,0.5183,0.0,7.7333,0.5,0.0,5,2,False,1.0,0.0
j759433,2,delay_tolerant,0.86,0.0,7.7333,0.5,0.0,21,2,False,1.0,0.0
j759754,2,delay_tolerant,0.7917,0.2469,7.7333,0.5,0.0,5,2,False,1.0,0.0
j760030,2,token_batch,1.475,0.0,11.0,0.5,4348.648,16,1,False,1.0,0.0
j760030,2,delay_tolerant,0.5183,0.3832,7.7333,0.5,0.0,15,2,False,1.0,0.0
j760519,2,token_batch,1.475,1.0535,11.0,0.5,4623.122,19,1,True,1.0,0.05
j760519,2,delay_tolerant,0.5183,0.0,7.7333,0.5,0.0,5,2,False,1.0,0.0
j760832,2,token_batch,1.475,0.0,11.0,0.5,4140.09,16,1,True,1.0,0.1887
j761007,2,delay_tolerant,0.7917,0.0,7.7333,0.5,0.0,18,2,True,1.0,0.0546
j761007,2,delay_tolerant,0.9967,0.2124,7.7333,0.5,0.0,16,2,False,1.0,0.0
j761588,2,delay_tolerant,0.655,0.0,7.7333,0.5,0.0,18,2,True,1.0,0.05
j76205,2,delay_tolerant,1.27,0.0,9.6,0.5,0.0,19,2,True,1.0,0.0352
j762784,2,token_batch,1.475,0.7196,11.0,0.5,4565.66,18,1,True,1.0,0.165
j762920,2,delay_tolerant,1.27,0.0,9.6,0.5,0.0,11,2,True,1.0,0.0369
j762920,2,delay_tolerant,1.3383,0.0,10.0667,0.5,0.0,12,2,False,1.0,0.0
j762973,2,delay_tolerant,1.3383,0.0,10.0667,0.5,0.0,21,2,True,1.0,0.0852
j763664,2,delay_tolerant,1.2017,0.0,9.1333,0.5,0.0,13,2,False,1.0,0.0
j763859,2,delay_tolerant,0.655,0.0,7.7333,0.5,0.0,22,2,True,1.0,0.05
j763859,2,delay_tolerant,1.2017,0.0,9.1333,0.5,0.0,22,2,False,1.0,0.0
j763859,2,delay_tolerant,1.2017,0.0,9.1333,0.5,0.0,23,2,True,1.0,0.05
j764032,2,delay_tolerant,0.86,0.0,7.7333,0.5,0.0,5,2,True,1.0,0.0335
j764151,2,token_batch,1.475,0.0,11.0,0.5,3989.878,11,1,False,1.0,0.0
j764151,2,delay_tolerant,0.5183,0.0,7.7333,0.5,0.0,10,2,False,1.0,0.0
j764374,2,delay_tolerant,1.065,0.0,8.2,0.5,0.0,13,2,True,1.0,0.0964
j764535,2,delay_tolerant,0.5183,0.0,7.7333,0.5,0.0,13,2,True,1.0,0.05
j764998,2,delay_tolerant,0.5183,0.0,7.7333,0.5,0.0,21,2,False,1.0,0.0
j765507,2,delay_tolerant,0.7917,0.0,7.7333,0.5,0.0,20,2,True,1.0,0.065
j765507,2,delay_tolerant,0.86,0.0,7.7333,0.5,0.0,20,2,False,1.0,0.0
j76558,2,delay_tolerant,1.1333,0.0,8.6667,0.5,0.0,13,2,False,1.0,0.0
j76558,2,delay_tolerant,0.9283,0.4256,7.7333,0.5,0.0,13,2,False,1.0,0.0
j76558,2,token_batch,1.475,0.0,11.0,0.5,4341.317,14,1,True,1.0,0.1821
j765660,2,delay_tolerant,1.27,0.0,9.6,0.5,0.0,22,2,True,1.0,0.0212
j765660,2,delay_tolerant,0.7917,0.0,7.7333,0.5,0.0,22,2,False,1.0,0.0
j765768,2,delay_tolerant,1.3383,0.0,10.0667,0.5,0.0,16,2,True,1.0,0.05
j765768,2,delay_tolerant,0.9283,0.0,7.7333,0.5,0.0,15,2,True,1.0,0.0404
j765768,2,delay_tolerant,0.5183,0.0,7.7333,0.5,0.0,15,2,False,1.0,0.0
j767231,2,delay_tolerant,0.9283,0.0,7.7333,0.5,0.0,13,2,False,1.0,0.0
j767270,2,token_batch,1.475,1.425,11.0,0.5,4543.78,22,1,True,1.0,0.05
j767420,2,token_batch,1.475,1.4807,11.0,0.5,4356.488,12,1,True,1.0,0.05
j768722,2,token_batch,1.475,0.9047,11.0,0.5,4211.314,23,1,True,1.0,0.05
j768722,2,token_batch,1.475,0.0,11.0,0.5,3929.481,23,1,False,1.0,0.0
j768722,2,delay_tolerant,1.2017,0.0,9.1333,0.5,0.0,23,2,True,1.0,0.05
j768741,2,delay_tolerant,0.86,0.0,7.7333,0.5,0.0,21,2,True,1.0,0.05
j768926,2,delay_tolerant,0.7917,0.0,7.7333,0.5,0.0,11,2,True,1.0,0.0852
j768926,2,delay_tolerant,0.9967,0.0,7.7333,0.5,0.0,12,2,True,1.0,0.0209
j769072,2,delay_tolerant,0.5183,0.0,7.7333,0.5,0.0,19,2,False,1.0,0.0
j769247,2,delay_tolerant,0.9967,0.0,7.7333,0.5,0.0,10,2,True,1.0,0.05
j769247,2,delay_tolerant,0.86,0.0,7.7333,0.5,0.0,11,2,True,1.0,0.05
j769247,2,delay_tolerant,1.1333,0.0,8.6667,0.5,0.0,10,2,False,1.0,0.0
j769628,2,delay_tolerant,1.2017,0.0,9.1333,0.5,0.0,15,2,True,1.0,0.05
j769666,2,delay_tolerant,1.1333,0.0,8.6667,0.5,0.0,15,2,False,1.0,0.0
j770157,2,delay_tolerant,0.655,0.0,7.7333,0.5,0.0,12,2,False,1.0,0.0
j770157,2,token_batch,1.475,1.2281,11.0,0.5,4340.828,13,1,True,1.0,0.0967
j770609,2,delay_tolerant,1.27,0.0,9.6,0.5,0.0,20,2,True,1.0,0.05
j770690,2,delay_tolerant,0.5183,0.0,7.7333,0.5,0.0,19,2,True,1.0,0.0629
j770766,2,token_batch,1.475,0.5293,11.0,0.5,3967.34,13,1,False,1.0,0.0
j771162,2,token_batch,1.475,0.6561,11.0,0.5,4572.382,16,1,False,1.0,0.0
j771162,2,token_batch,1.475,0.6069,11.0,0.5,3834.896,15,1,False,1.0,0.0
j771162,2,delay_tolerant,1.065,0.0,8.2,0.5,0.0,15,2,True,1.0,0.0513
j77125,2,token_batch,1.475,0.9281,11.0,0.5,3751.501,19,1,False,1.0,0.0
j771269,2,delay_tolerant,1.2017,0.0,9.1333,0.5,0.0,11,2,False,1.0,0.0
j77133,2,delay_tolerant,0.9967,0.0,7.7333,0.5,0.0,22,2,False,1.0,0.0
j771862,2,delay_tolerant,1.27,0.0,9.6,0.5,0.0,14,2,False,1.0,0.0
j772341,2,delay_tolerant,0.655,0.0,7.7333,0.5,0.0,12,2,False,1.0,0.0
j772501,2,token_batch,1.475,0.9119,11.0,0.5,4140.675,22,1,True,1.0,0.05
j77275,2,delay_tolerant,0.5183,0.0,7.7333,0.5,0.0,14,2,True,1.0,0.0808
j77312,2,delay_tolerant,1.065,0.0,8.2,0.5,0.0,22,2,True,1.0,0.05
j77312,2,delay_tolerant,0.7233,0.4976,7.7333,0.5,0.0,20,2,False,1.0,0.0
j773170,2,delay_tolerant,0.5867,0.0,7.7333,0.5,0.0,5,2,True,1.0,0.05
j773337,2,delay_sensitive,0.86,0.0,7.7333,0.5,0.0,3,3,False,1.0,0.0
j773337,2,token_batch,1.475,0.9978,11.0,0.5,4208.947,11,1,True,1.0,0.1627
j773337,2,token_batch,1.475,0.5552,11.0,0.5,4462.368,12,1,True,1.0,0.1408
j773337,2,delay_tolerant,0.9283,0.0,7.7333,0.5,0.0,12,2,False,1.0,0.0
j773381,2,delay_tolerant,1.2017,0.0,9.1333,0.5,0.0,13,2,True,1.0,0.0254
j773381,2,token_batch,1.68,1.0868,12.4,0.5,4471.686,13,1,False,1.0,0.0
j773381,2,delay_tolerant,0.5183,0.0,7.7333,0.5,0.0,13,2,False,1.0,0.0
j773597,2,delay_tolerant,1.3383,0.0,10.0667,0.5,0.0,12,2,False,1.0,0.0
j773934,2,delay_tolerant,0.7917,0.0,7.7333,0.5,0.0,14,2,True,1.0,0.05
j773934,2,token_batch,1.475,0.0,11.0,0.5,4285.546,23,1,False,1.0,0.0
j774640,2,delay_tolerant,0.7917,0.0,7.7333,0.5,0.0,15,2,False,1.0,0.0
j774812,2,delay_tolerant,0.5183,0.0,7.7333,0.5,0.0,21,2,True,1.0,0.05
j774812,2,delay_tolerant,0.5183,0.0,7.7333,0.5,0.0,20,2,True,1.0,0.0665
j774952,2,token_batch,1.475,1.1287,11.0,0.5,3854.932,16,1,False,1.0,0.0
j775094,2,token_batch,1.475,0.0,11.0,0.5,4534.043,13,1,False,1.0,0.0
j775184,2,delay_tolerant,0.86,0.0,7.7333,0.5,0.0,19,2,True,1.0,0.05
j775184,2,delay_tolerant,0.7233,0.0,7.7333,0.5,0.0,16,2,False,1.0,0.0
j775186,2,token_batch,1.475,0.0,11.0,0.5,3895.937,11,1,False,1.0,0.0
j775186,2,token_batch,1.475,0.0,11.0,0.5,3758.9,11,1,True,1.0,0.1665
j775186,2,token_batch,1.475,0.0,11.0,0.5,3855.017,11,1,True,1.0,0.1416
j775237,2,token_batch,1.9533,0.6528,14.2667,0.5,5224.678,22,1,False,1.0,0.0
j775410,2,token_batch,1.475,0.6313,11.0,0.5,4373.517,12,1,False,1.0,0.0
j775410,2,delay_tolerant,0.7917,0.0,7.7333,0.5,0.0,5,2,True,1.0,0.05
j775852,2,delay_tolerant,0.9967,0.0,7.7333,0.5,0.0,5,2,True,1.0,0.05
j775852,2,token_batch,1.885,0.8842,13.8,0.5,4330.219,20,1,False,1.0,0.0
j775852,2,token_batch,2.5,1.4622,18.0,0.5,4984.464,19,1,True,1.0,0.05
j77592,2,delay_tolerant,1.2017,0.0,9.1333,0.5,0.0,12,2,False,1.0,0.0
j776567,2,delay_tolerant,1.065,0.0,8.2,0.5,0.0,18,2,True,1.0,0.05
j776567,2,delay_tolerant,0.7233,0.0,7.7333,0.5,0.0,19,2,False,1.0,0.0
j776567,2,token_batch,1.475,1.0747,11.0,0.5,4396.319,18,1,False,1.0,0.0
j776567,2,delay_tolerant,0.5183,0.0,7.7333,0.5,0.0,18,2,True,1.0,0.05
j776808,2,delay_tolerant,1.4067,0.0,10.5333,0.5,0.0,15,2,True,1.0,0.05
j777161,2,delay_tolerant,0.655,0.0,7.7333,0.5,0.0,5,2,False,1.0,0.0
j777161,2,delay_tolerant,1.2017,0.0,9.1333,0.5,0.0,19,2,True,1.0,0.05
j777228,2,delay_tolerant,1.065,0.0,8.2,0.5,0.0,5,2,True,1.0,0.05
j777228,2,delay_tolerant,0.5183,0.4333,7.7333,0.5,0.0,5,2,True,1.0,0.0712
j777228,2,delay_tolerant,1.4067,0.0,10.5333,0.5,0.0,18,2,False,1.0,0.0
j777228,2,delay_tolerant,0.5183,0.0,7.7333,0.5,0.0,19,2,True,1.0,0.0711
j777228,2,delay_tolerant,0.9967,0.0,7.7333,0.5,0.0,19,2,False,1.0,0.0
j777276,2,token_batch,1.475,0.5676,11.0,0.5,4445.503,12,1,False,1.0,0.0
j777276,2,delay_tolerant,0.9967,0.0,7.7333,0.5,0.0,11,2,False,1.0,0.0
j777405,2,token_batch,1.475,0.9835,11.0,0.5,3849.071,15,1,True,1.0,0.05
j777405,2,delay_tolerant,0.5183,0.0,7.7333,0.5,0.0,5,2,False,1.0,0.0
j777838,2,delay_tolerant,1.1333,0.0,8.6667,0.5,0.0,13,2,True,1.0,0.0958
j777838,2,delay_tolerant,1.2017,0.2825,9.1333,0.5,0.0,12,2,True,1.0,0.0408
j778268,2,token_batch,1.475,0.0,11.0,0.5,4525.104,19,1,True,1.0,0.0886
j7783,2,delay_tolerant,0.86,0.0,7.7333,0.5,0.0,18,2,False,1.0,0.0
j778823,2,delay_tolerant,0.9967,0.0,7.7333,0.5,0.0,15,2,False,1.0,0.0
j779300,2,delay_tolerant,1.3383,0.0,10.0667,0.5,0.0,15,2,False,1.0,0.0
j779636,2,delay_tolerant,0.9967,0.0,7.7333,0.5,0.0,13,2,True,1.0,0.05
j779636,2,token_batch,2.5,0.7283,18.0,0.5,5166.139,15,1,False,1.0,0.0
j781156,2,delay_tolerant,0.655,0.0,7.7333,0.5,0.0,14,2,False,1.0,0.0
j781156,2,delay_tolerant,1.2017,0.0,9.1333,0.5,0.0,22,2,False,1.0,0.0
j781320,2,delay_tolerant,1.27,0.2305,9.6,0.5,0.0,21,2,False,1.0,0.0
j781320,2,delay_tolerant,0.5183,0.0,7.7333,0.5,0.0,5,2,False,1.0,0.0
j781662,2,token_batch,1.475,1.4652,11.0,0.5,4233.097,13,1,True,1.0,0.05
j782012,2,delay_tolerant,1.3383,0.0,10.0667,0.5,0.0,23,2,True,1.0,0.05
j782012,2,delay_tolerant,0.9967,0.0,7.7333,0.5,0.0,22,2,True,1.0,0.05
j783055,2,delay_tolerant,0.5183,0.0,7.7333,0.5,0.0,5,2,False,1.0,0.0
j783055,2,delay_tolerant,0.5183,0.0,7.7333,0.5,0.0,5,2,True,1.0,0.0488
j783055,2,delay_tolerant,0.5183,0.0,7.7333,0.5,0.0,19,2,True,1.0,0.05
j783080,2,delay_tolerant,1.3383,0.0,10.0667,0.5,0.0,23,2,False,1.0,0.0
j78315,2,delay_tolerant,0.5867,0.0,7.7333,0.5,0.0,19,2,False,1.0,0.0
j783188,2,delay_tolerant,0.86,0.0,7.7333,0.5,0.0,18,2,True,1.0,0.05
j783188,2,delay_tolerant,0.9283,0.0,7.7333,0.5,0.0,16,2,True,1.0,0.0304
j783253,2,token_batch,1.475,0.0,11.0,0.5,3779.072,21,1,False,1.0,0.0
j783253,2,delay_tolerant,0.9283,0.0,7.7333,0.5,0.0,22,2,True,1.0,0.05
j783345,2,delay_tolerant,0.5183,0.0,7.7333,0.5,0.0,5,2,True,1.0,0.0792
j78339,2,delay_tolerant,0.5183,0.0,7.7333,0.5,0.0,7,2,True,1.0,0.05
j78339,2,delay_tolerant,0.5183,0.0,7.7333,0.5,0.0,12,2,False,1.0,0.0
j78341,2,delay_tolerant,0.5183,0.0,7.7333,0.5,0.0,5,2,False,1.0,0.0
j783567,2,delay_tolerant,0.9283,0.0,7.7333,0.5,0.0,5,2,False,1.0,0.0
j783567,2,delay_tolerant,0.5867,0.0,7.7333,0.5,0.0,5,2,True,1.0,0.05
j784069,2,token_batch,1.475,0.6167,11.0,0.5,3884.69,11,1,True,1.0,0.1865
j784176,2,token_batch,1.475,0.0,11.0,0.5,3971.211,19,1,True,1.0,0.1253
j784456,2,delay_tolerant,0.5183,0.0,7.7333,0.5,0.0,13,2,False,1.0,0.0
j78491,2,delay_tolerant,0.86,0.0,7.7333,0.5,0.0,19,2,False,1.0,0.0
j786405,2,delay_tolerant,0.655,0.0,7.7333,0.5,0.0,9,2,False,1.0,0.0
j786667,2,delay_tolerant,0.5183,0.0,7.7333,0.5,0.0,5,2,False,1.0,0.0
j7871,2,delay_tolerant,0.5183,0.0,7.7333,0.5,0.0,5,2,False,1.0,0.0
j787384,2,delay_tolerant,0.5183,0.0,7.7333,0.5,0.0,5,2,False,1.0,0.0
j787457,2,delay_tolerant,0.5867,0.5801,7.7333,0.5,0.0,15,2,True,1.0,0.05
j788119,2,token_batch,1.475,1.3895,11.0,0.5,4070.656,12,1,False,1.0,0.0
j788324,2,token_batch,1.475,1.1465,11.0,0.5,3705.34,22,1,False,1.0,0.0
j788324,2,delay_tolerant,0.7233,0.0,7.7333,0.5,0.0,17,2,True,1.0,0.05
j788548,2,delay_tolerant,0.5183,0.0,7.7333,0.5,0.0,5,2,False,1.0,0.0
j788970,2,delay_tolerant,1.27,0.0,9.6,0.5,0.0,11,2,True,1.0,0.05
j789108,2,token_batch,1.475,0.9623,11.0,0.5,4381.911,13,1,True,1.0,0.05
j789108,2,delay_tolerant,1.065,0.0,8.2,0.5,0.0,12,2,False,1.0,0.0
j789108,2,delay_tolerant,1.3383,0.0,10.0667,0.5,0.0,12,2,True,1.0,0.05
j789187,2,delay_tolerant,1.2017,0.0,9.1333,0.5,0.0,23,2,False,1.0,0.0
j789187,2,delay_tolerant,0.7233,0.0,7.7333,0.5,0.0,19,2,False,1.0,0.0
j789593,2,delay_tolerant,0.5183,0.0,7.7333,0.5,0.0,5,2,True,1.0,0.05
j789613,2,delay_tolerant,0.5183,0.0,7.7333,0.5,0.0,6,2,False,1.0,0.0
j789613,2,token_batch,1.475,1.3887,11.0,0.5,4104.348,14,1,True,1.0,0.1989
j789638,2,delay_tolerant,0.5183,0.0,7.7333,0.5,0.0,22,2,True,1.0,0.05
j789661,2,delay_tolerant,0.5183,0.0,7.7333,0.5,0.0,5,2,True,1.0,0.05
j789661,2,delay_tolerant,0.5183,0.0,7.7333,0.5,0.0,12,2,False,1.0,0.0
j789661,2,delay_tolerant,0.655,0.3274,7.7333,0.5,0.0,5,2,True,1.0,0.05
j789661,2,token_batch,1.475,0.9644,11.0,0.5,4416.676,12,1,False,1.0,0.0
j789661,2,token_batch,1.6117,1.3303,11.9333,0.5,5089.259,12,1,True,1.0,0.05
j789861,2,delay_tolerant,0.5183,0.0,7.7333,0.5,0.0,12,2,True,1.0,0.0404
j78991,2,token_batch,1.475,1.0586,11.0,0.5,4203.25,20,1,True,1.0,0.1311
j78991,2,token_batch,1.475,0.0,11.0,0.5,3629.139,20,1,False,1.0,0.0
j790290,2,delay_tolerant,1.4067,0.0,10.5333,0.5,0.0,22,2,True,1.0,0.05
j792481,2,delay_tolerant,0.5183,0.0,7.7333,0.5,0.0,5,2,True,1.0,0.05
j792539,2,token_batch,1.475,0.9721,11.0,0.5,3572.164,18,1,True,1.0,0.1758
j793158,2,delay_tolerant,0.655,0.0,7.7333,0.5,0.0,11,2,True,1.0,0.05
j793786,2,token_batch,2.5,1.2937,18.0,0.5,4606.431,7,1,False,1.0,0.0
j793786,2,delay_tolerant,0.7233,0.0,7.7333,0.5,0.0,17,2,True,1.0,0.05
j793828,2,delay_tolerant,0.7233,0.0,7.7333,0.5,0.0,22,2,False,1.0,0.0
j793943,2,delay_tolerant,0.5183,0.0,7.7333,0.5,0.0,5,2,False,1.0,0.0
j793943,2,token_batch,1.475,0.0,11.0,0.5,4613.776,16,1,True,1.0,0.0829
j793943,2,delay_tolerant,1.4067,0.0,10.5333,0.5,0.0,16,2,False,1.0,0.0
j794131,2,delay_tolerant,0.5183,0.0,7.7333,0.5,0.0,17,2,True,1.0,0.05
j794131,2,delay_tolerant,1.3383,0.0,10.0667,0.5,0.0,17,2,True,1.0,0.05
j794131,2,delay_tolerant,0.5183,0.3791,7.7333,0.5,0.0,16,2,False,1.0,0.0
j794131,2,delay_tolerant,0.5183,0.0,7.7333,0.5,0.0,5,2,True,1.0,0.0476
j79415,2,delay_tolerant,0.9283,0.0,7.7333,0.5,0.0,17,2,False,1.0,0.0
j794191,2,delay_tolerant,0.7917,0.0,7.7333,0.5,0.0,5,2,True,1.0,0.05
j794667,2,token_batch,1.475,1.0653,11.0,0.5,4205.424,15,1,True,1.0,0.05
j794667,2,delay_tolerant,1.4067,0.0,10.5333,0.5,0.0,15,2,False,1.0,0.0
j794805,2,delay_tolerant,1.27,0.0,9.6,0.5,0.0,20,2,False,1.0,0.0
j794805,2,token_batch,1.475,0.5361,11.0,0.5,4287.88,20,1,True,1.0,0.05
j795408,2,token_batch,1.475,0.5432,11.0,0.5,4433.711,20,1,False,1.0,0.0
j795522,2,token_batch,1.475,1.0361,11.0,0.5,3739.488,14,1,True,1.0,0.05
j795757,2,delay_tolerant,0.5183,0.0,7.7333,0.5,0.0,9,2,True,1.0,0.05
j795805,2,delay_tolerant,1.3383,0.0,10.0667,0.5,0.0,20,2,True,1.0,0.0813
j795805,2,delay_tolerant,0.5183,0.0,7.7333,0.5,0.0,5,2,True,1.0,0.05
j795805,2,delay_tolerant,0.5183,0.0,7.7333,0.5,0.0,5,2,True,1.0,0.05
j796593,2,token_batch,1.475,1.4939,11.0,0.5,4173.43,17,1,True,1.0,0.1842
j79723,2,delay_tolerant,0.9283,0.0,7.7333,0.5,0.0,20,2,False,1.0,0.0
j79723,2,delay_tolerant,1.2017,0.0,9.1333,0.5,0.0,19,2,True,1.0,0.05
j79723,2,delay_tolerant,1.3383,0.0,10.0667,0.5,0.0,20,2,True,1.0,0.0942
j797449,2,delay_tolerant,0.7917,0.0,7.7333,0.5,0.0,12,2,True,1.0,0.0601
j797449,2,delay_tolerant,0.5183,0.0,7.7333,0.5,0.0,7,2,True,1.0,0.05
j797449,2,delay_tolerant,1.2017,0.0,9.1333,0.5,0.0,12,2,False,1.0,0.0
j797449,2,delay_tolerant,1.065,0.0,8.2,0.5,0.0,12,2,True,1.0,0.05
j797449,2,token_batch,1.475,0.574,11.0,0.5,3556.837,12,1,True,1.0,0.1157
j797743,2,token_batch,2.295,0.4907,16.6,0.5,5310.386,22,1,True,1.0,0.05
j797844,2,token_batch,1.475,0.9222,11.0,0.5,4147.647,15,1,False,1.0,0.0
j79797,2,token_batch,1.475,0.9172,11.0,0.5,4229.217,13,1,True,1.0,0.05
j798458,2,token_batch,2.5,0.0,18.0,0.5,4652.523,15,1,False,1.0,0.0
j798458,2,token_batch,2.5,0.6772,18.0,0.5,5327.038,16,1,True,1.0,0.05
j798458,2,token_batch,1.9533,0.4017,14.2667,0.5,5095.079,14,1,True,1.0,0.05
j798640,2,token_batch,2.5,0.5747,18.0,0.5,5486.901,14,1,True,1.0,0.1931
j798640,2,token_batch,2.5,0.0,18.0,0.5,5289.332,6,1,False,1.0,0.0
j798640,2,token_batch,1.6117,0.0,11.9333,0.5,4605.787,6,1,False,1.0,0.0
j799023,2,delay_tolerant,0.5183,0.0,7.7333,0.5,0.0,5,2,False,1.0,0.0
j799202,2,delay_tolerant,0.5867,0.0,7.7333,0.5,0.0,14,2,True,1.0,0.0462
j801121,2,token_batch,1.475,0.4954,11.0,0.5,4474.577,6,1,False,1.0,0.0
j801196,2,delay_tolerant,0.5183,0.0,7.7333,0.5,0.0,10,2,False,1.0,0.0
j801196,2,token_batch,1.475,1.2369,11.0,0.5,4114.748,11,1,True,1.0,0.05
j801196,2,token_batch,1.475,0.9894,11.0,0.5,3780.89,11,1,True,1.0,0.1354
j801886,2,token_batch,2.5,0.0,18.0,0.5,4603.05,20,1,True,1.0,0.1049
j801886,2,token_batch,2.5,0.0,18.0,0.5,4660.252,19,1,False,1.0,0.0
j801886,2,token_batch,1.7483,0.6829,12.8667,0.5,4695.465,6,1,True,1.0,0.1778
j801971,2,delay_tolerant,1.4067,0.0,10.5333,0.5,0.0,10,2,False,1.0,0.0
j801971,2,token_batch,1.475,1.3397,11.0,0.5,4488.503,9,1,False,1.0,0.0
j802264,2,token_batch,1.475,1.2792,11.0,0.5,4087.718,13,1,True,1.0,0.05
j802382,2,delay_tolerant,0.7917,0.0,7.7333,0.5,0.0,19,2,True,1.0,0.0651
j802382,2,delay_tolerant,1.3383,0.0,10.0667,0.5,0.0,18,2,True,1.0,0.0512
j80275,2,delay_tolerant,0.5183,0.0,7.7333,0.5,0.0,17,2,True,1.0,0.093
j803224,2,delay_tolerant,0.5183,0.0,7.7333,0.5,0.0,16,2,True,1.0,0.05
j803382,2,token_batch,1.475,0.4904,11.0,0.5,4208.789,23,1,True,1.0,0.0817
j803805,2,token_batch,1.475,1.3497,11.0,0.5,3524.348,13,1,True,1.0,0.05
j804038,2,delay_tolerant,0.9283,0.0,7.7333,0.5,0.0,13,2,True,1.0,0.05
j804104,2,token_batch,1.475,1.3314,11.0,0.5,4235.251,17,1,False,1.0,0.0
j804178,2,token_batch,1.475,0.9851,11.0,0.5,3874.893,14,1,False,1.0,0.0
j804447,2,delay_tolerant,0.5867,0.0,7.7333,0.5,0.0,13,2,False,1.0,0.0
j804447,2,delay_tolerant,0.5867,0.0,7.7333,0.5,0.0,5,2,False,1.0,0.0
j804558,2,delay_tolerant,1.27,0.0,9.6,0.5,0.0,19,2,False,1.0,0.0
j804815,2,delay_tolerant,0.5183,0.0,7.7333,0.5,0.0,5,2,True,1.0,0.05
j805029,2,token_batch,1.475,0.8605,11.0,0.5,4129.949,14,1,True,1.0,0.1457
j805029,2,delay_tolerant,0.655,0.0,7.7333,0.5,0.0,13,2,False,1.0,0.0
j805029,2,delay_tolerant,1.3383,0.0,10.0667,0.5,0.0,13,2,False,1.0,0.0
j806069,2,token_batch,2.5,0.0,18.0,0.5,5259.469,9,1,False,1.0,0.0
j806069,2,token_batch,1.6117,0.5166,11.9333,0.5,4515.589,9,1,False,1.0,0.0
j806069,2,delay_tolerant,0.5183,0.0,7.7333,0.5,0.0,19,2,True,1.0,0.05
j806470,2,delay_tolerant,0.5183,0.0,7.7333,0.5,0.0,14,2,False,1.0,0.0
j806470,2,token_batch,2.5,0.0,18.0,0.5,4834.597,20,1,True,1.0,0.1468
j806470,2,delay_tolerant,1.27,0.0,9.6,0.5,0.0,14,2,False,1.0,0.0
j806470,2,token_batch,2.5,0.5167,18.0,0.5,4685.924,21,1,False,1.0,0.0
j806532,2,delay_tolerant,1.27,0.0,9.6,0.5,0.0,13,2,True,1.0,0.0482
j806800,2,delay_tolerant,1.3383,0.0,10.0667,0.5,0.0,20,2,False,1.0,0.0
j807167,2,delay_tolerant,0.9283,0.0,7.7333,0.5,0.0,10,2,True,1.0,0.05
j807167,2,delay_tolerant,1.27,0.0,9.6,0.5,0.0,9,2,False,1.0,0.0
j807167,2,delay_tolerant,1.3383,0.0,10.0667,0.5,0.0,9,2,False,1.0,0.0
j807179,2,token_batch,1.475,1.0964,11.0,0.5,4460.642,20,1,False,1.0,0.0
j807179,2,delay_tolerant,1.3383,0.0,10.0667,0.5,0.0,20,2,True,1.0,0.05
j807219,2,delay_tolerant,1.1333,0.499,8.6667,0.5,0.0,13,2,True,1.0,0.05
j807470,2,token_batch,1.475,1.4755,11.0,0.5,4293.415,19,1,False,1.0,0.0
j807583,2,delay_tolerant,0.5867,0.0,7.7333,0.5,0.0,5,2,False,1.0,0.0
j808766,2,delay_tolerant,1.4067,0.2694,10.5333,0.5,0.0,15,2,False,1.0,0.0
j808820,2,delay_tolerant,1.27,0.0,9.6,0.5,0.0,20,2,False,1.0,0.0
j809072,2,delay_tolerant,0.5183,0.0,7.7333,0.5,0.0,5,2,True,1.0,0.0863
j809088,2,delay_tolerant,0.655,0.0,7.7333,0.5,0.0,10,2,False,1.0,0.0
j809481,2,delay_tolerant,0.9283,0.281,7.7333,0.5,0.0,19,2,False,1.0,0.0
j809768,2,token_batch,1.475,0.9594,11.0,0.5,3784.683,19,1,False,1.0,0.0
j809768,2,delay_tolerant,1.1333,0.5764,8.6667,0.5,0.0,19,2,False,1.0,0.0
j809768,2,delay_tolerant,0.5183,0.0,7.7333,0.5,0.0,19,2,True,1.0,0.0467
j809768,2,token_batch,1.475,1.2619,11.0,0.5,4011.409,19,1,True,1.0,0.1611
j810228,2,delay_tolerant,0.655,0.0,7.7333,0.5,0.0,22,2,True,1.0,0.0705
j810752,2,delay_tolerant,1.27,0.0,9.6,0.5,0.0,14,2,False,1.0,0.0
j810752,2,delay_tolerant,1.1333,0.0,8.6667,0.5,0.0,13,2,True,1.0,0.0269
j8114,2,token_batch,1.475,1.3469,11.0,0.5,4398.066,12,1,False,1.0,0.0
j811671,2,token_batch,1.475,0.8557,11.0,0.5,4572.086,17,1,True,1.0,0.0813
j811868,2,token_batch,1.8167,1.1724,13.3333,0.5,4322.298,6,1,False,1.0,0.0
j811868,2,token_batch,2.0217,0.6026,14.7333,0.5,5293.518,6,1,True,1.0,0.05
j811868,2,delay_tolerant,0.7233,0.3658,7.7333,0.5,0.0,10,2,True,1.0,0.0419
j811868,2,delay_tolerant,1.065,0.0,8.2,0.5,0.0,10,2,True,1.0,0.0615
j811868,2,delay_tolerant,0.5183,0.0,7.7333,0.5,0.0,10,2,True,1.0,0.05
j811868,2,delay_tolerant,0.655,0.0,7.7333,0.5,0.0,5,2,False,1.0,0.0
j811868,2,token_batch,2.0217,0.0,14.7333,0.5,4974.212,10,1,False,1.0,0.0
j811868,2,token_batch,1.68,1.3014,12.4,0.5,4146.954,6,1,True,1.0,0.05
j811868,2,token_batch,1.7483,1.3565,12.8667,0.5,4451.039,11,1,True,1.0,0.1741
j812228,2,delay_tolerant,0.86,0.0,7.7333,0.5,0.0,16,2,False,1.0,0.0
j812228,2,delay_tolerant,0.7233,0.0,7.7333,0.5,0.0,16,2,True,1.0,0.05
j81253,2,delay_tolerant,1.3383,0.3944,10.0667,0.5,0.0,22,2,True,1.0,0.05
j812830,2,delay_tolerant,1.27,0.3433,9.6,0.5,0.0,13,2,True,1.0,0.05
j812975,2,delay_tolerant,0.9967,0.0,7.7333,0.5,0.0,19,2,False,1.0,0.0
j813635,2,token_batch,1.475,1.1672,11.0,0.5,3861.943,9,1,True,1.0,0.1749
j813635,2,delay_tolerant,0.5183,0.0,7.7333,0.5,0.0,10,2,False,1.0,0.0
j813635,2,token_batch,1.475,0.6534,11.0,0.5,4589.556,9,1,True,1.0,0.05
j813700,2,token_batch,1.475,1.4881,11.0,0.5,3555.115,12,1,True,1.0,0.1167
j813854,2,token_batch,1.475,0.0,11.0,0.5,4462.559,22,1,True,1.0,0.1779
j813865,2,delay_tolerant,0.5183,0.0,7.7333,0.5,0.0,12,2,False,1.0,0.0
j814205,2,delay_sensitive,0.5183,0.0,7.7333,0.5,0.0,3,3,False,1.0,0.0
j814664,2,delay_tolerant,0.5183,0.0,7.7333,0.5,0.0,7,2,True,1.0,0.0217
j814776,2,token_batch,1.475,0.615,11.0,0.5,4299.689,22,1,False,1.0,0.0
j81500,2,delay_tolerant,1.3383,0.3422,10.0667,0.5,0.0,15,2,False,1.0,0.0
j815305,2,delay_tolerant,0.5867,0.0,7.7333,0.5,0.0,6,2,False,1.0,0.0
j815627,2,delay_tolerant,0.7233,0.5833,7.7333,0.5,0.0,12,2,True,1.0,0.05
j815683,2,token_batch,1.475,0.7217,11.0,0.5,4391.078,18,1,True,1.0,0.05
j816376,2,delay_tolerant,1.065,0.0,8.2,0.5,0.0,9,2,False,1.0,0.0
j816376,2,delay_tolerant,1.1333,0.0,8.6667,0.5,0.0,19,2,False,1.0,0.0
j816376,2,token_batch,2.09,0.5424,15.2,0.5,4604.479,19,1,True,1.0,0.05
j816376,2,delay_tolerant,0.5867,0.0,7.7333,0.5,0.0,19,2,False,1.0,0.0
j816627,2,delay_tolerant,0.5867,0.0,7.7333,0.5,0.0,6,2,True,1.0,0.05
j816861,2,delay_tolerant,0.9967,0.0,7.7333,0.5,0.0,19,2,True,1.0,0.05
j817372,2,token_batch,2.5,1.0224,18.0,0.5,4483.128,15,1,False,1.0,0.0
j817830,2,token_batch,1.475,0.0,11.0,0.5,3572.243,22,1,False,1.0,0.0
j817830,2,delay_tolerant,1.27,0.0,9.6,0.5,0.0,22,2,True,1.0,0.0622
j817897,2,token_batch,2.5,0.0,18.0,0.5,5456.212,20,1,True,1.0,0.1989
j818263,2,delay_tolerant,0.7233,0.0,7.7333,0.5,0.0,16,2,True,1.0,0.05
j818263,2,token_batch,1.475,0.4648,11.0,0.5,3705.94,18,1,True,1.0,0.0882
j818353,2,delay_tolerant,0.9283,0.0,7.7333,0.5,0.0,19,2,True,1.0,0.05
j818353,2,delay_tolerant,1.27,0.0,9.6,0.5,0.0,22,2,True,1.0,0.0818
j818359,2,token_batch,1.475,1.3884,11.0,0.5,4391.653,16,1,True,1.0,0.05
j818453,2,delay_tolerant,1.27,0.0,9.6,0.5,0.0,13,2,False,1.0,0.0
j818705,2,delay_tolerant,1.065,0.0,8.2,0.5,0.0,7,2,True,1.0,0.05
j818705,2,delay_tolerant,0.9283,0.0,7.7333,0.5,0.0,17,2,False,1.0,0.0
j818705,2,token_batch,2.5,0.5203,18.0,0.5,4923.57,18,1,True,1.0,0.05
j818705,2,token_batch,2.5,0.5873,18.0,0.5,5071.37,19,1,True,1.0,0.05
j818705,2,token_batch,2.5,1.3371,18.0,0.5,5373.842,18,1,True,1.0,0.05
j818705,2,delay_tolerant,1.4067,0.0,10.5333,0.5,0.0,17,2,True,1.0,0.05
j818928,2,delay_tolerant,0.86,0.0,7.7333,0.5,0.0,13,2,False,1.0,0.0
j819537,2,token_batch,1.475,0.0,11.0,0.5,3451.231,20,1,True,1.0,0.1144
j81979,2,token_batch,1.475,0.5525,11.0,0.5,4614.342,17,1,False,1.0,0.0
j819867,2,token_batch,2.5,0.7814,18.0,0.5,5215.522,6,1,True,1.0,0.1805
j82015,2,delay_tolerant,0.5183,0.0,7.7333,0.5,0.0,5,2,True,1.0,0.0848
j820660,2,delay_tolerant,1.065,0.0,8.2,0.5,0.0,17,2,True,1.0,0.05
j820881,2,delay_tolerant,1.27,0.0,9.6,0.5,0.0,12,2,True,1.0,0.05
j820881,2,delay_tolerant,1.065,0.0,8.2,0.5,0.0,11,2,False,1.0,0.0
j820881,2,delay_tolerant,0.655,0.0,7.7333,0.5,0.0,5,2,True,1.0,0.05
j821020,2,delay_tolerant,0.5183,0.0,7.7333,0.5,0.0,22,2,False,1.0,0.0
j821020,2,token_batch,1.475,0.6458,11.0,0.5,3492.335,23,1,True,1.0,0.05
j821020,2,delay_tolerant,0.5183,0.0,7.7333,0.5,0.0,23,2,True,1.0,0.05
j821058,2,delay_tolerant,0.5183,0.0,7.7333,0.5,0.0,13,2,True,1.0,0.05
j821689,2,token_batch,2.5,0.4521,18.0,0.5,4977.515,12,1,False,1.0,0.0
j821689,2,delay_tolerant,0.7233,0.0,7.7333,0.5,0.0,5,2,False,1.0,0.0
j821689,2,delay_tolerant,0.5183,0.0,7.7333,0.5,0.0,5,2,False,1.0,0.0
j821689,2,delay_tolerant,0.5183,0.0,7.7333,0.5,0.0,5,2,True,1.0,0.05
j821689,2,token_batch,1.5433,0.9179,11.4667,0.5,4344.83,10,1,False,1.0,0.0
j821689,2,token_batch,2.5,0.4899,18.0,0.5,4709.122,6,1,True,1.0,0.05
j821860,2,delay_tolerant,0.9283,0.0,7.7333,0.5,0.0,13,2,False,1.0,0.0
j821991,2,delay_tolerant,0.5183,0.0,7.7333,0.5,0.0,5,2,False,1.0,0.0
j822158,2,delay_tolerant,1.4067,0.0,10.5333,0.5,0.0,13,2,False,1.0,0.0
j822158,2,token_batch,1.475,0.4101,11.0,0.5,3460.783,12,1,True,1.0,0.05
j822340,2,delay_tolerant,1.2017,0.0,9.1333,0.5,0.0,19,2,True,1.0,0.05
j822622,2,delay_tolerant,0.9967,0.0,7.7333,0.5,0.0,23,2,True,1.0,0.05
j8229,2,delay_tolerant,0.5183,0.0,7.7333,0.5,0.0,13,2,True,1.0,0.05
j823294,2,delay_tolerant,0.5183,0.0,7.7333,0.5,0.0,5,2,False,1.0,0.0
j823294,2,delay_tolerant,1.1333,0.0,8.6667,0.5,0.0,12,2,False,1.0,0.0
j823546,2,delay_tolerant,0.5183,0.0,7.7333,0.5,0.0,5,2,True,1.0,0.05
j823783,2,delay_tolerant,0.5183,0.0,7.7333,0.5,0.0,16,2,False,1.0,0.0
j823866,2,delay_tolerant,1.3383,0.0,10.0667,0.5,0.0,17,2,True,1.0,0.0941
j823919,2,delay_tolerant,0.86,0.0,7.7333,0.5,0.0,16,2,True,1.0,0.05
j824128,2,delay_tolerant,0.9967,0.0,7.7333,0.5,0.0,12,2,False,1.0,0.0
j824128,2,delay_tolerant,0.7233,0.0,7.7333,0.5,0.0,12,2,False,1.0,0.0
j824176,2,delay_tolerant,0.655,0.0,7.7333,0.5,0.0,20,2,True,1.0,0.05
j824176,2,delay_tolerant,0.655,0.0,7.7333,0.5,0.0,16,2,True,1.0,0.05
j825624,2,token_batch,1.885,0.8759,13.8,0.5,4809.099,23,1,False,1.0,0.0
j825624,2,delay_tolerant,0.9967,0.0,7.7333,0.5,0.0,22,2,True,1.0,0.0241
j825624,2,token_batch,2.5,0.0,18.0,0.5,5129.231,22,1,False,1.0,0.0
j825898,2,delay_tolerant,1.1333,0.0,8.6667,0.5,0.0,23,2,False,1.0,0.0
j825898,2,delay_tolerant,1.065,0.0,8.2,0.5,0.0,22,2,False,1.0,0.0
j826386,2,delay_tolerant,0.9283,0.0,7.7333,0.5,0.0,22,2,True,1.0,0.05
j826465,2,delay_tolerant,0.7917,0.0,7.7333,0.5,0.0,5,2,True,1.0,0.05
j826512,2,delay_tolerant,1.27,0.0,9.6,0.5,0.0,22,2,True,1.0,0.0463
j826631,2,delay_tolerant,0.7233,0.2236,7.7333,0.5,0.0,21,2,False,1.0,0.0
j826719,2,delay_tolerant,0.86,0.0,7.7333,0.5,0.0,19,2,True,1.0,0.05
j826999,2,token_batch,1.475,0.0,11.0,0.5,4232.876,16,1,False,1.0,0.0
j827398,2,token_batch,1.885,1.3712,13.8,0.5,4009.257,14,1,False,1.0,0.0
j827398,2,token_batch,2.5,0.6859,18.0,0.5,4357.323,22,1,False,1.0,0.0
j827398,2,delay_tolerant,1.3383,0.266,10.0667,0.5,0.0,22,2,False,1.0,0.0
j827398,2,delay_tolerant,0.5183,0.0,7.7333,0.5,0.0,21,2,False,1.0,0.0
j827398,2,token_batch,2.5,0.0,18.0,0.5,4518.763,21,1,False,1.0,0.0
j827398,2,delay_tolerant,1.3383,0.0,10.0667,0.5,0.0,14,2,False,1.0,0.0
j827398,2,token_batch,2.5,1.4663,18.0,0.5,5319.58,22,1,False,1.0,0.0
j827398,2,token_batch,2.5,0.0,18.0,0.5,5534.941,22,1,True,1.0,0.1192
j827398,2,delay_tolerant,0.5183,0.0,7.7333,0.5,0.0,22,2,True,1.0,0.05
j827398,2,delay_tolerant,0.86,0.0,7.7333,0.5,0.0,5,2,True,1.0,0.041
j828569,2,delay_tolerant,0.86,0.2677,7.7333,0.5,0.0,9,2,False,1.0,0.0
j828789,2,token_batch,1.475,0.6366,11.0,0.5,4183.196,23,1,True,1.0,0.05
j828789,2,delay_tolerant,1.3383,0.0,10.0667,0.5,0.0,22,2,False,1.0,0.0
j828929,2,token_batch,1.475,0.0,11.0,0.5,4304.932,22,1,True,1.0,0.1253
j828929,2,token_batch,1.475,0.8095,11.0,0.5,3701.463,22,1,True,1.0,0.05
j828951,2,delay_tolerant,1.2017,0.0,9.1333,0.5,0.0,14,2,False,1.0,0.0
j82907,2,delay_tolerant,1.3383,0.0,10.0667,0.5,0.0,18,2,False,1.0,0.0
j829289,2,delay_tolerant,0.5183,0.0,7.7333,0.5,0.0,14,2,True,1.0,0.066
j829682,2,token_batch,1.475,0.0,11.0,0.5,3719.768,22,1,True,1.0,0.1326
j829682,2,delay_tolerant,1.065,0.0,8.2,0.5,0.0,21,2,False,1.0,0.0
j8297,2,token_batch,1.475,0.7258,11.0,0.5,3856.513,17,1,False,1.0,0.0
j829955,2,token_batch,1.475,1.2845,11.0,0.5,4063.682,22,1,False,1.0,0.0
j830049,2,delay_tolerant,0.7917,0.5961,7.7333,0.5,0.0,19,2,False,1.0,0.0
j830049,2,delay_tolerant,0.5867,0.0,7.7333,0.5,0.0,17,2,True,1.0,0.0226
j830049,2,delay_tolerant,0.5183,0.0,7.7333,0.5,0.0,14,2,True,1.0,0.05
j830049,2,token_batch,1.475,1.1004,11.0,0.5,4007.867,23,1,True,1.0,0.05
j830049,2,token_batch,1.475,1.4188,11.0,0.5,3741.402,23,1,True,1.0,0.05
j830560,2,delay_tolerant,0.5183,0.0,7.7333,0.5,0.0,5,2,True,1.0,0.0871
j830588,2,delay_tolerant,0.9967,0.0,7.7333,0.5,0.0,13,2,False,1.0,0.0
j830790,2,delay_tolerant,1.3383,0.0,10.0667,0.5,0.0,23,2,False,1.0,0.0
j830942,2,delay_tolerant,1.3383,0.3182,10.0667,0.5,0.0,20,2,False,1.0,0.0
j831225,2,delay_tolerant,0.5867,0.0,7.7333,0.5,0.0,22,2,True,1.0,0.0826
j831514,2,delay_tolerant,1.27,0.0,9.6,0.5,0.0,9,2,False,1.0,0.0
j831514,2,delay_tolerant,0.7233,0.0,7.7333,0.5,0.0,5,2,True,1.0,0.05
j831514,2,token_batch,1.8167,0.6362,13.3333,0.5,4962.319,18,1,True,1.0,0.05
j83154,2,delay_tolerant,0.5867,0.0,7.7333,0.5,0.0,12,2,False,1.0,0.0
j831925,2,token_batch,1.475,0.8716,11.0,0.5,3675.39,23,1,False,1.0,0.0
j832319,2,delay_tolerant,1.065,0.0,8.2,0.5,0.0,22,2,True,1.0,0.0689
j832319,2,token_batch,1.475,0.0,11.0,0.5,4207.579,22,1,False,1.0,0.0
j832387,2,delay_tolerant,0.5183,0.0,7.7333,0.5,0.0,7,2,True,1.0,0.0664
j832925,2,token_batch,2.5,1.3127,18.0,0.5,4716.262,21,1,False,1.0,0.0
j832925,2,token_batch,2.5,1.4982,18.0,0.5,4618.917,16,1,True,1.0,0.05
j832925,2,delay_tolerant,0.5183,0.0,7.7333,0.5,0.0,14,2,False,1.0,0.0
j832925,2,token_batch,2.5,1.1151,18.0,0.5,5340.389,22,1,True,1.0,0.05
j832925,2,delay_tolerant,0.9283,0.0,7.7333,0.5,0.0,22,2,False,1.0,0.0
j832940,2,delay_tolerant,0.5183,0.0,7.7333,0.5,0.0,21,2,True,1.0,0.0368
j833458,2,token_batch,2.0217,1.3963,14.7333,0.5,5315.306,6,1,True,1.0,0.05
j833458,2,token_batch,2.5,0.8972,18.0,0.5,4518.359,13,1,True,1.0,0.05
j833744,2,token_batch,1.7483,0.0,12.8667,0.5,4550.161,16,1,False,1.0,0.0
j833744,2,token_batch,2.5,1.0029,18.0,0.5,4434.309,18,1,True,1.0,0.178
j833806,2,token_batch,1.475,0.8814,11.0,0.5,3534.494,23,1,False,1.0,0.0
j834243,2,token_batch,1.475,0.0,11.0,0.5,4125.85,20,1,False,1.0,0.0
j834878,2,delay_tolerant,0.655,0.0,7.7333,0.5,0.0,18,2,False,1.0,0.0
j835487,2,token_batch,1.475,0.4866,11.0,0.5,4524.831,18,1,True,1.0,0.1686
j835769,2,token_batch,1.475,0.0,11.0,0.5,3661.72,19,1,False,1.0,0.0
j835769,2,token_batch,1.475,0.0,11.0,0.5,4282.211,19,1,False,1.0,0.0
j835769,2,delay_tolerant,0.7917,0.0,7.7333,0.5,0.0,19,2,False,1.0,0.0
j835892,2,delay_tolerant,1.4067,0.0,10.5333,0.5,0.0,13,2,False,1.0,0.0
j836551,2,delay_tolerant,1.065,0.0,8.2,0.5,0.0,16,2,True,1.0,0.0293
j836769,2,delay_tolerant,0.655,0.2926,7.7333,0.5,0.0,5,2,True,1.0,0.0998
j837117,2,token_batch,2.5,0.9131,18.0,0.5,5574.478,16,1,False,1.0,0.0
j837117,2,token_batch,2.5,0.5794,18.0,0.5,4163.135,6,1,True,1.0,0.05
j837117,2,delay_tolerant,0.5183,0.0,7.7333,0.5,0.0,5,2,False,1.0,0.0
j837223,2,delay_tolerant,0.9967,0.0,7.7333,0.5,0.0,15,2,True,1.0,0.0615
j837340,2,delay_tolerant,1.065,0.0,8.2,0.5,0.0,23,2,True,1.0,0.05
j837340,2,delay_tolerant,0.5867,0.0,7.7333,0.5,0.0,22,2,False,1.0,0.0
j837376,2,delay_tolerant,0.9967,0.0,7.7333,0.5,0.0,19,2,False,1.0,0.0
j837400,2,delay_tolerant,0.7233,0.0,7.7333,0.5,0.0,14,2,True,1.0,0.05
j837446,2,delay_tolerant,0.5183,0.0,7.7333,0.5,0.0,10,2,False,1.0,0.0
j837520,2,delay_tolerant,0.7917,0.0,7.7333,0.5,0.0,12,2,True,1.0,0.0379
j837520,2,token_batch,1.475,0.0,11.0,0.5,3698.405,11,1,False,1.0,0.0
j837639,2,delay_tolerant,1.3383,0.0,10.0667,0.5,0.0,18,2,True,1.0,0.05
j837639,2,token_batch,1.475,0.7534,11.0,0.5,4280.246,18,1,True,1.0,0.05
j838002,2,delay_tolerant,0.5183,0.0,7.7333,0.5,0.0,5,2,False,1.0,0.0
j838002,2,delay_tolerant,0.5183,0.3535,7.7333,0.5,0.0,10,2,True,1.0,0.0631
j838002,2,delay_tolerant,0.86,0.0,7.7333,0.5,0.0,11,2,True,1.0,0.05
j838002,2,delay_tolerant,0.86,0.0,7.7333,0.5,0.0,10,2,False,1.0,0.0
j838002,2,token_batch,1.7483,0.0,12.8667,0.5,5286.955,12,1,False,1.0,0.0
j838002,2,delay_tolerant,1.1333,0.5129,8.6667,0.5,0.0,10,2,False,1.0,0.0
j838002,2,delay_tolerant,0.5183,0.0,7.7333,0.5,0.0,5,2,False,1.0,0.0
j838002,2,delay_tolerant,0.9967,0.0,7.7333,0.5,0.0,10,2,True,1.0,0.05
j838065,2,delay_tolerant,1.1333,0.0,8.6667,0.5,0.0,15,2,False,1.0,0.0
j838065,2,delay_tolerant,0.9967,0.0,7.7333,0.5,0.0,15,2,False,1.0,0.0
j838065,2,delay_tolerant,1.065,0.57,8.2,0.5,0.0,15,2,True,1.0,0.05
j838065,2,token_batch,1.475,0.0,11.0,0.5,3916.435,15,1,True,1.0,0.113
j838080,2,delay_tolerant,0.5183,0.0,7.7333,0.5,0.0,5,2,False,1.0,0.0
j838509,2,delay_tolerant,1.065,0.0,8.2,0.5,0.0,13,2,True,1.0,0.0912
j83854,2,delay_tolerant,1.3383,0.0,10.0667,0.5,0.0,22,2,True,1.0,0.0891
j83854,2,token_batch,1.475,0.0,11.0,0.5,4265.684,23,1,False,1.0,0.0
j838622,2,delay_tolerant,0.9283,0.0,7.7333,0.5,0.0,22,2,True,1.0,0.0583
j839355,2,delay_tolerant,0.86,0.0,7.7333,0.5,0.0,16,2,True,1.0,0.05
j839423,2,token_batch,1.475,0.5867,11.0,0.5,3548.418,15,1,False,1.0,0.0
j839724,2,delay_tolerant,1.27,0.0,9.6,0.5,0.0,16,2,False,1.0,0.0
j839848,2,delay_tolerant,1.065,0.0,8.2,0.5,0.0,20,2,False,1.0,0.0
j84000,2,delay_tolerant,0.5183,0.0,7.7333,0.5,0.0,14,2,False,1.0,0.0
j840962,2,delay_tolerant,0.5183,0.0,7.7333,0.5,0.0,5,2,False,1.0,0.0
j840962,2,token_batch,1.475,0.5242,11.0,0.5,3425.814,20,1,False,1.0,0.0
j841323,2,token_batch,2.5,1.3859,18.0,0.5,4459.306,19,1,True,1.0,0.05
j841323,2,delay_tolerant,0.7917,0.0,7.7333,0.5,0.0,16,2,True,1.0,0.0686
j841323,2,delay_tolerant,0.5183,0.0,7.7333,0.5,0.0,17,2,True,1.0,0.05
j841323,2,delay_tolerant,1.1333,0.0,8.6667,0.5,0.0,7,2,False,1.0,0.0
j841323,2,token_batch,2.5,0.7674,18.0,0.5,4663.302,19,1,True,1.0,0.05
j841323,2,token_batch,1.6117,1.4011,11.9333,0.5,4668.97,17,1,True,1.0,0.05
j841323,2,delay_sensitive,0.655,0.0,7.7333,0.5,0.0,3,3,False,1.0,0.0
j841323,2,token_batch,2.5,0.0,18.0,0.5,4214.285,7,1,True,1.0,0.1269
j841323,2,delay_tolerant,0.5183,0.0,7.7333,0.5,0.0,18,2,False,1.0,0.0
j841323,2,delay_tolerant,1.3383,0.0,10.0667,0.5,0.0,17,2,False,1.0,0.0
j841524,2,delay_tolerant,0.5183,0.0,7.7333,0.5,0.0,5,2,True,1.0,0.05
j841524,2,token_batch,2.5,1.328,18.0,0.5,5158.745,17,1,False,1.0,0.0
j841524,2,delay_tolerant,0.5183,0.0,7.7333,0.5,0.0,18,2,False,1.0,0.0
j841842,2,token_batch,1.475,1.2764,11.0,0.5,4283.166,17,1,True,1.0,0.1577
j841904,2,delay_tolerant,0.9283,0.0,7.7333,0.5,0.0,13,2,True,1.0,0.0434
j841911,2,token_batch,2.5,0.9441,18.0,0.5,5090.675,20,1,True,1.0,0.1141
j841911,2,token_batch,1.885,0.5865,13.8,0.5,5200.299,19,1,True,1.0,0.05
j841915,2,delay_tolerant,0.655,0.0,7.7333,0.5,0.0,12,2,True,1.0,0.0729
j841980,2,token_batch,1.475,0.6395,11.0,0.5,4378.131,19,1,True,1.0,0.05
j841980,2,token_batch,1.475,0.0,11.0,0.5,4122.758,20,1,False,1.0,0.0
j842186,2,delay_tolerant,0.9283,0.0,7.7333,0.5,0.0,10,2,False,1.0,0.0
j842275,2,delay_tolerant,0.5183,0.0,7.7333,0.5,0.0,5,2,True,1.0,0.0841
j842285,2,delay_tolerant,0.5183,0.2571,7.7333,0.5,0.0,16,2,True,1.0,0.05
j842468,2,delay_tolerant,0.5867,0.0,7.7333,0.5,0.0,5,2,False,1.0,0.0
j843663,2,token_batch,2.5,0.0,18.0,0.5,4307.974,20,1,False,1.0,0.0
j843663,2,token_batch,2.5,1.096,18.0,0.5,4957.062,19,1,True,1.0,0.05
j843894,2,delay_tolerant,0.86,0.0,7.7333,0.5,0.0,19,2,False,1.0,0.0
j843894,2,delay_tolerant,0.655,0.0,7.7333,0.5,0.0,5,2,True,1.0,0.05
j84399,2,delay_tolerant,1.2017,0.0,9.1333,0.5,0.0,12,2,False,1.0,0.0
j84399,2,delay_tolerant,0.9967,0.0,7.7333,0.5,0.0,13,2,True,1.0,0.094
j84399,2,delay_tolerant,1.4067,0.0,10.5333,0.5,0.0,13,2,False,1.0,0.0
j84399,2,delay_tolerant,1.1333,0.0,8.6667,0.5,0.0,12,2,False,1.0,0.0
j844029,2,delay_tolerant,1.4067,0.0,10.5333,0.5,0.0,14,2,True,1.0,0.0694
j844300,2,delay_tolerant,1.4067,0.0,10.5333,0.5,0.0,9,2,True,1.0,0.05
j844533,2,delay_tolerant,0.655,0.0,7.7333,0.5,0.0,20,2,False,1.0,0.0
j844533,2,delay_tolerant,0.5183,0.0,7.7333,0.5,0.0,19,2,False,1.0,0.0
j844766,2,token_batch,1.475,0.7234,11.0,0.5,3611.825,16,1,True,1.0,0.1933
j845221,2,delay_tolerant,0.5183,0.4713,7.7333,0.5,0.0,14,2,True,1.0,0.05
j84527,2,delay_tolerant,0.9967,0.0,7.7333,0.5,0.0,11,2,False,1.0,0.0
j84527,2,delay_tolerant,0.655,0.0,7.7333,0.5,0.0,10,2,True,1.0,0.05
j845328,2,delay_tolerant,0.5183,0.0,7.7333,0.5,0.0,10,2,False,1.0,0.0
j845328,2,delay_tolerant,0.655,0.0,7.7333,0.5,0.0,11,2,False,1.0,0.0
j845328,2,token_batch,2.5,0.0,18.0,0.5,4556.911,10,1,False,1.0,0.0
j845362,2,delay_sensitive,0.7233,0.0,7.7333,0.5,0.0,3,3,False,1.0,0.0
j845362,2,delay_tolerant,1.2017,0.0,9.1333,0.5,0.0,15,2,False,1.0,0.0
j845362,2,token_batch,1.475,0.0,11.0,0.5,3466.097,15,1,True,1.0,0.1535
j845761,2,delay_tolerant,1.1333,0.0,8.6667,0.5,0.0,18,2,True,1.0,0.05
j84599,2,delay_tolerant,0.7233,0.0,7.7333,0.5,0.0,12,2,False,1.0,0.0
j84599,2,token_batch,1.475,1.3275,11.0,0.5,4387.622,15,1,False,1.0,0.0
j846286,2,delay_tolerant,0.655,0.0,7.7333,0.5,0.0,20,2,True,1.0,0.0484
j846465,2,token_batch,1.475,0.8244,11.0,0.5,3428.824,18,1,True,1.0,0.0927
j846650,2,token_batch,1.475,0.8997,11.0,0.5,4525.69,19,1,True,1.0,0.05
j847063,2,token_batch,2.5,0.8814,18.0,0.5,5598.643,19,1,True,1.0,0.05
j847089,2,token_batch,1.475,1.2007,11.0,0.5,4333.727,19,1,True,1.0,0.1581
j84722,2,delay_tolerant,1.4067,0.0,10.5333,0.5,0.0,9,2,True,1.0,0.0412
j84722,2,token_batch,1.885,0.609,13.8,0.5,4905.691,9,1,False,1.0,0.0
j84722,2,token_batch,2.5,0.0,18.0,0.5,4266.081,10,1,False,1.0,0.0
j847438,2,delay_tolerant,0.5183,0.0,7.7333,0.5,0.0,5,2,True,1.0,0.0779
j847438,2,delay_tolerant,1.27,0.0,9.6,0.5,0.0,22,2,True,1.0,0.0574
j847458,2,token_batch,1.475,0.6927,11.0,0.5,3464.66,12,1,True,1.0,0.05
j847513,2,token_batch,1.7483,0.0,12.8667,0.5,5144.591,14,1,False,1.0,0.0
j847513,2,token_batch,2.5,0.0,18.0,0.5,4262.32,12,1,False,1.0,0.0
j847513,2,delay_tolerant,1.27,0.0,9.6,0.5,0.0,14,2,False,1.0,0.0
j847783,2,token_batch,1.475,0.6589,11.0,0.5,3547.368,23,1,False,1.0,0.0
j848082,2,delay_tolerant,0.7917,0.0,7.7333,0.5,0.0,19,2,False,1.0,0.0
j84842,2,delay_tolerant,1.1333,0.0,8.6667,0.5,0.0,19,2,False,1.0,0.0
j848694,2,delay_tolerant,0.7233,0.0,7.7333,0.5,0.0,14,2,False,1.0,0.0
j848694,2,delay_tolerant,0.7917,0.0,7.7333,0.5,0.0,13,2,False,1.0,0.0
j848694,2,token_batch,1.475,0.5691,11.0,0.5,4540.979,14,1,True,1.0,0.05
j848694,2,token_batch,1.475,0.9532,11.0,0.5,3934.694,13,1,False,1.0,0.0
j849435,2,delay_tolerant,0.5183,0.0,7.7333,0.5,0.0,15,2,True,1.0,0.0859
j849435,2,token_batch,2.5,0.4143,18.0,0.5,5154.892,6,1,True,1.0,0.05
j849435,2,token_batch,1.5433,0.464,11.4667,0.5,4606.674,14,1,True,1.0,0.05
j849708,2,delay_tolerant,0.5183,0.0,7.7333,0.5,0.0,5,2,False,1.0,0.0
j849793,2,delay_tolerant,1.3383,0.0,10.0667,0.5,0.0,10,2,False,1.0,0.0
j849793,2,delay_tolerant,1.27,0.0,9.6,0.5,0.0,9,2,True,1.0,0.05
j84983,2,delay_tolerant,1.3383,0.0,10.0667,0.5,0.0,23,2,True,1.0,0.05
j850323,2,token_batch,1.475,1.2889,11.0,0.5,3887.617,13,1,True,1.0,0.1123
j850323,2,token_batch,1.475,0.0,11.0,0.5,3670.792,14,1,True,1.0,0.1556
j850700,2,delay_tolerant,0.5183,0.0,7.7333,0.5,0.0,15,2,True,1.0,0.05
j850814,2,token_batch,1.475,0.0,11.0,0.5,4517.078,19,1,True,1.0,0.094
j850814,2,delay_tolerant,1.4067,0.0,10.5333,0.5,0.0,20,2,True,1.0,0.05
j851184,2,delay_tolerant,0.655,0.0,7.7333,0.5,0.0,16,2,False,1.0,0.0
j851184,2,delay_tolerant,1.4067,0.0,10.5333,0.5,0.0,16,2,False,1.0,0.0
j851212,2,delay_tolerant,1.27,0.0,9.6,0.5,0.0,12,2,False,1.0,0.0
j851494,2,delay_tolerant,0.5183,0.0,7.7333,0.5,0.0,21,2,False,1.0,0.0
j851728,2,delay_tolerant,0.5183,0.0,7.7333,0.5,0.0,13,2,False,1.0,0.0
j851728,2,delay_tolerant,0.86,0.0,7.7333,0.5,0.0,12,2,False,1.0,0.0
j851778,2,delay_tolerant,0.9967,0.0,7.7333,0.5,0.0,11,2,False,1.0,0.0
j851791,2,delay_tolerant,1.2017,0.0,9.1333,0.5,0.0,22,2,False,1.0,0.0
j852040,2,delay_tolerant,1.1333,0.0,8.6667,0.5,0.0,20,2,False,1.0,0.0
j852040,2,delay_tolerant,1.1333,0.0,8.6667,0.5,0.0,20,2,False,1.0,0.0
j852349,2,token_batch,1.475,0.481,11.0,0.5,3973.243,20,1,True,1.0,0.128
j852418,2,token_batch,1.475,0.0,11.0,0.5,3554.305,22,1,False,1.0,0.0
j85253,2,token_batch,1.475,0.0,11.0,0.5,3667.919,19,1,False,1.0,0.0
j852554,2,delay_tolerant,0.5183,0.0,7.7333,0.5,0.0,5,2,True,1.0,0.05
j852775,2,delay_tolerant,0.655,0.0,7.7333,0.5,0.0,10,2,True,1.0,0.0853
j852813,2,delay_tolerant,0.86,0.0,7.7333,0.5,0.0,21,2,True,1.0,0.0952
j852813,2,delay_tolerant,0.5183,0.0,7.7333,0.5,0.0,14,2,True,1.0,0.05
j853565,2,token_batch,1.475,1.27,11.0,0.5,3583.611,23,1,False,1.0,0.0
j853565,2,delay_tolerant,0.5867,0.0,7.7333,0.5,0.0,22,2,False,1.0,0.0
j853565,2,delay_tolerant,1.1333,0.0,8.6667,0.5,0.0,23,2,True,1.0,0.05
j85367,2,delay_tolerant,0.655,0.0,7.7333,0.5,0.0,23,2,True,1.0,0.05
j85367,2,delay_tolerant,1.065,0.0,8.2,0.5,0.0,23,2,True,1.0,0.0347
j85367,2,token_batch,1.6117,0.5035,11.9333,0.5,5085.117,23,1,False,1.0,0.0
j85367,2,token_batch,2.5,1.3889,18.0,0.5,4376.786,23,1,True,1.0,0.05
j854012,2,delay_tolerant,1.2017,0.0,9.1333,0.5,0.0,9,2,True,1.0,0.0313
j854452,2,delay_tolerant,0.5867,0.0,7.7333,0.5,0.0,19,2,False,1.0,0.0
j854452,2,delay_tolerant,0.7917,0.0,7.7333,0.5,0.0,19,2,False,1.0,0.0
j854715,2,token_batch,1.475,0.0,11.0,0.5,4175.919,10,1,False,1.0,0.0
j854768,2,delay_tolerant,0.655,0.3138,7.7333,0.5,0.0,7,2,False,1.0,0.0
j854836,2,token_batch,1.475,0.0,11.0,0.5,4216.746,16,1,False,1.0,0.0
j854836,2,delay_tolerant,0.5183,0.0,7.7333,0.5,0.0,5,2,True,1.0,0.0739
j8552,2,delay_tolerant,0.9967,0.0,7.7333,0.5,0.0,13,2,True,1.0,0.0293
j855263,2,delay_tolerant,0.5183,0.0,7.7333,0.5,0.0,15,2,False,1.0,0.0
j857770,2,delay_tolerant,0.5183,0.0,7.7333,0.5,0.0,5,2,True,1.0,0.0236
j857770,2,delay_tolerant,1.3383,0.0,10.0667,0.5,0.0,22,2,False,1.0,0.0
j857894,2,delay_tolerant,1.27,0.0,9.6,0.5,0.0,20,2,True,1.0,0.05
j857894,2,delay_tolerant,0.86,0.0,7.7333,0.5,0.0,19,2,True,1.0,0.05
j857943,2,delay_tolerant,1.27,0.0,9.6,0.5,0.0,19,2,True,1.0,0.05
j857943,2,delay_tolerant,0.9967,0.0,7.7333,0.5,0.0,19,2,True,1.0,0.05
j858753,2,delay_tolerant,0.9283,0.0,7.7333,0.5,0.0,10,2,False,1.0,0.0
j858937,2,delay_tolerant,1.1333,0.0,8.6667,0.5,0.0,18,2,True,1.0,0.05
j858937,2,token_batch,1.475,1.3779,11.0,0.5,4375.994,17,1,True,1.0,0.1492
j859006,2,token_batch,1.475,0.7013,11.0,0.5,3931.17,20,1,True,1.0,0.05
j859129,2,token_batch,1.475,0.5539,11.0,0.5,3737.209,16,1,True,1.0,0.05
j859129,2,delay_tolerant,0.5183,0.0,7.7333,0.5,0.0,5,2,True,1.0,0.0293
j859206,2,token_batch,1.6117,1.2453,11.9333,0.5,4985.62,6,1,True,1.0,0.05
j859206,2,token_batch,1.6117,0.0,11.9333,0.5,4226.09,11,1,False,1.0,0.0
j859206,2,delay_tolerant,0.5183,0.0,7.7333,0.5,0.0,5,2,False,1.0,0.0
j859206,2,token_batch,1.8167,1.194,13.3333,0.5,4871.68,6,1,False,1.0,0.0
j859206,2,token_batch,1.8167,0.0,13.3333,0.5,5061.003,12,1,False,1.0,0.0
j859206,2,delay_tolerant,0.5183,0.0,7.7333,0.5,0.0,5,2,True,1.0,0.05
j859206,2,delay_tolerant,0.5183,0.0,7.7333,0.5,0.0,5,2,True,1.0,0.05
j859206,2,delay_tolerant,0.86,0.0,7.7333,0.5,0.0,5,2,True,1.0,0.0333
j859206,2,delay_tolerant,0.5183,0.0,7.7333,0.5,0.0,12,2,False,1.0,0.0
j859206,2,token_batch,1.7483,0.0,12.8667,0.5,4947.26,11,1,False,1.0,0.0
j859206,2,delay_tolerant,0.5183,0.0,7.7333,0.5,0.0,11,2,True,1.0,0.0221
j859206,2,token_batch,1.5433,0.0,11.4667,0.5,5110.095,11,1,False,1.0,0.0
j859206,2,delay_tolerant,0.5183,0.0,7.7333,0.5,0.0,12,2,False,1.0,0.0
j859206,2,delay_tolerant,0.7917,0.0,7.7333,0.5,0.0,5,2,True,1.0,0.05
j859206,2,delay_tolerant,0.9283,0.0,7.7333,0.5,0.0,5,2,False,1.0,0.0
j859390,2,delay_tolerant,1.3383,0.0,10.0667,0.5,0.0,13,2,True,1.0,0.0873
j859561,2,token_batch,1.475,1.064,11.0,0.5,4318.721,10,1,True,1.0,0.05
j859561,2,token_batch,1.475,0.0,11.0,0.5,4202.304,9,1,True,1.0,0.1584
j860224,2,delay_tolerant,0.5183,0.5645,7.7333,0.5,0.0,14,2,True,1.0,0.05
j860310,2,delay_tolerant,0.5183,0.0,7.7333,0.5,0.0,5,2,False,1.0,0.0
j860329,2,delay_tolerant,0.5183,0.0,7.7333,0.5,0.0,13,2,True,1.0,0.0477
j860648,2,delay_tolerant,1.3383,0.0,10.0667,0.5,0.0,19,2,True,1.0,0.05
j860676,2,delay_tolerant,0.655,0.0,7.7333,0.5,0.0,5,2,False,1.0,0.0
j860698,2,delay_tolerant,0.9967,0.0,7.7333,0.5,0.0,14,2,False,1.0,0.0
j860698,2,token_batch,1.475,1.0488,11.0,0.5,3852.161,13,1,True,1.0,0.116
j860767,2,delay_tolerant,0.5183,0.0,7.7333,0.5,0.0,22,2,False,1.0,0.0
j860782,2,token_batch,2.5,0.6093,18.0,0.5,4562.239,13,1,True,1.0,0.1358
j860782,2,token_batch,2.5,0.9559,18.0,0.5,5391.683,14,1,True,1.0,0.05
j861942,2,delay_tolerant,0.5183,0.4359,7.7333,0.5,0.0,14,2,True,1.0,0.0283
j861942,2,token_batch,1.475,0.7742,11.0,0.5,4599.89,23,1,True,1.0,0.05
j861942,2,delay_tolerant,0.5183,0.0,7.7333,0.5,0.0,5,2,False,1.0,0.0
j861942,2,delay_tolerant,0.5183,0.0,7.7333,0.5,0.0,22,2,True,1.0,0.05
j861942,2,delay_tolerant,0.9967,0.0,7.7333,0.5,0.0,23,2,False,1.0,0.0
j862342,2,delay_tolerant,1.27,0.0,9.6,0.5,0.0,17,2,False,1.0,0.0
j862814,2,token_batch,1.475,1.2322,11.0,0.5,3950.321,23,1,False,1.0,0.0
j862814,2,token_batch,1.475,0.0,11.0,0.5,3826.931,22,1,False,1.0,0.0
j863201,2,token_batch,2.5,1.4875,18.0,0.5,5459.597,10,1,True,1.0,0.05
j863201,2,token_batch,2.5,0.0,18.0,0.5,4633.969,10,1,True,1.0,0.1299
j863281,2,token_batch,1.475,0.0,11.0,0.5,3627.663,23,1,False,1.0,0.0
j863467,2,token_batch,1.475,0.0,11.0,0.5,3459.574,22,1,False,1.0,0.0
j863484,2,delay_tolerant,0.5867,0.0,7.7333,0.5,0.0,5,2,True,1.0,0.05
j863513,2,delay_tolerant,0.5183,0.0,7.7333,0.5,0.0,12,2,False,1.0,0.0
j863513,2,delay_tolerant,0.655,0.0,7.7333,0.5,0.0,7,2,False,1.0,0.0
j863735,2,token_batch,1.475,1.1142,11.0,0.5,4204.275,11,1,True,1.0,0.1711
j863735,2,delay_tolerant,1.065,0.0,8.2,0.5,0.0,10,2,False,1.0,0.0
j863851,2,delay_tolerant,0.5183,0.0,7.7333,0.5,0.0,19,2,False,1.0,0.0
j863851,2,delay_tolerant,0.5183,0.0,7.7333,0.5,0.0,5,2,True,1.0,0.0685
j8639,2,token_batch,1.475,0.4214,11.0,0.5,4056.674,14,1,True,1.0,0.1291
j863912,2,delay_tolerant,0.7917,0.0,7.7333,0.5,0.0,5,2,True,1.0,0.05
j863912,2,delay_tolerant,0.5183,0.0,7.7333,0.5,0.0,12,2,False,1.0,0.0
j863912,2,token_batch,1.6117,0.0,11.9333,0.5,4232.335,12,1,False,1.0,0.0
j864318,2,token_batch,2.5,0.8507,18.0,0.5,5508.915,19,1,True,1.0,0.1783
j864318,2,delay_tolerant,1.27,0.0,9.6,0.5,0.0,22,2,False,1.0,0.0
j864318,2,delay_tolerant,0.655,0.0,7.7333,0.5,0.0,20,2,False,1.0,0.0
j864937,2,delay_tolerant,1.1333,0.0,8.6667,0.5,0.0,10,2,True,1.0,0.039
j864937,2,delay_tolerant,0.5867,0.0,7.7333,0.5,0.0,11,2,True,1.0,0.05
j86539,2,delay_tolerant,0.9967,0.0,7.7333,0.5,0.0,20,2,False,1.0,0.0
j865409,2,delay_tolerant,0.5183,0.0,7.7333,0.5,0.0,5,2,True,1.0,0.05
j865556,2,delay_tolerant,1.27,0.0,9.6,0.5,0.0,13,2,True,1.0,0.0797
j865651,2,delay_sensitive,0.5183,0.0,7.7333,0.5,0.0,3,3,False,1.0,0.0
j865651,2,delay_tolerant,0.5183,0.0,7.7333,0.5,0.0,12,2,False,1.0,0.0
j865651,2,delay_tolerant,0.5183,0.0,7.7333,0.5,0.0,14,2,True,1.0,0.05
j865651,2,token_batch,1.6117,0.9163,11.9333,0.5,4752.248,6,1,False,1.0,0.0
j865686,2,delay_tolerant,0.655,0.0,7.7333,0.5,0.0,13,2,False,1.0,0.0
j866112,2,delay_tolerant,0.5183,0.0,7.7333,0.5,0.0,9,2,False,1.0,0.0
j866112,2,delay_tolerant,0.5183,0.0,7.7333,0.5,0.0,5,2,True,1.0,0.05
j866112,2,token_batch,1.475,0.7638,11.0,0.5,3977.898,19,1,True,1.0,0.05
j866112,2,token_batch,1.475,1.2892,11.0,0.5,4516.781,18,1,True,1.0,0.05
j866327,2,delay_tolerant,1.4067,0.0,10.5333,0.5,0.0,20,2,False,1.0,0.0
j866327,2,delay_tolerant,0.9967,0.0,7.7333,0.5,0.0,20,2,True,1.0,0.05
j866375,2,delay_tolerant,0.5183,0.0,7.7333,0.5,0.0,16,2,True,1.0,0.0469
j86677,2,token_batch,1.475,0.5679,11.0,0.5,4094.656,23,1,False,1.0,0.0
j86677,2,delay_tolerant,0.5183,0.0,7.7333,0.5,0.0,5,2,True,1.0,0.05
j867069,2,token_batch,1.475,0.8395,11.0,0.5,4196.864,14,1,True,1.0,0.05
j867069,2,delay_tolerant,0.655,0.0,7.7333,0.5,0.0,7,2,True,1.0,0.0474
j867191,2,delay_tolerant,1.3383,0.0,10.0667,0.5,0.0,18,2,False,1.0,0.0
j86785,2,delay_tolerant,0.86,0.0,7.7333,0.5,0.0,5,2,False,1.0,0.0
j867952,2,token_batch,1.5433,1.3332,11.4667,0.5,4312.426,20,1,True,1.0,0.1621
j867952,2,delay_tolerant,0.86,0.0,7.7333,0.5,0.0,16,2,False,1.0,0.0
j867952,2,delay_tolerant,0.5183,0.0,7.7333,0.5,0.0,20,2,False,1.0,0.0
j867954,2,delay_tolerant,0.7917,0.0,7.7333,0.5,0.0,19,2,True,1.0,0.05
j868450,2,token_batch,1.475,0.512,11.0,0.5,3671.643,12,1,True,1.0,0.1704
j868450,2,token_batch,1.475,0.7253,11.0,0.5,4328.987,13,1,False,1.0,0.0
j868450,2,delay_tolerant,0.5183,0.0,7.7333,0.5,0.0,5,2,False,1.0,0.0
j869158,2,delay_tolerant,0.5183,0.0,7.7333,0.5,0.0,17,2,False,1.0,0.0
j869158,2,token_batch,2.5,0.9086,18.0,0.5,4930.74,9,1,True,1.0,0.05
j869158,2,delay_tolerant,1.4067,0.0,10.5333,0.5,0.0,18,2,True,1.0,0.05
j869262,2,delay_tolerant,0.5183,0.0,7.7333,0.5,0.0,5,2,True,1.0,0.05
j869262,2,token_batch,1.475,0.0,11.0,0.5,3483.94,14,1,True,1.0,0.1367
j869262,2,delay_tolerant,1.3383,0.529,10.0667,0.5,0.0,14,2,False,1.0,0.0
j869262,2,token_batch,1.475,1.2111,11.0,0.5,4359.082,14,1,True,1.0,0.05
j869470,2,token_batch,1.475,0.4863,11.0,0.5,4549.441,20,1,True,1.0,0.05
j869795,2,delay_tolerant,1.065,0.0,8.2,0.5,0.0,18,2,True,1.0,0.0747
j870275,2,delay_tolerant,0.9967,0.0,7.7333,0.5,0.0,12,2,True,1.0,0.0203
j871084,2,delay_tolerant,1.3383,0.0,10.0667,0.5,0.0,23,2,False,1.0,0.0
j871689,2,delay_tolerant,1.2017,0.5842,9.1333,0.5,0.0,15,2,True,1.0,0.05
j871689,2,delay_tolerant,0.7233,0.0,7.7333,0.5,0.0,16,2,True,1.0,0.05
j871689,2,delay_tolerant,0.5183,0.0,7.7333,0.5,0.0,12,2,False,1.0,0.0
j871727,2,delay_tolerant,0.5183,0.0,7.7333,0.5,0.0,16,2,True,1.0,0.05
j872923,2,delay_tolerant,0.9283,0.0,7.7333,0.5,0.0,13,2,True,1.0,0.0719
j872923,2,delay_tolerant,1.3383,0.3949,10.0667,0.5,0.0,5,2,False,1.0,0.0
j873150,2,token_batch,2.5,0.9991,18.0,0.5,4652.03,19,1,True,1.0,0.05
j873150,2,delay_tolerant,0.5183,0.5957,7.7333,0.5,0.0,19,2,False,1.0,0.0
j873242,2,token_batch,1.475,1.0343,11.0,0.5,4135.984,22,1,False,1.0,0.0
j873330,2,token_batch,1.5433,0.0,11.4667,0.5,4728.875,6,1,False,1.0,0.0
j873330,2,delay_tolerant,0.5867,0.0,7.7333,0.5,0.0,15,2,True,1.0,0.05
j873330,2,delay_tolerant,0.9967,0.0,7.7333,0.5,0.0,15,2,False,1.0,0.0
j873330,2,token_batch,2.5,0.8438,18.0,0.5,4687.233,15,1,False,1.0,0.0
j873330,2,delay_tolerant,1.4067,0.0,10.5333,0.5,0.0,15,2,False,1.0,0.0
j873330,2,delay_tolerant,0.5183,0.0,7.7333,0.5,0.0,7,2,True,1.0,0.05
j873330,2,token_batch,1.885,0.7595,13.8,0.5,3980.496,16,1,True,1.0,0.05
j873330,2,token_batch,1.885,1.3208,13.8,0.5,5007.366,16,1,True,1.0,0.1353
j873330,2,delay_tolerant,0.7233,0.0,7.7333,0.5,0.0,16,2,True,1.0,0.0219
j873330,2,delay_tolerant,0.5183,0.0,7.7333,0.5,0.0,12,2,True,1.0,0.05
j873330,2,delay_tolerant,1.065,0.0,8.2,0.5,0.0,16,2,False,1.0,0.0
j873330,2,token_batch,1.8167,0.8621,13.3333,0.5,5067.762,15,1,True,1.0,0.1913
j873330,2,token_batch,1.8167,0.0,13.3333,0.5,5197.097,14,1,False,1.0,0.0
j873330,2,delay_tolerant,0.5183,0.0,7.7333,0.5,0.0,5,2,False,1.0,0.0
j873330,2,token_batch,1.5433,0.5218,11.4667,0.5,5088.817,12,1,False,1.0,0.0
j873330,2,token_batch,1.5433,0.7663,11.4667,0.5,4819.258,14,1,True,1.0,0.05
j873330,2,token_batch,1.8167,0.0,13.3333,0.5,4766.679,15,1,True,1.0,0.1157
j873330,2,token_batch,1.5433,0.0,11.4667,0.5,4518.487,6,1,False,1.0,0.0
j873330,2,delay_sensitive,1.2017,0.0,9.1333,0.5,0.0,3,3,False,1.0,0.0
j873532,2,delay_tolerant,0.5867,0.0,7.7333,0.5,0.0,10,2,True,1.0,0.05
j873675,2,delay_tolerant,0.9967,0.3119,7.7333,0.5,0.0,22,2,False,1.0,0.0
j873884,2,delay_tolerant,0.7917,0.0,7.7333,0.5,0.0,22,2,False,1.0,0.0
j873930,2,delay_tolerant,1.27,0.0,9.6,0.5,0.0,11,2,True,1.0,0.05
j873930,2,delay_tolerant,0.9283,0.3047,7.7333,0.5,0.0,5,2,True,1.0,0.05
j873930,2,delay_tolerant,1.2017,0.0,9.1333,0.5,0.0,11,2,True,1.0,0.0812
j873973,2,token_batch,1.475,0.7555,11.0,0.5,3920.841,10,1,True,1.0,0.125
j874019,2,delay_tolerant,1.2017,0.0,9.1333,0.5,0.0,22,2,False,1.0,0.0
j874077,2,token_batch,1.475,0.5511,11.0,0.5,3648.85,21,1,False,1.0,0.0
j874077,2,token_batch,1.475,0.6705,11.0,0.5,3717.144,22,1,False,1.0,0.0
j874291,2,delay_tolerant,0.7233,0.0,7.7333,0.5,0.0,16,2,True,1.0,0.0577
j874291,2,delay_tolerant,0.7233,0.0,7.7333,0.5,0.0,16,2,False,1.0,0.0
j874331,2,token_batch,1.475,1.2616,11.0,0.5,4299.159,11,1,False,1.0,0.0
j874331,2,delay_tolerant,1.2017,0.0,9.1333,0.5,0.0,12,2,False,1.0,0.0
j874615,2,delay_tolerant,1.4067,0.0,10.5333,0.5,0.0,13,2,True,1.0,0.05
j874709,2,delay_tolerant,0.9967,0.0,7.7333,0.5,0.0,11,2,True,1.0,0.05
j875010,2,delay_tolerant,0.5183,0.0,7.7333,0.5,0.0,5,2,True,1.0,0.05
j875502,2,delay_tolerant,1.065,0.0,8.2,0.5,0.0,11,2,True,1.0,0.05
j875502,2,delay_tolerant,1.2017,0.0,9.1333,0.5,0.0,11,2,False,1.0,0.0
j875519,2,delay_tolerant,0.86,0.0,7.7333,0.5,0.0,16,2,True,1.0,0.05
j875603,2,token_batch,1.475,0.5301,11.0,0.5,4188.83,19,1,True,1.0,0.05
j875977,2,delay_tolerant,0.9967,0.0,7.7333,0.5,0.0,18,2,True,1.0,0.05
j876070,2,delay_tolerant,0.86,0.0,7.7333,0.5,0.0,22,2,True,1.0,0.05
j876302,2,token_batch,1.475,0.0,11.0,0.5,4448.817,12,1,False,1.0,0.0
j876302,2,token_batch,1.475,0.0,11.0,0.5,3783.11,12,1,True,1.0,0.0812
j876508,2,delay_tolerant,0.655,0.0,7.7333,0.5,0.0,5,2,True,1.0,0.0929
j876747,2,delay_tolerant,0.5183,0.0,7.7333,0.5,0.0,9,2,False,1.0,0.0
j876747,2,delay_tolerant,0.5183,0.0,7.7333,0.5,0.0,9,2,False,1.0,0.0
j877115,2,delay_tolerant,0.9967,0.0,7.7333,0.5,0.0,13,2,False,1.0,0.0
j878171,2,delay_tolerant,1.3383,0.0,10.0667,0.5,0.0,19,2,True,1.0,0.0229
j879414,2,token_batch,1.475,0.8067,11.0,0.5,4271.286,13,1,True,1.0,0.05
j879673,2,delay_tolerant,0.655,0.0,7.7333,0.5,0.0,6,2,False,1.0,0.0
j879673,2,delay_tolerant,0.5183,0.0,7.7333,0.5,0.0,15,2,False,1.0,0.0
j879673,2,delay_tolerant,0.7917,0.0,7.7333,0.5,0.0,6,2,False,1.0,0.0
j879677,2,token_batch,2.5,1.0468,18.0,0.5,5476.622,14,1,True,1.0,0.1478
j879677,2,token_batch,1.5433,0.0,11.4667,0.5,4323.242,16,1,True,1.0,0.1284
j879677,2,token_batch,2.5,1.2384,18.0,0.5,5488.783,23,1,True,1.0,0.171
j879677,2,token_batch,2.5,0.5109,18.0,0.5,5032.787,22,1,True,1.0,0.1451
j879677,2,token_batch,2.5,1.2111,18.0,0.5,5428.066,22,1,True,1.0,0.05
j879847,2,delay_tolerant,0.9967,0.0,7.7333,0.5,0.0,12,2,True,1.0,0.0983
j879847,2,delay_tolerant,0.86,0.0,7.7333,0.5,0.0,15,2,False,1.0,0.0
j879847,2,delay_tolerant,0.655,0.0,7.7333,0.5,0.0,16,2,True,1.0,0.05
j879847,2,delay_tolerant,1.27,0.0,9.6,0.5,0.0,6,2,False,1.0,0.0
j879847,2,delay_tolerant,0.655,0.0,7.7333,0.5,0.0,5,2,False,1.0,0.0
j879847,2,delay_tolerant,0.9283,0.3758,7.7333,0.5,0.0,6,2,False,1.0,0.0
j879847,2,delay_tolerant,1.2017,0.0,9.1333,0.5,0.0,16,2,True,1.0,0.0446
j879847,2,delay_tolerant,0.5183,0.0,7.7333,0.5,0.0,15,2,True,1.0,0.05
j879847,2,delay_tolerant,1.1333,0.0,8.6667,0.5,0.0,5,2,False,1.0,0.0
j879969,2,token_batch,1.475,0.652,11.0,0.5,3674.933,11,1,False,1.0,0.0
j879969,2,token_batch,1.475,0.8084,11.0,0.5,3696.867,12,1,True,1.0,0.0839
j880063,2,delay_tolerant,1.2017,0.0,9.1333,0.5,0.0,10,2,False,1.0,0.0
j880321,2,token_batch,1.8167,0.5054,13.3333,0.5,4461.779,6,1,True,1.0,0.05
j880769,2,delay_tolerant,0.5183,0.5494,7.7333,0.5,0.0,14,2,True,1.0,0.05
j880813,2,delay_tolerant,0.9967,0.3988,7.7333,0.5,0.0,20,2,True,1.0,0.05
j880817,2,delay_tolerant,0.5183,0.0,7.7333,0.5,0.0,12,2,True,1.0,0.0547
j880817,2,delay_tolerant,0.7233,0.0,7.7333,0.5,0.0,16,2,True,1.0,0.0791
j88100,2,delay_tolerant,0.5183,0.0,7.7333,0.5,0.0,16,2,True,1.0,0.0682
j881450,2,delay_tolerant,0.9967,0.0,7.7333,0.5,0.0,9,2,False,1.0,0.0
j881450,2,delay_tolerant,0.5183,0.0,7.7333,0.5,0.0,5,2,True,1.0,0.05
j881582,2,token_batch,2.5,0.0,18.0,0.5,5207.728,23,1,True,1.0,0.1863
j881938,2,token_batch,1.475,0.9616,11.0,0.5,4384.159,19,1,True,1.0,0.05
j882454,2,delay_tolerant,0.5867,0.0,7.7333,0.5,0.0,21,2,False,1.0,0.0
j882454,2,delay_tolerant,0.655,0.0,7.7333,0.5,0.0,21,2,True,1.0,0.0475
j882569,2,delay_tolerant,1.3383,0.0,10.0667,0.5,0.0,17,2,False,1.0,0.0
j882569,2,token_batch,1.475,0.5362,11.0,0.5,3804.976,18,1,True,1.0,0.0848
j882569,2,delay_tolerant,0.655,0.0,7.7333,0.5,0.0,17,2,True,1.0,0.06
j882752,2,delay_tolerant,1.2017,0.0,9.1333,0.5,0.0,9,2,True,1.0,0.05
j882752,2,token_batch,1.475,0.8343,11.0,0.5,3919.974,10,1,False,1.0,0.0
j882879,2,delay_tolerant,1.4067,0.0,10.5333,0.5,0.0,12,2,False,1.0,0.0
j883184,2,delay_tolerant,0.9283,0.0,7.7333,0.5,0.0,23,2,True,1.0,0.0559
j883699,2,token_batch,1.475,1.0584,11.0,0.5,4326.693,20,1,True,1.0,0.05
j883875,2,delay_tolerant,0.5183,0.0,7.7333,0.5,0.0,14,2,True,1.0,0.05
j883875,2,token_batch,2.5,0.0,18.0,0.5,4985.28,20,1,False,1.0,0.0
j883875,2,delay_tolerant,1.27,0.0,9.6,0.5,0.0,21,2,True,1.0,0.05
j884111,2,token_batch,1.475,0.6957,11.0,0.5,3951.483,10,1,False,1.0,0.0
j885869,2,delay_tolerant,0.86,0.0,7.7333,0.5,0.0,21,2,True,1.0,0.05
j886849,2,delay_tolerant,0.5183,0.212,7.7333,0.5,0.0,5,2,False,1.0,0.0
j886849,2,token_batch,1.475,0.6637,11.0,0.5,4202.661,23,1,True,1.0,0.05
j887333,2,delay_tolerant,1.27,0.3346,9.6,0.5,0.0,19,2,True,1.0,0.0875
j887333,2,delay_tolerant,1.2017,0.0,9.1333,0.5,0.0,19,2,False,1.0,0.0
j887588,2,delay_tolerant,0.5183,0.0,7.7333,0.5,0.0,21,2,False,1.0,0.0
j888516,2,delay_tolerant,0.5183,0.0,7.7333,0.5,0.0,5,2,False,1.0,0.0
j888516,2,delay_tolerant,0.9967,0.0,7.7333,0.5,0.0,11,2,False,1.0,0.0
j888623,2,token_batch,1.475,1.2451,11.0,0.5,4074.313,17,1,True,1.0,0.05
j888741,2,delay_tolerant,0.5183,0.0,7.7333,0.5,0.0,5,2,True,1.0,0.05
j888777,2,delay_tolerant,0.5183,0.0,7.7333,0.5,0.0,14,2,True,1.0,0.0852
j888790,2,token_batch,2.5,1.0411,18.0,0.5,4854.159,19,1,True,1.0,0.1851
j888790,2,delay_tolerant,1.1333,0.0,8.6667,0.5,0.0,19,2,False,1.0,0.0
j888790,2,token_batch,2.5,0.7064,18.0,0.5,5030.294,14,1,False,1.0,0.0
j888790,2,token_batch,2.5,1.325,18.0,0.5,5151.177,19,1,True,1.0,0.05
j889106,2,delay_tolerant,0.86,0.0,7.7333,0.5,0.0,12,2,False,1.0,0.0
j889243,2,delay_tolerant,1.1333,0.0,8.6667,0.5,0.0,12,2,True,1.0,0.0579
j890057,2,delay_tolerant,1.27,0.0,9.6,0.5,0.0,15,2,False,1.0,0.0
j890057,2,delay_tolerant,0.9967,0.0,7.7333,0.5,0.0,14,2,False,1.0,0.0
j890057,2,delay_tolerant,0.7233,0.0,7.7333,0.5,0.0,15,2,True,1.0,0.05
j890057,2,delay_tolerant,0.655,0.0,7.7333,0.5,0.0,12,2,False,1.0,0.0
j890057,2,token_batch,1.475,1.4932,11.0,0.5,3975.2,15,1,True,1.0,0.1588
j890057,2,delay_tolerant,1.2017,0.0,9.1333,0.5,0.0,15,2,False,1.0,0.0
j890487,2,token_batch,1.9533,0.0,14.2667,0.5,5325.067,9,1,True,1.0,0.1253
j890487,2,delay_tolerant,0.7917,0.0,7.7333,0.5,0.0,9,2,True,1.0,0.05
j890540,2,delay_tolerant,1.4067,0.0,10.5333,0.5,0.0,9,2,False,1.0,0.0
j890540,2,delay_tolerant,0.9967,0.0,7.7333,0.5,0.0,10,2,False,1.0,0.0
j890540,2,delay_tolerant,0.5867,0.0,7.7333,0.5,0.0,9,2,False,1.0,0.0
j890767,2,token_batch,1.475,1.3724,11.0,0.5,3679.391,12,1,True,1.0,0.05
j891276,2,delay_tolerant,1.4067,0.0,10.5333,0.5,0.0,21,2,True,1.0,0.0566
j891276,2,token_batch,2.5,1.0549,18.0,0.5,4892.372,22,1,True,1.0,0.05
j891276,2,delay_tolerant,0.7233,0.0,7.7333,0.5,0.0,23,2,False,1.0,0.0
j891276,2,token_batch,2.5,0.5625,18.0,0.5,5307.146,23,1,False,1.0,0.0
j891410,2,delay_tolerant,1.27,0.0,9.6,0.5,0.0,16,2,False,1.0,0.0
j891410,2,delay_tolerant,0.5183,0.0,7.7333,0.5,0.0,12,2,True,1.0,0.05
j891514,2,delay_tolerant,0.9283,0.0,7.7333,0.5,0.0,13,2,True,1.0,0.05
j89208,2,delay_tolerant,0.655,0.0,7.7333,0.5,0.0,14,2,True,1.0,0.05
j892092,2,token_batch,1.475,0.5305,11.0,0.5,3719.445,22,1,False,1.0,0.0
j892214,2,delay_tolerant,0.5183,0.0,7.7333,0.5,0.0,15,2,False,1.0,0.0
j892936,2,token_batch,1.475,0.5788,11.0,0.5,3938.164,12,1,False,1.0,0.0
j892936,2,token_batch,1.475,1.4005,11.0,0.5,4483.298,13,1,True,1.0,0.05
j892951,2,token_batch,1.475,0.0,11.0,0.5,3474.743,17,1,True,1.0,0.1382
j893164,2,delay_tolerant,0.5183,0.0,7.7333,0.5,0.0,12,2,True,1.0,0.05
j893164,2,delay_tolerant,1.27,0.0,9.6,0.5,0.0,12,2,False,1.0,0.0
j89321,2,delay_tolerant,0.86,0.0,7.7333,0.5,0.0,21,2,True,1.0,0.05
j893225,2,token_batch,1.475,0.6156,11.0,0.5,4215.716,13,1,True,1.0,0.1003
j893225,2,delay_tolerant,0.5183,0.0,7.7333,0.5,0.0,13,2,True,1.0,0.05
j893766,2,delay_tolerant,0.5183,0.0,7.7333,0.5,0.0,13,2,True,1.0,0.0792
j893766,2,token_batch,2.5,0.0,18.0,0.5,5018.243,6,1,False,1.0,0.0
j893766,2,delay_tolerant,0.5183,0.0,7.7333,0.5,0.0,14,2,False,1.0,0.0
j893766,2,delay_tolerant,1.065,0.0,8.2,0.5,0.0,13,2,False,1.0,0.0
j893766,2,token_batch,1.475,0.6138,11.0,0.5,3528.371,13,1,True,1.0,0.05
j893766,2,token_batch,1.475,0.5973,11.0,0.5,4408.219,13,1,True,1.0,0.0846
j893766,2,delay_tolerant,1.4067,0.0,10.5333,0.5,0.0,13,2,False,1.0,0.0
j894147,2,token_batch,1.475,1.3084,11.0,0.5,3859.273,12,1,True,1.0,0.05
j894275,2,delay_tolerant,0.5183,0.0,7.7333,0.5,0.0,18,2,False,1.0,0.0
j894422,2,token_batch,1.475,0.5416,11.0,0.5,3753.35,13,1,True,1.0,0.1425
j895256,2,delay_tolerant,0.86,0.0,7.7333,0.5,0.0,5,2,False,1.0,0.0
j895287,2,token_batch,1.475,1.4174,11.0,0.5,3672.677,13,1,False,1.0,0.0
j895287,2,token_batch,1.475,0.0,11.0,0.5,3944.779,14,1,False,1.0,0.0
j895370,2,token_batch,1.68,0.9408,12.4,0.5,4180.646,19,1,True,1.0,0.1816
j895808,2,delay_tolerant,1.1333,0.0,8.6667,0.5,0.0,18,2,True,1.0,0.0256
j895974,2,delay_tolerant,0.7233,0.0,7.7333,0.5,0.0,15,2,True,1.0,0.05
j895974,2,delay_tolerant,0.5183,0.0,7.7333,0.5,0.0,5,2,True,1.0,0.05
j89622,2,delay_tolerant,0.5183,0.0,7.7333,0.5,0.0,9,2,True,1.0,0.05
j89622,2,token_batch,2.5,0.6911,18.0,0.5,4817.037,20,1,True,1.0,0.05
j89622,2,delay_tolerant,1.2017,0.0,9.1333,0.5,0.0,9,2,True,1.0,0.0413
j89622,2,token_batch,2.5,0.9765,18.0,0.5,4743.808,14,1,True,1.0,0.05
j89622,2,delay_tolerant,0.86,0.0,7.7333,0.5,0.0,11,2,False,1.0,0.0
j89622,2,token_batch,2.5,0.5755,18.0,0.5,4943.424,19,1,True,1.0,0.05
j89622,2,token_batch,2.5,0.5605,18.0,0.5,4880.913,18,1,True,1.0,0.05
j89622,2,delay_tolerant,0.7233,0.5902,7.7333,0.5,0.0,5,2,True,1.0,0.0716
j89622,2,token_batch,2.5,0.8469,18.0,0.5,4592.709,19,1,True,1.0,0.05
j896413,2,delay_tolerant,0.5183,0.0,7.7333,0.5,0.0,12,2,True,1.0,0.0713
j896413,2,token_batch,1.475,0.6856,11.0,0.5,4069.635,12,1,True,1.0,0.05
j896514,2,delay_tolerant,0.86,0.0,7.7333,0.5,0.0,10,2,False,1.0,0.0
j896925,2,delay_tolerant,1.3383,0.3149,10.0667,0.5,0.0,9,2,True,1.0,0.05
j897201,2,delay_tolerant,0.5183,0.0,7.7333,0.5,0.0,5,2,False,1.0,0.0
j897968,2,delay_tolerant,0.7917,0.0,7.7333,0.5,0.0,16,2,False,1.0,0.0
j898077,2,token_batch,1.475,0.0,11.0,0.5,4320.526,23,1,False,1.0,0.0
j89829,2,delay_tolerant,1.4067,0.4854,10.5333,0.5,0.0,18,2,True,1.0,0.05
j89829,2,token_batch,1.475,0.0,11.0,0.5,3880.829,17,1,True,1.0,0.1699
j898318,2,delay_tolerant,1.1333,0.0,8.6667,0.5,0.0,12,2,True,1.0,0.0311
j898324,2,token_batch,1.475,1.0168,11.0,0.5,4610.981,10,1,False,1.0,0.0
j898324,2,delay_tolerant,0.7233,0.0,7.7333,0.5,0.0,5,2,False,1.0,0.0
j898433,2,token_batch,2.5,0.0,18.0,0.5,4443.012,23,1,True,1.0,0.1784
j898433,2,delay_tolerant,1.065,0.0,8.2,0.5,0.0,23,2,False,1.0,0.0
j89866,2,delay_tolerant,1.27,0.0,9.6,0.5,0.0,23,2,False,1.0,0.0
j89866,2,delay_tolerant,0.9967,0.0,7.7333,0.5,0.0,22,2,True,1.0,0.05
j899017,2,delay_tolerant,0.5183,0.4099,7.7333,0.5,0.0,5,2,True,1.0,0.0952
j899824,2,token_batch,1.475,1.0149,11.0,0.5,4415.645,16,1,False,1.0,0.0
j899912,2,delay_tolerant,1.1333,0.0,8.6667,0.5,0.0,18,2,True,1.0,0.05
j899978,2,delay_tolerant,0.9283,0.0,7.7333,0.5,0.0,17,2,True,1.0,0.05
j900000,2,delay_tolerant,1.1333,0.0,8.6667,0.5,0.0,12,2,False,1.0,0.0
j900058,2,token_batch,1.475,0.0,11.0,0.5,3652.142,16,1,True,1.0,0.1002
j900143,2,delay_tolerant,0.5183,0.4143,7.7333,0.5,0.0,5,2,False,1.0,0.0
j900143,2,delay_tolerant,0.5183,0.0,7.7333,0.5,0.0,5,2,False,1.0,0.0
j900479,2,delay_tolerant,1.1333,0.0,8.6667,0.5,0.0,17,2,True,1.0,0.05
j900479,2,token_batch,1.885,0.5326,13.8,0.5,4968.602,17,1,True,1.0,0.1543
j900479,2,delay_tolerant,0.9967,0.0,7.7333,0.5,0.0,12,2,False,1.0,0.0
j900479,2,delay_tolerant,0.5867,0.2818,7.7333,0.5,0.0,17,2,True,1.0,0.05
j900570,2,delay_tolerant,1.27,0.0,9.6,0.5,0.0,23,2,False,1.0,0.0
j900632,2,token_batch,1.475,1.028,11.0,0.5,3926.162,17,1,True,1.0,0.05
j900702,2,delay_sensitive,0.5183,0.0,7.7333,0.5,0.0,3,3,False,1.0,0.0
j900702,2,token_batch,2.5,0.7372,18.0,0.5,4437.546,17,1,False,1.0,0.0
j900702,2,delay_tolerant,1.27,0.0,9.6,0.5,0.0,6,2,False,1.0,0.0
j900702,2,delay_tolerant,0.9283,0.0,7.7333,0.5,0.0,15,2,False,1.0,0.0
j900702,2,delay_tolerant,1.27,0.0,9.6,0.5,0.0,12,2,True,1.0,0.05
j900702,2,token_batch,2.5,1.3804,18.0,0.5,4630.616,17,1,False,1.0,0.0
j900702,2,token_batch,2.5,0.0,18.0,0.5,5418.434,18,1,True,1.0,0.1903
j900702,2,delay_tolerant,0.7917,0.0,7.7333,0.5,0.0,16,2,False,1.0,0.0
j90164,2,token_batch,1.475,0.8064,11.0,0.5,4179.991,10,1,True,1.0,0.143
j90164,2,token_batch,1.475,0.5404,11.0,0.5,3599.196,10,1,True,1.0,0.1053
j90164,2,token_batch,1.475,0.7975,11.0,0.5,3773.152,9,1,True,1.0,0.0879
j901716,2,token_batch,1.475,1.3935,11.0,0.5,4203.588,11,1,True,1.0,0.1021
j901843,2,delay_tolerant,1.27,0.0,9.6,0.5,0.0,20,2,False,1.0,0.0
j902353,2,delay_tolerant,1.27,0.0,9.6,0.5,0.0,15,2,False,1.0,0.0
j902393,2,token_batch,1.475,1.0842,11.0,0.5,3834.52,19,1,False,1.0,0.0
j903203,2,token_batch,1.7483,0.6212,12.8667,0.5,4589.671,19,1,True,1.0,0.05
j903203,2,token_batch,1.6117,0.0,11.9333,0.5,4180.73,18,1,True,1.0,0.1116
j903203,2,token_batch,2.5,0.8386,18.0,0.5,4489.106,18,1,True,1.0,0.05
j90366,2,token_batch,1.475,1.4938,11.0,0.5,3496.228,13,1,True,1.0,0.05
j903987,2,delay_tolerant,0.5183,0.0,7.7333,0.5,0.0,5,2,False,1.0,0.0
j904379,2,token_batch,1.475,0.0,11.0,0.5,3848.491,20,1,False,1.0,0.0
j904596,2,token_batch,1.475,0.4253,11.0,0.5,4308.603,16,1,True,1.0,0.1053
j904596,2,delay_tolerant,0.5183,0.0,7.7333,0.5,0.0,15,2,False,1.0,0.0
j904596,2,delay_tolerant,1.4067,0.0,10.5333,0.5,0.0,16,2,False,1.0,0.0
j904613,2,delay_tolerant,0.7233,0.4289,7.7333,0.5,0.0,14,2,False,1.0,0.0
j905435,2,token_batch,1.475,1.2522,11.0,0.5,3767.606,21,1,True,1.0,0.1341
j905435,2,token_batch,1.475,0.0,11.0,0.5,4549.418,21,1,False,1.0,0.0
j905491,2,delay_tolerant,0.655,0.0,7.7333,0.5,0.0,5,2,False,1.0,0.0
j905491,2,token_batch,1.6117,0.547,11.9333,0.5,4294.6,6,1,True,1.0,0.1805
j905491,2,token_batch,2.1583,0.5848,15.6667,0.5,5094.613,6,1,True,1.0,0.05
j905491,2,delay_tolerant,0.5183,0.0,7.7333,0.5,0.0,10,2,True,1.0,0.0234
j905491,2,delay_tolerant,0.5183,0.0,7.7333,0.5,0.0,10,2,True,1.0,0.05
j905491,2,delay_tolerant,0.655,0.0,7.7333,0.5,0.0,10,2,False,1.0,0.0
j905491,2,delay_tolerant,1.2017,0.0,9.1333,0.5,0.0,5,2,False,1.0,0.0
j905491,2,delay_tolerant,0.5183,0.0,7.7333,0.5,0.0,10,2,True,1.0,0.0346
j905491,2,token_batch,1.8167,0.0,13.3333,0.5,4877.826,11,1,True,1.0,0.1168
j905491,2,delay_tolerant,0.5183,0.0,7.7333,0.5,0.0,11,2,False,1.0,0.0
j905491,2,delay_tolerant,1.1333,0.0,8.6667,0.5,0.0,10,2,False,1.0,0.0
j906057,2,token_batch,1.475,1.2451,11.0,0.5,4141.327,13,1,False,1.0,0.0
j906203,2,delay_tolerant,0.5183,0.0,7.7333,0.5,0.0,5,2,True,1.0,0.05
j906356,2,delay_tolerant,0.5183,0.0,7.7333,0.5,0.0,5,2,True,1.0,0.0397
j906393,2,delay_tolerant,0.5867,0.0,7.7333,0.5,0.0,12,2,False,1.0,0.0
j906404,2,delay_tolerant,0.5867,0.0,7.7333,0.5,0.0,5,2,False,1.0,0.0
j906453,2,token_batch,1.475,1.4864,11.0,0.5,3506.904,22,1,True,1.0,0.05
j907337,2,token_batch,1.475,0.5627,11.0,0.5,4045.684,20,1,True,1.0,0.05
j907337,2,delay_tolerant,0.5183,0.0,7.7333,0.5,0.0,5,2,True,1.0,0.05
j907337,2,delay_tolerant,1.3383,0.0,10.0667,0.5,0.0,20,2,True,1.0,0.05
j907337,2,delay_tolerant,0.9283,0.0,7.7333,0.5,0.0,19,2,False,1.0,0.0
j907941,2,delay_tolerant,1.27,0.0,9.6,0.5,0.0,19,2,True,1.0,0.05
j907961,2,token_batch,1.475,0.0,11.0,0.5,3565.336,19,1,False,1.0,0.0
j908185,2,token_batch,1.475,0.0,11.0,0.5,4443.551,22,1,False,1.0,0.0
j908185,2,delay_tolerant,0.5183,0.0,7.7333,0.5,0.0,21,2,False,1.0,0.0
j908588,2,delay_tolerant,0.7233,0.0,7.7333,0.5,0.0,7,2,True,1.0,0.05
j909015,2,delay_tolerant,0.5183,0.0,7.7333,0.5,0.0,14,2,False,1.0,0.0
j909118,2,delay_tolerant,0.655,0.0,7.7333,0.5,0.0,17,2,False,1.0,0.0
j909241,2,delay_tolerant,0.7233,0.0,7.7333,0.5,0.0,18,2,False,1.0,0.0
j909948,2,delay_tolerant,0.86,0.0,7.7333,0.5,0.0,11,2,True,1.0,0.05
j910612,2,delay_tolerant,0.5183,0.3122,7.7333,0.5,0.0,5,2,False,1.0,0.0
j910833,2,token_batch,1.475,0.4793,11.0,0.5,4538.9,19,1,True,1.0,0.0888
j910833,2,token_batch,1.475,0.0,11.0,0.5,3459.551,19,1,False,1.0,0.0
j910981,2,delay_tolerant,0.5183,0.0,7.7333,0.5,0.0,5,2,False,1.0,0.0
j911229,2,token_batch,1.475,0.6328,11.0,0.5,3921.696,22,1,False,1.0,0.0
j911525,2,delay_tolerant,1.4067,0.0,10.5333,0.5,0.0,22,2,False,1.0,0.0
j911730,2,delay_tolerant,1.1333,0.0,8.6667,0.5,0.0,15,2,False,1.0,0.0
j911986,2,delay_tolerant,0.655,0.0,7.7333,0.5,0.0,12,2,False,1.0,0.0
j91267,2,token_batch,2.5,0.0,18.0,0.5,5504.14,21,1,True,1.0,0.1511
j913456,2,token_batch,1.475,1.1537,11.0,0.5,3549.118,18,1,True,1.0,0.05
j913617,2,delay_tolerant,1.3383,0.0,10.0667,0.5,0.0,20,2,True,1.0,0.05
j913808,2,delay_tolerant,0.5183,0.0,7.7333,0.5,0.0,10,2,False,1.0,0.0
j913866,2,delay_tolerant,0.86,0.2012,7.7333,0.5,0.0,22,2,False,1.0,0.0
j913891,2,delay_tolerant,1.2017,0.0,9.1333,0.5,0.0,22,2,False,1.0,0.0
j914346,2,delay_tolerant,0.5183,0.0,7.7333,0.5,0.0,5,2,True,1.0,0.05
j91461,2,token_batch,1.475,0.5949,11.0,0.5,3854.241,19,1,False,1.0,0.0
j914676,2,delay_tolerant,0.9967,0.0,7.7333,0.5,0.0,19,2,False,1.0,0.0
j914676,2,delay_tolerant,0.9283,0.0,7.7333,0.5,0.0,19,2,False,1.0,0.0
j915421,2,delay_tolerant,0.5183,0.0,7.7333,0.5,0.0,5,2,True,1.0,0.0678
j916109,2,token_batch,1.475,1.117,11.0,0.5,3518.016,19,1,True,1.0,0.05
j92039,2,delay_tolerant,0.5183,0.0,7.7333,0.5,0.0,15,2,True,1.0,0.0212
j92039,2,delay_tolerant,1.3383,0.0,10.0667,0.5,0.0,14,2,False,1.0,0.0
j92205,2,delay_tolerant,0.7917,0.0,7.7333,0.5,0.0,17,2,False,1.0,0.0
j92844,2,delay_tolerant,1.065,0.0,8.2,0.5,0.0,11,2,True,1.0,0.05
j92996,2,delay_tolerant,0.5183,0.0,7.7333,0.5,0.0,11,2,True,1.0,0.05
j93028,2,delay_tolerant,0.5183,0.0,7.7333,0.5,0.0,5,2,False,1.0,0.0
j93028,2,token_batch,1.475,1.4636,11.0,0.5,3637.904,11,1,True,1.0,0.05
j93028,2,delay_tolerant,1.1333,0.0,8.6667,0.5,0.0,11,2,False,1.0,0.0
j93446,2,delay_tolerant,1.065,0.0,8.2,0.5,0.0,20,2,True,1.0,0.05
j93446,2,delay_tolerant,0.5183,0.4569,7.7333,0.5,0.0,19,2,True,1.0,0.0405
j93477,2,token_batch,1.7483,1.1585,12.8667,0.5,4194.711,21,1,True,1.0,0.05
j93477,2,token_batch,2.5,0.6516,18.0,0.5,5022.488,21,1,True,1.0,0.1136
j93477,2,delay_tolerant,1.2017,0.0,9.1333,0.5,0.0,21,2,False,1.0,0.0
j93477,2,token_batch,1.885,1.2916,13.8,0.5,4677.731,6,1,False,1.0,0.0
j93477,2,delay_tolerant,0.655,0.0,7.7333,0.5,0.0,21,2,False,1.0,0.0
j93477,2,token_batch,2.5,1.4721,18.0,0.5,4420.346,21,1,True,1.0,0.05
j93477,2,delay_tolerant,0.5867,0.0,7.7333,0.5,0.0,5,2,False,1.0,0.0
j93477,2,delay_tolerant,0.9967,0.2123,7.7333,0.5,0.0,21,2,True,1.0,0.0351
j93477,2,token_batch,1.8167,0.4798,13.3333,0.5,5094.096,22,1,False,1.0,0.0
j93477,2,token_batch,2.5,0.0,18.0,0.5,5104.971,21,1,True,1.0,0.1799
j94107,2,delay_tolerant,0.7233,0.589,7.7333,0.5,0.0,15,2,False,1.0,0.0
j9447,2,token_batch,1.5433,0.9838,11.4667,0.5,3994.514,6,1,True,1.0,0.1305
j9447,2,token_batch,2.5,1.4481,18.0,0.5,4286.354,6,1,False,1.0,0.0
j9447,2,token_batch,2.5,1.1296,18.0,0.5,5085.017,13,1,False,1.0,0.0
j9447,2,token_batch,1.885,0.8107,13.8,0.5,4667.779,13,1,True,1.0,0.05
j9447,2,token_batch,1.885,0.8854,13.8,0.5,4357.905,12,1,True,1.0,0.05
j9447,2,token_batch,2.5,0.5188,18.0,0.5,4834.099,14,1,True,1.0,0.05
j94714,2,delay_tolerant,1.4067,0.5838,10.5333,0.5,0.0,11,2,False,1.0,0.0
j94714,2,token_batch,1.475,0.0,11.0,0.5,4005.03,11,1,False,1.0,0.0
j95005,2,delay_tolerant,0.5183,0.0,7.7333,0.5,0.0,22,2,True,1.0,0.064
j95322,2,delay_tolerant,0.9967,0.0,7.7333,0.5,0.0,11,2,True,1.0,0.05
j95611,2,token_batch,2.5,0.9572,18.0,0.5,4917.677,18,1,True,1.0,0.05
j95914,2,delay_tolerant,0.9967,0.0,7.7333,0.5,0.0,19,2,True,1.0,0.05
j96226,2,delay_tolerant,0.9283,0.2663,7.7333,0.5,0.0,5,2,True,1.0,0.05
j96653,2,delay_tolerant,1.27,0.0,9.6,0.5,0.0,18,2,True,1.0,0.05
j96735,2,token_batch,1.475,1.4065,11.0,0.5,4082.326,16,1,True,1.0,0.1357
j96735,2,delay_tolerant,0.5183,0.0,7.7333,0.5,0.0,14,2,False,1.0,0.0
j96938,2,token_batch,1.475,0.0,11.0,0.5,4111.802,12,1,True,1.0,0.1589
j97453,2,delay_tolerant,0.9967,0.0,7.7333,0.5,0.0,15,2,False,1.0,0.0
j97453,2,delay_tolerant,0.655,0.0,7.7333,0.5,0.0,14,2,True,1.0,0.0406
j97493,2,token_batch,1.475,1.0137,11.0,0.5,3535.277,19,1,True,1.0,0.05
j97493,2,delay_tolerant,1.27,0.0,9.6,0.5,0.0,18,2,True,1.0,0.05
j97493,2,delay_tolerant,1.3383,0.0,10.0667,0.5,0.0,19,2,True,1.0,0.05
j97493,2,token_batch,1.475,1.1568,11.0,0.5,4449.62,19,1,True,1.0,0.05
j97493,2,delay_tolerant,1.065,0.0,8.2,0.5,0.0,19,2,False,1.0,0.0
j97547,2,delay_tolerant,0.5183,0.5503,7.7333,0.5,0.0,14,2,True,1.0,0.05
j98743,2,delay_tolerant,0.5183,0.4894,7.7333,0.5,0.0,21,2,True,1.0,0.05
j98743,2,delay_tolerant,0.5183,0.0,7.7333,0.5,0.0,16,2,False,1.0,0.0
j99434,2,token_batch,1.475,0.0,11.0,0.5,4507.861,19,1,False,1.0,0.0
j99456,2,token_batch,2.5,1.1387,18.0,0.5,4387.549,6,1,True,1.0,0.05
j99456,2,delay_tolerant,1.065,0.0,8.2,0.5,0.0,5,2,False,1.0,0.0
j99456,2,token_batch,2.5,1.0474,18.0,0.5,5188.458,11,1,False,1.0,0.0
j99456,2,delay_tolerant,1.27,0.0,9.6,0.5,0.0,5,2,True,1.0,0.0598
j99456,2,delay_tolerant,0.5183,0.0,7.7333,0.5,0.0,5,2,False,1.0,0.0
j99456,2,token_batch,2.5,0.5604,18.0,0.5,5122.557,12,1,True,1.0,0.05
j99456,2,delay_tolerant,0.7917,0.0,7.7333,0.5,0.0,10,2,False,1.0,0.0
j99516,2,delay_tolerant,0.5183,0.0,7.7333,0.5,0.0,5,2,True,1.0,0.05
j99811,2,delay_tolerant,0.5183,0.0,7.7333,0.5,0.0,12,2,True,1.0,0.05
j99968,2,token_batch,1.475,0.9479,11.0,0.5,4048.493,23,1,True,1.0,0.05
j101445,3,delay_sensitive,0.5183,0.0,7.7333,0.5,0.0,4,3,False,1.0,0.0
j102158,3,token_batch,2.5,1.1701,18.0,0.5,4905.664,14,1,True,1.0,0.05
j102158,3,token_batch,2.5,1.466,18.0,0.5,4199.918,14,1,True,1.0,0.05
j10250,3,delay_tolerant,0.86,0.0,7.7333,0.5,0.0,22,2,True,1.0,0.05
j103896,3,delay_tolerant,0.5183,0.0,7.7333,0.5,0.0,23,2,False,1.0,0.0
j10847,3,token_batch,1.475,0.9909,11.0,0.5,4272.146,23,1,True,1.0,0.05
j108574,3,token_batch,1.68,0.6831,12.4,0.5,4521.273,7,1,False,1.0,0.0
j112458,3,delay_sensitive,0.5183,0.0,7.7333,0.5,0.0,4,3,False,1.0,0.0
j113365,3,delay_tolerant,0.5183,0.5143,7.7333,0.5,0.0,6,2,False,1.0,0.0
j115640,3,delay_tolerant,0.5183,0.0,7.7333,0.5,0.0,6,2,True,1.0,0.05
j115908,3,token_batch,1.475,0.0,11.0,0.5,3764.633,23,1,False,1.0,0.0
j118691,3,delay_tolerant,1.065,0.0,8.2,0.5,0.0,23,2,True,1.0,0.05
j118691,3,token_batch,1.68,1.2742,12.4,0.5,4678.498,22,1,True,1.0,0.05
j118691,3,delay_tolerant,0.5867,0.0,7.7333,0.5,0.0,23,2,True,1.0,0.05
j119900,3,delay_tolerant,0.5183,0.4939,7.7333,0.5,0.0,23,2,False,1.0,0.0
j120172,3,token_batch,1.475,1.2351,11.0,0.5,4282.63,23,1,False,1.0,0.0
j122863,3,delay_tolerant,0.655,0.0,7.7333,0.5,0.0,6,2,True,1.0,0.05
j124362,3,token_batch,1.7483,0.9113,12.8667,0.5,4911.391,7,1,False,1.0,0.0
j124362,3,token_batch,1.5433,0.9494,11.4667,0.5,4578.393,22,1,False,1.0,0.0
j124362,3,delay_tolerant,1.27,0.0,9.6,0.5,0.0,19,2,True,1.0,0.05
j124362,3,delay_tolerant,0.5183,0.0,7.7333,0.5,0.0,22,2,False,1.0,0.0
j124622,3,delay_tolerant,0.7917,0.0,7.7333,0.5,0.0,20,2,True,1.0,0.05
j124924,3,delay_sensitive,0.5183,0.0,7.7333,0.5,0.0,4,3,False,1.0,0.0
j126121,3,delay_tolerant,0.5183,0.0,7.7333,0.5,0.0,22,2,True,1.0,0.0937
j126622,3,delay_sensitive,1.885,0.0,13.8,0.5,0.0,4,3,False,1.0,0.0
j126949,3,delay_tolerant,0.7233,0.4786,7.7333,0.5,0.0,17,2,False,1.0,0.0
j126949,3,token_batch,2.5,0.0,18.0,0.5,5255.951,23,1,False,1.0,0.0
j127168,3,token_batch,1.5433,0.0,11.4667,0.5,4701.703,7,1,True,1.0,0.148
j127174,3,token_batch,1.475,0.7719,11.0,0.5,3728.849,23,1,True,1.0,0.05
j129330,3,delay_sensitive,0.5183,0.0,7.7333,0.5,0.0,4,3,False,1.0,0.0
j129330,3,token_batch,1.475,0.4297,11.0,0.5,4512.4,7,1,True,1.0,0.05
j129781,3,token_batch,1.475,0.4277,11.0,0.5,3826.897,23,1,True,1.0,0.05
j129781,3,delay_sensitive,0.5183,0.0,7.7333,0.5,0.0,4,3,False,1.0,0.0
j13137,3,delay_tolerant,0.5183,0.0,7.7333,0.5,0.0,6,2,False,1.0,0.0
j131397,3,delay_tolerant,0.655,0.0,7.7333,0.5,0.0,22,2,True,1.0,0.05
j131883,3,delay_tolerant,0.5183,0.0,7.7333,0.5,0.0,6,2,True,1.0,0.05
j132598,3,delay_tolerant,0.5183,0.0,7.7333,0.5,0.0,6,2,False,1.0,0.0
j133842,3,delay_tolerant,0.5183,0.0,7.7333,0.5,0.0,6,2,True,1.0,0.05
j133970,3,delay_tolerant,0.7233,0.0,7.7333,0.5,0.0,23,2,False,1.0,0.0
j133970,3,delay_tolerant,0.9283,0.0,7.7333,0.5,0.0,22,2,True,1.0,0.05
j133970,3,delay_tolerant,1.2017,0.0,9.1333,0.5,0.0,23,2,False,1.0,0.0
j133970,3,delay_tolerant,0.655,0.0,7.7333,0.5,0.0,22,2,False,1.0,0.0
j133970,3,delay_tolerant,0.5183,0.0,7.7333,0.5,0.0,6,2,True,1.0,0.0871
j133970,3,delay_tolerant,0.5183,0.0,7.7333,0.5,0.0,14,2,True,1.0,0.0547
j133970,3,delay_tolerant,0.9967,0.0,7.7333,0.5,0.0,19,2,False,1.0,0.0
j133970,3,delay_tolerant,0.5183,0.0,7.7333,0.5,0.0,6,2,True,1.0,0.05
j133970,3,delay_sensitive,1.065,0.0,8.2,0.5,0.0,4,3,False,1.0,0.0
j133970,3,delay_tolerant,1.4067,0.0,10.5333,0.5,0.0,22,2,False,1.0,0.0
j134355,3,token_batch,2.5,0.4884,18.0,0.5,5135.88,22,1,False,1.0,0.0
j136728,3,token_batch,1.7483,0.0,12.8667,0.5,4836.515,23,1,False,1.0,0.0
j136728,3,delay_tolerant,0.9967,0.0,7.7333,0.5,0.0,14,2,False,1.0,0.0
j136728,3,delay_tolerant,0.5867,0.0,7.7333,0.5,0.0,23,2,False,1.0,0.0
j136728,3,delay_tolerant,1.065,0.0,8.2,0.5,0.0,14,2,False,1.0,0.0
j139075,3,delay_tolerant,0.5183,0.5739,7.7333,0.5,0.0,6,2,False,1.0,0.0
j139107,3,delay_sensitive,0.7233,0.0,7.7333,0.5,0.0,4,3,False,1.0,0.0
j139107,3,delay_tolerant,1.1333,0.0,8.6667,0.5,0.0,6,2,True,1.0,0.0959
j139107,3,delay_tolerant,0.655,0.0,7.7333,0.5,0.0,17,2,False,1.0,0.0
j139107,3,token_batch,1.8167,0.9005,13.3333,0.5,4313.39,17,1,True,1.0,0.05
j139107,3,token_batch,2.0217,1.4429,14.7333,0.5,5375.956,17,1,False,1.0,0.0
j140180,3,delay_tolerant,0.5867,0.0,7.7333,0.5,0.0,6,2,False,1.0,0.0
j1408,3,delay_tolerant,0.9283,0.0,7.7333,0.5,0.0,23,2,True,1.0,0.0756
j142465,3,delay_tolerant,0.5867,0.0,7.7333,0.5,0.0,22,2,False,1.0,0.0
j142845,3,delay_sensitive,1.8167,0.0,13.3333,0.5,0.0,4,3,False,1.0,0.0
j142945,3,delay_tolerant,1.27,0.0,9.6,0.5,0.0,22,2,False,1.0,0.0
j144126,3,delay_tolerant,0.86,0.0,7.7333,0.5,0.0,6,2,False,1.0,0.0
j145109,3,delay_tolerant,1.4067,0.0,10.5333,0.5,0.0,23,2,False,1.0,0.0
j145109,3,delay_tolerant,1.3383,0.0,10.0667,0.5,0.0,23,2,False,1.0,0.0
j145753,3,delay_tolerant,0.5183,0.0,7.7333,0.5,0.0,17,2,False,1.0,0.0
j148285,3,delay_tolerant,0.5183,0.0,7.7333,0.5,0.0,6,2,True,1.0,0.0655
j149257,3,delay_tolerant,0.5183,0.0,7.7333,0.5,0.0,22,2,False,1.0,0.0
j150032,3,delay_tolerant,0.5183,0.0,7.7333,0.5,0.0,22,2,True,1.0,0.05
j150324,3,delay_sensitive,0.7233,0.0,7.7333,0.5,0.0,4,3,False,1.0,0.0
j150324,3,delay_sensitive,1.4067,0.0,10.5333,0.5,0.0,4,3,False,1.0,0.0
j150324,3,delay_tolerant,0.7917,0.0,7.7333,0.5,0.0,6,2,False,1.0,0.0
j150718,3,delay_sensitive,0.5183,0.0,7.7333,0.5,0.0,4,3,False,1.0,0.0
j15099,3,delay_tolerant,0.5183,0.0,7.7333,0.5,0.0,6,2,True,1.0,0.05
j151884,3,token_batch,2.5,0.6535,18.0,0.5,4398.072,22,1,True,1.0,0.0864
j151884,3,token_batch,1.5433,0.0,11.4667,0.5,4367.986,22,1,False,1.0,0.0
j152385,3,delay_tolerant,0.7233,0.0,7.7333,0.5,0.0,6,2,True,1.0,0.043
j152692,3,delay_sensitive,0.5183,0.0,7.7333,0.5,0.0,4,3,False,1.0,0.0
j152692,3,delay_tolerant,1.065,0.0,8.2,0.5,0.0,17,2,False,1.0,0.0
j152692,3,delay_tolerant,1.2017,0.0,9.1333,0.5,0.0,22,2,True,1.0,0.05
j154079,3,delay_sensitive,0.5183,0.0,7.7333,0.5,0.0,4,3,False,1.0,0.0
j155012,3,delay_tolerant,0.9283,0.0,7.7333,0.5,0.0,22,2,True,1.0,0.05
j157253,3,delay_tolerant,0.5183,0.0,7.7333,0.5,0.0,6,2,True,1.0,0.02
j157834,3,delay_tolerant,0.5183,0.0,7.7333,0.5,0.0,6,2,False,1.0,0.0
j157834,3,token_batch,1.9533,1.4223,14.2667,0.5,4476.624,22,1,True,1.0,0.05
j157853,3,delay_sensitive,0.7233,0.0,7.7333,0.5,0.0,4,3,False,1.0,0.0
j158040,3,token_batch,1.885,0.0,13.8,0.5,4445.666,14,1,True,1.0,0.1602
j158040,3,delay_sensitive,0.5183,0.0,7.7333,0.5,0.0,4,3,False,1.0,0.0
j158671,3,delay_tolerant,0.5183,0.0,7.7333,0.5,0.0,23,2,True,1.0,0.05
j16010,3,delay_sensitive,1.4067,0.0,10.5333,0.5,0.0,4,3,False,1.0,0.0
j160584,3,delay_tolerant,1.065,0.0,8.2,0.5,0.0,14,2,False,1.0,0.0
j160584,3,delay_tolerant,0.5867,0.0,7.7333,0.5,0.0,23,2,True,1.0,0.05
j160584,3,delay_tolerant,1.2017,0.0,9.1333,0.5,0.0,14,2,True,1.0,0.0836
j160584,3,token_batch,1.885,1.2328,13.8,0.5,5321.966,23,1,False,1.0,0.0
j160584,3,delay_tolerant,0.86,0.0,7.7333,0.5,0.0,22,2,True,1.0,0.0782
j161288,3,delay_tolerant,0.9967,0.0,7.7333,0.5,0.0,23,2,False,1.0,0.0
j16262,3,delay_tolerant,1.4067,0.0,10.5333,0.5,0.0,6,2,False,1.0,0.0
j16262,3,token_batch,2.5,0.5805,18.0,0.5,4195.501,23,1,True,1.0,0.1828
j164250,3,token_batch,1.885,0.0,13.8,0.5,4166.915,22,1,False,1.0,0.0
j16528,3,delay_tolerant,0.655,0.0,7.7333,0.5,0.0,22,2,False,1.0,0.0
j168442,3,delay_tolerant,0.655,0.0,7.7333,0.5,0.0,6,2,True,1.0,0.05
j169016,3,token_batch,1.475,0.0,11.0,0.5,4616.335,23,1,False,1.0,0.0
j169163,3,delay_tolerant,0.7917,0.0,7.7333,0.5,0.0,6,2,False,1.0,0.0
j169237,3,delay_tolerant,0.5183,0.0,7.7333,0.5,0.0,19,2,True,1.0,0.0376
j169363,3,token_batch,2.5,1.0246,18.0,0.5,4503.46,23,1,True,1.0,0.0993
j170044,3,delay_tolerant,0.5183,0.0,7.7333,0.5,0.0,6,2,False,1.0,0.0
j170442,3,token_batch,2.5,0.4045,18.0,0.5,5508.657,23,1,True,1.0,0.1488
j170757,3,delay_tolerant,0.5867,0.0,7.7333,0.5,0.0,6,2,False,1.0,0.0
j171322,3,delay_tolerant,0.5183,0.4688,7.7333,0.5,0.0,22,2,True,1.0,0.05
j171322,3,delay_tolerant,1.3383,0.0,10.0667,0.5,0.0,23,2,True,1.0,0.0648
j171322,3,token_batch,2.5,0.6127,18.0,0.5,4889.819,14,1,True,1.0,0.193
j171322,3,token_batch,2.5,1.0675,18.0,0.5,5362.539,23,1,True,1.0,0.05
j171322,3,delay_tolerant,0.5183,0.0,7.7333,0.5,0.0,17,2,False,1.0,0.0
j171545,3,token_batch,2.5,1.3389,18.0,0.5,4962.683,23,1,True,1.0,0.1269
j172604,3,delay_tolerant,0.5183,0.0,7.7333,0.5,0.0,6,2,False,1.0,0.0
j173055,3,delay_tolerant,0.5183,0.5181,7.7333,0.5,0.0,6,2,True,1.0,0.0517
j173328,3,delay_tolerant,0.7233,0.0,7.7333,0.5,0.0,23,2,True,1.0,0.05
j173683,3,token_batch,2.5,1.0623,18.0,0.5,4973.657,23,1,True,1.0,0.1101
j173683,3,delay_tolerant,1.065,0.0,8.2,0.5,0.0,6,2,True,1.0,0.05
j174013,3,token_batch,2.0217,1.4097,14.7333,0.5,4615.44,7,1,True,1.0,0.05
j174524,3,delay_tolerant,0.655,0.0,7.7333,0.5,0.0,6,2,True,1.0,0.0879
j175057,3,delay_tolerant,1.4067,0.0,10.5333,0.5,0.0,23,2,False,1.0,0.0
j175192,3,delay_sensitive,0.5183,0.0,7.7333,0.5,0.0,4,3,False,1.0,0.0
j175412,3,delay_tolerant,0.9283,0.0,7.7333,0.5,0.0,22,2,False,1.0,0.0
j176050,3,delay_tolerant,0.5183,0.0,7.7333,0.5,0.0,6,2,False,1.0,0.0
j176125,3,delay_tolerant,0.5183,0.3947,7.7333,0.5,0.0,6,2,False,1.0,0.0
j176429,3,delay_tolerant,0.7233,0.0,7.7333,0.5,0.0,22,2,True,1.0,0.0456
j176925,3,token_batch,1.6117,0.0,11.9333,0.5,4065.005,22,1,True,1.0,0.1203
j176949,3,delay_tolerant,0.5183,0.0,7.7333,0.5,0.0,6,2,False,1.0,0.0
j177740,3,delay_tolerant,0.5183,0.4302,7.7333,0.5,0.0,6,2,False,1.0,0.0
j178324,3,delay_tolerant,0.5183,0.0,7.7333,0.5,0.0,22,2,True,1.0,0.05
j180170,3,delay_tolerant,0.5183,0.0,7.7333,0.5,0.0,22,2,True,1.0,0.0472
j180618,3,delay_tolerant,0.7917,0.0,7.7333,0.5,0.0,19,2,False,1.0,0.0
j181313,3,delay_tolerant,0.5183,0.2203,7.7333,0.5,0.0,23,2,True,1.0,0.05
j181313,3,delay_tolerant,0.7917,0.0,7.7333,0.5,0.0,19,2,True,1.0,0.0796
j184079,3,token_batch,1.7483,1.1504,12.8667,0.5,4558.013,22,1,True,1.0,0.05
j184079,3,delay_tolerant,0.5183,0.0,7.7333,0.5,0.0,19,2,False,1.0,0.0
j184410,3,delay_tolerant,1.27,0.0,9.6,0.5,0.0,23,2,True,1.0,0.0763
j184410,3,delay_tolerant,1.1333,0.0,8.6667,0.5,0.0,23,2,False,1.0,0.0
j185028,3,delay_tolerant,0.5183,0.0,7.7333,0.5,0.0,6,2,True,1.0,0.05
j185431,3,delay_tolerant,0.5183,0.0,7.7333,0.5,0.0,6,2,False,1.0,0.0
j188013,3,delay_tolerant,0.655,0.0,7.7333,0.5,0.0,6,2,True,1.0,0.0928
j188292,3,delay_tolerant,0.5183,0.0,7.7333,0.5,0.0,22,2,True,1.0,0.0201
j19136,3,delay_tolerant,0.5183,0.0,7.7333,0.5,0.0,6,2,True,1.0,0.05
j191542,3,token_batch,1.8167,1.1055,13.3333,0.5,4306.121,22,1,False,1.0,0.0
j191542,3,delay_tolerant,1.065,0.0,8.2,0.5,0.0,6,2,False,1.0,0.0
j191689,3,delay_tolerant,0.5183,0.0,7.7333,0.5,0.0,6,2,True,1.0,0.0714
j192116,3,delay_tolerant,0.7233,0.0,7.7333,0.5,0.0,23,2,False,1.0,0.0
j193330,3,delay_sensitive,0.5183,0.0,7.7333,0.5,0.0,4,3,False,1.0,0.0
j193977,3,token_batch,1.8167,1.3107,13.3333,0.5,5296.936,17,1,False,1.0,0.0
j193977,3,delay_sensitive,1.475,0.0,11.0,0.5,0.0,4,3,False,1.0,0.0
j193977,3,token_batch,1.6117,1.3359,11.9333,0.5,4455.067,22,1,True,1.0,0.05
j194175,3,delay_tolerant,0.5183,0.0,7.7333,0.5,0.0,6,2,False,1.0,0.0
j195218,3,token_batch,1.475,0.0,11.0,0.5,3695.042,23,1,True,1.0,0.081
j197323,3,delay_tolerant,0.7917,0.0,7.7333,0.5,0.0,6,2,False,1.0,0.0
j197659,3,delay_tolerant,0.5183,0.0,7.7333,0.5,0.0,19,2,True,1.0,0.05
j197759,3,delay_tolerant,0.86,0.0,7.7333,0.5,0.0,22,2,False,1.0,0.0
j198558,3,delay_sensitive,1.4067,0.0,10.5333,0.5,0.0,4,3,False,1.0,0.0
j201476,3,delay_tolerant,0.9283,0.0,7.7333,0.5,0.0,22,2,False,1.0,0.0
j203703,3,delay_tolerant,0.9283,0.5177,7.7333,0.5,0.0,6,2,True,1.0,0.0353
j203703,3,delay_tolerant,0.5183,0.0,7.7333,0.5,0.0,23,2,False,1.0,0.0
j204646,3,delay_tolerant,1.4067,0.0,10.5333,0.5,0.0,17,2,False,1.0,0.0
j204646,3,token_batch,1.7483,0.0,12.8667,0.5,4291.969,17,1,False,1.0,0.0
j205023,3,delay_tolerant,1.1333,0.0,8.6667,0.5,0.0,6,2,False,1.0,0.0
j20548,3,delay_tolerant,0.5183,0.0,7.7333,0.5,0.0,23,2,True,1.0,0.0692
j206392,3,delay_tolerant,1.4067,0.0,10.5333,0.5,0.0,23,2,False,1.0,0.0
j206554,3,delay_tolerant,0.655,0.0,7.7333,0.5,0.0,6,2,False,1.0,0.0
j206780,3,token_batch,1.5433,1.3572,11.4667,0.5,4067.876,7,1,False,1.0,0.0
j206992,3,delay_tolerant,1.3383,0.0,10.0667,0.5,0.0,22,2,False,1.0,0.0
j207637,3,delay_sensitive,0.5183,0.0,7.7333,0.5,0.0,4,3,False,1.0,0.0
j207727,3,token_batch,1.6117,0.0,11.9333,0.5,4409.895,22,1,True,1.0,0.0857
j208469,3,delay_sensitive,0.5183,0.0,7.7333,0.5,0.0,4,3,False,1.0,0.0
j20905,3,delay_tolerant,0.5183,0.0,7.7333,0.5,0.0,22,2,False,1.0,0.0
j20905,3,delay_tolerant,1.27,0.0,9.6,0.5,0.0,23,2,True,1.0,0.05
j209300,3,token_batch,1.475,0.8198,11.0,0.5,3555.292,23,1,True,1.0,0.05
j210079,3,delay_tolerant,0.86,0.0,7.7333,0.5,0.0,22,2,False,1.0,0.0
j210736,3,token_batch,1.885,0.683,13.8,0.5,4599.302,7,1,False,1.0,0.0
j210736,3,delay_tolerant,0.5183,0.0,7.7333,0.5,0.0,23,2,False,1.0,0.0
j212575,3,delay_tolerant,1.1333,0.0,8.6667,0.5,0.0,6,2,True,1.0,0.05
j213417,3,delay_tolerant,0.5867,0.0,7.7333,0.5,0.0,23,2,False,1.0,0.0
j213417,3,delay_tolerant,0.7233,0.0,7.7333,0.5,0.0,14,2,True,1.0,0.05
j213417,3,delay_tolerant,0.5183,0.0,7.7333,0.5,0.0,14,2,False,1.0,0.0
j213417,3,delay_tolerant,1.1333,0.0,8.6667,0.5,0.0,17,2,False,1.0,0.0
j215500,3,delay_tolerant,0.5183,0.0,7.7333,0.5,0.0,6,2,True,1.0,0.0255
j215774,3,delay_sensitive,0.5183,0.0,7.7333,0.5,0.0,4,3,False,1.0,0.0
j21600,3,delay_tolerant,0.7917,0.0,7.7333,0.5,0.0,22,2,False,1.0,0.0
j21600,3,token_batch,1.8167,0.87,13.3333,0.5,4323.645,22,1,False,1.0,0.0
j216930,3,delay_tolerant,0.5867,0.2569,7.7333,0.5,0.0,6,2,True,1.0,0.05
j217315,3,delay_tolerant,1.2017,0.0,9.1333,0.5,0.0,23,2,False,1.0,0.0
j218885,3,delay_tolerant,0.7233,0.0,7.7333,0.5,0.0,6,2,True,1.0,0.05
j219744,3,delay_tolerant,0.9967,0.0,7.7333,0.5,0.0,6,2,False,1.0,0.0
j220058,3,delay_tolerant,0.7233,0.0,7.7333,0.5,0.0,6,2,False,1.0,0.0
j220277,3,delay_sensitive,0.5183,0.0,7.7333,0.5,0.0,4,3,False,1.0,0.0
j220659,3,delay_tolerant,0.5183,0.0,7.7333,0.5,0.0,23,2,True,1.0,0.05
j224942,3,token_batch,2.5,1.0799,18.0,0.5,5026.967,20,1,True,1.0,0.1843
j226194,3,delay_tolerant,0.5183,0.4923,7.7333,0.5,0.0,22,2,True,1.0,0.05
j226270,3,delay_tolerant,0.5183,0.0,7.7333,0.5,0.0,23,2,False,1.0,0.0
j226746,3,delay_tolerant,0.5183,0.0,7.7333,0.5,0.0,6,2,True,1.0,0.05
j227634,3,token_batch,1.7483,0.0,12.8667,0.5,5252.505,7,1,True,1.0,0.0941
j229613,3,delay_tolerant,1.2017,0.0,9.1333,0.5,0.0,6,2,True,1.0,0.0731
j229759,3,token_batch,2.5,1.2609,18.0,0.5,4432.408,20,1,True,1.0,0.05
j229759,3,token_batch,2.09,1.3304,15.2,0.5,4029.402,22,1,True,1.0,0.05
j229759,3,delay_tolerant,1.3383,0.3239,10.0667,0.5,0.0,22,2,False,1.0,0.0
j229949,3,delay_tolerant,0.5183,0.0,7.7333,0.5,0.0,6,2,False,1.0,0.0
j229949,3,delay_tolerant,0.5183,0.0,7.7333,0.5,0.0,6,2,True,1.0,0.0811
j230647,3,delay_tolerant,0.5183,0.0,7.7333,0.5,0.0,6,2,False,1.0,0.0
j231865,3,delay_tolerant,0.5183,0.0,7.7333,0.5,0.0,6,2,True,1.0,0.05
j232968,3,token_batch,1.6117,0.0,11.9333,0.5,4520.361,22,1,False,1.0,0.0
j233036,3,delay_tolerant,0.9283,0.0,7.7333,0.5,0.0,22,2,False,1.0,0.0
j234527,3,token_batch,1.8167,1.2672,13.3333,0.5,4572.038,17,1,True,1.0,0.05
j234527,3,token_batch,1.5433,0.4052,11.4667,0.5,4338.053,7,1,True,1.0,0.05
j234663,3,delay_sensitive,0.5183,0.0,7.7333,0.5,0.0,4,3,False,1.0,0.0
j234972,3,delay_tolerant,0.5867,0.0,7.7333,0.5,0.0,22,2,False,1.0,0.0
j238132,3,delay_sensitive,0.5183,0.0,7.7333,0.5,0.0,4,3,False,1.0,0.0
j238132,3,delay_tolerant,0.5867,0.0,7.7333,0.5,0.0,6,2,False,1.0,0.0
j239902,3,token_batch,1.5433,0.0,11.4667,0.5,5038.61,7,1,False,1.0,0.0
j240842,3,delay_tolerant,0.655,0.0,7.7333,0.5,0.0,6,2,False,1.0,0.0
j242135,3,token_batch,1.475,0.0,11.0,0.5,4544.832,23,1,True,1.0,0.1494
j242144,3,delay_tolerant,0.9283,0.0,7.7333,0.5,0.0,6,2,False,1.0,0.0
j24257,3,delay_sensitive,0.5183,0.0,7.7333,0.5,0.0,4,3,False,1.0,0.0
j243058,3,delay_tolerant,0.9967,0.0,7.7333,0.5,0.0,23,2,True,1.0,0.05
j243424,3,delay_sensitive,0.5183,0.0,7.7333,0.5,0.0,4,3,False,1.0,0.0
j24718,3,token_batch,1.68,0.0,12.4,0.5,4694.761,7,1,False,1.0,0.0
j24718,3,delay_tolerant,0.5183,0.0,7.7333,0.5,0.0,6,2,True,1.0,0.05
j247556,3,delay_sensitive,1.1333,0.0,8.6667,0.5,0.0,4,3,False,1.0,0.0
j248558,3,delay_tolerant,0.7233,0.0,7.7333,0.5,0.0,6,2,True,1.0,0.05
j248558,3,delay_tolerant,0.7233,0.0,7.7333,0.5,0.0,23,2,True,1.0,0.0295
j248558,3,delay_tolerant,0.9967,0.2185,7.7333,0.5,0.0,23,2,True,1.0,0.0536
j248558,3,delay_tolerant,0.7917,0.0,7.7333,0.5,0.0,23,2,True,1.0,0.05
j249192,3,delay_sensitive,0.655,0.0,7.7333,0.5,0.0,4,3,False,1.0,0.0
j249587,3,delay_tolerant,0.5183,0.0,7.7333,0.5,0.0,6,2,True,1.0,0.05
j249587,3,delay_sensitive,1.7483,0.0,12.8667,0.5,0.0,4,3,False,1.0,0.0
j249587,3,delay_tolerant,0.7233,0.5133,7.7333,0.5,0.0,14,2,False,1.0,0.0
j249587,3,token_batch,2.5,0.0,18.0,0.5,5231.415,14,1,True,1.0,0.1331
j250747,3,delay_tolerant,0.5183,0.0,7.7333,0.5,0.0,23,2,True,1.0,0.05
j250747,3,delay_tolerant,0.5183,0.0,7.7333,0.5,0.0,23,2,True,1.0,0.05
j251825,3,delay_tolerant,0.655,0.0,7.7333,0.5,0.0,6,2,False,1.0,0.0
j252945,3,token_batch,1.8167,1.415,13.3333,0.5,5166.45,23,1,True,1.0,0.1586
j252945,3,token_batch,2.5,0.0,18.0,0.5,4978.776,23,1,False,1.0,0.0
j253118,3,token_batch,1.475,1.1561,11.0,0.5,3515.84,23,1,True,1.0,0.0892
j254481,3,delay_tolerant,0.655,0.0,7.7333,0.5,0.0,19,2,True,1.0,0.0922
j25678,3,delay_tolerant,1.1333,0.0,8.6667,0.5,0.0,6,2,False,1.0,0.0
j258286,3,delay_tolerant,0.5183,0.0,7.7333,0.5,0.0,6,2,True,1.0,0.05
j258303,3,delay_sensitive,0.5183,0.0,7.7333,0.5,0.0,4,3,False,1.0,0.0
j259201,3,delay_tolerant,1.065,0.0,8.2,0.5,0.0,22,2,True,1.0,0.0663
j259514,3,delay_tolerant,1.1333,0.3376,8.6667,0.5,0.0,6,2,True,1.0,0.05
j259514,3,token_batch,1.475,1.2278,11.0,0.5,3474.915,23,1,False,1.0,0.0
j260706,3,delay_sensitive,0.5183,0.0,7.7333,0.5,0.0,4,3,False,1.0,0.0
j26074,3,delay_sensitive,0.5183,0.0,7.7333,0.5,0.0,4,3,False,1.0,0.0
j262179,3,delay_sensitive,0.5183,0.0,7.7333,0.5,0.0,4,3,False,1.0,0.0
j262179,3,delay_tolerant,0.5183,0.0,7.7333,0.5,0.0,23,2,False,1.0,0.0
j26322,3,delay_tolerant,1.2017,0.0,9.1333,0.5,0.0,6,2,True,1.0,0.0853
j263308,3,delay_tolerant,0.5183,0.0,7.7333,0.5,0.0,6,2,False,1.0,0.0
j264441,3,delay_tolerant,0.5183,0.0,7.7333,0.5,0.0,6,2,False,1.0,0.0
j267817,3,delay_tolerant,0.7233,0.0,7.7333,0.5,0.0,6,2,True,1.0,0.05
j267817,3,token_batch,1.6117,0.8765,11.9333,0.5,4352.18,7,1,True,1.0,0.05
j268599,3,delay_tolerant,0.655,0.0,7.7333,0.5,0.0,23,2,False,1.0,0.0
j268725,3,delay_sensitive,1.6117,0.0,11.9333,0.5,0.0,4,3,False,1.0,0.0
j268725,3,delay_tolerant,0.9967,0.0,7.7333,0.5,0.0,6,2,False,1.0,0.0
j269283,3,delay_sensitive,0.5183,0.0,7.7333,0.5,0.0,4,3,False,1.0,0.0
j271224,3,delay_tolerant,0.5183,0.0,7.7333,0.5,0.0,6,2,False,1.0,0.0
j273346,3,delay_tolerant,0.9283,0.0,7.7333,0.5,0.0,23,2,True,1.0,0.041
j273809,3,delay_tolerant,1.27,0.0,9.6,0.5,0.0,14,2,True,1.0,0.05
j274594,3,delay_tolerant,0.7917,0.0,7.7333,0.5,0.0,6,2,False,1.0,0.0
j277568,3,delay_tolerant,0.5183,0.0,7.7333,0.5,0.0,17,2,True,1.0,0.05
j277568,3,delay_tolerant,1.1333,0.0,8.6667,0.5,0.0,17,2,False,1.0,0.0
j277568,3,delay_sensitive,0.5183,0.0,7.7333,0.5,0.0,4,3,False,1.0,0.0
j277568,3,delay_tolerant,1.1333,0.0,8.6667,0.5,0.0,17,2,False,1.0,0.0
j277568,3,delay_sensitive,1.4067,0.0,10.5333,0.5,0.0,4,3,False,1.0,0.0
j278351,3,delay_tolerant,0.7917,0.0,7.7333,0.5,0.0,23,2,False,1.0,0.0
j279139,3,delay_sensitive,0.5183,0.0,7.7333,0.5,0.0,4,3,False,1.0,0.0
j279180,3,delay_tolerant,0.5183,0.0,7.7333,0.5,0.0,22,2,True,1.0,0.05
j279514,3,delay_tolerant,1.27,0.2435,9.6,0.5,0.0,14,2,True,1.0,0.05
j280609,3,delay_tolerant,1.4067,0.0,10.5333,0.5,0.0,23,2,True,1.0,0.05
j280739,3,delay_sensitive,0.5183,0.0,7.7333,0.5,0.0,4,3,False,1.0,0.0
j282477,3,delay_tolerant,0.5183,0.0,7.7333,0.5,0.0,6,2,False,1.0,0.0
j283483,3,token_batch,1.885,0.0,13.8,0.5,4741.766,7,1,False,1.0,0.0
j283483,3,delay_tolerant,0.5183,0.5442,7.7333,0.5,0.0,6,2,False,1.0,0.0
j28468,3,token_batch,2.5,1.3607,18.0,0.5,4724.031,23,1,False,1.0,0.0
j28468,3,delay_tolerant,0.9967,0.367,7.7333,0.5,0.0,6,2,True,1.0,0.05
j28468,3,token_batch,1.8167,0.5149,13.3333,0.5,5123.236,23,1,True,1.0,0.05
j28468,3,delay_tolerant,0.9967,0.0,7.7333,0.5,0.0,23,2,False,1.0,0.0
j28468,3,token_batch,2.09,0.9525,15.2,0.5,4372.434,7,1,False,1.0,0.0
j285403,3,delay_sensitive,0.9283,0.0,7.7333,0.5,0.0,4,3,False,1.0,0.0
j285403,3,token_batch,1.885,0.6436,13.8,0.5,4063.586,7,1,False,1.0,0.0
j286211,3,delay_sensitive,0.5183,0.0,7.7333,0.5,0.0,4,3,False,1.0,0.0
j286211,3,delay_tolerant,0.5867,0.0,7.7333,0.5,0.0,22,2,True,1.0,0.05
j286211,3,delay_tolerant,0.5183,0.0,7.7333,0.5,0.0,22,2,False,1.0,0.0
j286211,3,delay_tolerant,0.5183,0.0,7.7333,0.5,0.0,22,2,False,1.0,0.0
j286211,3,token_batch,1.5433,1.0729,11.4667,0.5,4974.171,22,1,False,1.0,0.0
j286211,3,delay_tolerant,1.065,0.0,8.2,0.5,0.0,23,2,False,1.0,0.0
j286211,3,token_batch,1.6117,0.0,11.9333,0.5,4871.339,22,1,True,1.0,0.1604
j286211,3,delay_tolerant,0.5183,0.0,7.7333,0.5,0.0,17,2,True,1.0,0.0849
j286650,3,delay_tolerant,1.065,0.0,8.2,0.5,0.0,23,2,True,1.0,0.05
j287487,3,token_batch,1.9533,0.0,14.2667,0.5,4741.008,22,1,True,1.0,0.183
j288002,3,token_batch,1.475,0.0,11.0,0.5,4121.669,23,1,False,1.0,0.0
j290109,3,token_batch,1.475,1.1653,11.0,0.5,4308.358,22,1,False,1.0,0.0
j290362,3,delay_tolerant,0.7917,0.0,7.7333,0.5,0.0,22,2,False,1.0,0.0
j292873,3,token_batch,1.7483,0.7257,12.8667,0.5,4010.974,17,1,False,1.0,0.0
j293640,3,token_batch,2.5,0.9391,18.0,0.5,5541.971,20,1,True,1.0,0.05
j293721,3,token_batch,1.5433,0.0,11.4667,0.5,4980.553,22,1,False,1.0,0.0
j294399,3,token_batch,2.09,1.281,15.2,0.5,5276.78,23,1,True,1.0,0.05
j294399,3,delay_sensitive,0.7233,0.0,7.7333,0.5,0.0,4,3,False,1.0,0.0
j295006,3,delay_tolerant,0.5183,0.0,7.7333,0.5,0.0,23,2,True,1.0,0.05
j29676,3,token_batch,2.5,0.9626,18.0,0.5,4199.256,22,1,True,1.0,0.0884
j29676,3,delay_tolerant,1.3383,0.0,10.0667,0.5,0.0,22,2,False,1.0,0.0
j297194,3,delay_sensitive,0.9967,0.0,7.7333,0.5,0.0,4,3,False,1.0,0.0
j297943,3,delay_tolerant,0.5183,0.0,7.7333,0.5,0.0,6,2,False,1.0,0.0
j298030,3,delay_tolerant,0.5867,0.0,7.7333,0.5,0.0,6,2,True,1.0,0.0813
j298038,3,delay_sensitive,0.5183,0.0,7.7333,0.5,0.0,4,3,False,1.0,0.0
j298430,3,token_batch,1.475,0.9372,11.0,0.5,3633.426,23,1,False,1.0,0.0
j299488,3,delay_tolerant,0.7233,0.0,7.7333,0.5,0.0,22,2,False,1.0,0.0
j299624,3,delay_sensitive,0.5183,0.0,7.7333,0.5,0.0,4,3,False,1.0,0.0
j299704,3,delay_tolerant,1.27,0.0,9.6,0.5,0.0,6,2,True,1.0,0.05
j299704,3,delay_tolerant,0.5183,0.0,7.7333,0.5,0.0,22,2,False,1.0,0.0
j30223,3,delay_tolerant,0.5183,0.0,7.7333,0.5,0.0,22,2,False,1.0,0.0
j302510,3,delay_tolerant,0.5183,0.0,7.7333,0.5,0.0,6,2,True,1.0,0.0692
j303300,3,delay_tolerant,0.5183,0.0,7.7333,0.5,0.0,22,2,True,1.0,0.05
j305433,3,delay_tolerant,1.3383,0.0,10.0667,0.5,0.0,23,2,True,1.0,0.05
j306132,3,delay_tolerant,0.5183,0.2498,7.7333,0.5,0.0,6,2,True,1.0,0.05
j306636,3,token_batch,2.5,1.322,18.0,0.5,5422.197,23,1,False,1.0,0.0
j306636,3,delay_tolerant,0.86,0.0,7.7333,0.5,0.0,22,2,False,1.0,0.0
j30879,3,delay_tolerant,0.5183,0.0,7.7333,0.5,0.0,14,2,False,1.0,0.0
j30879,3,token_batch,1.6117,0.7023,11.9333,0.5,4745.345,23,1,True,1.0,0.1002
j309564,3,token_batch,1.885,0.5705,13.8,0.5,5001.029,23,1,True,1.0,0.05
j309564,3,token_batch,2.5,0.0,18.0,0.5,5205.468,23,1,True,1.0,0.1774
j309564,3,token_batch,1.885,0.0,13.8,0.5,4120.221,17,1,True,1.0,0.1871
j311551,3,delay_tolerant,1.1333,0.0,8.6667,0.5,0.0,23,2,False,1.0,0.0
j31160,3,delay_tolerant,0.5183,0.0,7.7333,0.5,0.0,22,2,False,1.0,0.0
j311932,3,delay_tolerant,0.5183,0.0,7.7333,0.5,0.0,6,2,True,1.0,0.074
j315336,3,token_batch,1.6117,1.2394,11.9333,0.5,4393.132,22,1,True,1.0,0.05
j315336,3,delay_tolerant,0.7917,0.3345,7.7333,0.5,0.0,23,2,True,1.0,0.05
j315336,3,delay_tolerant,0.9283,0.0,7.7333,0.5,0.0,23,2,True,1.0,0.0703
j315420,3,delay_sensitive,0.9967,0.0,7.7333,0.5,0.0,4,3,False,1.0,0.0
j315476,3,delay_tolerant,0.5183,0.0,7.7333,0.5,0.0,23,2,True,1.0,0.046
j315662,3,delay_tolerant,0.9283,0.2342,7.7333,0.5,0.0,23,2,False,1.0,0.0
j318070,3,delay_tolerant,0.5183,0.0,7.7333,0.5,0.0,6,2,False,1.0,0.0
j318273,3,delay_tolerant,0.5183,0.0,7.7333,0.5,0.0,14,2,True,1.0,0.05
j318625,3,token_batch,1.475,1.2422,11.0,0.5,4086.237,23,1,True,1.0,0.05
j318625,3,delay_tolerant,1.27,0.0,9.6,0.5,0.0,23,2,False,1.0,0.0
j321496,3,delay_tolerant,0.655,0.0,7.7333,0.5,0.0,6,2,False,1.0,0.0
j322497,3,delay_sensitive,1.3383,0.0,10.0667,0.5,0.0,4,3,False,1.0,0.0
j322497,3,delay_tolerant,0.5183,0.0,7.7333,0.5,0.0,6,2,False,1.0,0.0
j322497,3,token_batch,1.6117,0.7669,11.9333,0.5,4878.64,23,1,True,1.0,0.05
j32354,3,delay_tolerant,0.86,0.0,7.7333,0.5,0.0,23,2,True,1.0,0.05
j326485,3,delay_sensitive,1.3383,0.0,10.0667,0.5,0.0,4,3,False,1.0,0.0
j329889,3,token_batch,2.5,1.132,18.0,0.5,5249.812,23,1,False,1.0,0.0
j329889,3,delay_tolerant,0.9283,0.0,7.7333,0.5,0.0,6,2,True,1.0,0.0776
j329889,3,delay_tolerant,0.5183,0.0,7.7333,0.5,0.0,23,2,False,1.0,0.0
j329889,3,delay_tolerant,0.655,0.0,7.7333,0.5,0.0,23,2,True,1.0,0.05
j330722,3,delay_tolerant,1.2017,0.0,9.1333,0.5,0.0,23,2,True,1.0,0.0859
j33167,3,delay_sensitive,0.5183,0.0,7.7333,0.5,0.0,4,3,False,1.0,0.0
j332187,3,delay_tolerant,0.5183,0.0,7.7333,0.5,0.0,6,2,True,1.0,0.0776
j332954,3,delay_tolerant,1.27,0.0,9.6,0.5,0.0,23,2,False,1.0,0.0
j333447,3,delay_tolerant,0.86,0.5092,7.7333,0.5,0.0,22,2,False,1.0,0.0
j334648,3,token_batch,1.5433,1.1404,11.4667,0.5,4260.792,22,1,True,1.0,0.1632
j334648,3,token_batch,1.7483,1.3992,12.8667,0.5,5293.698,22,1,False,1.0,0.0
j334648,3,token_batch,1.68,1.196,12.4,0.5,4799.066,22,1,False,1.0,0.0
j334648,3,delay_sensitive,1.065,0.0,8.2,0.5,0.0,4,3,False,1.0,0.0
j334648,3,token_batch,1.885,0.6206,13.8,0.5,4109.146,17,1,True,1.0,0.05
j334648,3,delay_tolerant,0.86,0.0,7.7333,0.5,0.0,17,2,False,1.0,0.0
j334648,3,delay_tolerant,1.2017,0.0,9.1333,0.5,0.0,17,2,True,1.0,0.09
j334648,3,token_batch,2.5,1.3001,18.0,0.5,4934.672,22,1,True,1.0,0.05
j334648,3,delay_tolerant,0.5183,0.4059,7.7333,0.5,0.0,17,2,False,1.0,0.0
j334648,3,delay_tolerant,1.1333,0.0,8.6667,0.5,0.0,17,2,True,1.0,0.0764
j336160,3,delay_tolerant,0.5183,0.0,7.7333,0.5,0.0,6,2,True,1.0,0.05
j337565,3,delay_tolerant,0.5183,0.0,7.7333,0.5,0.0,23,2,False,1.0,0.0
j337640,3,delay_tolerant,0.5183,0.0,7.7333,0.5,0.0,6,2,False,1.0,0.0
j337884,3,delay_tolerant,0.7233,0.0,7.7333,0.5,0.0,22,2,True,1.0,0.0317
j337884,3,delay_tolerant,1.3383,0.0,10.0667,0.5,0.0,23,2,False,1.0,0.0
j337886,3,delay_tolerant,1.27,0.0,9.6,0.5,0.0,23,2,True,1.0,0.0906
j337886,3,delay_tolerant,0.5183,0.0,7.7333,0.5,0.0,6,2,False,1.0,0.0
j338228,3,delay_tolerant,0.5183,0.0,7.7333,0.5,0.0,23,2,True,1.0,0.05
j338855,3,delay_tolerant,0.7233,0.0,7.7333,0.5,0.0,22,2,False,1.0,0.0
j339520,3,delay_sensitive,0.5183,0.0,7.7333,0.5,0.0,4,3,False,1.0,0.0
j340388,3,delay_tolerant,0.7917,0.0,7.7333,0.5,0.0,6,2,False,1.0,0.0
j34369,3,delay_tolerant,0.655,0.0,7.7333,0.5,0.0,6,2,False,1.0,0.0
j34369,3,delay_sensitive,0.5183,0.0,7.7333,0.5,0.0,4,3,False,1.0,0.0
j344153,3,delay_tolerant,0.5183,0.2954,7.7333,0.5,0.0,6,2,False,1.0,0.0
j344296,3,token_batch,1.6117,0.5983,11.9333,0.5,4243.146,23,1,True,1.0,0.05
j344401,3,token_batch,2.5,1.372,18.0,0.5,5261.989,22,1,True,1.0,0.1885
j344532,3,delay_tolerant,0.5183,0.0,7.7333,0.5,0.0,23,2,False,1.0,0.0
j344532,3,delay_sensitive,0.5183,0.0,7.7333,0.5,0.0,4,3,False,1.0,0.0
j344643,3,delay_tolerant,0.9283,0.5539,7.7333,0.5,0.0,22,2,True,1.0,0.076
j345442,3,delay_tolerant,0.5183,0.0,7.7333,0.5,0.0,6,2,True,1.0,0.05
j345673,3,delay_tolerant,0.655,0.0,7.7333,0.5,0.0,6,2,False,1.0,0.0
j345869,3,token_batch,1.475,0.52,11.0,0.5,4172.173,23,1,True,1.0,0.1603
j345869,3,delay_tolerant,0.5183,0.0,7.7333,0.5,0.0,17,2,True,1.0,0.0742
j345869,3,delay_tolerant,1.2017,0.0,9.1333,0.5,0.0,23,2,True,1.0,0.0585
j346523,3,delay_sensitive,0.5183,0.0,7.7333,0.5,0.0,4,3,False,1.0,0.0
j34694,3,delay_tolerant,1.2017,0.0,9.1333,0.5,0.0,6,2,False,1.0,0.0
j347574,3,delay_tolerant,0.655,0.0,7.7333,0.5,0.0,6,2,False,1.0,0.0
j348530,3,delay_tolerant,0.5183,0.0,7.7333,0.5,0.0,6,2,True,1.0,0.0498
j348780,3,delay_tolerant,0.5183,0.0,7.7333,0.5,0.0,6,2,False,1.0,0.0
j349588,3,token_batch,1.5433,0.5614,11.4667,0.5,4488.411,17,1,True,1.0,0.05
j350581,3,delay_sensitive,1.4067,0.0,10.5333,0.5,0.0,4,3,False,1.0,0.0
j350581,3,delay_sensitive,1.065,0.0,8.2,0.5,0.0,4,3,False,1.0,0.0
j351087,3,token_batch,1.475,0.0,11.0,0.5,4511.292,7,1,False,1.0,0.0
j351087,3,delay_tolerant,1.27,0.0,9.6,0.5,0.0,23,2,True,1.0,0.05
j351087,3,delay_tolerant,1.4067,0.0,10.5333,0.5,0.0,17,2,False,1.0,0.0
j351087,3,token_batch,1.885,0.0,13.8,0.5,4689.821,23,1,False,1.0,0.0
j351087,3,token_batch,2.5,0.6175,18.0,0.5,4352.125,23,1,False,1.0,0.0
j351087,3,delay_tolerant,1.1333,0.0,8.6667,0.5,0.0,22,2,True,1.0,0.0872
j351087,3,delay_tolerant,0.5183,0.0,7.7333,0.5,0.0,23,2,False,1.0,0.0
j351087,3,token_batch,1.6117,0.4083,11.9333,0.5,4662.681,17,1,True,1.0,0.05
j352639,3,delay_sensitive,0.5183,0.0,7.7333,0.5,0.0,4,3,False,1.0,0.0
j352690,3,delay_tolerant,0.5183,0.0,7.7333,0.5,0.0,23,2,True,1.0,0.05
j352691,3,delay_tolerant,0.9967,0.0,7.7333,0.5,0.0,6,2,False,1.0,0.0
j352691,3,delay_tolerant,0.5183,0.0,7.7333,0.5,0.0,17,2,True,1.0,0.0341
j352691,3,delay_tolerant,0.5183,0.0,7.7333,0.5,0.0,22,2,False,1.0,0.0
j352691,3,delay_tolerant,1.4067,0.0,10.5333,0.5,0.0,23,2,False,1.0,0.0
j352691,3,delay_sensitive,1.6117,0.0,11.9333,0.5,0.0,4,3,False,1.0,0.0
j353478,3,delay_tolerant,0.5183,0.0,7.7333,0.5,0.0,6,2,True,1.0,0.05
j35379,3,token_batch,1.475,1.1564,11.0,0.5,4139.991,23,1,False,1.0,0.0
j354408,3,token_batch,1.475,1.0276,11.0,0.5,4413.269,23,1,True,1.0,0.05
j356707,3,token_batch,2.5,0.0,18.0,0.5,4284.093,22,1,True,1.0,0.1431
j356707,3,token_batch,2.5,0.0,18.0,0.5,4376.406,22,1,False,1.0,0.0
j358667,3,delay_tolerant,0.5867,0.0,7.7333,0.5,0.0,22,2,True,1.0,0.0518
j361012,3,delay_tolerant,0.86,0.0,7.7333,0.5,0.0,23,2,True,1.0,0.0617
j361012,3,delay_tolerant,0.5183,0.221,7.7333,0.5,0.0,23,2,False,1.0,0.0
j361153,3,delay_tolerant,0.7917,0.0,7.7333,0.5,0.0,22,2,False,1.0,0.0
j363451,3,token_batch,1.475,1.3557,11.0,0.5,3786.005,7,1,True,1.0,0.1397
j363451,3,token_batch,1.885,0.757,13.8,0.5,5205.219,7,1,False,1.0,0.0
j363895,3,token_batch,2.5,0.9634,18.0,0.5,4767.913,20,1,False,1.0,0.0
j365781,3,token_batch,1.475,0.0,11.0,0.5,4281.025,23,1,True,1.0,0.1284
j366187,3,delay_tolerant,0.655,0.0,7.7333,0.5,0.0,6,2,True,1.0,0.05
j366447,3,delay_tolerant,0.5183,0.0,7.7333,0.5,0.0,19,2,True,1.0,0.05
j366447,3,token_batch,2.2267,1.3471,16.1333,0.5,4728.599,14,1,True,1.0,0.119
j366558,3,delay_sensitive,0.5183,0.0,7.7333,0.5,0.0,4,3,False,1.0,0.0
j366558,3,delay_tolerant,0.7917,0.0,7.7333,0.5,0.0,19,2,False,1.0,0.0
j366732,3,delay_sensitive,0.5183,0.0,7.7333,0.5,0.0,4,3,False,1.0,0.0
j367181,3,delay_tolerant,0.7917,0.0,7.7333,0.5,0.0,17,2,False,1.0,0.0
j367289,3,delay_tolerant,1.1333,0.0,8.6667,0.5,0.0,22,2,False,1.0,0.0
j368128,3,delay_tolerant,1.065,0.0,8.2,0.5,0.0,23,2,False,1.0,0.0
j368128,3,delay_tolerant,0.5867,0.0,7.7333,0.5,0.0,23,2,False,1.0,0.0
j369730,3,delay_sensitive,0.5183,0.0,7.7333,0.5,0.0,4,3,False,1.0,0.0
j369730,3,token_batch,1.475,0.4455,11.0,0.5,4018.926,23,1,False,1.0,0.0
j370072,3,delay_tolerant,0.5183,0.0,7.7333,0.5,0.0,6,2,False,1.0,0.0
j370158,3,delay_tolerant,0.7233,0.0,7.7333,0.5,0.0,6,2,True,1.0,0.05
j372255,3,delay_tolerant,0.5183,0.0,7.7333,0.5,0.0,6,2,False,1.0,0.0
j373631,3,delay_tolerant,0.5867,0.0,7.7333,0.5,0.0,23,2,True,1.0,0.05
j374711,3,delay_tolerant,0.5183,0.0,7.7333,0.5,0.0,22,2,False,1.0,0.0
j374711,3,delay_tolerant,0.655,0.0,7.7333,0.5,0.0,22,2,False,1.0,0.0
j375075,3,delay_sensitive,1.885,0.0,13.8,0.5,0.0,4,3,False,1.0,0.0
j375473,3,delay_tolerant,0.5183,0.0,7.7333,0.5,0.0,6,2,False,1.0,0.0
j377403,3,delay_tolerant,0.5183,0.0,7.7333,0.5,0.0,23,2,True,1.0,0.0927
j378178,3,token_batch,1.475,0.0,11.0,0.5,3835.153,23,1,False,1.0,0.0
j378178,3,delay_tolerant,0.86,0.0,7.7333,0.5,0.0,22,2,True,1.0,0.0968
j378484,3,delay_sensitive,0.5183,0.0,7.7333,0.5,0.0,4,3,False,1.0,0.0
j378484,3,token_batch,1.8167,0.9296,13.3333,0.5,5161.879,23,1,True,1.0,0.05
j378484,3,delay_tolerant,0.5183,0.2954,7.7333,0.5,0.0,23,2,True,1.0,0.0425
j378484,3,delay_tolerant,0.5183,0.0,7.7333,0.5,0.0,22,2,False,1.0,0.0
j378484,3,delay_sensitive,0.7233,0.0,7.7333,0.5,0.0,4,3,False,1.0,0.0
j378484,3,delay_tolerant,0.5183,0.0,7.7333,0.5,0.0,14,2,True,1.0,0.05
j379114,3,delay_sensitive,0.5183,0.0,7.7333,0.5,0.0,4,3,False,1.0,0.0
j381177,3,delay_tolerant,0.655,0.0,7.7333,0.5,0.0,6,2,False,1.0,0.0
j381206,3,delay_sensitive,0.5183,0.0,7.7333,0.5,0.0,4,3,False,1.0,0.0
j381340,3,delay_sensitive,0.5183,0.0,7.7333,0.5,0.0,4,3,False,1.0,0.0
j382770,3,delay_sensitive,0.5183,0.0,7.7333,0.5,0.0,4,3,False,1.0,0.0
j383921,3,delay_sensitive,0.655,0.0,7.7333,0.5,0.0,4,3,False,1.0,0.0
j38528,3,delay_sensitive,0.5183,0.0,7.7333,0.5,0.0,4,3,False,1.0,0.0
j386876,3,delay_tolerant,0.5183,0.0,7.7333,0.5,0.0,6,2,False,1.0,0.0
j387840,3,delay_tolerant,0.5867,0.0,7.7333,0.5,0.0,22,2,False,1.0,0.0
j39092,3,delay_tolerant,0.5183,0.0,7.7333,0.5,0.0,23,2,False,1.0,0.0
j391597,3,delay_tolerant,0.5867,0.0,7.7333,0.5,0.0,6,2,True,1.0,0.0278
j392767,3,delay_tolerant,0.5867,0.4325,7.7333,0.5,0.0,22,2,False,1.0,0.0
j392767,3,token_batch,2.5,0.0,18.0,0.5,5038.58,19,1,False,1.0,0.0
j392931,3,delay_tolerant,0.86,0.0,7.7333,0.5,0.0,22,2,False,1.0,0.0
j392931,3,token_batch,1.6117,0.0,11.9333,0.5,4347.421,22,1,False,1.0,0.0
j392931,3,token_batch,2.09,1.3043,15.2,0.5,4114.041,22,1,True,1.0,0.05
j394042,3,delay_tolerant,0.5183,0.0,7.7333,0.5,0.0,22,2,True,1.0,0.05
j394187,3,delay_tolerant,0.5867,0.0,7.7333,0.5,0.0,22,2,True,1.0,0.0422
j397541,3,delay_tolerant,0.5183,0.0,7.7333,0.5,0.0,20,2,True,1.0,0.05
j397541,3,delay_tolerant,1.4067,0.0,10.5333,0.5,0.0,20,2,False,1.0,0.0
j397541,3,delay_tolerant,0.86,0.0,7.7333,0.5,0.0,22,2,False,1.0,0.0
j398547,3,token_batch,2.09,0.4527,15.2,0.5,4385.394,23,1,False,1.0,0.0
j398749,3,delay_tolerant,0.5183,0.0,7.7333,0.5,0.0,20,2,True,1.0,0.05
j398749,3,delay_tolerant,0.5183,0.0,7.7333,0.5,0.0,20,2,True,1.0,0.05
j400487,3,delay_sensitive,1.3383,0.0,10.0667,0.5,0.0,4,3,False,1.0,0.0
j400487,3,token_batch,1.475,0.6869,11.0,0.5,4332.034,22,1,False,1.0,0.0
j401281,3,delay_tolerant,0.5183,0.0,7.7333,0.5,0.0,17,2,True,1.0,0.05
j402341,3,token_batch,1.6117,0.9222,11.9333,0.5,4043.679,23,1,False,1.0,0.0
j40398,3,delay_tolerant,0.5183,0.3798,7.7333,0.5,0.0,6,2,False,1.0,0.0
j405871,3,token_batch,2.09,0.0,15.2,0.5,4416.212,7,1,False,1.0,0.0
j406333,3,delay_tolerant,0.9283,0.0,7.7333,0.5,0.0,6,2,True,1.0,0.0978
j406811,3,delay_sensitive,0.5183,0.0,7.7333,0.5,0.0,4,3,False,1.0,0.0
j408421,3,token_batch,2.5,1.2284,18.0,0.5,4450.391,23,1,True,1.0,0.05
j409893,3,delay_tolerant,0.5183,0.0,7.7333,0.5,0.0,6,2,False,1.0,0.0
j412380,3,delay_tolerant,0.5183,0.0,7.7333,0.5,0.0,17,2,True,1.0,0.0428
j415285,3,token_batch,1.6117,0.0,11.9333,0.5,4150.314,22,1,False,1.0,0.0
j415285,3,delay_tolerant,0.7233,0.0,7.7333,0.5,0.0,6,2,True,1.0,0.05
j415292,3,delay_sensitive,0.655,0.0,7.7333,0.5,0.0,4,3,False,1.0,0.0
j415292,3,delay_sensitive,0.5183,0.0,7.7333,0.5,0.0,4,3,False,1.0,0.0
j415292,3,delay_tolerant,1.4067,0.0,10.5333,0.5,0.0,14,2,False,1.0,0.0
j416083,3,delay_sensitive,0.7233,0.0,7.7333,0.5,0.0,4,3,False,1.0,0.0
j416083,3,delay_tolerant,0.5183,0.0,7.7333,0.5,0.0,23,2,True,1.0,0.0347
j416083,3,delay_sensitive,0.5183,0.0,7.7333,0.5,0.0,4,3,False,1.0,0.0
j416083,3,delay_tolerant,0.5183,0.0,7.7333,0.5,0.0,23,2,False,1.0,0.0
j416083,3,token_batch,2.5,0.9667,18.0,0.5,5237.73,19,1,True,1.0,0.05
j416083,3,token_batch,2.5,1.0075,18.0,0.5,4615.538,23,1,True,1.0,0.0937
j416083,3,delay_sensitive,0.5183,0.0,7.7333,0.5,0.0,4,3,False,1.0,0.0
j416083,3,delay_tolerant,0.86,0.0,7.7333,0.5,0.0,23,2,True,1.0,0.05
j416083,3,delay_tolerant,0.5183,0.0,7.7333,0.5,0.0,14,2,True,1.0,0.0381
j416083,3,token_batch,1.6117,1.2299,11.9333,0.5,5105.693,14,1,False,1.0,0.0
j416083,3,token_batch,1.6117,0.4312,11.9333,0.5,4282.837,23,1,True,1.0,0.0881
j418545,3,token_batch,1.68,0.852,12.4,0.5,5191.043,7,1,False,1.0,0.0
j420119,3,delay_tolerant,0.5183,0.0,7.7333,0.5,0.0,6,2,True,1.0,0.05
j420141,3,delay_tolerant,0.655,0.0,7.7333,0.5,0.0,23,2,True,1.0,0.0408
j420141,3,delay_tolerant,0.5183,0.0,7.7333,0.5,0.0,14,2,True,1.0,0.05
j420257,3,delay_sensitive,0.5183,0.0,7.7333,0.5,0.0,4,3,False,1.0,0.0
j420352,3,token_batch,1.475,1.3815,11.0,0.5,4153.881,23,1,True,1.0,0.05
j421686,3,delay_tolerant,0.5183,0.0,7.7333,0.5,0.0,23,2,True,1.0,0.05
j421686,3,delay_tolerant,1.2017,0.0,9.1333,0.5,0.0,17,2,True,1.0,0.05
j421686,3,token_batch,2.5,0.0,18.0,0.5,4404.696,17,1,False,1.0,0.0
j422381,3,token_batch,1.475,1.438,11.0,0.5,4521.106,23,1,False,1.0,0.0
j422761,3,delay_tolerant,0.7233,0.0,7.7333,0.5,0.0,6,2,True,1.0,0.0472
j422946,3,delay_tolerant,0.5183,0.5357,7.7333,0.5,0.0,22,2,False,1.0,0.0
j423389,3,delay_tolerant,0.5183,0.0,7.7333,0.5,0.0,22,2,True,1.0,0.05
j425058,3,token_batch,1.8167,0.0,13.3333,0.5,4266.171,17,1,False,1.0,0.0
j425058,3,delay_tolerant,1.1333,0.0,8.6667,0.5,0.0,23,2,False,1.0,0.0
j425486,3,token_batch,1.475,0.6428,11.0,0.5,3458.172,23,1,False,1.0,0.0
j425537,3,delay_tolerant,0.5867,0.0,7.7333,0.5,0.0,6,2,True,1.0,0.05
j425866,3,delay_tolerant,0.5183,0.0,7.7333,0.5,0.0,22,2,True,1.0,0.05
j425866,3,token_batch,2.5,0.4344,18.0,0.5,4926.567,22,1,True,1.0,0.05
j426378,3,token_batch,1.885,1.3603,13.8,0.5,4178.011,23,1,True,1.0,0.05
j427100,3,delay_tolerant,0.9283,0.0,7.7333,0.5,0.0,17,2,False,1.0,0.0
j427100,3,token_batch,1.8167,0.4026,13.3333,0.5,4586.956,23,1,False,1.0,0.0
j427100,3,token_batch,1.885,0.9984,13.8,0.5,4949.704,23,1,False,1.0,0.0
j428076,3,delay_tolerant,0.5867,0.0,7.7333,0.5,0.0,23,2,True,1.0,0.0584
j428076,3,delay_tolerant,0.5867,0.0,7.7333,0.5,0.0,17,2,False,1.0,0.0
j428076,3,delay_tolerant,0.5183,0.0,7.7333,0.5,0.0,17,2,True,1.0,0.0415
j428712,3,token_batch,1.885,0.795,13.8,0.5,5136.893,7,1,True,1.0,0.05
j429556,3,delay_sensitive,0.5183,0.0,7.7333,0.5,0.0,4,3,False,1.0,0.0
j431238,3,delay_tolerant,0.5183,0.0,7.7333,0.5,0.0,22,2,False,1.0,0.0
j432306,3,token_batch,1.8167,0.8851,13.3333,0.5,4337.773,23,1,False,1.0,0.0
j432773,3,delay_tolerant,1.4067,0.0,10.5333,0.5,0.0,23,2,False,1.0,0.0
j433460,3,token_batch,1.7483,0.0,12.8667,0.5,4925.283,17,1,False,1.0,0.0
j433460,3,delay_tolerant,0.5183,0.0,7.7333,0.5,0.0,17,2,True,1.0,0.0213
j433540,3,delay_tolerant,0.5183,0.0,7.7333,0.5,0.0,6,2,True,1.0,0.05
j433571,3,delay_tolerant,0.5867,0.0,7.7333,0.5,0.0,6,2,False,1.0,0.0
j434481,3,delay_tolerant,0.5183,0.2091,7.7333,0.5,0.0,6,2,True,1.0,0.05
j434648,3,delay_tolerant,1.27,0.0,9.6,0.5,0.0,23,2,True,1.0,0.0869
j434648,3,token_batch,1.475,0.8869,11.0,0.5,4013.144,23,1,False,1.0,0.0
j435117,3,delay_sensitive,0.5867,0.0,7.7333,0.5,0.0,4,3,False,1.0,0.0
j435952,3,delay_sensitive,1.7483,0.0,12.8667,0.5,0.0,4,3,False,1.0,0.0
j437056,3,delay_tolerant,0.86,0.383,7.7333,0.5,0.0,22,2,True,1.0,0.05
j438480,3,delay_tolerant,0.5183,0.4344,7.7333,0.5,0.0,6,2,True,1.0,0.05
j440277,3,delay_tolerant,0.7233,0.0,7.7333,0.5,0.0,6,2,True,1.0,0.0483
j441711,3,token_batch,2.5,0.594,18.0,0.5,4896.793,22,1,True,1.0,0.1492
j441747,3,delay_tolerant,0.5183,0.0,7.7333,0.5,0.0,17,2,True,1.0,0.05
j442609,3,delay_tolerant,0.7233,0.0,7.7333,0.5,0.0,6,2,True,1.0,0.05
j442637,3,delay_sensitive,0.5183,0.0,7.7333,0.5,0.0,4,3,False,1.0,0.0
j443802,3,token_batch,1.7483,1.1734,12.8667,0.5,4956.65,22,1,True,1.0,0.1201
j448758,3,token_batch,1.7483,0.6963,12.8667,0.5,5070.197,7,1,False,1.0,0.0
j448758,3,delay_tolerant,0.5183,0.0,7.7333,0.5,0.0,23,2,False,1.0,0.0
j448877,3,token_batch,1.68,0.7258,12.4,0.5,4648.775,7,1,True,1.0,0.05
j450351,3,delay_sensitive,0.5183,0.0,7.7333,0.5,0.0,4,3,False,1.0,0.0
j45268,3,token_batch,1.475,0.0,11.0,0.5,4103.765,23,1,False,1.0,0.0
j45268,3,delay_tolerant,0.5183,0.0,7.7333,0.5,0.0,23,2,False,1.0,0.0
j452861,3,token_batch,1.5433,1.0811,11.4667,0.5,4193.8,7,1,False,1.0,0.0
j456096,3,delay_tolerant,0.655,0.0,7.7333,0.5,0.0,6,2,False,1.0,0.0
j456289,3,delay_tolerant,0.5183,0.0,7.7333,0.5,0.0,6,2,False,1.0,0.0
j456744,3,delay_tolerant,1.2017,0.0,9.1333,0.5,0.0,23,2,True,1.0,0.075
j456945,3,delay_tolerant,0.5183,0.0,7.7333,0.5,0.0,6,2,True,1.0,0.05
j458040,3,token_batch,1.68,1.1341,12.4,0.5,4565.626,7,1,True,1.0,0.05
j459010,3,delay_tolerant,0.86,0.0,7.7333,0.5,0.0,22,2,True,1.0,0.05
j459062,3,delay_tolerant,0.5183,0.0,7.7333,0.5,0.0,23,2,False,1.0,0.0
j459062,3,token_batch,2.0217,1.0373,14.7333,0.5,4410.992,14,1,True,1.0,0.05
j459062,3,delay_tolerant,0.5183,0.0,7.7333,0.5,0.0,23,2,False,1.0,0.0
j459340,3,delay_sensitive,0.5183,0.0,7.7333,0.5,0.0,4,3,False,1.0,0.0
j459432,3,delay_tolerant,0.86,0.0,7.7333,0.5,0.0,19,2,False,1.0,0.0
j45969,3,delay_tolerant,0.5183,0.0,7.7333,0.5,0.0,23,2,False,1.0,0.0
j460895,3,token_batch,2.5,0.8467,18.0,0.5,4437.258,22,1,True,1.0,0.05
j461435,3,delay_tolerant,1.1333,0.0,8.6667,0.5,0.0,14,2,True,1.0,0.05
j461435,3,delay_tolerant,0.5183,0.0,7.7333,0.5,0.0,6,2,False,1.0,0.0
j461636,3,token_batch,1.475,1.0032,11.0,0.5,4113.584,23,1,True,1.0,0.05
j461636,3,token_batch,2.5,0.7757,18.0,0.5,5101.643,23,1,True,1.0,0.05
j461961,3,delay_tolerant,0.5183,0.0,7.7333,0.5,0.0,17,2,False,1.0,0.0
j463100,3,delay_tolerant,1.1333,0.5202,8.6667,0.5,0.0,22,2,False,1.0,0.0
j463746,3,token_batch,1.8167,0.0,13.3333,0.5,4769.415,22,1,True,1.0,0.1931
j463746,3,delay_tolerant,0.9967,0.0,7.7333,0.5,0.0,22,2,True,1.0,0.0923
j466354,3,delay_tolerant,0.5183,0.2571,7.7333,0.5,0.0,6,2,True,1.0,0.0599
j466869,3,delay_tolerant,0.5867,0.0,7.7333,0.5,0.0,22,2,True,1.0,0.05
j468871,3,delay_tolerant,0.655,0.0,7.7333,0.5,0.0,22,2,True,1.0,0.05
j469557,3,delay_tolerant,1.2017,0.0,9.1333,0.5,0.0,14,2,True,1.0,0.0931
j470826,3,delay_tolerant,0.5183,0.0,7.7333,0.5,0.0,19,2,True,1.0,0.0737
j471621,3,delay_tolerant,0.9283,0.3543,7.7333,0.5,0.0,22,2,True,1.0,0.0477
j474022,3,delay_sensitive,0.5183,0.0,7.7333,0.5,0.0,4,3,False,1.0,0.0
j477427,3,token_batch,2.1583,0.6906,15.6667,0.5,4890.02,7,1,True,1.0,0.1596
j477427,3,delay_sensitive,1.6117,0.0,11.9333,0.5,0.0,4,3,False,1.0,0.0
j477481,3,delay_tolerant,0.7233,0.0,7.7333,0.5,0.0,19,2,True,1.0,0.05
j477843,3,delay_tolerant,0.5867,0.0,7.7333,0.5,0.0,22,2,False,1.0,0.0
j477930,3,delay_tolerant,0.5183,0.0,7.7333,0.5,0.0,6,2,True,1.0,0.0258
j478746,3,delay_tolerant,0.5183,0.0,7.7333,0.5,0.0,6,2,True,1.0,0.05
j479193,3,delay_tolerant,0.7917,0.0,7.7333,0.5,0.0,14,2,False,1.0,0.0
j481013,3,delay_sensitive,0.9283,0.0,7.7333,0.5,0.0,4,3,False,1.0,0.0
j481791,3,delay_sensitive,0.5183,0.0,7.7333,0.5,0.0,4,3,False,1.0,0.0
j481964,3,delay_tolerant,0.5867,0.0,7.7333,0.5,0.0,23,2,True,1.0,0.0244
j482813,3,delay_tolerant,1.2017,0.0,9.1333,0.5,0.0,17,2,True,1.0,0.0801
j482813,3,delay_tolerant,0.5183,0.0,7.7333,0.5,0.0,17,2,False,1.0,0.0
j482813,3,token_batch,1.7483,0.7034,12.8667,0.5,4101.074,17,1,False,1.0,0.0
j482868,3,token_batch,1.475,0.7688,11.0,0.5,4301.322,23,1,True,1.0,0.05
j482868,3,token_batch,1.475,0.0,11.0,0.5,3838.54,23,1,False,1.0,0.0
j482868,3,delay_tolerant,0.7917,0.0,7.7333,0.5,0.0,23,2,True,1.0,0.05
j483720,3,delay_sensitive,0.5183,0.0,7.7333,0.5,0.0,4,3,False,1.0,0.0
j484046,3,token_batch,2.5,0.6428,18.0,0.5,5447.621,22,1,True,1.0,0.1798
j484557,3,delay_tolerant,1.27,0.0,9.6,0.5,0.0,17,2,False,1.0,0.0
j484557,3,token_batch,1.8167,1.2026,13.3333,0.5,4056.292,7,1,True,1.0,0.05
j4920,3,delay_tolerant,0.5867,0.0,7.7333,0.5,0.0,19,2,False,1.0,0.0
j493383,3,delay_tolerant,0.5183,0.0,7.7333,0.5,0.0,6,2,True,1.0,0.0456
j493902,3,delay_tolerant,0.86,0.0,7.7333,0.5,0.0,6,2,True,1.0,0.05
j493902,3,delay_tolerant,1.3383,0.0,10.0667,0.5,0.0,6,2,True,1.0,0.05
j495096,3,delay_tolerant,0.5183,0.0,7.7333,0.5,0.0,6,2,False,1.0,0.0
j496127,3,delay_tolerant,1.3383,0.0,10.0667,0.5,0.0,23,2,True,1.0,0.031
j496127,3,delay_tolerant,1.2017,0.0,9.1333,0.5,0.0,23,2,True,1.0,0.05
j496688,3,delay_tolerant,0.86,0.0,7.7333,0.5,0.0,17,2,False,1.0,0.0
j496688,3,delay_tolerant,0.5183,0.0,7.7333,0.5,0.0,23,2,True,1.0,0.05
j496688,3,delay_tolerant,1.3383,0.0,10.0667,0.5,0.0,23,2,False,1.0,0.0
j496688,3,delay_tolerant,0.5183,0.0,7.7333,0.5,0.0,23,2,False,1.0,0.0
j496688,3,token_batch,2.5,0.0,18.0,0.5,5543.615,17,1,False,1.0,0.0
j496688,3,token_batch,2.5,0.0,18.0,0.5,5209.389,17,1,False,1.0,0.0
j496772,3,delay_tolerant,0.5183,0.0,7.7333,0.5,0.0,6,2,True,1.0,0.05
j498263,3,delay_tolerant,0.9283,0.0,7.7333,0.5,0.0,22,2,True,1.0,0.05
j498263,3,delay_sensitive,0.5183,0.0,7.7333,0.5,0.0,4,3,False,1.0,0.0
j498263,3,delay_tolerant,1.065,0.0,8.2,0.5,0.0,6,2,True,1.0,0.0707
j498263,3,delay_sensitive,0.7917,0.0,7.7333,0.5,0.0,4,3,False,1.0,0.0
j498263,3,token_batch,2.5,0.5148,18.0,0.5,4794.575,22,1,True,1.0,0.1774
j499332,3,delay_sensitive,0.5183,0.0,7.7333,0.5,0.0,4,3,False,1.0,0.0
j499898,3,delay_sensitive,1.9533,0.0,14.2667,0.5,0.0,4,3,False,1.0,0.0
j501535,3,delay_tolerant,0.5183,0.0,7.7333,0.5,0.0,23,2,False,1.0,0.0
j50337,3,delay_sensitive,1.885,0.0,13.8,0.5,0.0,4,3,False,1.0,0.0
j50337,3,delay_tolerant,0.9967,0.3348,7.7333,0.5,0.0,6,2,False,1.0,0.0
j503393,3,delay_tolerant,0.5183,0.0,7.7333,0.5,0.0,22,2,True,1.0,0.0317
j50357,3,delay_tolerant,0.5867,0.0,7.7333,0.5,0.0,23,2,False,1.0,0.0
j503631,3,delay_tolerant,0.655,0.4515,7.7333,0.5,0.0,22,2,False,1.0,0.0
j504256,3,delay_tolerant,0.86,0.0,7.7333,0.5,0.0,23,2,False,1.0,0.0
j504441,3,delay_tolerant,0.5867,0.5938,7.7333,0.5,0.0,22,2,True,1.0,0.0561
j507102,3,token_batch,2.5,0.9443,18.0,0.5,4591.52,22,1,True,1.0,0.05
j507102,3,token_batch,2.5,0.0,18.0,0.5,4439.909,22,1,False,1.0,0.0
j50872,3,token_batch,1.475,1.0096,11.0,0.5,3870.082,23,1,True,1.0,0.1929
j509406,3,delay_tolerant,0.7233,0.0,7.7333,0.5,0.0,6,2,False,1.0,0.0
j509427,3,delay_sensitive,0.5183,0.0,7.7333,0.5,0.0,4,3,False,1.0,0.0
j510270,3,token_batch,1.475,1.2446,11.0,0.5,4545.84,23,1,True,1.0,0.1811
j514471,3,delay_sensitive,0.5183,0.0,7.7333,0.5,0.0,4,3,False,1.0,0.0
j516116,3,delay_sensitive,0.5183,0.0,7.7333,0.5,0.0,4,3,False,1.0,0.0
j517064,3,delay_tolerant,0.5183,0.0,7.7333,0.5,0.0,6,2,False,1.0,0.0
j517093,3,delay_tolerant,0.5183,0.0,7.7333,0.5,0.0,6,2,True,1.0,0.05
j520320,3,token_batch,1.475,0.4832,11.0,0.5,3557.386,23,1,True,1.0,0.05
j520425,3,delay_tolerant,0.5183,0.0,7.7333,0.5,0.0,6,2,True,1.0,0.05
j526646,3,delay_tolerant,1.1333,0.0,8.6667,0.5,0.0,6,2,False,1.0,0.0
j528869,3,delay_sensitive,0.5183,0.0,7.7333,0.5,0.0,4,3,False,1.0,0.0
j529258,3,delay_tolerant,0.5183,0.3688,7.7333,0.5,0.0,23,2,True,1.0,0.0307
j529633,3,token_batch,1.885,1.3277,13.8,0.5,4456.733,7,1,True,1.0,0.1707
j53014,3,delay_tolerant,0.655,0.0,7.7333,0.5,0.0,22,2,True,1.0,0.05
j53014,3,delay_tolerant,0.5183,0.0,7.7333,0.5,0.0,14,2,True,1.0,0.05
j53014,3,delay_tolerant,0.5183,0.0,7.7333,0.5,0.0,23,2,False,1.0,0.0
j53014,3,token_batch,1.7483,0.6741,12.8667,0.5,4131.128,23,1,False,1.0,0.0
j530215,3,delay_tolerant,0.5183,0.0,7.7333,0.5,0.0,22,2,True,1.0,0.05
j530215,3,delay_tolerant,0.86,0.0,7.7333,0.5,0.0,22,2,False,1.0,0.0
j531224,3,token_batch,1.68,0.0,12.4,0.5,3989.596,22,1,False,1.0,0.0
j532208,3,delay_sensitive,0.655,0.0,7.7333,0.5,0.0,4,3,False,1.0,0.0
j533365,3,delay_sensitive,0.655,0.0,7.7333,0.5,0.0,4,3,False,1.0,0.0
j535584,3,delay_tolerant,0.5183,0.279,7.7333,0.5,0.0,23,2,False,1.0,0.0
j536228,3,delay_tolerant,1.27,0.0,9.6,0.5,0.0,22,2,True,1.0,0.05
j536228,3,delay_tolerant,1.065,0.0,8.2,0.5,0.0,22,2,True,1.0,0.05
j536228,3,delay_tolerant,0.655,0.0,7.7333,0.5,0.0,22,2,False,1.0,0.0
j536634,3,delay_sensitive,1.885,0.0,13.8,0.5,0.0,4,3,False,1.0,0.0
j538820,3,delay_sensitive,0.5183,0.0,7.7333,0.5,0.0,4,3,False,1.0,0.0
j538820,3,delay_tolerant,0.7917,0.5494,7.7333,0.5,0.0,17,2,False,1.0,0.0
j539649,3,token_batch,2.5,1.3363,18.0,0.5,4811.49,23,1,False,1.0,0.0
j541054,3,delay_tolerant,0.5867,0.0,7.7333,0.5,0.0,6,2,True,1.0,0.0373
j542019,3,delay_tolerant,0.5183,0.0,7.7333,0.5,0.0,6,2,False,1.0,0.0
j542084,3,token_batch,1.6117,0.7468,11.9333,0.5,4941.328,7,1,True,1.0,0.1593
j542084,3,delay_tolerant,0.5183,0.0,7.7333,0.5,0.0,6,2,False,1.0,0.0
j542345,3,delay_sensitive,0.5183,0.0,7.7333,0.5,0.0,4,3,False,1.0,0.0
j54282,3,delay_tolerant,0.7233,0.0,7.7333,0.5,0.0,22,2,False,1.0,0.0
j542854,3,delay_tolerant,0.86,0.0,7.7333,0.5,0.0,22,2,True,1.0,0.0517
j543715,3,delay_tolerant,0.5867,0.0,7.7333,0.5,0.0,6,2,False,1.0,0.0
j544162,3,delay_tolerant,0.655,0.0,7.7333,0.5,0.0,6,2,False,1.0,0.0
j544251,3,token_batch,1.475,0.7934,11.0,0.5,4035.827,22,1,False,1.0,0.0
j547753,3,delay_tolerant,0.5183,0.0,7.7333,0.5,0.0,22,2,True,1.0,0.05
j547753,3,token_batch,2.5,0.7401,18.0,0.5,4928.198,22,1,True,1.0,0.05
j548117,3,delay_sensitive,0.5183,0.0,7.7333,0.5,0.0,4,3,False,1.0,0.0
j548430,3,delay_tolerant,0.9967,0.0,7.7333,0.5,0.0,22,2,False,1.0,0.0
j548468,3,delay_tolerant,0.86,0.0,7.7333,0.5,0.0,6,2,False,1.0,0.0
j549011,3,delay_tolerant,0.655,0.0,7.7333,0.5,0.0,19,2,True,1.0,0.05
j549199,3,delay_tolerant,0.5183,0.0,7.7333,0.5,0.0,6,2,False,1.0,0.0
j549397,3,delay_tolerant,0.7233,0.0,7.7333,0.5,0.0,22,2,True,1.0,0.05
j54966,3,delay_tolerant,0.5183,0.0,7.7333,0.5,0.0,6,2,True,1.0,0.05
j549888,3,delay_tolerant,0.5183,0.0,7.7333,0.5,0.0,6,2,False,1.0,0.0
j549979,3,token_batch,2.5,0.9482,18.0,0.5,5220.172,23,1,False,1.0,0.0
j552013,3,delay_tolerant,0.5183,0.0,7.7333,0.5,0.0,6,2,True,1.0,0.0866
j552229,3,delay_tolerant,0.5183,0.0,7.7333,0.5,0.0,6,2,False,1.0,0.0
j552424,3,delay_tolerant,0.7233,0.0,7.7333,0.5,0.0,22,2,False,1.0,0.0
j553080,3,delay_tolerant,0.655,0.0,7.7333,0.5,0.0,19,2,False,1.0,0.0
j553734,3,delay_sensitive,0.5183,0.0,7.7333,0.5,0.0,4,3,False,1.0,0.0
j554094,3,delay_tolerant,0.5183,0.0,7.7333,0.5,0.0,22,2,False,1.0,0.0
j555037,3,delay_tolerant,0.5183,0.0,7.7333,0.5,0.0,6,2,False,1.0,0.0
j555037,3,delay_tolerant,1.3383,0.0,10.0667,0.5,0.0,6,2,False,1.0,0.0
j558575,3,delay_tolerant,0.5183,0.0,7.7333,0.5,0.0,23,2,False,1.0,0.0
j560877,3,delay_sensitive,1.5433,0.0,11.4667,0.5,0.0,4,3,False,1.0,0.0
j560978,3,delay_tolerant,1.4067,0.0,10.5333,0.5,0.0,23,2,True,1.0,0.05
j560978,3,delay_tolerant,0.9283,0.0,7.7333,0.5,0.0,19,2,False,1.0,0.0
j560978,3,delay_tolerant,0.5183,0.0,7.7333,0.5,0.0,23,2,False,1.0,0.0
j561526,3,token_batch,1.5433,0.0,11.4667,0.5,4635.716,23,1,False,1.0,0.0
j5625,3,delay_sensitive,0.5183,0.0,7.7333,0.5,0.0,4,3,False,1.0,0.0
j562886,3,token_batch,1.475,0.0,11.0,0.5,4492.395,7,1,False,1.0,0.0
j563814,3,delay_tolerant,0.5183,0.0,7.7333,0.5,0.0,22,2,False,1.0,0.0
j565879,3,delay_tolerant,0.5183,0.0,7.7333,0.5,0.0,6,2,False,1.0,0.0
j56666,3,delay_sensitive,0.5183,0.0,7.7333,0.5,0.0,4,3,False,1.0,0.0
j566924,3,delay_tolerant,1.3383,0.0,10.0667,0.5,0.0,17,2,True,1.0,0.05
j568003,3,delay_tolerant,0.5183,0.0,7.7333,0.5,0.0,6,2,True,1.0,0.05
j568228,3,delay_tolerant,0.7233,0.0,7.7333,0.5,0.0,23,2,True,1.0,0.0261
j56842,3,delay_tolerant,0.7233,0.2861,7.7333,0.5,0.0,14,2,False,1.0,0.0
j56842,3,token_batch,1.5433,0.0,11.4667,0.5,4676.914,23,1,False,1.0,0.0
j56842,3,token_batch,1.475,1.203,11.0,0.5,4269.264,14,1,True,1.0,0.05
j569516,3,delay_tolerant,0.5183,0.5407,7.7333,0.5,0.0,22,2,False,1.0,0.0
j57008,3,token_batch,2.5,0.899,18.0,0.5,5266.968,22,1,True,1.0,0.05
j57008,3,token_batch,2.5,0.9574,18.0,0.5,4924.292,20,1,True,1.0,0.05
j570442,3,delay_tolerant,0.9967,0.0,7.7333,0.5,0.0,17,2,True,1.0,0.05
j571364,3,delay_tolerant,0.5867,0.5691,7.7333,0.5,0.0,6,2,False,1.0,0.0
j571840,3,delay_tolerant,1.065,0.0,8.2,0.5,0.0,23,2,False,1.0,0.0
j572247,3,delay_tolerant,0.9967,0.0,7.7333,0.5,0.0,23,2,False,1.0,0.0
j575208,3,token_batch,1.475,1.2818,11.0,0.5,4576.256,23,1,False,1.0,0.0
j576931,3,delay_tolerant,0.655,0.0,7.7333,0.5,0.0,23,2,False,1.0,0.0
j578431,3,token_batch,1.885,0.9396,13.8,0.5,5299.369,23,1,True,1.0,0.05
j579740,3,delay_tolerant,0.5183,0.0,7.7333,0.5,0.0,22,2,True,1.0,0.05
j579848,3,delay_tolerant,0.5183,0.0,7.7333,0.5,0.0,22,2,True,1.0,0.05
j579848,3,delay_tolerant,1.27,0.0,9.6,0.5,0.0,17,2,True,1.0,0.05
j579848,3,delay_tolerant,0.5183,0.0,7.7333,0.5,0.0,19,2,False,1.0,0.0
j579994,3,delay_tolerant,0.7917,0.0,7.7333,0.5,0.0,23,2,True,1.0,0.05
j580227,3,delay_tolerant,0.5183,0.0,7.7333,0.5,0.0,14,2,True,1.0,0.0602
j580418,3,delay_tolerant,0.7233,0.0,7.7333,0.5,0.0,23,2,False,1.0,0.0
j580418,3,delay_tolerant,0.7917,0.0,7.7333,0.5,0.0,14,2,False,1.0,0.0
j580418,3,token_batch,1.475,1.0512,11.0,0.5,4051.997,14,1,True,1.0,0.0921
j580437,3,delay_tolerant,0.7917,0.0,7.7333,0.5,0.0,23,2,False,1.0,0.0
j580437,3,delay_tolerant,0.5867,0.0,7.7333,0.5,0.0,6,2,False,1.0,0.0
j582420,3,delay_sensitive,0.5183,0.0,7.7333,0.5,0.0,4,3,False,1.0,0.0
j583049,3,delay_tolerant,0.5183,0.0,7.7333,0.5,0.0,17,2,False,1.0,0.0
j583248,3,token_batch,2.5,0.8124,18.0,0.5,4597.439,23,1,True,1.0,0.1241
j583248,3,token_batch,2.5,0.4622,18.0,0.5,5268.21,23,1,True,1.0,0.05
j583332,3,token_batch,1.6117,0.0,11.9333,0.5,4218.864,23,1,True,1.0,0.1352
j583332,3,delay_tolerant,0.5183,0.0,7.7333,0.5,0.0,23,2,False,1.0,0.0
j583960,3,delay_tolerant,0.5183,0.0,7.7333,0.5,0.0,23,2,True,1.0,0.05
j587517,3,delay_tolerant,0.5183,0.0,7.7333,0.5,0.0,23,2,True,1.0,0.05
j587517,3,token_batch,1.475,0.4147,11.0,0.5,3825.218,7,1,True,1.0,0.05
j587517,3,token_batch,1.885,1.0618,13.8,0.5,4357.456,23,1,True,1.0,0.05
j587836,3,token_batch,1.475,0.7839,11.0,0.5,4284.588,23,1,False,1.0,0.0
j587836,3,token_batch,1.475,0.9653,11.0,0.5,3500.38,23,1,False,1.0,0.0
j588623,3,delay_tolerant,0.86,0.0,7.7333,0.5,0.0,23,2,False,1.0,0.0
j588623,3,delay_tolerant,0.655,0.0,7.7333,0.5,0.0,23,2,True,1.0,0.05
j588623,3,token_batch,1.475,0.6314,11.0,0.5,3746.515,23,1,False,1.0,0.0
j589949,3,delay_tolerant,0.5183,0.0,7.7333,0.5,0.0,22,2,True,1.0,0.05
j591927,3,delay_tolerant,0.5867,0.0,7.7333,0.5,0.0,22,2,True,1.0,0.0487
j594255,3,delay_tolerant,0.5183,0.0,7.7333,0.5,0.0,6,2,False,1.0,0.0
j594331,3,delay_tolerant,0.5183,0.0,7.7333,0.5,0.0,23,2,True,1.0,0.05
j595785,3,token_batch,1.6117,0.9589,11.9333,0.5,4365.653,22,1,True,1.0,0.05
j595785,3,delay_tolerant,0.5183,0.0,7.7333,0.5,0.0,23,2,True,1.0,0.05
j596073,3,delay_sensitive,1.3383,0.0,10.0667,0.5,0.0,4,3,False,1.0,0.0
j596073,3,delay_tolerant,0.9967,0.0,7.7333,0.5,0.0,23,2,True,1.0,0.0457
j596073,3,delay_tolerant,0.5867,0.0,7.7333,0.5,0.0,6,2,True,1.0,0.0258
j596345,3,delay_tolerant,0.5867,0.0,7.7333,0.5,0.0,22,2,True,1.0,0.05
j596400,3,delay_tolerant,1.2017,0.0,9.1333,0.5,0.0,19,2,False,1.0,0.0
j596620,3,delay_tolerant,1.1333,0.3983,8.6667,0.5,0.0,23,2,False,1.0,0.0
j596929,3,delay_tolerant,0.5183,0.0,7.7333,0.5,0.0,6,2,True,1.0,0.05
j597739,3,delay_tolerant,0.5183,0.0,7.7333,0.5,0.0,6,2,False,1.0,0.0
j598722,3,delay_tolerant,0.9283,0.0,7.7333,0.5,0.0,19,2,True,1.0,0.073
j600833,3,delay_tolerant,0.5183,0.0,7.7333,0.5,0.0,6,2,False,1.0,0.0
j60404,3,token_batch,1.475,1.4863,11.0,0.5,3556.121,23,1,True,1.0,0.05
j604040,3,delay_tolerant,0.5183,0.0,7.7333,0.5,0.0,6,2,False,1.0,0.0
j604076,3,delay_tolerant,0.86,0.0,7.7333,0.5,0.0,22,2,True,1.0,0.05
j604076,3,delay_tolerant,0.5183,0.0,7.7333,0.5,0.0,22,2,False,1.0,0.0
j605370,3,token_batch,1.475,1.3901,11.0,0.5,3533.794,23,1,False,1.0,0.0
j606319,3,delay_tolerant,0.5183,0.0,7.7333,0.5,0.0,23,2,False,1.0,0.0
j606835,3,delay_tolerant,1.27,0.0,9.6,0.5,0.0,23,2,False,1.0,0.0
j606835,3,token_batch,1.475,0.9084,11.0,0.5,4439.497,23,1,False,1.0,0.0
j607978,3,delay_tolerant,0.5183,0.0,7.7333,0.5,0.0,23,2,False,1.0,0.0
j60830,3,delay_tolerant,1.27,0.0,9.6,0.5,0.0,6,2,True,1.0,0.0996
j608359,3,delay_tolerant,0.5183,0.0,7.7333,0.5,0.0,6,2,True,1.0,0.05
j608359,3,delay_tolerant,0.5867,0.0,7.7333,0.5,0.0,6,2,True,1.0,0.0664
j608538,3,delay_tolerant,0.5183,0.0,7.7333,0.5,0.0,23,2,True,1.0,0.05
j608538,3,token_batch,1.68,0.802,12.4,0.5,5019.949,23,1,False,1.0,0.0
j609496,3,delay_tolerant,0.5183,0.0,7.7333,0.5,0.0,22,2,False,1.0,0.0
j60959,3,delay_tolerant,0.5183,0.0,7.7333,0.5,0.0,6,2,True,1.0,0.05
j610610,3,delay_tolerant,0.5183,0.0,7.7333,0.5,0.0,19,2,True,1.0,0.05
j611017,3,delay_tolerant,1.4067,0.0,10.5333,0.5,0.0,23,2,False,1.0,0.0
j612373,3,delay_sensitive,0.5183,0.0,7.7333,0.5,0.0,4,3,False,1.0,0.0
j612639,3,delay_tolerant,0.9283,0.0,7.7333,0.5,0.0,23,2,False,1.0,0.0
j613028,3,delay_tolerant,0.5183,0.0,7.7333,0.5,0.0,6,2,False,1.0,0.0
j613049,3,delay_sensitive,1.5433,0.0,11.4667,0.5,0.0,4,3,False,1.0,0.0
j613049,3,delay_tolerant,0.5183,0.0,7.7333,0.5,0.0,6,2,True,1.0,0.05
j613782,3,delay_sensitive,1.4067,0.0,10.5333,0.5,0.0,4,3,False,1.0,0.0
j613856,3,delay_sensitive,0.5867,0.0,7.7333,0.5,0.0,4,3,False,1.0,0.0
j614008,3,delay_tolerant,0.5183,0.0,7.7333,0.5,0.0,22,2,False,1.0,0.0
j614008,3,delay_sensitive,0.5183,0.0,7.7333,0.5,0.0,4,3,False,1.0,0.0
j614008,3,delay_tolerant,0.86,0.2318,7.7333,0.5,0.0,22,2,True,1.0,0.0471
j614039,3,delay_tolerant,0.5183,0.0,7.7333,0.5,0.0,6,2,False,1.0,0.0
j614218,3,delay_tolerant,0.655,0.0,7.7333,0.5,0.0,22,2,True,1.0,0.05
j614218,3,delay_tolerant,0.9283,0.0,7.7333,0.5,0.0,22,2,False,1.0,0.0
j614218,3,delay_tolerant,0.5183,0.0,7.7333,0.5,0.0,22,2,False,1.0,0.0
j614223,3,token_batch,1.5433,0.4747,11.4667,0.5,3891.056,7,1,True,1.0,0.1437
j614853,3,delay_sensitive,1.885,0.0,13.8,0.5,0.0,4,3,False,1.0,0.0
j615064,3,delay_tolerant,1.27,0.0,9.6,0.5,0.0,23,2,False,1.0,0.0
j616918,3,delay_sensitive,0.5867,0.0,7.7333,0.5,0.0,4,3,False,1.0,0.0
j61720,3,token_batch,1.5433,1.1521,11.4667,0.5,4136.71,22,1,False,1.0,0.0
j618508,3,delay_tolerant,1.2017,0.0,9.1333,0.5,0.0,6,2,True,1.0,0.05
j621144,3,delay_tolerant,0.5183,0.0,7.7333,0.5,0.0,6,2,False,1.0,0.0
j621152,3,delay_tolerant,0.5183,0.0,7.7333,0.5,0.0,6,2,True,1.0,0.05
j621523,3,delay_tolerant,0.5183,0.5746,7.7333,0.5,0.0,6,2,False,1.0,0.0
j622807,3,delay_tolerant,0.9283,0.0,7.7333,0.5,0.0,6,2,False,1.0,0.0
j624623,3,delay_tolerant,0.5183,0.0,7.7333,0.5,0.0,23,2,False,1.0,0.0
j626931,3,delay_tolerant,1.2017,0.0,9.1333,0.5,0.0,6,2,False,1.0,0.0
j626931,3,delay_tolerant,0.5183,0.0,7.7333,0.5,0.0,23,2,False,1.0,0.0
j62787,3,delay_sensitive,0.7917,0.0,7.7333,0.5,0.0,4,3,False,1.0,0.0
j628325,3,delay_tolerant,0.655,0.0,7.7333,0.5,0.0,23,2,True,1.0,0.05
j628430,3,token_batch,2.5,1.2618,18.0,0.5,4313.502,22,1,True,1.0,0.05
j629318,3,delay_tolerant,0.5183,0.0,7.7333,0.5,0.0,6,2,True,1.0,0.05
j629318,3,delay_sensitive,1.065,0.0,8.2,0.5,0.0,4,3,False,1.0,0.0
j632257,3,delay_tolerant,0.5183,0.4675,7.7333,0.5,0.0,14,2,False,1.0,0.0
j632257,3,delay_tolerant,1.27,0.0,9.6,0.5,0.0,14,2,False,1.0,0.0
j632257,3,delay_tolerant,0.7917,0.0,7.7333,0.5,0.0,23,2,True,1.0,0.023
j632257,3,token_batch,1.8167,1.095,13.3333,0.5,5220.747,23,1,True,1.0,0.1527
j632950,3,token_batch,2.5,0.0,18.0,0.5,5510.221,17,1,True,1.0,0.1396
j632950,3,delay_tolerant,1.1333,0.0,8.6667,0.5,0.0,23,2,True,1.0,0.05
j633164,3,token_batch,1.475,0.5828,11.0,0.5,4554.188,23,1,True,1.0,0.05
j634066,3,delay_tolerant,0.5183,0.0,7.7333,0.5,0.0,6,2,False,1.0,0.0
j634552,3,delay_tolerant,0.5183,0.0,7.7333,0.5,0.0,6,2,False,1.0,0.0
j634948,3,token_batch,1.475,0.4457,11.0,0.5,3805.058,23,1,False,1.0,0.0
j635735,3,delay_sensitive,0.5183,0.0,7.7333,0.5,0.0,4,3,False,1.0,0.0
j635757,3,delay_tolerant,1.065,0.0,8.2,0.5,0.0,23,2,False,1.0,0.0
j636234,3,delay_sensitive,1.4067,0.0,10.5333,0.5,0.0,4,3,False,1.0,0.0
j636710,3,delay_tolerant,0.655,0.0,7.7333,0.5,0.0,6,2,False,1.0,0.0
j64086,3,token_batch,2.5,1.3303,18.0,0.5,4727.598,17,1,False,1.0,0.0
j64086,3,delay_sensitive,0.9283,0.0,7.7333,0.5,0.0,4,3,False,1.0,0.0
j64086,3,token_batch,1.5433,0.6185,11.4667,0.5,4369.675,22,1,False,1.0,0.0
j641905,3,delay_sensitive,0.5183,0.0,7.7333,0.5,0.0,4,3,False,1.0,0.0
j642718,3,delay_tolerant,0.5183,0.0,7.7333,0.5,0.0,6,2,False,1.0,0.0
j643045,3,token_batch,1.475,1.3494,11.0,0.5,3669.894,22,1,True,1.0,0.1751
j643661,3,delay_tolerant,0.7917,0.0,7.7333,0.5,0.0,23,2,False,1.0,0.0
j643800,3,delay_sensitive,0.5183,0.0,7.7333,0.5,0.0,4,3,False,1.0,0.0
j644644,3,token_batch,1.475,1.3337,11.0,0.5,4593.129,23,1,False,1.0,0.0
j644810,3,token_batch,2.5,0.7386,18.0,0.5,4728.602,23,1,False,1.0,0.0
j644810,3,delay_tolerant,0.5183,0.0,7.7333,0.5,0.0,6,2,True,1.0,0.0566
j644924,3,delay_tolerant,0.5183,0.0,7.7333,0.5,0.0,22,2,False,1.0,0.0
j645050,3,delay_tolerant,0.5183,0.0,7.7333,0.5,0.0,22,2,True,1.0,0.0303
j645050,3,delay_tolerant,0.5183,0.0,7.7333,0.5,0.0,22,2,False,1.0,0.0
j645759,3,delay_tolerant,0.7233,0.0,7.7333,0.5,0.0,23,2,False,1.0,0.0
j647104,3,delay_tolerant,0.5183,0.0,7.7333,0.5,0.0,19,2,True,1.0,0.077
j647915,3,delay_tolerant,1.4067,0.0,10.5333,0.5,0.0,22,2,False,1.0,0.0
j647954,3,delay_sensitive,0.5183,0.0,7.7333,0.5,0.0,4,3,False,1.0,0.0
j648472,3,delay_tolerant,0.655,0.4059,7.7333,0.5,0.0,19,2,True,1.0,0.0257
j648472,3,delay_tolerant,0.5183,0.0,7.7333,0.5,0.0,22,2,True,1.0,0.05
j648472,3,delay_tolerant,0.5183,0.0,7.7333,0.5,0.0,19,2,True,1.0,0.05
j648472,3,delay_tolerant,1.065,0.0,8.2,0.5,0.0,17,2,True,1.0,0.05
j648472,3,delay_tolerant,1.3383,0.0,10.0667,0.5,0.0,17,2,False,1.0,0.0
j648472,3,delay_tolerant,0.5867,0.0,7.7333,0.5,0.0,17,2,True,1.0,0.05
j649039,3,delay_tolerant,0.5183,0.0,7.7333,0.5,0.0,22,2,False,1.0,0.0
j651932,3,delay_sensitive,0.5183,0.0,7.7333,0.5,0.0,4,3,False,1.0,0.0
j651932,3,delay_tolerant,0.5183,0.0,7.7333,0.5,0.0,17,2,False,1.0,0.0
j652286,3,token_batch,2.5,1.0507,18.0,0.5,5321.356,22,1,False,1.0,0.0
j652491,3,delay_sensitive,0.655,0.0,7.7333,0.5,0.0,4,3,False,1.0,0.0
j654028,3,delay_tolerant,0.7233,0.0,7.7333,0.5,0.0,22,2,True,1.0,0.05
j654028,3,delay_tolerant,0.5183,0.0,7.7333,0.5,0.0,22,2,False,1.0,0.0
j655453,3,token_batch,2.5,0.0,18.0,0.5,4625.121,17,1,False,1.0,0.0
j656540,3,delay_tolerant,0.655,0.0,7.7333,0.5,0.0,6,2,False,1.0,0.0
j656618,3,delay_tolerant,1.27,0.0,9.6,0.5,0.0,23,2,False,1.0,0.0
j657898,3,delay_tolerant,0.5183,0.2026,7.7333,0.5,0.0,6,2,True,1.0,0.05
j65879,3,delay_tolerant,0.5183,0.0,7.7333,0.5,0.0,6,2,True,1.0,0.05
j659834,3,delay_tolerant,0.655,0.0,7.7333,0.5,0.0,23,2,True,1.0,0.05
j660544,3,delay_tolerant,0.7233,0.0,7.7333,0.5,0.0,6,2,False,1.0,0.0
j66169,3,delay_tolerant,1.27,0.0,9.6,0.5,0.0,23,2,True,1.0,0.05
j664162,3,delay_tolerant,0.9967,0.0,7.7333,0.5,0.0,23,2,True,1.0,0.05
j664391,3,token_batch,1.475,0.0,11.0,0.5,4352.738,7,1,True,1.0,0.1644
j666404,3,delay_tolerant,0.7917,0.3397,7.7333,0.5,0.0,23,2,True,1.0,0.05
j668860,3,delay_tolerant,0.5183,0.0,7.7333,0.5,0.0,6,2,False,1.0,0.0
j673744,3,delay_tolerant,0.9283,0.0,7.7333,0.5,0.0,6,2,False,1.0,0.0
j674298,3,delay_tolerant,0.5867,0.0,7.7333,0.5,0.0,6,2,False,1.0,0.0
j674777,3,delay_tolerant,0.86,0.0,7.7333,0.5,0.0,22,2,True,1.0,0.0474
j675575,3,token_batch,1.5433,0.0,11.4667,0.5,4563.4,22,1,False,1.0,0.0
j675575,3,token_batch,1.7483,1.3179,12.8667,0.5,4276.028,17,1,True,1.0,0.05
j675575,3,delay_tolerant,0.9967,0.0,7.7333,0.5,0.0,17,2,True,1.0,0.05
j675575,3,token_batch,1.7483,1.3843,12.8667,0.5,5182.443,17,1,True,1.0,0.05
j675575,3,delay_tolerant,0.5183,0.0,7.7333,0.5,0.0,17,2,False,1.0,0.0
j675575,3,delay_tolerant,0.5867,0.0,7.7333,0.5,0.0,17,2,False,1.0,0.0
j675575,3,delay_tolerant,0.5867,0.0,7.7333,0.5,0.0,17,2,True,1.0,0.0347
j675575,3,token_batch,1.68,1.0676,12.4,0.5,4940.343,23,1,True,1.0,0.05
j675575,3,delay_tolerant,0.9967,0.0,7.7333,0.5,0.0,17,2,False,1.0,0.0
j675575,3,delay_tolerant,0.5183,0.0,7.7333,0.5,0.0,17,2,False,1.0,0.0
j675721,3,token_batch,2.5,0.6722,18.0,0.5,4882.659,22,1,True,1.0,0.05
j675721,3,token_batch,2.5,1.4692,18.0,0.5,4781.199,17,1,True,1.0,0.05
j675721,3,token_batch,1.9533,1.3951,14.2667,0.5,5174.462,22,1,True,1.0,0.1281
j676806,3,delay_sensitive,0.5183,0.0,7.7333,0.5,0.0,4,3,False,1.0,0.0
j676872,3,delay_sensitive,0.5183,0.0,7.7333,0.5,0.0,4,3,False,1.0,0.0
j676926,3,delay_tolerant,1.2017,0.522,9.1333,0.5,0.0,23,2,False,1.0,0.0
j676993,3,delay_sensitive,0.5183,0.0,7.7333,0.5,0.0,4,3,False,1.0,0.0
j677998,3,delay_tolerant,0.5183,0.0,7.7333,0.5,0.0,23,2,False,1.0,0.0
j677998,3,delay_tolerant,0.5183,0.0,7.7333,0.5,0.0,14,2,False,1.0,0.0
j678632,3,delay_tolerant,0.5183,0.0,7.7333,0.5,0.0,6,2,True,1.0,0.05
j678642,3,delay_tolerant,0.5867,0.0,7.7333,0.5,0.0,6,2,False,1.0,0.0
j678831,3,delay_tolerant,0.5183,0.0,7.7333,0.5,0.0,6,2,False,1.0,0.0
j67989,3,delay_sensitive,0.5183,0.0,7.7333,0.5,0.0,4,3,False,1.0,0.0
j684272,3,delay_tolerant,1.3383,0.0,10.0667,0.5,0.0,6,2,True,1.0,0.05
j684771,3,delay_sensitive,1.885,0.0,13.8,0.5,0.0,4,3,False,1.0,0.0
j685318,3,delay_sensitive,0.5183,0.0,7.7333,0.5,0.0,4,3,False,1.0,0.0
j686048,3,delay_tolerant,0.7233,0.0,7.7333,0.5,0.0,23,2,False,1.0,0.0
j686081,3,delay_tolerant,1.2017,0.0,9.1333,0.5,0.0,6,2,False,1.0,0.0
j686663,3,delay_tolerant,0.86,0.0,7.7333,0.5,0.0,23,2,False,1.0,0.0
j686813,3,delay_tolerant,0.5183,0.0,7.7333,0.5,0.0,6,2,False,1.0,0.0
j687329,3,delay_tolerant,1.1333,0.0,8.6667,0.5,0.0,6,2,True,1.0,0.0953
j688634,3,delay_tolerant,0.7917,0.0,7.7333,0.5,0.0,6,2,False,1.0,0.0
j690660,3,delay_tolerant,1.4067,0.0,10.5333,0.5,0.0,23,2,True,1.0,0.05
j690679,3,delay_sensitive,0.5183,0.0,7.7333,0.5,0.0,4,3,False,1.0,0.0
j690746,3,delay_tolerant,0.655,0.0,7.7333,0.5,0.0,22,2,True,1.0,0.0509
j69109,3,delay_sensitive,0.655,0.0,7.7333,0.5,0.0,4,3,False,1.0,0.0
j69109,3,delay_tolerant,0.7233,0.0,7.7333,0.5,0.0,23,2,False,1.0,0.0
j69109,3,delay_tolerant,1.3383,0.0,10.0667,0.5,0.0,23,2,True,1.0,0.05
j691112,3,delay_tolerant,1.2017,0.0,9.1333,0.5,0.0,23,2,True,1.0,0.0837
j692747,3,delay_tolerant,1.1333,0.0,8.6667,0.5,0.0,6,2,True,1.0,0.0279
j692936,3,delay_sensitive,1.68,0.0,12.4,0.5,0.0,4,3,False,1.0,0.0
j694055,3,delay_sensitive,0.5183,0.0,7.7333,0.5,0.0,4,3,False,1.0,0.0
j694196,3,delay_tolerant,0.5183,0.0,7.7333,0.5,0.0,22,2,False,1.0,0.0
j695120,3,delay_tolerant,0.655,0.0,7.7333,0.5,0.0,19,2,True,1.0,0.0712
j69706,3,token_batch,1.7483,0.8972,12.8667,0.5,4422.401,7,1,False,1.0,0.0
j697201,3,delay_tolerant,1.1333,0.0,8.6667,0.5,0.0,6,2,False,1.0,0.0
j701486,3,delay_tolerant,0.7233,0.0,7.7333,0.5,0.0,22,2,False,1.0,0.0
j702218,3,delay_tolerant,0.9967,0.0,7.7333,0.5,0.0,22,2,True,1.0,0.0649
j702218,3,delay_tolerant,0.5183,0.0,7.7333,0.5,0.0,23,2,False,1.0,0.0
j703241,3,token_batch,1.475,1.148,11.0,0.5,3803.541,23,1,True,1.0,0.05
j70417,3,delay_sensitive,0.5183,0.0,7.7333,0.5,0.0,4,3,False,1.0,0.0
j704738,3,token_batch,1.475,0.7587,11.0,0.5,3520.135,23,1,True,1.0,0.05
j706120,3,delay_sensitive,0.5183,0.0,7.7333,0.5,0.0,4,3,False,1.0,0.0
j706193,3,token_batch,2.5,1.3965,18.0,0.5,5604.58,22,1,True,1.0,0.1613
j707508,3,token_batch,1.475,0.0,11.0,0.5,4439.58,7,1,True,1.0,0.1513
j708456,3,delay_tolerant,0.5183,0.0,7.7333,0.5,0.0,6,2,True,1.0,0.0214
j709154,3,delay_sensitive,0.5183,0.0,7.7333,0.5,0.0,4,3,False,1.0,0.0
j712880,3,delay_tolerant,0.5183,0.0,7.7333,0.5,0.0,6,2,True,1.0,0.05
j713090,3,delay_tolerant,1.3383,0.0,10.0667,0.5,0.0,6,2,False,1.0,0.0
j714181,3,token_batch,1.5433,0.6727,11.4667,0.5,3904.411,22,1,True,1.0,0.1783
j714181,3,delay_tolerant,0.7233,0.0,7.7333,0.5,0.0,22,2,False,1.0,0.0
j714181,3,delay_tolerant,1.3383,0.0,10.0667,0.5,0.0,22,2,True,1.0,0.05
j714181,3,delay_tolerant,1.065,0.0,8.2,0.5,0.0,6,2,True,1.0,0.063
j714181,3,delay_tolerant,0.5867,0.0,7.7333,0.5,0.0,22,2,False,1.0,0.0
j716222,3,delay_tolerant,0.655,0.5903,7.7333,0.5,0.0,22,2,False,1.0,0.0
j717180,3,delay_tolerant,0.655,0.0,7.7333,0.5,0.0,17,2,True,1.0,0.05
j717180,3,delay_tolerant,0.9967,0.4954,7.7333,0.5,0.0,23,2,False,1.0,0.0
j717449,3,delay_tolerant,0.7917,0.0,7.7333,0.5,0.0,22,2,False,1.0,0.0
j717602,3,delay_tolerant,0.655,0.0,7.7333,0.5,0.0,6,2,False,1.0,0.0
j718369,3,token_batch,1.5433,0.0,11.4667,0.5,4965.089,22,1,True,1.0,0.1907
j718369,3,delay_sensitive,0.5183,0.0,7.7333,0.5,0.0,4,3,False,1.0,0.0
j718369,3,delay_tolerant,0.5183,0.3507,7.7333,0.5,0.0,19,2,False,1.0,0.0
j719217,3,token_batch,2.5,1.0054,18.0,0.5,4469.096,23,1,True,1.0,0.05
j719549,3,delay_sensitive,0.655,0.0,7.7333,0.5,0.0,4,3,False,1.0,0.0
j72239,3,delay_tolerant,0.5183,0.0,7.7333,0.5,0.0,6,2,False,1.0,0.0
j722832,3,delay_tolerant,0.655,0.0,7.7333,0.5,0.0,22,2,True,1.0,0.022
j722832,3,token_batch,2.5,0.9087,18.0,0.5,5171.028,22,1,True,1.0,0.05
j725029,3,delay_sensitive,0.655,0.0,7.7333,0.5,0.0,4,3,False,1.0,0.0
j725071,3,delay_sensitive,0.5183,0.0,7.7333,0.5,0.0,4,3,False,1.0,0.0
j726004,3,delay_tolerant,0.5183,0.0,7.7333,0.5,0.0,6,2,False,1.0,0.0
j726004,3,delay_sensitive,0.5867,0.0,7.7333,0.5,0.0,4,3,False,1.0,0.0
j727180,3,delay_tolerant,1.065,0.0,8.2,0.5,0.0,23,2,True,1.0,0.0832
j727180,3,token_batch,1.475,0.4905,11.0,0.5,3997.004,23,1,False,1.0,0.0
j727180,3,token_batch,1.475,0.0,11.0,0.5,4341.923,23,1,False,1.0,0.0
j727749,3,delay_tolerant,0.655,0.0,7.7333,0.5,0.0,6,2,False,1.0,0.0
j728071,3,delay_tolerant,0.655,0.0,7.7333,0.5,0.0,6,2,False,1.0,0.0
j728253,3,delay_tolerant,1.4067,0.0,10.5333,0.5,0.0,23,2,True,1.0,0.0836
j728335,3,token_batch,1.475,1.2435,11.0,0.5,4082.479,23,1,False,1.0,0.0
j728598,3,delay_tolerant,0.7233,0.0,7.7333,0.5,0.0,6,2,False,1.0,0.0
j728775,3,delay_tolerant,0.5183,0.4211,7.7333,0.5,0.0,6,2,False,1.0,0.0
j730207,3,delay_sensitive,0.5183,0.0,7.7333,0.5,0.0,4,3,False,1.0,0.0
j730783,3,delay_tolerant,0.5183,0.0,7.7333,0.5,0.0,17,2,True,1.0,0.0428
j731438,3,token_batch,2.5,0.7232,18.0,0.5,4271.157,23,1,True,1.0,0.05
j731517,3,delay_tolerant,0.5183,0.0,7.7333,0.5,0.0,6,2,False,1.0,0.0
j732736,3,token_batch,1.8167,0.4189,13.3333,0.5,5309.508,7,1,True,1.0,0.05
j733727,3,delay_tolerant,0.7917,0.0,7.7333,0.5,0.0,6,2,True,1.0,0.05
j733782,3,delay_tolerant,0.655,0.0,7.7333,0.5,0.0,23,2,False,1.0,0.0
j736257,3,delay_tolerant,0.5183,0.0,7.7333,0.5,0.0,6,2,False,1.0,0.0
j736326,3,delay_sensitive,0.5183,0.0,7.7333,0.5,0.0,4,3,False,1.0,0.0
j73759,3,token_batch,1.885,0.0,13.8,0.5,5061.6,23,1,False,1.0,0.0
j738596,3,delay_tolerant,0.5183,0.0,7.7333,0.5,0.0,23,2,True,1.0,0.0592
j738773,3,delay_sensitive,0.5183,0.0,7.7333,0.5,0.0,4,3,False,1.0,0.0
j739374,3,token_batch,1.7483,0.0,12.8667,0.5,4949.435,7,1,True,1.0,0.1316
j739673,3,token_batch,1.475,1.1567,11.0,0.5,4422.927,7,1,True,1.0,0.1648
j739673,3,token_batch,2.5,0.7038,18.0,0.5,5129.775,23,1,True,1.0,0.05
j739673,3,token_batch,1.475,1.1908,11.0,0.5,4455.672,19,1,True,1.0,0.05
j739709,3,delay_sensitive,0.5183,0.0,7.7333,0.5,0.0,4,3,False,1.0,0.0
j740923,3,token_batch,1.475,0.7191,11.0,0.5,4130.077,23,1,False,1.0,0.0
j740923,3,delay_tolerant,0.5183,0.4788,7.7333,0.5,0.0,23,2,False,1.0,0.0
j741280,3,token_batch,1.475,1.3915,11.0,0.5,3476.128,23,1,True,1.0,0.0885
j742298,3,delay_tolerant,0.5867,0.0,7.7333,0.5,0.0,23,2,True,1.0,0.05
j742776,3,delay_tolerant,0.5183,0.0,7.7333,0.5,0.0,6,2,False,1.0,0.0
j743148,3,delay_tolerant,0.86,0.0,7.7333,0.5,0.0,22,2,False,1.0,0.0
j743178,3,delay_tolerant,0.5183,0.0,7.7333,0.5,0.0,6,2,False,1.0,0.0
j743628,3,token_batch,1.475,1.3762,11.0,0.5,3452.093,22,1,True,1.0,0.0956
j743628,3,delay_tolerant,0.9283,0.3099,7.7333,0.5,0.0,22,2,False,1.0,0.0
j743692,3,delay_tolerant,0.9283,0.0,7.7333,0.5,0.0,23,2,True,1.0,0.0758
j743700,3,delay_tolerant,0.5183,0.0,7.7333,0.5,0.0,23,2,True,1.0,0.05
j743979,3,token_batch,2.1583,1.3603,15.6667,0.5,4292.101,17,1,False,1.0,0.0
j744040,3,token_batch,2.5,0.4607,18.0,0.5,4496.213,23,1,False,1.0,0.0
j744414,3,delay_tolerant,0.5183,0.0,7.7333,0.5,0.0,6,2,True,1.0,0.05
j745081,3,delay_tolerant,0.7233,0.0,7.7333,0.5,0.0,22,2,False,1.0,0.0
j746453,3,delay_tolerant,1.3383,0.0,10.0667,0.5,0.0,23,2,False,1.0,0.0
j747066,3,delay_tolerant,0.5183,0.0,7.7333,0.5,0.0,23,2,False,1.0,0.0
j749494,3,delay_sensitive,0.5183,0.0,7.7333,0.5,0.0,4,3,False,1.0,0.0
j750229,3,delay_tolerant,1.3383,0.0,10.0667,0.5,0.0,6,2,False,1.0,0.0
j750749,3,delay_tolerant,0.5183,0.0,7.7333,0.5,0.0,22,2,False,1.0,0.0
j751690,3,delay_tolerant,0.5183,0.2548,7.7333,0.5,0.0,23,2,False,1.0,0.0
j751808,3,token_batch,1.475,0.6747,11.0,0.5,3810.857,23,1,True,1.0,0.05
j751823,3,delay_tolerant,0.7917,0.3268,7.7333,0.5,0.0,22,2,False,1.0,0.0
j751823,3,delay_tolerant,1.065,0.0,8.2,0.5,0.0,23,2,True,1.0,0.0818
j752298,3,delay_sensitive,0.5183,0.0,7.7333,0.5,0.0,4,3,False,1.0,0.0
j752885,3,delay_tolerant,0.5183,0.0,7.7333,0.5,0.0,6,2,False,1.0,0.0
j753216,3,delay_tolerant,0.5183,0.0,7.7333,0.5,0.0,6,2,True,1.0,0.0716
j753672,3,token_batch,1.6117,0.8971,11.9333,0.5,3978.66,22,1,True,1.0,0.05
j753820,3,delay_tolerant,0.5183,0.0,7.7333,0.5,0.0,6,2,True,1.0,0.05
j754083,3,delay_sensitive,0.5183,0.0,7.7333,0.5,0.0,4,3,False,1.0,0.0
j754540,3,delay_tolerant,0.5183,0.0,7.7333,0.5,0.0,6,2,True,1.0,0.05
j754593,3,delay_tolerant,0.5183,0.0,7.7333,0.5,0.0,23,2,False,1.0,0.0
j754945,3,delay_sensitive,0.9283,0.0,7.7333,0.5,0.0,4,3,False,1.0,0.0
j756557,3,delay_tolerant,0.5183,0.0,7.7333,0.5,0.0,22,2,True,1.0,0.05
j756557,3,delay_sensitive,0.9283,0.0,7.7333,0.5,0.0,4,3,False,1.0,0.0
j756624,3,delay_tolerant,0.5183,0.0,7.7333,0.5,0.0,6,2,False,1.0,0.0
j757537,3,delay_tolerant,0.5183,0.0,7.7333,0.5,0.0,6,2,True,1.0,0.0506
j757537,3,token_batch,1.475,0.0,11.0,0.5,4535.06,22,1,False,1.0,0.0
j758734,3,delay_sensitive,0.5183,0.0,7.7333,0.5,0.0,4,3,False,1.0,0.0
j75888,3,delay_tolerant,0.5183,0.0,7.7333,0.5,0.0,23,2,False,1.0,0.0
j75888,3,delay_sensitive,1.68,0.0,12.4,0.5,0.0,4,3,False,1.0,0.0
j759403,3,token_batch,1.475,1.4077,11.0,0.5,3516.904,17,1,True,1.0,0.1809
j759860,3,delay_tolerant,0.5183,0.0,7.7333,0.5,0.0,6,2,False,1.0,0.0
j759860,3,token_batch,1.6117,1.1856,11.9333,0.5,4526.009,23,1,True,1.0,0.0823
j759860,3,delay_tolerant,0.7233,0.0,7.7333,0.5,0.0,23,2,False,1.0,0.0
j760723,3,delay_tolerant,0.5183,0.0,7.7333,0.5,0.0,6,2,False,1.0,0.0
j761266,3,token_batch,2.5,0.8934,18.0,0.5,4370.342,22,1,True,1.0,0.05
j761569,3,token_batch,1.6117,1.0151,11.9333,0.5,5071.841,22,1,True,1.0,0.1911
j764084,3,delay_tolerant,0.5183,0.0,7.7333,0.5,0.0,23,2,True,1.0,0.05
j764084,3,delay_tolerant,1.1333,0.0,8.6667,0.5,0.0,23,2,False,1.0,0.0
j7643,3,delay_tolerant,0.5183,0.0,7.7333,0.5,0.0,22,2,False,1.0,0.0
j764309,3,delay_tolerant,1.27,0.0,9.6,0.5,0.0,22,2,True,1.0,0.05
j764309,3,delay_tolerant,1.4067,0.3301,10.5333,0.5,0.0,22,2,True,1.0,0.05
j764309,3,delay_tolerant,0.7917,0.0,7.7333,0.5,0.0,22,2,False,1.0,0.0
j764545,3,delay_tolerant,0.5183,0.0,7.7333,0.5,0.0,6,2,True,1.0,0.05
j766599,3,delay_tolerant,0.5183,0.0,7.7333,0.5,0.0,22,2,True,1.0,0.0223
j768268,3,delay_tolerant,0.5867,0.0,7.7333,0.5,0.0,6,2,True,1.0,0.05
j770610,3,delay_tolerant,0.5183,0.0,7.7333,0.5,0.0,6,2,True,1.0,0.0832
j771120,3,delay_tolerant,1.3383,0.0,10.0667,0.5,0.0,6,2,True,1.0,0.0403
j773043,3,token_batch,2.5,0.7209,18.0,0.5,5410.874,23,1,False,1.0,0.0
j774254,3,delay_sensitive,0.5183,0.0,7.7333,0.5,0.0,4,3,False,1.0,0.0
j774968,3,delay_tolerant,0.9967,0.0,7.7333,0.5,0.0,17,2,True,1.0,0.05
j775696,3,delay_tolerant,0.655,0.0,7.7333,0.5,0.0,6,2,True,1.0,0.0454
j775991,3,delay_tolerant,1.4067,0.0,10.5333,0.5,0.0,23,2,True,1.0,0.05
j776670,3,delay_tolerant,0.5183,0.0,7.7333,0.5,0.0,23,2,True,1.0,0.0748
j776736,3,delay_tolerant,0.5183,0.0,7.7333,0.5,0.0,22,2,False,1.0,0.0
j777238,3,delay_tolerant,0.5183,0.0,7.7333,0.5,0.0,19,2,False,1.0,0.0
j777729,3,delay_tolerant,0.5867,0.3131,7.7333,0.5,0.0,22,2,True,1.0,0.05
j777729,3,delay_tolerant,1.1333,0.0,8.6667,0.5,0.0,6,2,True,1.0,0.05
j777978,3,delay_tolerant,1.1333,0.0,8.6667,0.5,0.0,6,2,False,1.0,0.0
j779158,3,delay_tolerant,1.27,0.3638,9.6,0.5,0.0,23,2,True,1.0,0.05
j77968,3,delay_tolerant,0.5183,0.0,7.7333,0.5,0.0,6,2,True,1.0,0.0242
j780681,3,delay_tolerant,0.5183,0.0,7.7333,0.5,0.0,6,2,False,1.0,0.0
j781,3,delay_tolerant,0.9283,0.0,7.7333,0.5,0.0,23,2,True,1.0,0.05
j781865,3,token_batch,2.5,1.2225,18.0,0.5,4456.393,23,1,True,1.0,0.05
j782234,3,delay_sensitive,0.5867,0.0,7.7333,0.5,0.0,4,3,False,1.0,0.0
j782994,3,token_batch,1.5433,0.0,11.4667,0.5,4190.161,7,1,True,1.0,0.1693
j784012,3,delay_tolerant,0.9283,0.0,7.7333,0.5,0.0,23,2,False,1.0,0.0
j784185,3,token_batch,2.5,1.4276,18.0,0.5,4461.236,22,1,True,1.0,0.0868
j784185,3,token_batch,2.5,0.8486,18.0,0.5,4553.176,22,1,True,1.0,0.1084
j785373,3,token_batch,2.5,0.9483,18.0,0.5,5049.92,22,1,False,1.0,0.0
j785373,3,delay_sensitive,0.655,0.0,7.7333,0.5,0.0,4,3,False,1.0,0.0
j785373,3,token_batch,1.8167,1.3675,13.3333,0.5,4588.721,22,1,True,1.0,0.05
j78683,3,delay_tolerant,1.3383,0.0,10.0667,0.5,0.0,23,2,True,1.0,0.05
j788359,3,delay_tolerant,0.5183,0.0,7.7333,0.5,0.0,23,2,True,1.0,0.05
j789197,3,delay_sensitive,0.5183,0.0,7.7333,0.5,0.0,4,3,False,1.0,0.0
j791347,3,delay_tolerant,0.655,0.0,7.7333,0.5,0.0,23,2,True,1.0,0.05
j792226,3,delay_tolerant,0.5867,0.0,7.7333,0.5,0.0,22,2,False,1.0,0.0
j793093,3,delay_sensitive,1.68,0.0,12.4,0.5,0.0,4,3,False,1.0,0.0
j793093,3,token_batch,2.5,0.0,18.0,0.5,4414.716,17,1,False,1.0,0.0
j793962,3,delay_tolerant,0.9283,0.0,7.7333,0.5,0.0,23,2,False,1.0,0.0
j794403,3,delay_tolerant,0.5183,0.0,7.7333,0.5,0.0,6,2,False,1.0,0.0
j794783,3,token_batch,1.5433,1.4449,11.4667,0.5,5090.636,7,1,True,1.0,0.05
j795515,3,token_batch,2.5,0.9158,18.0,0.5,4514.017,22,1,False,1.0,0.0
j795515,3,delay_tolerant,0.5183,0.0,7.7333,0.5,0.0,6,2,True,1.0,0.05
j795807,3,delay_tolerant,1.4067,0.5193,10.5333,0.5,0.0,22,2,True,1.0,0.05
j795807,3,delay_tolerant,0.9283,0.0,7.7333,0.5,0.0,19,2,False,1.0,0.0
j796232,3,delay_sensitive,1.5433,0.0,11.4667,0.5,0.0,4,3,False,1.0,0.0
j797843,3,token_batch,1.475,0.8911,11.0,0.5,3891.779,23,1,True,1.0,0.1667
j799564,3,delay_tolerant,0.86,0.0,7.7333,0.5,0.0,22,2,True,1.0,0.05
j80111,3,delay_tolerant,0.5183,0.0,7.7333,0.5,0.0,6,2,True,1.0,0.05
j807099,3,delay_tolerant,0.5867,0.0,7.7333,0.5,0.0,22,2,False,1.0,0.0
j807486,3,delay_tolerant,0.5183,0.0,7.7333,0.5,0.0,6,2,True,1.0,0.0212
j810489,3,token_batch,2.5,0.8775,18.0,0.5,5239.191,14,1,True,1.0,0.05
j810617,3,delay_tolerant,0.5183,0.0,7.7333,0.5,0.0,6,2,False,1.0,0.0
j810691,3,token_batch,2.4317,0.4016,17.5333,0.5,4449.416,22,1,False,1.0,0.0
j810691,3,delay_tolerant,1.1333,0.0,8.6667,0.5,0.0,22,2,False,1.0,0.0
j810691,3,delay_tolerant,0.9283,0.0,7.7333,0.5,0.0,19,2,True,1.0,0.05
j811595,3,delay_tolerant,0.5183,0.0,7.7333,0.5,0.0,6,2,False,1.0,0.0
j813953,3,delay_tolerant,0.5867,0.0,7.7333,0.5,0.0,22,2,True,1.0,0.05
j814168,3,delay_tolerant,1.2017,0.0,9.1333,0.5,0.0,23,2,True,1.0,0.05
j815135,3,delay_tolerant,0.5183,0.0,7.7333,0.5,0.0,22,2,False,1.0,0.0
j816530,3,delay_sensitive,0.5183,0.0,7.7333,0.5,0.0,4,3,False,1.0,0.0
j816662,3,delay_tolerant,0.5183,0.0,7.7333,0.5,0.0,6,2,False,1.0,0.0
j817026,3,delay_tolerant,1.1333,0.0,8.6667,0.5,0.0,23,2,True,1.0,0.0419
j818483,3,delay_tolerant,0.7233,0.0,7.7333,0.5,0.0,22,2,False,1.0,0.0
j818871,3,delay_tolerant,0.5867,0.0,7.7333,0.5,0.0,6,2,True,1.0,0.05
j819140,3,token_batch,1.475,0.7875,11.0,0.5,4216.058,23,1,True,1.0,0.106
j821340,3,delay_sensitive,0.5183,0.0,7.7333,0.5,0.0,4,3,False,1.0,0.0
j822928,3,delay_tolerant,0.5183,0.0,7.7333,0.5,0.0,17,2,False,1.0,0.0
j823432,3,delay_tolerant,0.7917,0.0,7.7333,0.5,0.0,23,2,True,1.0,0.05
j824702,3,delay_tolerant,0.5183,0.0,7.7333,0.5,0.0,6,2,True,1.0,0.05
j824702,3,delay_tolerant,0.5183,0.0,7.7333,0.5,0.0,6,2,False,1.0,0.0
j82500,3,delay_tolerant,0.655,0.0,7.7333,0.5,0.0,19,2,True,1.0,0.0219
j82500,3,delay_tolerant,0.5183,0.0,7.7333,0.5,0.0,23,2,True,1.0,0.05
j825305,3,delay_tolerant,0.5183,0.0,7.7333,0.5,0.0,6,2,True,1.0,0.05
j828017,3,delay_sensitive,1.4067,0.0,10.5333,0.5,0.0,4,3,False,1.0,0.0
j828250,3,delay_sensitive,1.5433,0.0,11.4667,0.5,0.0,4,3,False,1.0,0.0
j829059,3,delay_tolerant,0.7233,0.0,7.7333,0.5,0.0,17,2,True,1.0,0.05
j830681,3,delay_tolerant,1.2017,0.0,9.1333,0.5,0.0,6,2,True,1.0,0.05
j83160,3,delay_sensitive,0.5867,0.0,7.7333,0.5,0.0,4,3,False,1.0,0.0
j834137,3,delay_sensitive,0.5183,0.0,7.7333,0.5,0.0,4,3,False,1.0,0.0
j835878,3,token_batch,1.6117,0.0,11.9333,0.5,5100.344,22,1,True,1.0,0.1757
j835878,3,token_batch,1.68,1.3055,12.4,0.5,4695.0,22,1,False,1.0,0.0
j836573,3,delay_tolerant,0.5183,0.0,7.7333,0.5,0.0,6,2,True,1.0,0.05
j836866,3,delay_tolerant,0.5867,0.0,7.7333,0.5,0.0,22,2,False,1.0,0.0
j838272,3,token_batch,1.7483,1.4392,12.8667,0.5,4617.052,7,1,True,1.0,0.0845
j838323,3,delay_tolerant,0.5867,0.0,7.7333,0.5,0.0,22,2,False,1.0,0.0
j838572,3,delay_tolerant,1.4067,0.0,10.5333,0.5,0.0,14,2,False,1.0,0.0
j839674,3,delay_tolerant,0.5183,0.0,7.7333,0.5,0.0,22,2,True,1.0,0.05
j84437,3,token_batch,1.475,0.987,11.0,0.5,3432.234,23,1,True,1.0,0.05
j84437,3,delay_sensitive,0.5183,0.0,7.7333,0.5,0.0,4,3,False,1.0,0.0
j844411,3,delay_tolerant,0.5183,0.0,7.7333,0.5,0.0,17,2,True,1.0,0.05
j845633,3,delay_tolerant,0.5183,0.0,7.7333,0.5,0.0,23,2,True,1.0,0.05
j845744,3,delay_tolerant,0.5183,0.0,7.7333,0.5,0.0,23,2,False,1.0,0.0
j846788,3,delay_tolerant,0.5183,0.0,7.7333,0.5,0.0,6,2,False,1.0,0.0
j847072,3,delay_tolerant,0.5183,0.5632,7.7333,0.5,0.0,6,2,False,1.0,0.0
j847540,3,delay_tolerant,0.5183,0.0,7.7333,0.5,0.0,6,2,True,1.0,0.0696
j847540,3,delay_tolerant,0.5867,0.0,7.7333,0.5,0.0,22,2,False,1.0,0.0
j847540,3,delay_tolerant,1.4067,0.0,10.5333,0.5,0.0,6,2,False,1.0,0.0
j847540,3,delay_tolerant,0.9283,0.0,7.7333,0.5,0.0,6,2,False,1.0,0.0
j847540,3,token_batch,2.5,0.7457,18.0,0.5,5507.113,22,1,False,1.0,0.0
j850423,3,delay_tolerant,1.4067,0.0,10.5333,0.5,0.0,23,2,False,1.0,0.0
j850758,3,delay_tolerant,1.4067,0.0,10.5333,0.5,0.0,22,2,True,1.0,0.05
j851705,3,token_batch,1.885,0.6769,13.8,0.5,4943.666,22,1,False,1.0,0.0
j851705,3,token_batch,1.8167,0.8397,13.3333,0.5,4473.54,22,1,True,1.0,0.1927
j851705,3,delay_tolerant,0.7233,0.4034,7.7333,0.5,0.0,22,2,False,1.0,0.0
j851705,3,delay_tolerant,0.5183,0.0,7.7333,0.5,0.0,6,2,False,1.0,0.0
j851705,3,delay_sensitive,1.6117,0.0,11.9333,0.5,0.0,4,3,False,1.0,0.0
j851705,3,delay_tolerant,0.5183,0.0,7.7333,0.5,0.0,22,2,True,1.0,0.05
j851881,3,token_batch,1.68,1.1668,12.4,0.5,4281.271,23,1,True,1.0,0.05
j851881,3,token_batch,2.5,0.0,18.0,0.5,4745.078,23,1,True,1.0,0.1621
j85214,3,delay_sensitive,0.5183,0.0,7.7333,0.5,0.0,4,3,False,1.0,0.0
j852710,3,delay_tolerant,0.7233,0.0,7.7333,0.5,0.0,22,2,False,1.0,0.0
j852745,3,delay_sensitive,0.5183,0.0,7.7333,0.5,0.0,4,3,False,1.0,0.0
j85302,3,delay_tolerant,0.86,0.0,7.7333,0.5,0.0,23,2,False,1.0,0.0
j853338,3,delay_sensitive,0.5183,0.0,7.7333,0.5,0.0,4,3,False,1.0,0.0
j853338,3,delay_sensitive,0.86,0.0,7.7333,0.5,0.0,4,3,False,1.0,0.0
j853338,3,delay_sensitive,0.7917,0.0,7.7333,0.5,0.0,4,3,False,1.0,0.0
j853344,3,delay_sensitive,0.5183,0.0,7.7333,0.5,0.0,4,3,False,1.0,0.0
j853344,3,delay_sensitive,1.475,0.0,11.0,0.5,0.0,4,3,False,1.0,0.0
j85396,3,delay_sensitive,0.5867,0.0,7.7333,0.5,0.0,4,3,False,1.0,0.0
j85773,3,delay_tolerant,0.86,0.0,7.7333,0.5,0.0,23,2,False,1.0,0.0
j85825,3,delay_tolerant,0.5183,0.0,7.7333,0.5,0.0,22,2,False,1.0,0.0
j858589,3,delay_tolerant,0.9967,0.0,7.7333,0.5,0.0,6,2,True,1.0,0.05
j859132,3,delay_sensitive,1.6117,0.0,11.9333,0.5,0.0,4,3,False,1.0,0.0
j859132,3,delay_tolerant,1.4067,0.0,10.5333,0.5,0.0,22,2,True,1.0,0.05
j859871,3,token_batch,1.8167,1.3547,13.3333,0.5,4101.88,23,1,False,1.0,0.0
j859871,3,delay_tolerant,1.27,0.0,9.6,0.5,0.0,23,2,False,1.0,0.0
j859871,3,delay_sensitive,0.5183,0.0,7.7333,0.5,0.0,4,3,False,1.0,0.0
j860606,3,delay_sensitive,1.6117,0.0,11.9333,0.5,0.0,4,3,False,1.0,0.0
j862010,3,token_batch,1.475,0.6988,11.0,0.5,4025.524,23,1,True,1.0,0.05
j863579,3,delay_tolerant,0.655,0.2853,7.7333,0.5,0.0,6,2,False,1.0,0.0
j863970,3,delay_tolerant,0.5183,0.5777,7.7333,0.5,0.0,6,2,False,1.0,0.0
j864039,3,delay_sensitive,0.5183,0.0,7.7333,0.5,0.0,4,3,False,1.0,0.0
j864142,3,delay_sensitive,0.5183,0.0,7.7333,0.5,0.0,4,3,False,1.0,0.0
j86483,3,delay_tolerant,0.5183,0.0,7.7333,0.5,0.0,23,2,False,1.0,0.0
j86483,3,delay_tolerant,0.5183,0.0,7.7333,0.5,0.0,23,2,False,1.0,0.0
j86483,3,delay_tolerant,0.86,0.0,7.7333,0.5,0.0,17,2,False,1.0,0.0
j86483,3,token_batch,2.5,1.4782,18.0,0.5,5024.551,17,1,True,1.0,0.0953
j86503,3,delay_tolerant,0.5183,0.0,7.7333,0.5,0.0,6,2,False,1.0,0.0
j866161,3,token_batch,2.5,1.3602,18.0,0.5,4611.349,22,1,True,1.0,0.05
j866161,3,token_batch,1.885,1.4445,13.8,0.5,4699.989,22,1,True,1.0,0.05
j867917,3,delay_tolerant,1.27,0.0,9.6,0.5,0.0,6,2,False,1.0,0.0
j867917,3,delay_tolerant,0.7917,0.0,7.7333,0.5,0.0,6,2,True,1.0,0.05
j867917,3,delay_sensitive,1.5433,0.0,11.4667,0.5,0.0,4,3,False,1.0,0.0
j871244,3,delay_tolerant,0.7917,0.0,7.7333,0.5,0.0,23,2,False,1.0,0.0
j872826,3,delay_tolerant,0.86,0.0,7.7333,0.5,0.0,22,2,True,1.0,0.05
j872826,3,token_batch,2.2267,0.8652,16.1333,0.5,4099.358,22,1,False,1.0,0.0
j872826,3,delay_tolerant,0.5867,0.4665,7.7333,0.5,0.0,22,2,False,1.0,0.0
j874009,3,delay_tolerant,0.655,0.0,7.7333,0.5,0.0,22,2,False,1.0,0.0
j876028,3,token_batch,1.7483,1.3314,12.8667,0.5,4916.956,20,1,False,1.0,0.0
j876028,3,delay_tolerant,0.5183,0.0,7.7333,0.5,0.0,22,2,True,1.0,0.0987
j876028,3,delay_tolerant,0.7233,0.0,7.7333,0.5,0.0,6,2,False,1.0,0.0
j877046,3,delay_tolerant,0.5183,0.0,7.7333,0.5,0.0,22,2,False,1.0,0.0
j877411,3,delay_tolerant,0.5183,0.0,7.7333,0.5,0.0,22,2,False,1.0,0.0
j877489,3,delay_tolerant,0.86,0.0,7.7333,0.5,0.0,6,2,True,1.0,0.045
j880382,3,delay_tolerant,1.4067,0.0,10.5333,0.5,0.0,23,2,True,1.0,0.0935
j88138,3,delay_tolerant,1.3383,0.0,10.0667,0.5,0.0,6,2,False,1.0,0.0
j88138,3,delay_tolerant,0.5183,0.0,7.7333,0.5,0.0,23,2,False,1.0,0.0
j882704,3,delay_sensitive,0.5183,0.0,7.7333,0.5,0.0,4,3,False,1.0,0.0
j88337,3,delay_tolerant,0.5183,0.2592,7.7333,0.5,0.0,19,2,True,1.0,0.05
j884182,3,delay_sensitive,0.5183,0.0,7.7333,0.5,0.0,4,3,False,1.0,0.0
j884654,3,delay_tolerant,0.5183,0.0,7.7333,0.5,0.0,22,2,True,1.0,0.05
j885424,3,delay_tolerant,0.9967,0.0,7.7333,0.5,0.0,23,2,True,1.0,0.05
j887390,3,delay_tolerant,0.5867,0.0,7.7333,0.5,0.0,6,2,True,1.0,0.05
j887440,3,delay_tolerant,0.5183,0.0,7.7333,0.5,0.0,6,2,True,1.0,0.0799
j890052,3,delay_tolerant,0.655,0.0,7.7333,0.5,0.0,6,2,True,1.0,0.0344
j893204,3,delay_tolerant,0.5183,0.0,7.7333,0.5,0.0,23,2,True,1.0,0.05
j896264,3,delay_tolerant,1.3383,0.0,10.0667,0.5,0.0,23,2,False,1.0,0.0
j897139,3,token_batch,1.7483,0.8035,12.8667,0.5,4273.945,17,1,False,1.0,0.0
j897139,3,token_batch,2.5,0.0,18.0,0.5,4752.751,22,1,False,1.0,0.0
j897197,3,delay_tolerant,0.5183,0.0,7.7333,0.5,0.0,23,2,False,1.0,0.0
j89726,3,token_batch,1.475,1.2172,11.0,0.5,4386.871,23,1,False,1.0,0.0
j897689,3,delay_tolerant,1.3383,0.0,10.0667,0.5,0.0,23,2,True,1.0,0.05
j897689,3,delay_tolerant,0.5183,0.0,7.7333,0.5,0.0,6,2,False,1.0,0.0
j899084,3,delay_tolerant,0.5183,0.0,7.7333,0.5,0.0,6,2,False,1.0,0.0
j899193,3,delay_sensitive,0.5183,0.0,7.7333,0.5,0.0,4,3,False,1.0,0.0
j899193,3,delay_tolerant,0.5867,0.0,7.7333,0.5,0.0,23,2,True,1.0,0.0848
j899193,3,delay_tolerant,0.5183,0.0,7.7333,0.5,0.0,17,2,True,1.0,0.05
j899193,3,delay_tolerant,1.065,0.2221,8.2,0.5,0.0,23,2,False,1.0,0.0
j899193,3,delay_sensitive,0.5183,0.0,7.7333,0.5,0.0,4,3,False,1.0,0.0
j899193,3,token_batch,1.5433,1.0873,11.4667,0.5,4525.721,14,1,False,1.0,0.0
j89931,3,token_batch,1.6117,1.0896,11.9333,0.5,4042.149,7,1,False,1.0,0.0
j90018,3,delay_tolerant,1.065,0.0,8.2,0.5,0.0,6,2,False,1.0,0.0
j900308,3,delay_sensitive,0.655,0.0,7.7333,0.5,0.0,4,3,False,1.0,0.0
j902073,3,delay_tolerant,0.5867,0.0,7.7333,0.5,0.0,22,2,True,1.0,0.0963
j902198,3,delay_tolerant,1.3383,0.0,10.0667,0.5,0.0,6,2,True,1.0,0.05
j902896,3,token_batch,1.475,0.7823,11.0,0.5,4350.353,23,1,True,1.0,0.05
j903553,3,delay_tolerant,0.5183,0.0,7.7333,0.5,0.0,23,2,True,1.0,0.0931
j904969,3,delay_tolerant,1.065,0.0,8.2,0.5,0.0,23,2,False,1.0,0.0
j905389,3,delay_sensitive,1.4067,0.0,10.5333,0.5,0.0,4,3,False,1.0,0.0
j905534,3,delay_tolerant,0.7233,0.0,7.7333,0.5,0.0,22,2,False,1.0,0.0
j905955,3,delay_tolerant,0.5183,0.0,7.7333,0.5,0.0,6,2,True,1.0,0.0427
j906236,3,token_batch,2.5,1.1424,18.0,0.5,4550.141,22,1,True,1.0,0.1741
j907926,3,token_batch,1.475,0.5833,11.0,0.5,3818.846,23,1,False,1.0,0.0
j910865,3,delay_tolerant,0.5183,0.0,7.7333,0.5,0.0,23,2,True,1.0,0.0309
j912337,3,delay_tolerant,0.5867,0.0,7.7333,0.5,0.0,6,2,False,1.0,0.0
j913323,3,delay_tolerant,0.7233,0.0,7.7333,0.5,0.0,23,2,True,1.0,0.05
j913544,3,delay_tolerant,1.3383,0.0,10.0667,0.5,0.0,23,2,True,1.0,0.05
j913830,3,delay_sensitive,1.5433,0.0,11.4667,0.5,0.0,4,3,False,1.0,0.0
j914609,3,delay_tolerant,0.5183,0.0,7.7333,0.5,0.0,23,2,True,1.0,0.05
j93534,3,delay_tolerant,0.5183,0.0,7.7333,0.5,0.0,6,2,False,1.0,0.0
j94821,3,delay_sensitive,0.7233,0.0,7.7333,0.5,0.0,4,3,False,1.0,0.0
j95750,3,delay_tolerant,1.27,0.0,9.6,0.5,0.0,6,2,True,1.0,0.0972
j95998,3,token_batch,1.475,0.966,11.0,0.5,4251.433,23,1,False,1.0,0.0
j96102,3,delay_tolerant,1.1333,0.0,8.6667,0.5,0.0,23,2,False,1.0,0.0
j96312,3,token_batch,1.475,0.6468,11.0,0.5,3736.353,23,1,True,1.0,0.05
j96778,3,token_batch,2.5,1.0,18.0,0.5,4529.71,22,1,False,1.0,0.0
j96792,3,token_batch,2.5,1.2973,18.0,0.5,5149.878,23,1,False,1.0,0.0
j96792,3,token_batch,2.5,1.0622,18.0,0.5,5203.963,23,1,True,1.0,0.1921
j97616,3,delay_tolerant,0.7233,0.0,7.7333,0.5,0.0,22,2,True,1.0,0.0886
j99188,3,token_batch,2.5,0.7956,18.0,0.5,4871.569,23,1,False,1.0,0.0
j99188,3,delay_tolerant,0.5183,0.0,7.7333,0.5,0.0,6,2,True,1.0,0.05
j100124,4,delay_tolerant,0.5183,0.0,7.7333,0.5,0.0,7,2,True,1.0,0.05
j111717,4,delay_tolerant,1.3383,0.0,10.0667,0.5,0.0,7,2,False,1.0,0.0
j114362,4,delay_tolerant,0.5183,0.0,7.7333,0.5,0.0,7,2,False,1.0,0.0
j117222,4,delay_tolerant,1.2017,0.0,9.1333,0.5,0.0,7,2,True,1.0,0.05
j117963,4,delay_sensitive,0.5183,0.0,7.7333,0.5,0.0,5,3,False,1.0,0.0
j118752,4,delay_tolerant,0.7233,0.0,7.7333,0.5,0.0,7,2,False,1.0,0.0
j119257,4,delay_tolerant,1.27,0.3365,9.6,0.5,0.0,7,2,False,1.0,0.0
j125119,4,delay_tolerant,0.5183,0.0,7.7333,0.5,0.0,7,2,True,1.0,0.05
j128560,4,delay_tolerant,0.655,0.0,7.7333,0.5,0.0,7,2,True,1.0,0.05
j133342,4,token_batch,1.6117,1.1614,11.9333,0.5,5145.727,8,1,True,1.0,0.1747
j134318,4,delay_tolerant,0.5183,0.0,7.7333,0.5,0.0,7,2,True,1.0,0.05
j140422,4,delay_tolerant,1.27,0.0,9.6,0.5,0.0,7,2,True,1.0,0.0223
j141311,4,delay_tolerant,1.3383,0.0,10.0667,0.5,0.0,7,2,False,1.0,0.0
j14162,4,delay_tolerant,0.5183,0.0,7.7333,0.5,0.0,7,2,False,1.0,0.0
j142297,4,delay_tolerant,1.4067,0.0,10.5333,0.5,0.0,7,2,True,1.0,0.0764
j143969,4,delay_tolerant,0.5183,0.0,7.7333,0.5,0.0,7,2,False,1.0,0.0
j146134,4,delay_tolerant,0.5867,0.4083,7.7333,0.5,0.0,7,2,True,1.0,0.05
j147944,4,delay_tolerant,0.5183,0.0,7.7333,0.5,0.0,7,2,False,1.0,0.0
j148034,4,delay_tolerant,0.5183,0.0,7.7333,0.5,0.0,7,2,False,1.0,0.0
j148147,4,token_batch,1.475,0.697,11.0,0.5,4598.868,8,1,True,1.0,0.1889
j150544,4,delay_sensitive,0.5183,0.0,7.7333,0.5,0.0,5,3,False,1.0,0.0
j152244,4,token_batch,1.7483,1.4802,12.8667,0.5,4857.504,8,1,False,1.0,0.0
j152677,4,delay_tolerant,0.5183,0.0,7.7333,0.5,0.0,7,2,False,1.0,0.0
j152726,4,delay_sensitive,0.5183,0.0,7.7333,0.5,0.0,5,3,False,1.0,0.0
j153412,4,delay_tolerant,0.5183,0.0,7.7333,0.5,0.0,7,2,False,1.0,0.0
j160910,4,token_batch,1.6117,0.873,11.9333,0.5,4111.424,8,1,True,1.0,0.05
j160910,4,delay_tolerant,0.5867,0.0,7.7333,0.5,0.0,7,2,False,1.0,0.0
j161254,4,delay_tolerant,0.655,0.0,7.7333,0.5,0.0,7,2,False,1.0,0.0
j168162,4,token_batch,1.8167,0.741,13.3333,0.5,5015.664,8,1,False,1.0,0.0
j168595,4,delay_tolerant,0.9283,0.0,7.7333,0.5,0.0,7,2,False,1.0,0.0
j169933,4,delay_tolerant,0.5183,0.0,7.7333,0.5,0.0,7,2,False,1.0,0.0
j170159,4,token_batch,1.475,0.5615,11.0,0.5,3747.015,8,1,False,1.0,0.0
j171536,4,delay_tolerant,0.5867,0.0,7.7333,0.5,0.0,7,2,False,1.0,0.0
j179734,4,delay_tolerant,0.5867,0.0,7.7333,0.5,0.0,7,2,False,1.0,0.0
j180548,4,delay_sensitive,0.5183,0.0,7.7333,0.5,0.0,5,3,False,1.0,0.0
j180902,4,delay_tolerant,0.5183,0.0,7.7333,0.5,0.0,7,2,True,1.0,0.05
j183331,4,token_batch,1.475,0.5505,11.0,0.5,3876.851,8,1,True,1.0,0.05
j188625,4,delay_tolerant,0.5183,0.0,7.7333,0.5,0.0,7,2,True,1.0,0.05
j188625,4,delay_tolerant,1.3383,0.0,10.0667,0.5,0.0,7,2,True,1.0,0.0322
j190246,4,delay_tolerant,1.065,0.0,8.2,0.5,0.0,7,2,False,1.0,0.0
j190775,4,delay_tolerant,0.5183,0.0,7.7333,0.5,0.0,7,2,False,1.0,0.0
j191576,4,delay_tolerant,0.9967,0.0,7.7333,0.5,0.0,7,2,False,1.0,0.0
j192265,4,delay_tolerant,0.655,0.0,7.7333,0.5,0.0,7,2,False,1.0,0.0
j193789,4,token_batch,1.68,1.0193,12.4,0.5,3962.375,8,1,True,1.0,0.05
j195428,4,delay_tolerant,1.27,0.0,9.6,0.5,0.0,7,2,True,1.0,0.026
j195428,4,token_batch,1.8167,1.0163,13.3333,0.5,5054.323,8,1,True,1.0,0.0852
j199308,4,delay_sensitive,1.6117,0.0,11.9333,0.5,0.0,5,3,False,1.0,0.0
j200675,4,delay_sensitive,0.5183,0.0,7.7333,0.5,0.0,5,3,False,1.0,0.0
j203093,4,delay_sensitive,0.5183,0.0,7.7333,0.5,0.0,5,3,False,1.0,0.0
j204106,4,delay_sensitive,0.5183,0.0,7.7333,0.5,0.0,5,3,False,1.0,0.0
j204106,4,delay_sensitive,0.5183,0.0,7.7333,0.5,0.0,5,3,False,1.0,0.0
j207883,4,delay_sensitive,0.5183,0.0,7.7333,0.5,0.0,5,3,False,1.0,0.0
j208504,4,delay_tolerant,0.5183,0.0,7.7333,0.5,0.0,7,2,True,1.0,0.05
j209051,4,delay_tolerant,0.5183,0.0,7.7333,0.5,0.0,7,2,True,1.0,0.05
j21321,4,token_batch,1.68,1.2596,12.4,0.5,5215.475,8,1,True,1.0,0.05
j213363,4,delay_tolerant,1.1333,0.0,8.6667,0.5,0.0,7,2,False,1.0,0.0
j213363,4,delay_tolerant,1.4067,0.0,10.5333,0.5,0.0,7,2,False,1.0,0.0
j214814,4,delay_tolerant,0.5183,0.0,7.7333,0.5,0.0,7,2,True,1.0,0.05
j220467,4,delay_tolerant,0.5183,0.0,7.7333,0.5,0.0,7,2,True,1.0,0.05
j223022,4,delay_tolerant,0.7233,0.0,7.7333,0.5,0.0,7,2,True,1.0,0.031
j223654,4,delay_tolerant,0.5183,0.0,7.7333,0.5,0.0,7,2,False,1.0,0.0
j223654,4,delay_tolerant,1.27,0.0,9.6,0.5,0.0,7,2,True,1.0,0.05
j224340,4,delay_sensitive,1.27,0.0,9.6,0.5,0.0,5,3,False,1.0,0.0
j225968,4,delay_tolerant,0.9283,0.0,7.7333,0.5,0.0,7,2,True,1.0,0.0551
j226243,4,token_batch,1.7483,0.0,12.8667,0.5,4839.079,8,1,True,1.0,0.1207
j226776,4,delay_tolerant,1.1333,0.0,8.6667,0.5,0.0,7,2,False,1.0,0.0
j227409,4,delay_tolerant,1.065,0.0,8.2,0.5,0.0,7,2,True,1.0,0.05
j227531,4,delay_sensitive,0.5183,0.0,7.7333,0.5,0.0,5,3,False,1.0,0.0
j234293,4,delay_sensitive,0.5183,0.0,7.7333,0.5,0.0,5,3,False,1.0,0.0
j235590,4,delay_tolerant,0.5183,0.0,7.7333,0.5,0.0,7,2,True,1.0,0.0815
j236462,4,delay_tolerant,0.5867,0.0,7.7333,0.5,0.0,7,2,False,1.0,0.0
j236765,4,delay_tolerant,0.5183,0.0,7.7333,0.5,0.0,7,2,True,1.0,0.0569
j237709,4,delay_sensitive,0.5183,0.0,7.7333,0.5,0.0,5,3,False,1.0,0.0
j24101,4,delay_sensitive,1.7483,0.0,12.8667,0.5,0.0,5,3,False,1.0,0.0
j24101,4,delay_sensitive,1.7483,0.0,12.8667,0.5,0.0,5,3,False,1.0,0.0
j24101,4,delay_tolerant,0.5183,0.0,7.7333,0.5,0.0,7,2,True,1.0,0.044
j241287,4,delay_sensitive,1.5433,0.0,11.4667,0.5,0.0,5,3,False,1.0,0.0
j24372,4,token_batch,1.885,0.0,13.8,0.5,4917.013,8,1,False,1.0,0.0
j246889,4,delay_tolerant,0.5867,0.0,7.7333,0.5,0.0,7,2,True,1.0,0.05
j249006,4,delay_tolerant,1.4067,0.0,10.5333,0.5,0.0,7,2,False,1.0,0.0
j250009,4,delay_tolerant,0.5183,0.0,7.7333,0.5,0.0,7,2,False,1.0,0.0
j262623,4,delay_sensitive,0.86,0.0,7.7333,0.5,0.0,5,3,False,1.0,0.0
j264660,4,delay_tolerant,0.5183,0.0,7.7333,0.5,0.0,7,2,False,1.0,0.0
j265537,4,delay_tolerant,0.5183,0.0,7.7333,0.5,0.0,7,2,True,1.0,0.05
j265669,4,delay_tolerant,0.5183,0.0,7.7333,0.5,0.0,7,2,False,1.0,0.0
j266329,4,delay_tolerant,0.86,0.0,7.7333,0.5,0.0,7,2,True,1.0,0.0473
j274446,4,delay_tolerant,0.5183,0.0,7.7333,0.5,0.0,7,2,True,1.0,0.0447
j274446,4,delay_tolerant,0.9283,0.0,7.7333,0.5,0.0,7,2,True,1.0,0.0997
j277311,4,token_batch,1.6117,1.3031,11.9333,0.5,4176.069,8,1,True,1.0,0.1759
j282809,4,delay_sensitive,0.5183,0.0,7.7333,0.5,0.0,5,3,False,1.0,0.0
j284971,4,delay_tolerant,0.5183,0.0,7.7333,0.5,0.0,7,2,True,1.0,0.05
j285777,4,delay_tolerant,0.5867,0.0,7.7333,0.5,0.0,7,2,False,1.0,0.0
j286745,4,token_batch,1.68,0.6069,12.4,0.5,4581.683,8,1,True,1.0,0.05
j288952,4,delay_tolerant,0.5183,0.0,7.7333,0.5,0.0,7,2,True,1.0,0.0289
j290552,4,delay_tolerant,0.5183,0.0,7.7333,0.5,0.0,7,2,True,1.0,0.0983
j290972,4,delay_tolerant,0.5183,0.0,7.7333,0.5,0.0,7,2,True,1.0,0.05
j290989,4,delay_tolerant,0.5183,0.0,7.7333,0.5,0.0,7,2,False,1.0,0.0
j29164,4,token_batch,1.6117,0.4696,11.9333,0.5,5110.546,8,1,False,1.0,0.0
j294578,4,delay_tolerant,0.5867,0.0,7.7333,0.5,0.0,7,2,True,1.0,0.0953
j296130,4,delay_sensitive,0.5183,0.0,7.7333,0.5,0.0,5,3,False,1.0,0.0
j298629,4,delay_tolerant,0.5183,0.0,7.7333,0.5,0.0,7,2,False,1.0,0.0
j299757,4,delay_tolerant,0.5183,0.0,7.7333,0.5,0.0,7,2,False,1.0,0.0
j30438,4,delay_tolerant,0.9283,0.0,7.7333,0.5,0.0,7,2,False,1.0,0.0
j30438,4,delay_sensitive,2.1583,0.0,15.6667,0.5,0.0,5,3,False,1.0,0.0
j304702,4,delay_tolerant,0.5183,0.0,7.7333,0.5,0.0,7,2,False,1.0,0.0
j305900,4,delay_tolerant,0.5183,0.0,7.7333,0.5,0.0,7,2,True,1.0,0.05
j308972,4,delay_sensitive,0.5183,0.0,7.7333,0.5,0.0,5,3,False,1.0,0.0
j309316,4,delay_tolerant,0.5183,0.0,7.7333,0.5,0.0,7,2,False,1.0,0.0
j310267,4,delay_tolerant,0.5867,0.4998,7.7333,0.5,0.0,7,2,False,1.0,0.0
j311042,4,delay_tolerant,0.5867,0.0,7.7333,0.5,0.0,7,2,True,1.0,0.0535
j312645,4,delay_sensitive,0.86,0.0,7.7333,0.5,0.0,5,3,False,1.0,0.0
j313899,4,delay_tolerant,0.5183,0.0,7.7333,0.5,0.0,7,2,False,1.0,0.0
j315384,4,delay_tolerant,0.5183,0.0,7.7333,0.5,0.0,7,2,True,1.0,0.03
j317610,4,delay_sensitive,0.5183,0.0,7.7333,0.5,0.0,5,3,False,1.0,0.0
j320968,4,delay_sensitive,0.5183,0.0,7.7333,0.5,0.0,5,3,False,1.0,0.0
j321261,4,delay_sensitive,0.9283,0.0,7.7333,0.5,0.0,5,3,False,1.0,0.0
j321612,4,delay_tolerant,0.5183,0.0,7.7333,0.5,0.0,7,2,False,1.0,0.0
j323062,4,delay_tolerant,0.5183,0.0,7.7333,0.5,0.0,7,2,False,1.0,0.0
j323737,4,delay_tolerant,0.5183,0.0,7.7333,0.5,0.0,7,2,True,1.0,0.0309
j331024,4,delay_sensitive,0.86,0.0,7.7333,0.5,0.0,5,3,False,1.0,0.0
j332145,4,delay_tolerant,0.655,0.0,7.7333,0.5,0.0,7,2,True,1.0,0.05
j333225,4,delay_tolerant,1.2017,0.0,9.1333,0.5,0.0,7,2,True,1.0,0.0457
j333875,4,delay_tolerant,0.5867,0.0,7.7333,0.5,0.0,7,2,True,1.0,0.05
j3355,4,delay_tolerant,0.5183,0.0,7.7333,0.5,0.0,7,2,True,1.0,0.05
j335906,4,delay_tolerant,0.5867,0.0,7.7333,0.5,0.0,7,2,True,1.0,0.05
j337721,4,token_batch,1.7483,0.8947,12.8667,0.5,5233.676,8,1,True,1.0,0.1818
j339351,4,delay_sensitive,0.5183,0.0,7.7333,0.5,0.0,5,3,False,1.0,0.0
j341148,4,delay_tolerant,1.4067,0.0,10.5333,0.5,0.0,7,2,False,1.0,0.0
j341646,4,token_batch,1.7483,0.0,12.8667,0.5,4066.846,8,1,False,1.0,0.0
j342246,4,delay_tolerant,0.5183,0.0,7.7333,0.5,0.0,7,2,True,1.0,0.0245
j343721,4,delay_sensitive,1.68,0.0,12.4,0.5,0.0,5,3,False,1.0,0.0
j345234,4,delay_tolerant,0.9283,0.0,7.7333,0.5,0.0,7,2,False,1.0,0.0
j346691,4,token_batch,1.6117,0.6416,11.9333,0.5,4717.613,8,1,False,1.0,0.0
j346812,4,delay_tolerant,0.5183,0.0,7.7333,0.5,0.0,7,2,True,1.0,0.0772
j349394,4,delay_tolerant,0.7233,0.0,7.7333,0.5,0.0,7,2,False,1.0,0.0
j349394,4,delay_sensitive,1.5433,0.0,11.4667,0.5,0.0,5,3,False,1.0,0.0
j349465,4,delay_tolerant,0.9967,0.0,7.7333,0.5,0.0,7,2,False,1.0,0.0
j351713,4,delay_sensitive,0.5183,0.0,7.7333,0.5,0.0,5,3,False,1.0,0.0
j354384,4,delay_sensitive,0.5183,0.0,7.7333,0.5,0.0,5,3,False,1.0,0.0
j356523,4,delay_tolerant,0.5183,0.0,7.7333,0.5,0.0,7,2,True,1.0,0.077
j357033,4,delay_tolerant,1.065,0.0,8.2,0.5,0.0,7,2,True,1.0,0.05
j357550,4,token_batch,1.7483,1.1514,12.8667,0.5,4487.977,8,1,True,1.0,0.1807
j362369,4,delay_tolerant,0.5183,0.0,7.7333,0.5,0.0,7,2,False,1.0,0.0
j367146,4,delay_tolerant,0.5183,0.0,7.7333,0.5,0.0,7,2,False,1.0,0.0
j368158,4,delay_tolerant,0.5867,0.0,7.7333,0.5,0.0,7,2,True,1.0,0.05
j368304,4,delay_tolerant,0.5867,0.282,7.7333,0.5,0.0,7,2,False,1.0,0.0
j370180,4,delay_tolerant,1.4067,0.0,10.5333,0.5,0.0,7,2,True,1.0,0.0354
j372451,4,token_batch,2.0217,0.8892,14.7333,0.5,5215.176,8,1,True,1.0,0.05
j375433,4,delay_tolerant,1.1333,0.4982,8.6667,0.5,0.0,7,2,False,1.0,0.0
j377373,4,delay_tolerant,1.3383,0.0,10.0667,0.5,0.0,7,2,False,1.0,0.0
j377391,4,delay_sensitive,1.065,0.0,8.2,0.5,0.0,5,3,False,1.0,0.0
j377604,4,delay_tolerant,0.5183,0.0,7.7333,0.5,0.0,7,2,False,1.0,0.0
j382386,4,delay_tolerant,0.5183,0.0,7.7333,0.5,0.0,7,2,False,1.0,0.0
j383677,4,delay_tolerant,1.3383,0.245,10.0667,0.5,0.0,7,2,True,1.0,0.0202
j387494,4,delay_tolerant,0.86,0.0,7.7333,0.5,0.0,7,2,True,1.0,0.05
j38920,4,delay_sensitive,0.5183,0.0,7.7333,0.5,0.0,5,3,False,1.0,0.0
j391500,4,delay_tolerant,0.655,0.0,7.7333,0.5,0.0,7,2,True,1.0,0.05
j392349,4,delay_sensitive,1.6117,0.0,11.9333,0.5,0.0,5,3,False,1.0,0.0
j392349,4,delay_sensitive,0.655,0.0,7.7333,0.5,0.0,5,3,False,1.0,0.0
j392863,4,delay_tolerant,0.5183,0.0,7.7333,0.5,0.0,7,2,True,1.0,0.0592
j394822,4,delay_tolerant,0.5183,0.0,7.7333,0.5,0.0,7,2,False,1.0,0.0
j397099,4,delay_tolerant,0.5183,0.0,7.7333,0.5,0.0,7,2,False,1.0,0.0
j399937,4,delay_sensitive,0.7917,0.0,7.7333,0.5,0.0,5,3,False,1.0,0.0
j401177,4,delay_tolerant,0.9283,0.0,7.7333,0.5,0.0,7,2,False,1.0,0.0
j402856,4,delay_tolerant,0.5183,0.2681,7.7333,0.5,0.0,7,2,False,1.0,0.0
j402856,4,delay_sensitive,0.655,0.0,7.7333,0.5,0.0,5,3,False,1.0,0.0
j403069,4,token_batch,1.6117,1.2483,11.9333,0.5,4227.3,8,1,True,1.0,0.05
j408293,4,delay_tolerant,0.9967,0.0,7.7333,0.5,0.0,7,2,True,1.0,0.05
j409940,4,delay_tolerant,0.9967,0.0,7.7333,0.5,0.0,7,2,True,1.0,0.05
j411091,4,delay_tolerant,0.5183,0.0,7.7333,0.5,0.0,7,2,False,1.0,0.0
j413351,4,delay_tolerant,0.7917,0.0,7.7333,0.5,0.0,7,2,False,1.0,0.0
j413493,4,delay_tolerant,0.5183,0.0,7.7333,0.5,0.0,7,2,False,1.0,0.0
j415669,4,delay_tolerant,1.2017,0.0,9.1333,0.5,0.0,7,2,False,1.0,0.0
j41763,4,token_batch,1.68,1.3085,12.4,0.5,3977.656,8,1,False,1.0,0.0
j422719,4,delay_tolerant,0.5183,0.0,7.7333,0.5,0.0,7,2,True,1.0,0.0621
j425795,4,delay_tolerant,1.1333,0.0,8.6667,0.5,0.0,7,2,True,1.0,0.05
j426113,4,delay_sensitive,0.5183,0.0,7.7333,0.5,0.0,5,3,False,1.0,0.0
j429564,4,delay_tolerant,0.655,0.0,7.7333,0.5,0.0,7,2,True,1.0,0.05
j429596,4,delay_tolerant,0.655,0.0,7.7333,0.5,0.0,7,2,True,1.0,0.05
j431053,4,delay_tolerant,1.3383,0.0,10.0667,0.5,0.0,7,2,False,1.0,0.0
j431173,4,delay_tolerant,0.5183,0.0,7.7333,0.5,0.0,7,2,False,1.0,0.0
j432173,4,delay_tolerant,0.655,0.0,7.7333,0.5,0.0,7,2,False,1.0,0.0
j434855,4,delay_tolerant,0.7917,0.0,7.7333,0.5,0.0,7,2,False,1.0,0.0
j436094,4,delay_tolerant,0.5183,0.0,7.7333,0.5,0.0,7,2,True,1.0,0.05
j437839,4,delay_tolerant,0.5183,0.0,7.7333,0.5,0.0,7,2,False,1.0,0.0
j438159,4,delay_tolerant,1.3383,0.0,10.0667,0.5,0.0,7,2,True,1.0,0.0608
j441943,4,delay_tolerant,0.5183,0.0,7.7333,0.5,0.0,7,2,False,1.0,0.0
j442553,4,delay_tolerant,1.3383,0.0,10.0667,0.5,0.0,7,2,True,1.0,0.0271
j442618,4,delay_tolerant,0.7233,0.0,7.7333,0.5,0.0,7,2,False,1.0,0.0
j445267,4,delay_tolerant,0.5183,0.0,7.7333,0.5,0.0,7,2,False,1.0,0.0
j445407,4,token_batch,2.09,0.9763,15.2,0.5,4812.459,8,1,True,1.0,0.05
j4464,4,delay_tolerant,0.5183,0.0,7.7333,0.5,0.0,7,2,False,1.0,0.0
j448221,4,delay_tolerant,0.5183,0.0,7.7333,0.5,0.0,7,2,False,1.0,0.0
j448433,4,delay_tolerant,0.5183,0.0,7.7333,0.5,0.0,7,2,False,1.0,0.0
j450126,4,delay_tolerant,0.5183,0.0,7.7333,0.5,0.0,7,2,True,1.0,0.0218
j450519,4,delay_sensitive,0.5183,0.0,7.7333,0.5,0.0,5,3,False,1.0,0.0
j455986,4,delay_tolerant,1.065,0.0,8.2,0.5,0.0,7,2,False,1.0,0.0
j455986,4,delay_tolerant,0.5183,0.0,7.7333,0.5,0.0,7,2,True,1.0,0.05
j458646,4,delay_tolerant,0.5183,0.0,7.7333,0.5,0.0,7,2,False,1.0,0.0
j459686,4,delay_tolerant,1.065,0.0,8.2,0.5,0.0,7,2,True,1.0,0.0512
j460590,4,delay_tolerant,0.5183,0.0,7.7333,0.5,0.0,7,2,True,1.0,0.05
j462091,4,delay_sensitive,1.8167,0.0,13.3333,0.5,0.0,5,3,False,1.0,0.0
j468606,4,delay_tolerant,0.5183,0.0,7.7333,0.5,0.0,7,2,False,1.0,0.0
j469522,4,token_batch,1.5433,0.4941,11.4667,0.5,3914.634,8,1,True,1.0,0.1875
j471002,4,delay_tolerant,0.5183,0.0,7.7333,0.5,0.0,7,2,True,1.0,0.05
j471238,4,delay_tolerant,1.1333,0.0,8.6667,0.5,0.0,7,2,False,1.0,0.0
j474172,4,delay_tolerant,0.86,0.0,7.7333,0.5,0.0,7,2,False,1.0,0.0
j475062,4,delay_sensitive,0.5183,0.0,7.7333,0.5,0.0,5,3,False,1.0,0.0
j477792,4,delay_tolerant,0.5183,0.0,7.7333,0.5,0.0,7,2,False,1.0,0.0
j478685,4,delay_tolerant,0.655,0.0,7.7333,0.5,0.0,7,2,False,1.0,0.0
j478998,4,delay_tolerant,0.5183,0.0,7.7333,0.5,0.0,7,2,True,1.0,0.05
j487330,4,delay_tolerant,0.5183,0.0,7.7333,0.5,0.0,7,2,False,1.0,0.0
j489228,4,delay_tolerant,0.655,0.4435,7.7333,0.5,0.0,7,2,True,1.0,0.0606
j490063,4,delay_tolerant,1.065,0.0,8.2,0.5,0.0,7,2,True,1.0,0.05
j492472,4,token_batch,1.7483,0.6996,12.8667,0.5,5020.875,8,1,True,1.0,0.05
j495904,4,delay_tolerant,0.9283,0.0,7.7333,0.5,0.0,7,2,True,1.0,0.05
j497559,4,delay_tolerant,0.5183,0.0,7.7333,0.5,0.0,7,2,False,1.0,0.0
j499914,4,delay_tolerant,0.5183,0.0,7.7333,0.5,0.0,7,2,False,1.0,0.0
j5035,4,token_batch,1.475,0.0,11.0,0.5,4114.802,8,1,False,1.0,0.0
j503950,4,delay_tolerant,0.5183,0.0,7.7333,0.5,0.0,7,2,True,1.0,0.05
j505945,4,delay_tolerant,0.9967,0.0,7.7333,0.5,0.0,7,2,True,1.0,0.05
j507927,4,delay_tolerant,0.7917,0.0,7.7333,0.5,0.0,7,2,True,1.0,0.05
j508563,4,delay_tolerant,0.5183,0.0,7.7333,0.5,0.0,7,2,False,1.0,0.0
j511728,4,delay_tolerant,0.5183,0.2508,7.7333,0.5,0.0,7,2,False,1.0,0.0
j511728,4,token_batch,1.6117,0.0,11.9333,0.5,4046.524,8,1,True,1.0,0.0998
j523364,4,token_batch,1.7483,0.0,12.8667,0.5,5252.826,8,1,True,1.0,0.0913
j523364,4,delay_tolerant,1.1333,0.0,8.6667,0.5,0.0,7,2,False,1.0,0.0
j524804,4,token_batch,1.68,0.6536,12.4,0.5,4606.38,8,1,True,1.0,0.05
j524804,4,delay_tolerant,1.3383,0.0,10.0667,0.5,0.0,7,2,False,1.0,0.0
j525271,4,delay_tolerant,0.5183,0.0,7.7333,0.5,0.0,7,2,False,1.0,0.0
j534102,4,delay_tolerant,0.7233,0.0,7.7333,0.5,0.0,7,2,False,1.0,0.0
j534102,4,delay_tolerant,0.5183,0.0,7.7333,0.5,0.0,7,2,False,1.0,0.0
j534932,4,delay_tolerant,0.5183,0.0,7.7333,0.5,0.0,7,2,False,1.0,0.0
j53511,4,delay_tolerant,0.5183,0.0,7.7333,0.5,0.0,7,2,False,1.0,0.0
j535214,4,delay_tolerant,0.5183,0.0,7.7333,0.5,0.0,7,2,True,1.0,0.0515
j538006,4,delay_tolerant,0.86,0.0,7.7333,0.5,0.0,7,2,False,1.0,0.0
j538006,4,delay_tolerant,1.2017,0.0,9.1333,0.5,0.0,7,2,True,1.0,0.05
j538027,4,token_batch,1.885,1.2304,13.8,0.5,4363.17,8,1,True,1.0,0.1541
j538369,4,delay_tolerant,0.5867,0.0,7.7333,0.5,0.0,7,2,False,1.0,0.0
j539910,4,delay_tolerant,0.5183,0.0,7.7333,0.5,0.0,7,2,False,1.0,0.0
j54228,4,delay_tolerant,1.4067,0.0,10.5333,0.5,0.0,7,2,False,1.0,0.0
j543099,4,delay_tolerant,1.4067,0.0,10.5333,0.5,0.0,7,2,True,1.0,0.05
j544996,4,delay_tolerant,0.5183,0.0,7.7333,0.5,0.0,7,2,False,1.0,0.0
j544996,4,delay_tolerant,0.5183,0.0,7.7333,0.5,0.0,7,2,True,1.0,0.05
j547174,4,delay_tolerant,0.5183,0.0,7.7333,0.5,0.0,7,2,True,1.0,0.05
j55096,4,token_batch,1.8167,1.1036,13.3333,0.5,4105.81,8,1,True,1.0,0.1238
j552814,4,delay_tolerant,0.5183,0.0,7.7333,0.5,0.0,7,2,True,1.0,0.0512
j553447,4,delay_tolerant,0.5183,0.0,7.7333,0.5,0.0,7,2,False,1.0,0.0
j554658,4,delay_tolerant,0.5183,0.0,7.7333,0.5,0.0,7,2,True,1.0,0.0543
j55531,4,delay_tolerant,0.5867,0.0,7.7333,0.5,0.0,7,2,False,1.0,0.0
j55594,4,delay_tolerant,0.5183,0.0,7.7333,0.5,0.0,7,2,False,1.0,0.0
j55594,4,delay_tolerant,0.5183,0.0,7.7333,0.5,0.0,7,2,True,1.0,0.094
j563192,4,delay_tolerant,1.4067,0.0,10.5333,0.5,0.0,7,2,True,1.0,0.025
j563898,4,delay_tolerant,0.5183,0.0,7.7333,0.5,0.0,7,2,False,1.0,0.0
j564037,4,delay_tolerant,0.7233,0.0,7.7333,0.5,0.0,7,2,True,1.0,0.0644
j568363,4,token_batch,1.5433,0.8214,11.4667,0.5,4970.647,8,1,True,1.0,0.1222
j57403,4,delay_tolerant,1.1333,0.0,8.6667,0.5,0.0,7,2,False,1.0,0.0
j57403,4,token_batch,1.8167,0.9334,13.3333,0.5,4042.895,8,1,True,1.0,0.05
j576693,4,delay_tolerant,0.5183,0.0,7.7333,0.5,0.0,7,2,False,1.0,0.0
j581391,4,delay_sensitive,1.8167,0.0,13.3333,0.5,0.0,5,3,False,1.0,0.0
j582479,4,delay_tolerant,1.4067,0.0,10.5333,0.5,0.0,7,2,True,1.0,0.05
j590386,4,delay_tolerant,0.5183,0.0,7.7333,0.5,0.0,7,2,True,1.0,0.05
j599383,4,delay_tolerant,0.5183,0.0,7.7333,0.5,0.0,7,2,False,1.0,0.0
j60459,4,delay_sensitive,0.5183,0.0,7.7333,0.5,0.0,5,3,False,1.0,0.0
j609734,4,delay_tolerant,1.27,0.0,9.6,0.5,0.0,7,2,False,1.0,0.0
j615310,4,delay_sensitive,1.2017,0.0,9.1333,0.5,0.0,5,3,False,1.0,0.0
j616006,4,delay_sensitive,0.5183,0.0,7.7333,0.5,0.0,5,3,False,1.0,0.0
j617292,4,delay_tolerant,1.27,0.0,9.6,0.5,0.0,7,2,False,1.0,0.0
j620018,4,token_batch,1.8167,0.8572,13.3333,0.5,4628.636,8,1,False,1.0,0.0
j620949,4,delay_tolerant,0.5867,0.0,7.7333,0.5,0.0,7,2,False,1.0,0.0
j620997,4,delay_tolerant,1.27,0.0,9.6,0.5,0.0,7,2,True,1.0,0.0529
j624371,4,delay_tolerant,0.86,0.0,7.7333,0.5,0.0,7,2,False,1.0,0.0
j630886,4,delay_tolerant,0.5183,0.0,7.7333,0.5,0.0,7,2,False,1.0,0.0
j630908,4,delay_tolerant,1.1333,0.0,8.6667,0.5,0.0,7,2,True,1.0,0.05
j632338,4,delay_tolerant,1.3383,0.0,10.0667,0.5,0.0,7,2,True,1.0,0.05
j637734,4,delay_sensitive,0.5183,0.0,7.7333,0.5,0.0,5,3,False,1.0,0.0
j640391,4,token_batch,1.885,0.9148,13.8,0.5,4922.914,8,1,True,1.0,0.1255
j641029,4,token_batch,1.885,0.4077,13.8,0.5,5287.914,8,1,True,1.0,0.1374
j641850,4,delay_tolerant,0.5183,0.0,7.7333,0.5,0.0,7,2,True,1.0,0.0551
j642497,4,delay_sensitive,1.68,0.0,12.4,0.5,0.0,5,3,False,1.0,0.0
j64434,4,delay_tolerant,0.7233,0.0,7.7333,0.5,0.0,7,2,False,1.0,0.0
j644403,4,delay_sensitive,1.7483,0.0,12.8667,0.5,0.0,5,3,False,1.0,0.0
j645624,4,delay_tolerant,0.5183,0.0,7.7333,0.5,0.0,7,2,True,1.0,0.05
j646293,4,delay_tolerant,0.5183,0.0,7.7333,0.5,0.0,7,2,True,1.0,0.05
j650779,4,delay_tolerant,0.5183,0.0,7.7333,0.5,0.0,7,2,True,1.0,0.05
j655160,4,delay_sensitive,1.1333,0.0,8.6667,0.5,0.0,5,3,False,1.0,0.0
j655534,4,delay_tolerant,0.9967,0.0,7.7333,0.5,0.0,7,2,False,1.0,0.0
j656256,4,delay_sensitive,0.7917,0.0,7.7333,0.5,0.0,5,3,False,1.0,0.0
j657453,4,delay_tolerant,0.5183,0.0,7.7333,0.5,0.0,7,2,True,1.0,0.05
j657453,4,token_batch,1.5433,1.2516,11.4667,0.5,4292.26,8,1,False,1.0,0.0
j661702,4,delay_tolerant,0.5867,0.0,7.7333,0.5,0.0,7,2,True,1.0,0.05
j662311,4,delay_tolerant,0.5183,0.0,7.7333,0.5,0.0,7,2,False,1.0,0.0
j662778,4,delay_tolerant,0.5183,0.0,7.7333,0.5,0.0,7,2,False,1.0,0.0
j666461,4,delay_tolerant,0.655,0.0,7.7333,0.5,0.0,7,2,True,1.0,0.0359
j668173,4,delay_tolerant,0.5183,0.0,7.7333,0.5,0.0,7,2,False,1.0,0.0
j672006,4,delay_tolerant,0.5183,0.0,7.7333,0.5,0.0,7,2,True,1.0,0.05
j674965,4,delay_tolerant,0.5183,0.0,7.7333,0.5,0.0,7,2,False,1.0,0.0
j675457,4,delay_tolerant,0.5183,0.0,7.7333,0.5,0.0,7,2,True,1.0,0.0365
j676115,4,delay_tolerant,0.5867,0.0,7.7333,0.5,0.0,7,2,True,1.0,0.0742
j676676,4,delay_tolerant,0.9283,0.0,7.7333,0.5,0.0,7,2,False,1.0,0.0
j678106,4,delay_tolerant,0.5183,0.0,7.7333,0.5,0.0,7,2,False,1.0,0.0
j681015,4,delay_tolerant,0.5183,0.5852,7.7333,0.5,0.0,7,2,True,1.0,0.05
j68185,4,delay_tolerant,0.5183,0.0,7.7333,0.5,0.0,7,2,True,1.0,0.0962
j684258,4,delay_tolerant,0.9283,0.0,7.7333,0.5,0.0,7,2,False,1.0,0.0
j688648,4,delay_tolerant,0.9283,0.0,7.7333,0.5,0.0,7,2,False,1.0,0.0
j690271,4,delay_sensitive,0.5183,0.0,7.7333,0.5,0.0,5,3,False,1.0,0.0
j694499,4,delay_tolerant,0.5183,0.0,7.7333,0.5,0.0,7,2,True,1.0,0.0644
j69465,4,delay_tolerant,0.5183,0.0,7.7333,0.5,0.0,7,2,False,1.0,0.0
j69465,4,token_batch,2.0217,1.2683,14.7333,0.5,4870.294,8,1,False,1.0,0.0
j696829,4,delay_tolerant,0.655,0.0,7.7333,0.5,0.0,7,2,False,1.0,0.0
j696829,4,delay_tolerant,0.5183,0.0,7.7333,0.5,0.0,7,2,True,1.0,0.0849
j69719,4,delay_tolerant,0.5183,0.0,7.7333,0.5,0.0,7,2,False,1.0,0.0
j701590,4,delay_tolerant,0.5183,0.0,7.7333,0.5,0.0,7,2,True,1.0,0.05
j712182,4,delay_tolerant,0.5183,0.0,7.7333,0.5,0.0,7,2,True,1.0,0.05
j71254,4,delay_sensitive,0.86,0.0,7.7333,0.5,0.0,5,3,False,1.0,0.0
j717512,4,delay_sensitive,0.5183,0.0,7.7333,0.5,0.0,5,3,False,1.0,0.0
j718453,4,delay_tolerant,0.655,0.0,7.7333,0.5,0.0,7,2,False,1.0,0.0
j719777,4,delay_tolerant,1.065,0.0,8.2,0.5,0.0,7,2,False,1.0,0.0
j722379,4,delay_sensitive,0.5183,0.0,7.7333,0.5,0.0,5,3,False,1.0,0.0
j72287,4,delay_tolerant,0.9283,0.0,7.7333,0.5,0.0,7,2,True,1.0,0.05
j724005,4,delay_tolerant,0.5183,0.0,7.7333,0.5,0.0,7,2,True,1.0,0.05
j725109,4,delay_sensitive,1.3383,0.0,10.0667,0.5,0.0,5,3,False,1.0,0.0
j72581,4,delay_sensitive,0.5183,0.0,7.7333,0.5,0.0,5,3,False,1.0,0.0
j726166,4,delay_tolerant,0.5867,0.0,7.7333,0.5,0.0,7,2,True,1.0,0.0266
j731212,4,delay_tolerant,0.86,0.0,7.7333,0.5,0.0,7,2,True,1.0,0.05
j733670,4,delay_tolerant,0.5183,0.0,7.7333,0.5,0.0,7,2,False,1.0,0.0
j739610,4,delay_sensitive,0.7917,0.0,7.7333,0.5,0.0,5,3,False,1.0,0.0
j741591,4,delay_tolerant,1.27,0.0,9.6,0.5,0.0,7,2,True,1.0,0.05
j741854,4,token_batch,1.8167,0.4965,13.3333,0.5,3954.728,8,1,False,1.0,0.0
j751354,4,delay_tolerant,0.5183,0.0,7.7333,0.5,0.0,7,2,False,1.0,0.0
j751821,4,delay_tolerant,0.5183,0.0,7.7333,0.5,0.0,7,2,True,1.0,0.05
j752972,4,delay_tolerant,0.5183,0.2958,7.7333,0.5,0.0,7,2,False,1.0,0.0
j753688,4,delay_tolerant,0.5867,0.0,7.7333,0.5,0.0,7,2,True,1.0,0.0288
j756947,4,delay_tolerant,1.065,0.0,8.2,0.5,0.0,7,2,True,1.0,0.0855
j757496,4,delay_tolerant,0.5183,0.0,7.7333,0.5,0.0,7,2,True,1.0,0.0281
j761507,4,delay_tolerant,0.5183,0.0,7.7333,0.5,0.0,7,2,False,1.0,0.0
j762100,4,delay_sensitive,0.5183,0.0,7.7333,0.5,0.0,5,3,False,1.0,0.0
j762100,4,token_batch,1.475,0.9048,11.0,0.5,3711.244,8,1,False,1.0,0.0
j762100,4,token_batch,1.8167,1.4913,13.3333,0.5,4537.886,8,1,True,1.0,0.05
j766906,4,delay_tolerant,0.5867,0.0,7.7333,0.5,0.0,7,2,True,1.0,0.0344
j767267,4,delay_tolerant,0.5183,0.0,7.7333,0.5,0.0,7,2,False,1.0,0.0
j770166,4,delay_tolerant,0.5183,0.0,7.7333,0.5,0.0,7,2,True,1.0,0.0593
j772615,4,delay_tolerant,1.3383,0.0,10.0667,0.5,0.0,7,2,True,1.0,0.0798
j772792,4,delay_sensitive,1.6117,0.0,11.9333,0.5,0.0,5,3,False,1.0,0.0
j772903,4,delay_tolerant,0.5183,0.0,7.7333,0.5,0.0,7,2,True,1.0,0.0694
j773714,4,delay_tolerant,1.2017,0.0,9.1333,0.5,0.0,7,2,False,1.0,0.0
j774454,4,delay_tolerant,0.655,0.0,7.7333,0.5,0.0,7,2,True,1.0,0.05
j785574,4,token_batch,1.5433,0.9002,11.4667,0.5,4167.906,8,1,True,1.0,0.05
j789923,4,delay_tolerant,0.9283,0.0,7.7333,0.5,0.0,7,2,False,1.0,0.0
j791186,4,delay_sensitive,1.3383,0.0,10.0667,0.5,0.0,5,3,False,1.0,0.0
j792122,4,delay_tolerant,1.065,0.5391,8.2,0.5,0.0,7,2,False,1.0,0.0
j792972,4,delay_tolerant,0.5183,0.5727,7.7333,0.5,0.0,7,2,True,1.0,0.05
j795279,4,delay_sensitive,1.7483,0.0,12.8667,0.5,0.0,5,3,False,1.0,0.0
j795833,4,delay_tolerant,0.9967,0.0,7.7333,0.5,0.0,7,2,True,1.0,0.05
j796634,4,delay_tolerant,0.5183,0.0,7.7333,0.5,0.0,7,2,False,1.0,0.0
j797116,4,token_batch,2.295,0.4789,16.6,0.5,5122.567,8,1,True,1.0,0.05
j797801,4,delay_tolerant,0.9283,0.0,7.7333,0.5,0.0,7,2,False,1.0,0.0
j803141,4,delay_tolerant,0.5867,0.0,7.7333,0.5,0.0,7,2,True,1.0,0.05
j80939,4,delay_tolerant,0.86,0.0,7.7333,0.5,0.0,7,2,False,1.0,0.0
j8106,4,token_batch,1.6117,0.7983,11.9333,0.5,4459.726,8,1,True,1.0,0.05
j8106,4,delay_tolerant,1.065,0.0,8.2,0.5,0.0,7,2,False,1.0,0.0
j811429,4,delay_tolerant,0.5183,0.0,7.7333,0.5,0.0,7,2,True,1.0,0.0477
j813496,4,delay_sensitive,0.5183,0.0,7.7333,0.5,0.0,5,3,False,1.0,0.0
j815076,4,delay_tolerant,0.5183,0.0,7.7333,0.5,0.0,7,2,True,1.0,0.061
j815996,4,token_batch,1.8167,0.0,13.3333,0.5,5252.403,8,1,False,1.0,0.0
j815996,4,delay_tolerant,0.86,0.0,7.7333,0.5,0.0,7,2,False,1.0,0.0
j815996,4,token_batch,1.7483,1.0101,12.8667,0.5,4637.249,8,1,False,1.0,0.0
j8189,4,delay_tolerant,0.5183,0.0,7.7333,0.5,0.0,7,2,True,1.0,0.05
j82247,4,delay_tolerant,0.9967,0.0,7.7333,0.5,0.0,7,2,False,1.0,0.0
j825459,4,delay_tolerant,0.5867,0.0,7.7333,0.5,0.0,7,2,True,1.0,0.05
j825925,4,delay_tolerant,1.2017,0.3666,9.1333,0.5,0.0,7,2,False,1.0,0.0
j828128,4,token_batch,1.68,0.7871,12.4,0.5,4733.285,8,1,True,1.0,0.1888
j828421,4,delay_sensitive,1.475,0.0,11.0,0.5,0.0,5,3,False,1.0,0.0
j830061,4,delay_tolerant,0.5183,0.0,7.7333,0.5,0.0,7,2,False,1.0,0.0
j833249,4,delay_tolerant,1.3383,0.0,10.0667,0.5,0.0,7,2,False,1.0,0.0
j835870,4,delay_sensitive,0.655,0.0,7.7333,0.5,0.0,5,3,False,1.0,0.0
j836315,4,delay_tolerant,1.2017,0.259,9.1333,0.5,0.0,7,2,True,1.0,0.05
j838223,4,delay_tolerant,0.5183,0.4925,7.7333,0.5,0.0,7,2,True,1.0,0.0905
j838731,4,delay_tolerant,0.5183,0.0,7.7333,0.5,0.0,7,2,True,1.0,0.05
j839051,4,token_batch,1.6117,1.0477,11.9333,0.5,4775.364,8,1,False,1.0,0.0
j842618,4,delay_sensitive,0.5867,0.0,7.7333,0.5,0.0,5,3,False,1.0,0.0
j848451,4,delay_tolerant,0.5183,0.4833,7.7333,0.5,0.0,7,2,True,1.0,0.05
j850379,4,delay_tolerant,0.5183,0.0,7.7333,0.5,0.0,7,2,False,1.0,0.0
j851961,4,delay_tolerant,0.5183,0.0,7.7333,0.5,0.0,7,2,False,1.0,0.0
j852634,4,delay_sensitive,0.5183,0.0,7.7333,0.5,0.0,5,3,False,1.0,0.0
j854637,4,delay_sensitive,1.6117,0.0,11.9333,0.5,0.0,5,3,False,1.0,0.0
j85678,4,delay_tolerant,0.5183,0.0,7.7333,0.5,0.0,7,2,False,1.0,0.0
j857385,4,delay_tolerant,0.86,0.0,7.7333,0.5,0.0,7,2,False,1.0,0.0
j862295,4,delay_tolerant,0.5183,0.0,7.7333,0.5,0.0,7,2,True,1.0,0.0647
j865052,4,delay_tolerant,1.3383,0.0,10.0667,0.5,0.0,7,2,False,1.0,0.0
j867333,4,delay_tolerant,1.2017,0.0,9.1333,0.5,0.0,7,2,False,1.0,0.0
j867333,4,delay_tolerant,1.27,0.0,9.6,0.5,0.0,7,2,False,1.0,0.0
j870671,4,delay_sensitive,0.5183,0.0,7.7333,0.5,0.0,5,3,False,1.0,0.0
j875646,4,delay_sensitive,0.5183,0.0,7.7333,0.5,0.0,5,3,False,1.0,0.0
j877786,4,delay_tolerant,0.5183,0.0,7.7333,0.5,0.0,7,2,True,1.0,0.0823
j881445,4,delay_sensitive,0.5183,0.0,7.7333,0.5,0.0,5,3,False,1.0,0.0
j885311,4,token_batch,1.475,0.6479,11.0,0.5,3598.435,8,1,True,1.0,0.05
j88539,4,token_batch,1.68,0.0,12.4,0.5,4868.641,8,1,False,1.0,0.0
j886485,4,delay_tolerant,1.4067,0.0,10.5333,0.5,0.0,7,2,False,1.0,0.0
j892630,4,delay_tolerant,0.5183,0.0,7.7333,0.5,0.0,7,2,True,1.0,0.05
j893738,4,delay_tolerant,1.1333,0.0,8.6667,0.5,0.0,7,2,True,1.0,0.05
j896203,4,delay_sensitive,0.5183,0.0,7.7333,0.5,0.0,5,3,False,1.0,0.0
j897081,4,delay_tolerant,0.5183,0.0,7.7333,0.5,0.0,7,2,False,1.0,0.0
j902125,4,delay_sensitive,0.5183,0.0,7.7333,0.5,0.0,5,3,False,1.0,0.0
j905175,4,delay_sensitive,1.8167,0.0,13.3333,0.5,0.0,5,3,False,1.0,0.0
j90828,4,token_batch,2.5,1.1514,18.0,0.5,4309.114,8,1,False,1.0,0.0
j908544,4,delay_sensitive,0.5183,0.0,7.7333,0.5,0.0,5,3,False,1.0,0.0
j911272,4,delay_tolerant,0.5867,0.0,7.7333,0.5,0.0,7,2,False,1.0,0.0
j914001,4,delay_tolerant,0.5183,0.0,7.7333,0.5,0.0,7,2,False,1.0,0.0
j92578,4,delay_sensitive,0.5183,0.0,7.7333,0.5,0.0,5,3,False,1.0,0.0
j93560,4,delay_sensitive,0.5183,0.0,7.7333,0.5,0.0,5,3,False,1.0,0.0
j96471,4,delay_sensitive,0.9967,0.0,7.7333,0.5,0.0,5,3,False,1.0,0.0
j99260,4,token_batch,1.885,0.0,13.8,0.5,4403.687,8,1,False,1.0,0.0
j103129,5,token_batch,1.5433,1.0936,11.4667,0.5,5088.238,9,1,False,1.0,0.0
j113610,5,delay_tolerant,1.065,0.0,8.2,0.5,0.0,8,2,True,1.0,0.05
j113823,5,delay_tolerant,0.5183,0.0,7.7333,0.5,0.0,9,2,False,1.0,0.0
j126250,5,delay_tolerant,0.5183,0.0,7.7333,0.5,0.0,9,2,True,1.0,0.0263
j126265,5,delay_tolerant,0.5183,0.0,7.7333,0.5,0.0,8,2,False,1.0,0.0
j128322,5,delay_tolerant,0.5183,0.0,7.7333,0.5,0.0,11,2,True,1.0,0.05
j131807,5,delay_sensitive,1.885,0.0,13.8,0.5,0.0,6,3,False,1.0,0.0
j135569,5,delay_tolerant,1.4067,0.0,10.5333,0.5,0.0,9,2,True,1.0,0.05
j153802,5,delay_sensitive,0.7233,0.0,7.7333,0.5,0.0,6,3,False,1.0,0.0
j156429,5,delay_tolerant,0.7233,0.0,7.7333,0.5,0.0,9,2,False,1.0,0.0
j156624,5,delay_sensitive,1.885,0.0,13.8,0.5,0.0,6,3,False,1.0,0.0
j157341,5,delay_tolerant,0.5183,0.0,7.7333,0.5,0.0,8,2,False,1.0,0.0
j161343,5,delay_sensitive,0.5183,0.0,7.7333,0.5,0.0,6,3,False,1.0,0.0
j168075,5,delay_tolerant,0.9283,0.0,7.7333,0.5,0.0,8,2,True,1.0,0.0248
j16818,5,delay_sensitive,1.4067,0.0,10.5333,0.5,0.0,6,3,False,1.0,0.0
j171510,5,delay_tolerant,1.2017,0.0,9.1333,0.5,0.0,9,2,True,1.0,0.05
j177632,5,delay_tolerant,0.5183,0.4108,7.7333,0.5,0.0,8,2,True,1.0,0.0478
j181555,5,token_batch,1.8167,0.5785,13.3333,0.5,4161.228,9,1,True,1.0,0.05
j18190,5,delay_sensitive,1.5433,0.0,11.4667,0.5,0.0,6,3,False,1.0,0.0
j182452,5,token_batch,1.68,0.7505,12.4,0.5,4348.624,9,1,False,1.0,0.0
j190377,5,delay_tolerant,0.86,0.4927,7.7333,0.5,0.0,8,2,True,1.0,0.05
j191052,5,delay_tolerant,0.86,0.0,7.7333,0.5,0.0,8,2,True,1.0,0.05
j19254,5,delay_sensitive,1.8167,0.0,13.3333,0.5,0.0,6,3,False,1.0,0.0
j196645,5,delay_tolerant,0.5183,0.0,7.7333,0.5,0.0,9,2,True,1.0,0.0922
j202449,5,delay_tolerant,1.2017,0.5311,9.1333,0.5,0.0,8,2,False,1.0,0.0
j20468,5,token_batch,1.68,0.0,12.4,0.5,5054.646,9,1,False,1.0,0.0
j20663,5,delay_tolerant,0.5183,0.0,7.7333,0.5,0.0,11,2,True,1.0,0.05
j213679,5,delay_tolerant,0.5183,0.0,7.7333,0.5,0.0,8,2,False,1.0,0.0
j221802,5,delay_tolerant,0.5183,0.0,7.7333,0.5,0.0,8,2,True,1.0,0.0802
j224735,5,delay_sensitive,0.5183,0.0,7.7333,0.5,0.0,6,3,False,1.0,0.0
j224735,5,delay_sensitive,0.9283,0.0,7.7333,0.5,0.0,6,3,False,1.0,0.0
j225988,5,delay_tolerant,0.5183,0.0,7.7333,0.5,0.0,8,2,False,1.0,0.0
j231484,5,delay_tolerant,1.2017,0.0,9.1333,0.5,0.0,8,2,True,1.0,0.05
j233507,5,delay_tolerant,0.5183,0.0,7.7333,0.5,0.0,8,2,True,1.0,0.05
j234702,5,delay_tolerant,0.5867,0.0,7.7333,0.5,0.0,8,2,True,1.0,0.0807
j236690,5,token_batch,1.8167,1.3077,13.3333,0.5,4293.194,9,1,False,1.0,0.0
j242799,5,delay_tolerant,0.7917,0.0,7.7333,0.5,0.0,9,2,False,1.0,0.0
j244618,5,delay_tolerant,0.5867,0.0,7.7333,0.5,0.0,8,2,False,1.0,0.0
j249052,5,delay_sensitive,1.68,0.0,12.4,0.5,0.0,6,3,False,1.0,0.0
j257343,5,delay_sensitive,0.5183,0.0,7.7333,0.5,0.0,6,3,False,1.0,0.0
j25841,5,delay_tolerant,1.3383,0.0,10.0667,0.5,0.0,9,2,True,1.0,0.0272
j268603,5,delay_tolerant,1.27,0.0,9.6,0.5,0.0,8,2,True,1.0,0.0272
j270447,5,delay_tolerant,0.5867,0.37,7.7333,0.5,0.0,11,2,True,1.0,0.0378
j273661,5,delay_sensitive,0.5183,0.0,7.7333,0.5,0.0,6,3,False,1.0,0.0
j276064,5,delay_tolerant,0.5183,0.0,7.7333,0.5,0.0,8,2,False,1.0,0.0
j28340,5,delay_sensitive,0.5183,0.0,7.7333,0.5,0.0,6,3,False,1.0,0.0
j292579,5,token_batch,1.7483,1.0152,12.8667,0.5,4296.688,9,1,False,1.0,0.0
j299014,5,delay_tolerant,0.9967,0.0,7.7333,0.5,0.0,8,2,True,1.0,0.0636
j299014,5,delay_tolerant,0.7233,0.0,7.7333,0.5,0.0,9,2,False,1.0,0.0
j301518,5,delay_tolerant,0.5867,0.0,7.7333,0.5,0.0,8,2,False,1.0,0.0
j304827,5,delay_sensitive,0.5183,0.0,7.7333,0.5,0.0,6,3,False,1.0,0.0
j305442,5,delay_tolerant,0.9967,0.0,7.7333,0.5,0.0,9,2,False,1.0,0.0
j306273,5,delay_tolerant,0.5183,0.0,7.7333,0.5,0.0,8,2,True,1.0,0.05
j311716,5,delay_tolerant,1.4067,0.0,10.5333,0.5,0.0,9,2,True,1.0,0.0589
j315856,5,delay_sensitive,0.5183,0.0,7.7333,0.5,0.0,6,3,False,1.0,0.0
j317870,5,delay_tolerant,0.5183,0.0,7.7333,0.5,0.0,8,2,False,1.0,0.0
j328304,5,delay_sensitive,1.475,0.0,11.0,0.5,0.0,6,3,False,1.0,0.0
j328341,5,delay_tolerant,0.9283,0.0,7.7333,0.5,0.0,8,2,False,1.0,0.0
j334278,5,delay_tolerant,1.1333,0.4229,8.6667,0.5,0.0,8,2,False,1.0,0.0
j340175,5,delay_tolerant,0.5867,0.0,7.7333,0.5,0.0,8,2,True,1.0,0.0699
j341868,5,delay_tolerant,1.2017,0.0,9.1333,0.5,0.0,9,2,False,1.0,0.0
j341911,5,token_batch,1.475,0.8212,11.0,0.5,3537.881,9,1,False,1.0,0.0
j341911,5,delay_sensitive,0.5183,0.0,7.7333,0.5,0.0,6,3,False,1.0,0.0
j344598,5,delay_tolerant,1.27,0.0,9.6,0.5,0.0,9,2,False,1.0,0.0
j346607,5,delay_tolerant,0.5867,0.0,7.7333,0.5,0.0,9,2,True,1.0,0.0417
j349853,5,delay_tolerant,0.5183,0.0,7.7333,0.5,0.0,8,2,False,1.0,0.0
j356764,5,delay_tolerant,0.5183,0.0,7.7333,0.5,0.0,8,2,True,1.0,0.0853
j359921,5,delay_tolerant,0.5183,0.0,7.7333,0.5,0.0,8,2,False,1.0,0.0
j363896,5,delay_tolerant,1.1333,0.0,8.6667,0.5,0.0,8,2,False,1.0,0.0
j36908,5,token_batch,1.885,0.0,13.8,0.5,4117.715,9,1,True,1.0,0.1947
j371438,5,token_batch,1.6117,0.0,11.9333,0.5,3964.538,9,1,False,1.0,0.0
j375401,5,delay_tolerant,0.5183,0.0,7.7333,0.5,0.0,8,2,True,1.0,0.0479
j377816,5,delay_tolerant,0.7233,0.0,7.7333,0.5,0.0,9,2,True,1.0,0.05
j378503,5,delay_tolerant,1.065,0.0,8.2,0.5,0.0,8,2,True,1.0,0.05
j378718,5,delay_tolerant,0.5183,0.0,7.7333,0.5,0.0,11,2,True,1.0,0.025
j380621,5,delay_tolerant,1.2017,0.0,9.1333,0.5,0.0,8,2,False,1.0,0.0
j382472,5,token_batch,1.6117,0.4952,11.9333,0.5,4968.715,9,1,True,1.0,0.05
j383354,5,delay_tolerant,0.5183,0.0,7.7333,0.5,0.0,8,2,True,1.0,0.05
j384455,5,delay_tolerant,0.5183,0.0,7.7333,0.5,0.0,8,2,True,1.0,0.05
j385481,5,delay_tolerant,0.5183,0.0,7.7333,0.5,0.0,8,2,True,1.0,0.0294
j393217,5,delay_tolerant,1.4067,0.0,10.5333,0.5,0.0,9,2,False,1.0,0.0
j393348,5,delay_tolerant,0.5183,0.0,7.7333,0.5,0.0,8,2,True,1.0,0.0706
j404677,5,delay_tolerant,0.5183,0.0,7.7333,0.5,0.0,8,2,True,1.0,0.05
j40546,5,delay_tolerant,0.5183,0.0,7.7333,0.5,0.0,9,2,True,1.0,0.05
j405636,5,delay_tolerant,1.3383,0.0,10.0667,0.5,0.0,8,2,False,1.0,0.0
j406398,5,delay_tolerant,0.7917,0.0,7.7333,0.5,0.0,8,2,True,1.0,0.05
j408993,5,delay_tolerant,0.5183,0.0,7.7333,0.5,0.0,8,2,True,1.0,0.0867
j411610,5,delay_tolerant,0.5183,0.0,7.7333,0.5,0.0,8,2,False,1.0,0.0
j415498,5,delay_sensitive,0.5183,0.0,7.7333,0.5,0.0,6,3,False,1.0,0.0
j419438,5,delay_tolerant,0.5183,0.0,7.7333,0.5,0.0,8,2,False,1.0,0.0
j421290,5,delay_sensitive,0.5183,0.0,7.7333,0.5,0.0,6,3,False,1.0,0.0
j422562,5,delay_sensitive,0.9967,0.0,7.7333,0.5,0.0,6,3,False,1.0,0.0
j42770,5,delay_sensitive,1.3383,0.0,10.0667,0.5,0.0,6,3,False,1.0,0.0
j430190,5,delay_sensitive,0.655,0.0,7.7333,0.5,0.0,6,3,False,1.0,0.0
j430797,5,delay_tolerant,0.5183,0.0,7.7333,0.5,0.0,9,2,False,1.0,0.0
j440552,5,delay_tolerant,0.5183,0.0,7.7333,0.5,0.0,9,2,False,1.0,0.0
j446571,5,token_batch,1.7483,0.9185,12.8667,0.5,5112.371,9,1,False,1.0,0.0
j451523,5,delay_tolerant,0.5183,0.0,7.7333,0.5,0.0,8,2,True,1.0,0.05
j472920,5,token_batch,1.885,0.7063,13.8,0.5,4222.034,9,1,True,1.0,0.05
j485945,5,delay_tolerant,0.5183,0.0,7.7333,0.5,0.0,9,2,True,1.0,0.05
j499465,5,delay_tolerant,1.4067,0.0,10.5333,0.5,0.0,8,2,True,1.0,0.05
j506095,5,delay_tolerant,0.5867,0.0,7.7333,0.5,0.0,9,2,False,1.0,0.0
j513435,5,delay_sensitive,0.86,0.0,7.7333,0.5,0.0,6,3,False,1.0,0.0
j522852,5,delay_tolerant,0.5183,0.0,7.7333,0.5,0.0,8,2,False,1.0,0.0
j529276,5,delay_tolerant,0.7233,0.0,7.7333,0.5,0.0,11,2,False,1.0,0.0
j535370,5,delay_tolerant,0.655,0.0,7.7333,0.5,0.0,8,2,False,1.0,0.0
j550719,5,delay_sensitive,0.5183,0.0,7.7333,0.5,0.0,6,3,False,1.0,0.0
j550778,5,delay_tolerant,1.3383,0.0,10.0667,0.5,0.0,9,2,True,1.0,0.0204
j562722,5,delay_tolerant,0.5183,0.0,7.7333,0.5,0.0,8,2,False,1.0,0.0
j575591,5,delay_tolerant,0.9283,0.0,7.7333,0.5,0.0,9,2,False,1.0,0.0
j592615,5,delay_tolerant,0.5183,0.0,7.7333,0.5,0.0,8,2,False,1.0,0.0
j594189,5,delay_tolerant,1.3383,0.2644,10.0667,0.5,0.0,8,2,False,1.0,0.0
j602213,5,delay_sensitive,0.5183,0.0,7.7333,0.5,0.0,6,3,False,1.0,0.0
j615115,5,token_batch,1.475,0.5567,11.0,0.5,4612.74,9,1,False,1.0,0.0
j619309,5,token_batch,1.475,0.0,11.0,0.5,3585.054,9,1,False,1.0,0.0
j626938,5,delay_tolerant,0.9283,0.0,7.7333,0.5,0.0,8,2,False,1.0,0.0
j627519,5,delay_sensitive,0.5183,0.0,7.7333,0.5,0.0,6,3,False,1.0,0.0
j658399,5,delay_tolerant,0.5183,0.0,7.7333,0.5,0.0,8,2,False,1.0,0.0
j675532,5,delay_sensitive,1.27,0.0,9.6,0.5,0.0,6,3,False,1.0,0.0
j677358,5,token_batch,1.7483,1.1479,12.8667,0.5,4954.189,9,1,False,1.0,0.0
j683457,5,delay_tolerant,0.86,0.0,7.7333,0.5,0.0,11,2,True,1.0,0.05
j685197,5,delay_tolerant,0.86,0.0,7.7333,0.5,0.0,8,2,False,1.0,0.0
j688010,5,delay_tolerant,0.5183,0.0,7.7333,0.5,0.0,8,2,False,1.0,0.0
j688326,5,delay_tolerant,1.2017,0.0,9.1333,0.5,0.0,8,2,False,1.0,0.0
j688489,5,delay_tolerant,0.5867,0.0,7.7333,0.5,0.0,8,2,True,1.0,0.0834
j689348,5,delay_tolerant,0.7233,0.0,7.7333,0.5,0.0,11,2,False,1.0,0.0
j689855,5,delay_tolerant,0.5183,0.0,7.7333,0.5,0.0,8,2,False,1.0,0.0
j689855,5,delay_tolerant,0.5183,0.0,7.7333,0.5,0.0,8,2,False,1.0,0.0
j690873,5,delay_tolerant,0.5867,0.3052,7.7333,0.5,0.0,8,2,False,1.0,0.0
j691704,5,delay_tolerant,1.4067,0.0,10.5333,0.5,0.0,8,2,False,1.0,0.0
j696604,5,delay_sensitive,0.5183,0.0,7.7333,0.5,0.0,6,3,False,1.0,0.0
j698495,5,delay_sensitive,0.9967,0.0,7.7333,0.5,0.0,6,3,False,1.0,0.0
j698986,5,delay_sensitive,0.655,0.0,7.7333,0.5,0.0,6,3,False,1.0,0.0
j707503,5,delay_tolerant,1.27,0.0,9.6,0.5,0.0,9,2,False,1.0,0.0
j708351,5,delay_tolerant,0.5867,0.0,7.7333,0.5,0.0,8,2,False,1.0,0.0
j710176,5,delay_sensitive,0.86,0.0,7.7333,0.5,0.0,6,3,False,1.0,0.0
j710203,5,delay_tolerant,1.1333,0.0,8.6667,0.5,0.0,8,2,False,1.0,0.0
j710439,5,token_batch,1.5433,0.7221,11.4667,0.5,4812.701,9,1,True,1.0,0.1231
j713963,5,delay_tolerant,0.5183,0.0,7.7333,0.5,0.0,9,2,True,1.0,0.0364
j720020,5,token_batch,1.7483,0.475,12.8667,0.5,4341.77,9,1,True,1.0,0.05
j727224,5,delay_tolerant,0.5867,0.0,7.7333,0.5,0.0,8,2,False,1.0,0.0
j730096,5,delay_tolerant,0.86,0.0,7.7333,0.5,0.0,9,2,True,1.0,0.05
j732630,5,delay_sensitive,1.2017,0.0,9.1333,0.5,0.0,6,3,False,1.0,0.0
j738840,5,delay_tolerant,0.5183,0.0,7.7333,0.5,0.0,8,2,False,1.0,0.0
j747209,5,delay_sensitive,1.3383,0.0,10.0667,0.5,0.0,6,3,False,1.0,0.0
j759721,5,delay_tolerant,0.5183,0.0,7.7333,0.5,0.0,8,2,False,1.0,0.0
j76664,5,delay_sensitive,0.5183,0.0,7.7333,0.5,0.0,6,3,False,1.0,0.0
j767177,5,delay_tolerant,0.9967,0.0,7.7333,0.5,0.0,9,2,False,1.0,0.0
j7780,5,delay_tolerant,1.3383,0.2356,10.0667,0.5,0.0,11,2,False,1.0,0.0
j783402,5,delay_tolerant,1.065,0.0,8.2,0.5,0.0,8,2,False,1.0,0.0
j787130,5,delay_tolerant,0.5183,0.0,7.7333,0.5,0.0,9,2,False,1.0,0.0
j787130,5,delay_tolerant,0.5183,0.0,7.7333,0.5,0.0,9,2,True,1.0,0.05
j798414,5,delay_tolerant,0.5183,0.0,7.7333,0.5,0.0,8,2,False,1.0,0.0
j8008,5,delay_tolerant,0.655,0.0,7.7333,0.5,0.0,9,2,False,1.0,0.0
j80108,5,delay_sensitive,0.5183,0.0,7.7333,0.5,0.0,6,3,False,1.0,0.0
j801114,5,delay_tolerant,0.5183,0.0,7.7333,0.5,0.0,8,2,True,1.0,0.05
j801265,5,delay_sensitive,1.2017,0.0,9.1333,0.5,0.0,6,3,False,1.0,0.0
j804981,5,delay_tolerant,0.5183,0.0,7.7333,0.5,0.0,8,2,False,1.0,0.0
j809737,5,delay_tolerant,0.5183,0.0,7.7333,0.5,0.0,8,2,True,1.0,0.05
j823244,5,token_batch,1.8167,0.0,13.3333,0.5,4697.797,9,1,False,1.0,0.0
j82415,5,delay_tolerant,0.9967,0.0,7.7333,0.5,0.0,9,2,True,1.0,0.05
j825525,5,delay_tolerant,1.2017,0.0,9.1333,0.5,0.0,11,2,False,1.0,0.0
j826049,5,delay_tolerant,1.2017,0.4735,9.1333,0.5,0.0,8,2,False,1.0,0.0
j827340,5,delay_tolerant,0.5183,0.0,7.7333,0.5,0.0,9,2,True,1.0,0.0628
j830312,5,delay_tolerant,0.5183,0.0,7.7333,0.5,0.0,9,2,False,1.0,0.0
j8325,5,delay_tolerant,0.5867,0.0,7.7333,0.5,0.0,8,2,False,1.0,0.0
j834621,5,delay_sensitive,0.9967,0.0,7.7333,0.5,0.0,6,3,False,1.0,0.0
j835970,5,delay_tolerant,0.5183,0.0,7.7333,0.5,0.0,8,2,True,1.0,0.0468
j840436,5,delay_sensitive,1.8167,0.0,13.3333,0.5,0.0,6,3,False,1.0,0.0
j840436,5,delay_sensitive,0.9283,0.0,7.7333,0.5,0.0,6,3,False,1.0,0.0
j843999,5,delay_tolerant,0.5183,0.0,7.7333,0.5,0.0,8,2,False,1.0,0.0
j844819,5,delay_tolerant,0.5867,0.0,7.7333,0.5,0.0,8,2,False,1.0,0.0
j848222,5,token_batch,1.7483,1.4396,12.8667,0.5,4164.386,9,1,True,1.0,0.05
j848853,5,delay_sensitive,1.68,0.0,12.4,0.5,0.0,6,3,False,1.0,0.0
j855975,5,token_batch,1.7483,0.8239,12.8667,0.5,4943.606,11,1,True,1.0,0.05
j864141,5,delay_tolerant,0.86,0.0,7.7333,0.5,0.0,8,2,True,1.0,0.05
j883041,5,delay_tolerant,0.5183,0.0,7.7333,0.5,0.0,8,2,True,1.0,0.0895
j88937,5,delay_tolerant,0.7917,0.0,7.7333,0.5,0.0,8,2,False,1.0,0.0
j901016,5,delay_tolerant,0.5183,0.0,7.7333,0.5,0.0,8,2,False,1.0,0.0
j901138,5,delay_tolerant,1.4067,0.0,10.5333,0.5,0.0,8,2,False,1.0,0.0
j904504,5,delay_tolerant,0.5183,0.0,7.7333,0.5,0.0,8,2,False,1.0,0.0
j907441,5,delay_sensitive,0.5183,0.0,7.7333,0.5,0.0,6,3,False,1.0,0.0
j910113,5,delay_tolerant,0.655,0.0,7.7333,0.5,0.0,8,2,False,1.0,0.0
j912325,5,delay_sensitive,0.5183,0.0,7.7333,0.5,0.0,6,3,False,1.0,0.0
j92968,5,delay_tolerant,0.5183,0.0,7.7333,0.5,0.0,8,2,False,1.0,0.0
j93703,5,delay_tolerant,0.5867,0.0,7.7333,0.5,0.0,8,2,True,1.0,0.0387
j94142,5,token_batch,1.7483,0.0,12.8667,0.5,4245.534,11,1,True,1.0,0.1245
j115089,6,delay_tolerant,0.5183,0.0,7.7333,0.5,0.0,9,2,True,1.0,0.0345
j166164,6,delay_sensitive,0.5183,0.0,7.7333,0.5,0.0,7,3,False,1.0,0.0
j179137,6,delay_tolerant,0.5183,0.0,7.7333,0.5,0.0,9,2,True,1.0,0.05
j180142,6,delay_tolerant,1.065,0.0,8.2,0.5,0.0,9,2,True,1.0,0.0599
j1841,6,delay_tolerant,0.5183,0.0,7.7333,0.5,0.0,9,2,True,1.0,0.0323
j196148,6,delay_sensitive,0.5183,0.0,7.7333,0.5,0.0,7,3,False,1.0,0.0
j26636,6,delay_tolerant,0.5867,0.0,7.7333,0.5,0.0,9,2,True,1.0,0.0215
j278302,6,delay_sensitive,0.5183,0.0,7.7333,0.5,0.0,7,3,False,1.0,0.0
j29383,6,delay_sensitive,0.5183,0.0,7.7333,0.5,0.0,7,3,False,1.0,0.0
j298053,6,delay_tolerant,0.5183,0.0,7.7333,0.5,0.0,11,2,False,1.0,0.0
j327669,6,delay_sensitive,1.4067,0.0,10.5333,0.5,0.0,7,3,False,1.0,0.0
j372904,6,token_batch,2.0217,1.0811,14.7333,0.5,4022.403,10,1,True,1.0,0.1834
j374726,6,delay_tolerant,0.5183,0.0,7.7333,0.5,0.0,11,2,False,1.0,0.0
j376635,6,delay_sensitive,0.9283,0.0,7.7333,0.5,0.0,7,3,False,1.0,0.0
j379060,6,delay_tolerant,0.655,0.0,7.7333,0.5,0.0,11,2,True,1.0,0.05
j417684,6,delay_tolerant,0.5183,0.0,7.7333,0.5,0.0,11,2,True,1.0,0.05
j429163,6,delay_tolerant,1.2017,0.0,9.1333,0.5,0.0,11,2,True,1.0,0.05
j43075,6,delay_sensitive,1.4067,0.0,10.5333,0.5,0.0,7,3,False,1.0,0.0
j431991,6,delay_sensitive,0.5183,0.0,7.7333,0.5,0.0,7,3,False,1.0,0.0
j436316,6,token_batch,1.9533,1.1243,14.2667,0.5,5124.368,11,1,False,1.0,0.0
j447102,6,delay_tolerant,0.5183,0.0,7.7333,0.5,0.0,11,2,False,1.0,0.0
j460622,6,delay_sensitive,1.065,0.0,8.2,0.5,0.0,7,3,False,1.0,0.0
j475056,6,delay_tolerant,0.5183,0.0,7.7333,0.5,0.0,9,2,True,1.0,0.053
j481682,6,delay_tolerant,0.5183,0.0,7.7333,0.5,0.0,9,2,True,1.0,0.05
j484273,6,delay_tolerant,0.5183,0.0,7.7333,0.5,0.0,9,2,False,1.0,0.0
j505413,6,delay_tolerant,0.655,0.0,7.7333,0.5,0.0,11,2,True,1.0,0.05
j509954,6,delay_tolerant,0.5183,0.4807,7.7333,0.5,0.0,11,2,False,1.0,0.0
j516789,6,delay_tolerant,0.5183,0.0,7.7333,0.5,0.0,9,2,True,1.0,0.05
j542813,6,delay_sensitive,0.5183,0.0,7.7333,0.5,0.0,7,3,False,1.0,0.0
j542944,6,delay_tolerant,0.5183,0.488,7.7333,0.5,0.0,9,2,False,1.0,0.0
j550167,6,delay_tolerant,0.5183,0.0,7.7333,0.5,0.0,11,2,False,1.0,0.0
j551057,6,delay_sensitive,1.3383,0.0,10.0667,0.5,0.0,7,3,False,1.0,0.0
j554621,6,token_batch,1.7483,0.0,12.8667,0.5,4506.527,11,1,True,1.0,0.0951
j574713,6,delay_tolerant,0.9283,0.0,7.7333,0.5,0.0,9,2,False,1.0,0.0
j610093,6,delay_tolerant,0.5183,0.0,7.7333,0.5,0.0,9,2,True,1.0,0.0528
j628397,6,token_batch,1.6117,0.0,11.9333,0.5,4810.747,10,1,True,1.0,0.1277
j635743,6,delay_sensitive,0.9967,0.0,7.7333,0.5,0.0,7,3,False,1.0,0.0
j657326,6,token_batch,1.885,0.5597,13.8,0.5,5060.663,10,1,False,1.0,0.0
j68425,6,delay_tolerant,0.5183,0.2211,7.7333,0.5,0.0,9,2,True,1.0,0.05
j693316,6,delay_tolerant,0.9967,0.0,7.7333,0.5,0.0,9,2,True,1.0,0.0692
j713514,6,delay_sensitive,1.475,0.0,11.0,0.5,0.0,7,3,False,1.0,0.0
j743283,6,delay_tolerant,1.4067,0.0,10.5333,0.5,0.0,11,2,False,1.0,0.0
j745986,6,delay_sensitive,0.5183,0.0,7.7333,0.5,0.0,7,3,False,1.0,0.0
j749024,6,delay_sensitive,1.3383,0.0,10.0667,0.5,0.0,7,3,False,1.0,0.0
j757085,6,delay_tolerant,0.9967,0.0,7.7333,0.5,0.0,9,2,False,1.0,0.0
j771608,6,delay_tolerant,1.27,0.0,9.6,0.5,0.0,11,2,False,1.0,0.0
j771760,6,delay_sensitive,0.5183,0.0,7.7333,0.5,0.0,7,3,False,1.0,0.0
j789000,6,delay_tolerant,0.5183,0.0,7.7333,0.5,0.0,9,2,False,1.0,0.0
j808309,6,delay_tolerant,1.27,0.0,9.6,0.5,0.0,11,2,True,1.0,0.05
j838088,6,delay_tolerant,0.5183,0.0,7.7333,0.5,0.0,9,2,False,1.0,0.0
j845489,6,delay_tolerant,0.5183,0.0,7.7333,0.5,0.0,9,2,True,1.0,0.05
j863639,6,delay_sensitive,1.475,0.0,11.0,0.5,0.0,7,3,False,1.0,0.0
j87274,6,delay_tolerant,0.5183,0.0,7.7333,0.5,0.0,9,2,False,1.0,0.0
j876948,6,delay_sensitive,0.5867,0.0,7.7333,0.5,0.0,7,3,False,1.0,0.0
j894019,6,delay_sensitive,0.5183,0.0,7.7333,0.5,0.0,7,3,False,1.0,0.0
j902559,6,delay_tolerant,1.2017,0.0,9.1333,0.5,0.0,11,2,True,1.0,0.0718
j909435,6,delay_sensitive,2.295,0.0,16.6,0.5,0.0,7,3,False,1.0,0.0
j10481,7,delay_tolerant,0.5183,0.0,7.7333,0.5,0.0,11,2,False,1.0,0.0
j129769,7,delay_tolerant,1.2017,0.0,9.1333,0.5,0.0,10,2,True,1.0,0.05
j163398,7,delay_sensitive,1.4067,0.0,10.5333,0.5,0.0,8,3,False,1.0,0.0
j244979,7,delay_sensitive,1.475,0.0,11.0,0.5,0.0,8,3,False,1.0,0.0
j254700,7,delay_sensitive,0.5183,0.0,7.7333,0.5,0.0,8,3,False,1.0,0.0
j330210,7,delay_tolerant,0.5183,0.0,7.7333,0.5,0.0,11,2,False,1.0,0.0
j331055,7,delay_tolerant,0.5183,0.3753,7.7333,0.5,0.0,10,2,True,1.0,0.0396
j520407,7,delay_tolerant,0.5183,0.0,7.7333,0.5,0.0,10,2,True,1.0,0.0248
j560329,7,delay_sensitive,1.4067,0.0,10.5333,0.5,0.0,8,3,False,1.0,0.0
j598338,7,delay_tolerant,0.5183,0.0,7.7333,0.5,0.0,11,2,False,1.0,0.0
j607081,7,delay_sensitive,1.475,0.0,11.0,0.5,0.0,8,3,False,1.0,0.0
j76995,7,token_batch,1.475,1.1056,11.0,0.5,4180.197,11,1,False,1.0,0.0
j877758,7,delay_tolerant,0.5867,0.0,7.7333,0.5,0.0,10,2,False,1.0,0.0
