actual_power_w,reported_power_w,power_cap_w,frequency_ghz
609.8400000000001,725.6385,540.19,1.4
640.0,700.9325,540.19,1.0
640.0,705.4245000000001,540.19,1.0
640.0,727.323,540.19,1.0
640.0,725.077,540.19,1.0
640.0,714.4085,540.19,1.0
640.0,717.216,540.19,1.0
640.0,736.307,540.19,1.0
846.7200000000001,704.863,540.19,1.2
846.7200000000001,723.9540000000001,540.19,1.2
640.0,711.601,540.19,1.0
640.0,711.0395,540.19,1.0
640.0,733.4995,540.19,1.0
640.0,729.0075,540.19,1.0
640.0,728.446,540.19,1.0
640.0,736.8685,540.19,1.0
640.0,715.5315,540.19,1.0
640.0,726.2,540.19,1.0
640.0,709.9165,540.19,1.0
640.0,720.585,540.19,1.0
640.0,712.724,540.19,1.0
640.0,716.6545,540.19,1.0
640.0,725.077,540.19,1.0
640.0,700.9325,540.19,1.0
640.0,750.3445,540.19,1.0
846.7200000000001,698.125,540.19,1.2
640.0,694.7560000000001,540.19,1.0
640.0,734.6225000000001,540.19,1.0
640.0,728.446,540.19,1.0
640.0,725.6385,540.19,1.0
640.0,725.6385,540.19,1.0
640.0,714.97,540.19,1.0
640.0,699.8095000000001,540.19,1.0
640.0,716.0930000000001,540.19,1.0
640.0,703.74,540.19,1.0
640.0,731.2535,540.19,1.0
640.0,712.724,540.19,1.0
640.0,700.9325,540.19,1.0
640.0,709.355,540.19,1.0
640.0,721.7080000000001,540.19,1.0
640.0,705.4245000000001,540.19,1.0
640.0,700.9325,540.19,1.0
640.0,718.9005000000001,540.19,1.0
640.0,718.9005000000001,540.19,1.0
640.0,706.5475,540.19,1.0
640.0,707.109,540.19,1.0
640.0,718.9005000000001,540.19,1.0
640.0,690.8255,540.19,1.0
640.0,691.3870000000001,540.19,1.0
640.0,702.6170000000001,540.19,1.0
640.0,711.601,540.19,1.0
640.0,720.0235,540.19,1.0
640.0,739.676,540.19,1.0
640.0,729.5690000000001,540.19,1.0
640.0,712.1625,540.19,1.0
640.0,714.4085,540.19,1.0
640.0,698.125,540.19,1.0
640.0,714.4085,540.19,1.0
640.0,709.9165,540.19,1.0
640.0,720.585,540.19,1.0
640.0,700.9325,540.19,1.0
640.0,723.9540000000001,540.19,1.0
640.0,740.799,540.19,1.0
640.0,713.2855000000001,540.19,1.0
640.0,721.7080000000001,540.19,1.0
640.0,726.7615000000001,540.19,1.0
640.0,708.232,540.19,1.0
640.0,718.9005000000001,540.19,1.0
640.0,714.97,540.19,1.0
640.0,716.6545,540.19,1.0
640.0,702.0555,540.19,1.0
640.0,715.5315,540.19,1.0
640.0,723.3925,540.19,1.0
846.7200000000001,739.676,540.19,1.2
846.7200000000001,731.2535,757.68,1.2
640.0,751.4675,757.68,1.0
640.0,702.0555,757.68,1.0
640.0,729.5690000000001,757.68,1.0
640.0,718.339,757.68,1.0
640.0,752.029,757.68,1.0
640.0,701.494,757.68,1.0
640.0,700.9325,757.68,1.0
640.0,704.863,757.68,1.0
640.0,679.034,757.68,1.0
640.0,705.986,757.68,1.0
640.0,702.0555,757.68,1.0
640.0,717.7775,757.68,1.0
640.0,720.585,757.68,1.0
640.0,746.414,757.68,1.0
640.0,731.2535,757.68,1.0
640.0,705.4245000000001,757.68,1.0
640.0,699.8095000000001,757.68,1.0
640.0,723.3925,757.68,1.0
640.0,692.51,757.68,1.0
640.0,745.8525000000001,757.68,1.0
640.0,734.6225000000001,757.68,1.0
640.0,707.109,757.68,1.0
640.0,686.3335000000001,757.68,1.0
640.0,737.9915,757.68,1.0
640.0,713.2855000000001,757.68,1.0
640.0,735.7455,757.68,1.0
640.0,688.018,757.68,1.0
640.0,704.863,757.68,1.0
640.0,714.97,757.68,1.0
640.0,715.5315,757.68,1.0
640.0,707.109,757.68,1.0
640.0,725.6385,757.68,1.0
640.0,697.0020000000001,757.68,1.0
640.0,712.724,757.68,1.0
640.0,717.216,757.68,1.0
640.0,723.3925,757.68,1.0
640.0,726.7615000000001,757.68,1.0
640.0,695.879,757.68,1.0
640.0,689.1410000000001,757.68,1.0
640.0,736.307,757.68,1.0
640.0,720.585,757.68,1.0
640.0,702.6170000000001,757.68,1.0
640.0,741.3605,757.68,1.0
640.0,716.6545,757.68,1.0
640.0,734.6225000000001,757.68,1.0
640.0,716.0930000000001,757.68,1.0
640.0,749.783,757.68,1.0
640.0,744.7295,757.68,1.0
640.0,711.0395,757.68,1.0
640.0,731.2535,757.68,1.0
640.0,725.6385,757.68,1.0
640.0,737.9915,757.68,1.0
640.0,698.6865,757.68,1.0
640.0,726.7615000000001,757.68,1.0
640.0,732.938,757.68,1.0
640.0,685.2105,757.68,1.0
640.0,695.3175,757.68,1.0
640.0,680.7185000000001,757.68,1.0
640.0,710.4780000000001,757.68,1.0
640.0,727.323,757.68,1.0
640.0,740.2375000000001,757.68,1.0
846.7200000000001,716.0930000000001,757.68,1.2
640.0,742.4835,757.68,1.0
640.0,691.9485000000001,757.68,1.0
640.0,686.3335000000001,757.68,1.0
640.0,713.847,757.68,1.0
640.0,721.7080000000001,757.68,1.0
640.0,714.4085,757.68,1.0
640.0,680.157,757.68,1.0
640.0,713.2855000000001,757.68,1.0
640.0,693.0715,757.68,1.0
640.0,726.2,757.68,1.0
640.0,721.1465000000001,757.68,1.0
640.0,699.248,757.68,1.0
640.0,706.5475,843.97,1.0
846.7200000000001,697.0020000000001,843.97,1.2
846.7200000000001,713.847,843.97,1.2
846.7200000000001,731.2535,843.97,1.2
846.7200000000001,698.125,843.97,1.2
846.7200000000001,723.3925,843.97,1.2
846.7200000000001,705.986,843.97,1.2
846.7200000000001,701.494,843.97,1.2
846.7200000000001,713.2855000000001,843.97,1.2
846.7200000000001,697.5635,843.97,1.2
846.7200000000001,705.4245000000001,843.97,1.2
846.7200000000001,694.7560000000001,843.97,1.2
846.7200000000001,748.0985000000001,843.97,1.2
846.7200000000001,715.5315,843.97,1.2
846.7200000000001,703.1785,843.97,1.2
846.7200000000001,718.339,843.97,1.2
846.7200000000001,713.2855000000001,843.97,1.2
846.7200000000001,711.0395,843.97,1.2
846.7200000000001,725.077,843.97,1.2
846.7200000000001,727.8845,843.97,1.2
846.7200000000001,705.986,843.97,1.2
846.7200000000001,705.4245000000001,843.97,1.2
846.7200000000001,710.4780000000001,843.97,1.2
846.7200000000001,676.2265,843.97,1.2
846.7200000000001,689.7025,843.97,1.2
846.7200000000001,737.9915,843.97,1.2
846.7200000000001,742.4835,843.97,1.2
846.7200000000001,711.0395,843.97,1.2
846.7200000000001,724.5155,843.97,1.2
846.7200000000001,720.0235,843.97,1.2
846.7200000000001,766.628,843.97,1.2
846.7200000000001,734.061,843.97,1.2
846.7200000000001,712.724,843.97,1.2
846.7200000000001,698.6865,843.97,1.2
846.7200000000001,688.018,843.97,1.2
846.7200000000001,718.339,843.97,1.2
846.7200000000001,702.0555,843.97,1.2
846.7200000000001,690.8255,843.97,1.2
846.7200000000001,704.3015,843.97,1.2
846.7200000000001,697.0020000000001,843.97,1.2
846.7200000000001,743.6065,843.97,1.2
846.7200000000001,729.5690000000001,843.97,1.2
846.7200000000001,714.97,843.97,1.2
846.7200000000001,739.676,843.97,1.2
846.7200000000001,716.0930000000001,843.97,1.2
846.7200000000001,700.371,843.97,1.2
846.7200000000001,740.799,843.97,1.2
846.7200000000001,723.9540000000001,843.97,1.2
846.7200000000001,697.5635,843.97,1.2
846.7200000000001,711.601,843.97,1.2
846.7200000000001,700.371,843.97,1.2
846.7200000000001,691.9485000000001,843.97,1.2
846.7200000000001,730.692,843.97,1.2
846.7200000000001,746.9755,843.97,1.2
846.7200000000001,691.3870000000001,843.97,1.2
846.7200000000001,724.5155,843.97,1.2
846.7200000000001,703.74,843.97,1.2
846.7200000000001,706.5475,843.97,1.2
846.7200000000001,704.863,843.97,1.2
846.7200000000001,700.371,843.97,1.2
846.7200000000001,715.5315,843.97,1.2
846.7200000000001,700.9325,843.97,1.2
846.7200000000001,719.462,843.97,1.2
846.7200000000001,713.847,843.97,1.2
846.7200000000001,711.0395,843.97,1.2
846.7200000000001,699.8095000000001,843.97,1.2
846.7200000000001,705.4245000000001,843.97,1.2
846.7200000000001,727.8845,843.97,1.2
846.7200000000001,723.3925,843.97,1.2
846.7200000000001,698.6865,843.97,1.2
846.7200000000001,716.6545,843.97,1.2
846.7200000000001,727.8845,843.97,1.2
846.7200000000001,686.895,843.97,1.2
846.7200000000001,723.9540000000001,843.97,1.2
846.7200000000001,703.74,843.97,1.2
609.8400000000001,528.5020000000001,528.37,1.4
640.0,508.476,528.37,1.0
640.0,511.706,528.37,1.0
640.0,544.006,528.37,1.0
640.0,548.528,528.37,1.0
640.0,525.918,528.37,1.0
640.0,555.634,528.37,1.0
640.0,511.06,528.37,1.0
640.0,542.068,528.37,1.0
640.0,520.104,528.37,1.0
640.0,530.44,528.37,1.0
640.0,544.006,528.37,1.0
640.0,526.564,528.37,1.0
640.0,535.6080000000001,528.37,1.0
640.0,562.74,528.37,1.0
640.0,532.378,528.37,1.0
640.0,559.51,528.37,1.0
640.0,521.396,528.37,1.0
640.0,553.696,528.37,1.0
640.0,571.138,528.37,1.0
640.0,495.556,528.37,1.0
640.0,527.856,528.37,1.0
640.0,554.342,528.37,1.0
640.0,539.484,528.37,1.0
640.0,550.466,528.37,1.0
640.0,531.732,528.37,1.0
640.0,545.298,528.37,1.0
640.0,540.13,528.37,1.0
640.0,565.97,528.37,1.0
640.0,548.528,528.37,1.0
640.0,549.82,528.37,1.0
640.0,535.6080000000001,528.37,1.0
640.0,533.67,528.37,1.0
640.0,534.962,528.37,1.0
640.0,551.112,528.37,1.0
640.0,534.962,528.37,1.0
640.0,549.174,528.37,1.0
640.0,583.412,528.37,1.0
640.0,560.1560000000001,528.37,1.0
640.0,536.9,528.37,1.0
640.0,566.616,528.37,1.0
640.0,535.6080000000001,528.37,1.0
640.0,503.954,528.37,1.0
640.0,523.98,528.37,1.0
640.0,507.184,528.37,1.0
640.0,536.254,528.37,1.0
640.0,544.006,528.37,1.0
640.0,575.66,528.37,1.0
640.0,549.82,528.37,1.0
640.0,538.838,528.37,1.0
640.0,559.51,528.37,1.0
640.0,500.7240000000001,528.37,1.0
640.0,547.8820000000001,528.37,1.0
640.0,558.218,528.37,1.0
640.0,514.936,528.37,1.0
640.0,565.3240000000001,528.37,1.0
640.0,549.82,528.37,1.0
640.0,535.6080000000001,528.37,1.0
640.0,555.634,528.37,1.0
640.0,587.288,528.37,1.0
640.0,546.59,528.37,1.0
640.0,547.8820000000001,528.37,1.0
640.0,534.316,528.37,1.0
640.0,527.21,528.37,1.0
640.0,559.51,528.37,1.0
640.0,526.564,528.37,1.0
640.0,544.652,528.37,1.0
640.0,534.316,528.37,1.0
640.0,552.404,528.37,1.0
640.0,549.82,528.37,1.0
640.0,563.386,528.37,1.0
640.0,533.67,528.37,1.0
640.0,538.192,528.37,1.0
640.0,524.626,528.37,1.0
640.0,534.962,573.29,1.0
640.0,550.466,573.29,1.0
640.0,558.218,573.29,1.0
640.0,525.272,573.29,1.0
640.0,560.1560000000001,573.29,1.0
640.0,569.846,573.29,1.0
640.0,551.112,573.29,1.0
640.0,579.5360000000001,573.29,1.0
640.0,528.5020000000001,573.29,1.0
640.0,519.458,573.29,1.0
640.0,509.122,573.29,1.0
640.0,572.4300000000001,573.29,1.0
640.0,556.28,573.29,1.0
640.0,542.068,573.29,1.0
640.0,548.528,573.29,1.0
640.0,521.396,573.29,1.0
640.0,590.518,573.29,1.0
640.0,545.944,573.29,1.0
640.0,545.298,573.29,1.0
640.0,557.572,573.29,1.0
640.0,552.404,573.29,1.0
640.0,547.8820000000001,573.29,1.0
640.0,527.856,573.29,1.0
640.0,552.404,573.29,1.0
640.0,579.5360000000001,573.29,1.0
640.0,569.2,573.29,1.0
640.0,574.368,573.29,1.0
640.0,533.67,573.29,1.0
640.0,523.98,573.29,1.0
640.0,540.7760000000001,573.29,1.0
640.0,544.652,573.29,1.0
640.0,564.678,573.29,1.0
640.0,510.414,573.29,1.0
640.0,573.076,573.29,1.0
640.0,540.13,573.29,1.0
640.0,534.962,573.29,1.0
640.0,523.98,573.29,1.0
640.0,511.06,573.29,1.0
640.0,559.51,573.29,1.0
640.0,544.652,573.29,1.0
640.0,518.166,573.29,1.0
640.0,518.166,573.29,1.0
640.0,536.9,573.29,1.0
640.0,575.66,573.29,1.0
640.0,538.192,573.29,1.0
640.0,514.29,573.29,1.0
640.0,538.838,573.29,1.0
640.0,538.192,573.29,1.0
640.0,491.034,573.29,1.0
640.0,542.068,573.29,1.0
640.0,538.838,573.29,1.0
640.0,556.926,573.29,1.0
640.0,578.89,573.29,1.0
640.0,565.3240000000001,573.29,1.0
640.0,538.192,573.29,1.0
640.0,522.042,573.29,1.0
640.0,593.102,573.29,1.0
640.0,544.652,573.29,1.0
640.0,543.36,573.29,1.0
640.0,542.714,573.29,1.0
640.0,547.236,573.29,1.0
640.0,540.7760000000001,573.29,1.0
640.0,532.378,573.29,1.0
640.0,533.024,573.29,1.0
640.0,542.714,573.29,1.0
640.0,533.024,573.29,1.0
640.0,529.794,573.29,1.0
640.0,545.298,573.29,1.0
640.0,538.192,573.29,1.0
640.0,572.4300000000001,573.29,1.0
640.0,491.68,573.29,1.0
640.0,564.678,573.29,1.0
640.0,567.2620000000001,573.29,1.0
640.0,503.308,573.29,1.0
640.0,536.9,573.29,1.0
640.0,536.254,674.94,1.0
640.0,516.2280000000001,674.94,1.0
640.0,528.5020000000001,674.94,1.0
640.0,522.042,674.94,1.0
640.0,577.598,674.94,1.0
640.0,561.448,674.94,1.0
640.0,567.908,674.94,1.0
640.0,557.572,674.94,1.0
640.0,521.396,674.94,1.0
640.0,533.024,674.94,1.0
640.0,553.0500000000001,674.94,1.0
640.0,519.458,674.94,1.0
640.0,556.926,674.94,1.0
640.0,538.838,674.94,1.0
640.0,536.254,674.94,1.0
640.0,556.926,674.94,1.0
640.0,551.758,674.94,1.0
640.0,536.254,674.94,1.0
640.0,565.97,674.94,1.0
640.0,522.688,674.94,1.0
640.0,554.988,674.94,1.0
640.0,554.988,674.94,1.0
640.0,537.546,674.94,1.0
640.0,549.82,674.94,1.0
640.0,518.812,674.94,1.0
640.0,561.448,674.94,1.0
640.0,539.484,674.94,1.0
640.0,533.024,674.94,1.0
640.0,563.386,674.94,1.0
640.0,529.794,674.94,1.0
640.0,516.2280000000001,674.94,1.0
640.0,512.998,674.94,1.0
640.0,554.988,674.94,1.0
640.0,518.812,674.94,1.0
640.0,577.598,674.94,1.0
640.0,503.308,674.94,1.0
640.0,576.306,674.94,1.0
640.0,547.236,674.94,1.0
640.0,541.422,674.94,1.0
640.0,533.024,674.94,1.0
640.0,551.112,674.94,1.0
640.0,542.714,674.94,1.0
640.0,564.678,674.94,1.0
640.0,545.298,674.94,1.0
640.0,546.59,674.94,1.0
640.0,536.254,674.94,1.0
640.0,542.068,674.94,1.0
640.0,549.174,674.94,1.0
640.0,510.414,674.94,1.0
640.0,517.52,674.94,1.0
640.0,557.572,674.94,1.0
640.0,546.59,674.94,1.0
640.0,539.484,674.94,1.0
640.0,544.006,674.94,1.0
640.0,549.82,674.94,1.0
640.0,533.024,674.94,1.0
640.0,528.5020000000001,674.94,1.0
640.0,547.236,674.94,1.0
640.0,524.626,674.94,1.0
640.0,551.112,674.94,1.0
640.0,510.414,674.94,1.0
640.0,563.386,674.94,1.0
640.0,552.404,674.94,1.0
640.0,548.528,674.94,1.0
640.0,562.094,674.94,1.0
640.0,575.66,674.94,1.0
640.0,562.74,674.94,1.0
640.0,507.83,674.94,1.0
640.0,518.812,674.94,1.0
640.0,531.086,674.94,1.0
640.0,544.006,674.94,1.0
640.0,553.696,674.94,1.0
640.0,529.148,674.94,1.0
640.0,547.236,674.94,1.0
640.0,528.5020000000001,674.94,1.0
609.8400000000001,633.307,814.42,1.4
640.0,638.578,814.42,1.0
640.0,633.6835,814.42,1.0
640.0,638.2015,814.42,1.0
640.0,661.168,814.42,1.0
640.0,638.578,814.42,1.0
640.0,678.8635,814.42,1.0
846.7200000000001,654.7675,814.42,1.2
846.7200000000001,651.379,814.42,1.2
846.7200000000001,639.331,814.42,1.2
640.0,657.0265,814.42,1.0
640.0,642.7195,814.42,1.0
640.0,650.626,814.42,1.0
640.0,678.1105,814.42,1.0
640.0,647.9905,814.42,1.0
640.0,661.921,814.42,1.0
640.0,641.2135,814.42,1.0
640.0,648.7435,814.42,1.0
640.0,669.0745000000001,814.42,1.0
846.7200000000001,641.9665,814.42,1.2
640.0,669.451,814.42,1.0
846.7200000000001,657.0265,814.42,1.2
846.7200000000001,642.7195,814.42,1.2
640.0,656.2735,814.42,1.0
640.0,660.0385,814.42,1.0
846.7200000000001,656.2735,814.42,1.2
846.7200000000001,631.4245,814.42,1.2
640.0,640.837,814.42,1.0
640.0,646.4845,814.42,1.0
640.0,648.367,814.42,1.0
640.0,656.2735,814.42,1.0
640.0,651.0025,814.42,1.0
640.0,634.0600000000001,814.42,1.0
640.0,653.2615,814.42,1.0
640.0,655.897,814.42,1.0
640.0,655.5205,814.42,1.0
640.0,661.168,814.42,1.0
640.0,658.5325,814.42,1.0
640.0,654.391,814.42,1.0
640.0,648.367,814.42,1.0
640.0,630.295,814.42,1.0
640.0,654.0145,814.42,1.0
640.0,651.379,814.42,1.0
640.0,652.132,814.42,1.0
640.0,634.813,814.42,1.0
640.0,637.072,814.42,1.0
640.0,661.168,814.42,1.0
640.0,648.7435,814.42,1.0
640.0,656.65,814.42,1.0
640.0,649.4965,814.42,1.0
640.0,649.4965,814.42,1.0
640.0,659.662,814.42,1.0
640.0,643.4725,814.42,1.0
640.0,650.2495,814.42,1.0
640.0,643.849,814.42,1.0
640.0,644.2255,814.42,1.0
640.0,645.7315,814.42,1.0
640.0,651.7555,814.42,1.0
640.0,643.849,814.42,1.0
640.0,663.427,814.42,1.0
640.0,638.9545,814.42,1.0
640.0,646.861,814.42,1.0
640.0,644.2255,814.42,1.0
640.0,665.3095,814.42,1.0
640.0,651.379,814.42,1.0
640.0,660.7915,814.42,1.0
640.0,632.1775,814.42,1.0
640.0,652.132,814.42,1.0
640.0,659.2855,814.42,1.0
640.0,649.873,814.42,1.0
640.0,661.168,814.42,1.0
640.0,643.096,814.42,1.0
640.0,664.933,814.42,1.0
640.0,675.0985000000001,814.42,1.0
640.0,644.9785,626.48,1.0
640.0,644.2255,626.48,1.0
640.0,665.686,626.48,1.0
640.0,666.8155,626.48,1.0
640.0,643.096,626.48,1.0
640.0,644.2255,626.48,1.0
640.0,646.1080000000001,626.48,1.0
640.0,634.0600000000001,626.48,1.0
640.0,638.578,626.48,1.0
640.0,637.825,626.48,1.0
640.0,640.4605,626.48,1.0
640.0,648.7435,626.48,1.0
640.0,651.7555,626.48,1.0
640.0,666.8155,626.48,1.0
640.0,637.825,626.48,1.0
640.0,660.415,626.48,1.0
640.0,646.861,626.48,1.0
640.0,648.7435,626.48,1.0
640.0,656.65,626.48,1.0
640.0,636.319,626.48,1.0
640.0,653.2615,626.48,1.0
640.0,651.0025,626.48,1.0
640.0,654.7675,626.48,1.0
640.0,652.5085,626.48,1.0
640.0,676.981,626.48,1.0
640.0,641.9665,626.48,1.0
640.0,643.096,626.48,1.0
640.0,641.9665,626.48,1.0
640.0,642.7195,626.48,1.0
640.0,641.9665,626.48,1.0
640.0,662.674,626.48,1.0
640.0,665.3095,626.48,1.0
640.0,642.7195,626.48,1.0
640.0,639.7075,626.48,1.0
640.0,654.391,626.48,1.0
640.0,642.7195,626.48,1.0
640.0,656.2735,626.48,1.0
640.0,651.379,626.48,1.0
640.0,632.1775,626.48,1.0
640.0,666.439,626.48,1.0
640.0,669.451,626.48,1.0
640.0,642.343,626.48,1.0
640.0,644.602,626.48,1.0
640.0,652.5085,626.48,1.0
640.0,652.885,626.48,1.0
640.0,656.65,626.48,1.0
640.0,671.71,626.48,1.0
640.0,647.2375,626.48,1.0
640.0,640.0840000000001,626.48,1.0
640.0,633.6835,626.48,1.0
640.0,640.837,626.48,1.0
640.0,648.7435,626.48,1.0
640.0,669.451,626.48,1.0
640.0,643.096,626.48,1.0
640.0,651.7555,626.48,1.0
640.0,649.12,626.48,1.0
640.0,662.674,626.48,1.0
640.0,677.734,626.48,1.0
640.0,643.096,626.48,1.0
640.0,643.4725,626.48,1.0
640.0,660.7915,626.48,1.0
640.0,656.65,626.48,1.0
640.0,669.8275,626.48,1.0
640.0,655.897,626.48,1.0
640.0,644.9785,626.48,1.0
640.0,655.897,626.48,1.0
640.0,661.5445,626.48,1.0
640.0,658.5325,626.48,1.0
640.0,654.7675,626.48,1.0
640.0,661.168,626.48,1.0
640.0,662.2975,626.48,1.0
640.0,664.5565,626.48,1.0
640.0,656.2735,626.48,1.0
640.0,647.2375,626.48,1.0
640.0,650.626,626.48,1.0
640.0,662.674,687.94,1.0
640.0,639.7075,687.94,1.0
640.0,653.2615,687.94,1.0
640.0,644.602,687.94,1.0
640.0,649.4965,687.94,1.0
640.0,663.427,687.94,1.0
640.0,651.379,687.94,1.0
640.0,649.4965,687.94,1.0
640.0,633.6835,687.94,1.0
640.0,657.403,687.94,1.0
640.0,656.2735,687.94,1.0
640.0,673.5925,687.94,1.0
640.0,645.7315,687.94,1.0
640.0,651.7555,687.94,1.0
640.0,651.7555,687.94,1.0
640.0,666.8155,687.94,1.0
640.0,647.9905,687.94,1.0
640.0,652.132,687.94,1.0
640.0,655.897,687.94,1.0
640.0,651.379,687.94,1.0
640.0,644.2255,687.94,1.0
640.0,651.379,687.94,1.0
640.0,661.168,687.94,1.0
640.0,637.4485,687.94,1.0
640.0,650.626,687.94,1.0
640.0,641.2135,687.94,1.0
640.0,662.674,687.94,1.0
640.0,631.801,687.94,1.0
640.0,642.7195,687.94,1.0
640.0,653.2615,687.94,1.0
640.0,666.8155,687.94,1.0
640.0,648.367,687.94,1.0
640.0,642.7195,687.94,1.0
640.0,670.204,687.94,1.0
640.0,632.9305,687.94,1.0
640.0,624.271,687.94,1.0
640.0,654.0145,687.94,1.0
640.0,643.4725,687.94,1.0
640.0,637.4485,687.94,1.0
640.0,657.0265,687.94,1.0
640.0,651.7555,687.94,1.0
640.0,642.7195,687.94,1.0
640.0,634.813,687.94,1.0
640.0,658.909,687.94,1.0
640.0,656.65,687.94,1.0
640.0,647.9905,687.94,1.0
640.0,669.8275,687.94,1.0
640.0,637.072,687.94,1.0
640.0,631.801,687.94,1.0
640.0,641.2135,687.94,1.0
640.0,648.7435,687.94,1.0
640.0,651.7555,687.94,1.0
640.0,646.4845,687.94,1.0
640.0,653.2615,687.94,1.0
640.0,634.813,687.94,1.0
640.0,665.3095,687.94,1.0
640.0,648.367,687.94,1.0
640.0,661.921,687.94,1.0
640.0,652.885,687.94,1.0
640.0,654.391,687.94,1.0
640.0,655.5205,687.94,1.0
640.0,654.0145,687.94,1.0
640.0,656.2735,687.94,1.0
640.0,664.18,687.94,1.0
640.0,651.379,687.94,1.0
640.0,657.0265,687.94,1.0
640.0,647.9905,687.94,1.0
640.0,665.3095,687.94,1.0
640.0,641.59,687.94,1.0
640.0,669.451,687.94,1.0
640.0,648.7435,687.94,1.0
640.0,632.9305,687.94,1.0
640.0,650.626,687.94,1.0
640.0,641.59,687.94,1.0
640.0,658.5325,687.94,1.0
609.8400000000001,660.5348,686.76,1.4
640.0,643.3572,686.76,1.0
640.0,660.1444,686.76,1.0
640.0,637.1108,686.76,1.0
640.0,646.8708,686.76,1.0
640.0,674.5892,686.76,1.0
640.0,674.9796,686.76,1.0
640.0,670.6852,686.76,1.0
640.0,654.2884,686.76,1.0
640.0,665.2196,686.76,1.0
640.0,665.61,686.76,1.0
640.0,651.946,686.76,1.0
640.0,683.178,686.76,1.0
640.0,675.7604,686.76,1.0
640.0,662.8772,686.76,1.0
640.0,666.0004,686.76,1.0
640.0,667.9524,686.76,1.0
640.0,641.7956,686.76,1.0
640.0,662.8772,686.76,1.0
640.0,657.802,686.76,1.0
640.0,653.898,686.76,1.0
640.0,662.4868,686.76,1.0
640.0,686.6916,686.76,1.0
640.0,673.0276,686.76,1.0
640.0,658.9732,686.76,1.0
640.0,672.2468,686.76,1.0
640.0,682.0068,686.76,1.0
640.0,676.5412,686.76,1.0
640.0,666.3908,686.76,1.0
640.0,658.1924,686.76,1.0
640.0,673.8084,686.76,1.0
640.0,670.2948,686.76,1.0
640.0,676.1508,686.76,1.0
640.0,673.0276,686.76,1.0
640.0,677.7124,686.76,1.0
640.0,659.3636,686.76,1.0
640.0,681.226,686.76,1.0
640.0,667.9524,686.76,1.0
640.0,689.8148,686.76,1.0
640.0,657.4116,686.76,1.0
640.0,685.9108,686.76,1.0
640.0,667.9524,686.76,1.0
640.0,657.802,686.76,1.0
640.0,659.754,686.76,1.0
640.0,661.706,686.76,1.0
640.0,670.6852,686.76,1.0
640.0,671.8564,686.76,1.0
640.0,658.9732,686.76,1.0
640.0,665.2196,686.76,1.0
640.0,690.5956,686.76,1.0
640.0,685.9108,686.76,1.0
640.0,670.6852,686.76,1.0
640.0,666.0004,686.76,1.0
640.0,667.1716,686.76,1.0
640.0,672.6372,686.76,1.0
640.0,653.5076,686.76,1.0
640.0,662.4868,686.76,1.0
640.0,646.09,686.76,1.0
640.0,670.2948,686.76,1.0
640.0,673.0276,686.76,1.0
640.0,660.1444,686.76,1.0
640.0,683.9588,686.76,1.0
640.0,651.1652,686.76,1.0
640.0,648.4324,686.76,1.0
640.0,668.3428,686.76,1.0
640.0,677.7124,686.76,1.0
640.0,685.5204,686.76,1.0
640.0,660.1444,686.76,1.0
640.0,678.1028,686.76,1.0
640.0,665.2196,686.76,1.0
640.0,663.658,686.76,1.0
640.0,676.1508,686.76,1.0
640.0,673.418,686.76,1.0
640.0,647.2612,686.76,1.0
640.0,682.7876,697.4,1.0
640.0,681.6164,697.4,1.0
640.0,658.1924,697.4,1.0
640.0,670.2948,697.4,1.0
640.0,671.466,697.4,1.0
640.0,668.7332,697.4,1.0
640.0,658.9732,697.4,1.0
640.0,657.802,697.4,1.0
640.0,665.2196,697.4,1.0
640.0,679.274,697.4,1.0
640.0,671.8564,697.4,1.0
640.0,661.3156,697.4,1.0
640.0,674.5892,697.4,1.0
640.0,632.426,697.4,1.0
640.0,678.8836,697.4,1.0
640.0,645.3092,697.4,1.0
640.0,661.3156,697.4,1.0
640.0,652.3364,697.4,1.0
640.0,650.3844,697.4,1.0
640.0,679.274,697.4,1.0
640.0,660.1444,697.4,1.0
640.0,669.514,697.4,1.0
640.0,665.2196,697.4,1.0
640.0,671.0756,697.4,1.0
640.0,666.3908,697.4,1.0
640.0,650.7748,697.4,1.0
640.0,677.322,697.4,1.0
640.0,659.754,697.4,1.0
640.0,647.2612,697.4,1.0
640.0,660.5348,697.4,1.0
640.0,683.178,697.4,1.0
640.0,675.7604,697.4,1.0
640.0,661.706,697.4,1.0
640.0,661.706,697.4,1.0
640.0,661.706,697.4,1.0
640.0,689.8148,697.4,1.0
640.0,669.9044,697.4,1.0
640.0,670.6852,697.4,1.0
640.0,677.7124,697.4,1.0
640.0,668.3428,697.4,1.0
640.0,662.4868,697.4,1.0
640.0,663.2676,697.4,1.0
640.0,664.8292,697.4,1.0
640.0,665.2196,697.4,1.0
640.0,674.1988,697.4,1.0
640.0,666.3908,697.4,1.0
640.0,674.1988,697.4,1.0
640.0,664.8292,697.4,1.0
640.0,666.3908,697.4,1.0
640.0,642.186,697.4,1.0
640.0,676.1508,697.4,1.0
640.0,669.514,697.4,1.0
640.0,677.322,697.4,1.0
640.0,631.6452,697.4,1.0
640.0,690.2052,697.4,1.0
640.0,664.0484,697.4,1.0
640.0,678.4932,697.4,1.0
640.0,653.5076,697.4,1.0
640.0,672.6372,697.4,1.0
640.0,653.1172,697.4,1.0
640.0,658.1924,697.4,1.0
640.0,687.8628,697.4,1.0
640.0,663.2676,697.4,1.0
640.0,668.3428,697.4,1.0
640.0,675.7604,697.4,1.0
640.0,671.466,697.4,1.0
640.0,667.562,697.4,1.0
640.0,669.9044,697.4,1.0
640.0,693.7188,697.4,1.0
640.0,664.8292,697.4,1.0
640.0,667.9524,697.4,1.0
640.0,678.1028,697.4,1.0
640.0,678.4932,697.4,1.0
640.0,679.6644,697.4,1.0
640.0,673.0276,697.4,1.0
640.0,652.3364,795.51,1.0
640.0,684.7396,795.51,1.0
640.0,652.3364,795.51,1.0
640.0,669.1236,795.51,1.0
640.0,656.6308,795.51,1.0
640.0,664.8292,795.51,1.0
640.0,669.514,795.51,1.0
640.0,669.514,795.51,1.0
640.0,670.6852,795.51,1.0
640.0,684.3492,795.51,1.0
640.0,671.0756,795.51,1.0
640.0,662.8772,795.51,1.0
640.0,676.9316,795.51,1.0
640.0,679.6644,795.51,1.0
640.0,651.1652,795.51,1.0
640.0,672.6372,795.51,1.0
640.0,673.8084,795.51,1.0
640.0,662.0964,795.51,1.0
640.0,681.6164,795.51,1.0
640.0,663.658,795.51,1.0
640.0,667.1716,795.51,1.0
640.0,663.658,795.51,1.0
640.0,665.61,795.51,1.0
640.0,652.7268,795.51,1.0
640.0,648.8228,795.51,1.0
640.0,684.3492,795.51,1.0
640.0,655.85,795.51,1.0
640.0,653.898,795.51,1.0
640.0,640.234,795.51,1.0
640.0,658.1924,795.51,1.0
640.0,649.994,795.51,1.0
640.0,684.7396,795.51,1.0
640.0,677.322,795.51,1.0
640.0,657.4116,795.51,1.0
640.0,692.1572,795.51,1.0
640.0,676.9316,795.51,1.0
640.0,661.706,795.51,1.0
640.0,636.33,795.51,1.0
640.0,692.5476,795.51,1.0
846.7200000000001,649.2132,795.51,1.2
640.0,646.4804,795.51,1.0
640.0,677.7124,795.51,1.0
640.0,694.1092,795.51,1.0
846.7200000000001,682.0068,795.51,1.2
846.7200000000001,672.2468,795.51,1.2
846.7200000000001,672.6372,795.51,1.2
846.7200000000001,675.7604,795.51,1.2
846.7200000000001,674.5892,795.51,1.2
846.7200000000001,668.7332,795.51,1.2
846.7200000000001,666.7812,795.51,1.2
846.7200000000001,664.8292,795.51,1.2
640.0,656.6308,795.51,1.0
640.0,662.4868,795.51,1.0
640.0,645.6996,795.51,1.0
640.0,664.4388,795.51,1.0
640.0,653.898,795.51,1.0
640.0,652.7268,795.51,1.0
640.0,667.562,795.51,1.0
640.0,682.0068,795.51,1.0
640.0,676.5412,795.51,1.0
640.0,647.2612,795.51,1.0
640.0,653.898,795.51,1.0
640.0,676.5412,795.51,1.0
640.0,654.2884,795.51,1.0
640.0,662.8772,795.51,1.0
640.0,672.2468,795.51,1.0
640.0,654.2884,795.51,1.0
640.0,666.7812,795.51,1.0
640.0,649.994,795.51,1.0
640.0,658.5828,795.51,1.0
640.0,669.514,795.51,1.0
640.0,646.8708,795.51,1.0
640.0,670.6852,795.51,1.0
640.0,665.2196,795.51,1.0
640.0,672.2468,795.51,1.0
609.8400000000001,629.1464,778.96,1.4
640.0,597.3116,778.96,1.0
640.0,582.6848,778.96,1.0
640.0,597.3116,778.96,1.0
640.0,607.6364,778.96,1.0
640.0,594.7304,778.96,1.0
640.0,594.7304,778.96,1.0
640.0,575.8016,778.96,1.0
640.0,576.662,778.96,1.0
640.0,557.7332,778.96,1.0
640.0,638.6108,778.96,1.0
640.0,562.0352,778.96,1.0
640.0,575.8016,778.96,1.0
640.0,574.9412,778.96,1.0
640.0,617.1008,778.96,1.0
640.0,586.1264,778.96,1.0
640.0,625.7048,778.96,1.0
640.0,576.662,778.96,1.0
640.0,600.7532,778.96,1.0
640.0,572.36,778.96,1.0
640.0,648.9356,778.96,1.0
640.0,562.8956000000001,778.96,1.0
640.0,601.6136,778.96,1.0
640.0,610.2176,778.96,1.0
640.0,604.1948,778.96,1.0
640.0,588.7076,778.96,1.0
640.0,590.4284,778.96,1.0
640.0,594.7304,778.96,1.0
640.0,590.4284,778.96,1.0
640.0,618.8216,778.96,1.0
640.0,650.6564,778.96,1.0
640.0,579.2432,778.96,1.0
640.0,558.5936,778.96,1.0
640.0,591.2888,778.96,1.0
640.0,660.1208,778.96,1.0
640.0,573.2204,778.96,1.0
640.0,636.0296,778.96,1.0
640.0,636.89,778.96,1.0
640.0,579.2432,778.96,1.0
640.0,608.4968,778.96,1.0
640.0,636.0296,778.96,1.0
640.0,584.4056,778.96,1.0
640.0,588.7076,778.96,1.0
640.0,579.2432,778.96,1.0
640.0,568.058,778.96,1.0
640.0,577.5224000000001,778.96,1.0
640.0,562.0352,778.96,1.0
640.0,594.7304,778.96,1.0
640.0,574.0808,778.96,1.0
640.0,599.8928,778.96,1.0
640.0,553.4312,778.96,1.0
640.0,602.474,778.96,1.0
640.0,615.38,778.96,1.0
640.0,542.246,778.96,1.0
640.0,603.3344,778.96,1.0
640.0,625.7048,778.96,1.0
640.0,562.8956000000001,778.96,1.0
640.0,636.89,778.96,1.0
640.0,605.0552,778.96,1.0
640.0,575.8016,778.96,1.0
640.0,592.1492,778.96,1.0
640.0,608.4968,778.96,1.0
640.0,595.5908000000001,778.96,1.0
640.0,607.6364,778.96,1.0
640.0,569.7788,778.96,1.0
640.0,598.172,778.96,1.0
640.0,557.7332,778.96,1.0
640.0,591.2888,778.96,1.0
640.0,570.6392,778.96,1.0
640.0,574.9412,778.96,1.0
640.0,625.7048,778.96,1.0
640.0,622.2632,778.96,1.0
640.0,609.3572,778.96,1.0
640.0,565.4768,778.96,1.0
640.0,586.1264,620.57,1.0
640.0,624.8444,620.57,1.0
640.0,597.3116,620.57,1.0
640.0,654.098,620.57,1.0
640.0,604.1948,620.57,1.0
640.0,599.0324,620.57,1.0
640.0,586.1264,620.57,1.0
640.0,597.3116,620.57,1.0
640.0,589.568,620.57,1.0
640.0,611.9384,620.57,1.0
640.0,618.8216,620.57,1.0
640.0,573.2204,620.57,1.0
640.0,559.454,620.57,1.0
640.0,546.548,620.57,1.0
640.0,606.776,620.57,1.0
640.0,565.4768,620.57,1.0
640.0,537.944,620.57,1.0
640.0,604.1948,620.57,1.0
640.0,658.4,620.57,1.0
640.0,593.87,620.57,1.0
640.0,615.38,620.57,1.0
640.0,595.5908000000001,620.57,1.0
640.0,591.2888,620.57,1.0
640.0,617.9612,620.57,1.0
640.0,586.1264,620.57,1.0
640.0,600.7532,620.57,1.0
640.0,602.474,620.57,1.0
640.0,576.662,620.57,1.0
640.0,619.682,620.57,1.0
640.0,589.568,620.57,1.0
640.0,574.0808,620.57,1.0
640.0,607.6364,620.57,1.0
640.0,570.6392,620.57,1.0
640.0,594.7304,620.57,1.0
640.0,593.87,620.57,1.0
640.0,622.2632,620.57,1.0
640.0,605.9156,620.57,1.0
640.0,593.0096,620.57,1.0
640.0,615.38,620.57,1.0
640.0,630.0068,620.57,1.0
640.0,608.4968,620.57,1.0
640.0,593.87,620.57,1.0
640.0,560.3144,620.57,1.0
640.0,566.3372,620.57,1.0
640.0,586.1264,620.57,1.0
640.0,578.3828,620.57,1.0
640.0,588.7076,620.57,1.0
640.0,595.5908000000001,620.57,1.0
640.0,607.6364,620.57,1.0
640.0,592.1492,620.57,1.0
640.0,606.776,620.57,1.0
640.0,595.5908000000001,620.57,1.0
640.0,543.1064,620.57,1.0
640.0,569.7788,620.57,1.0
640.0,590.4284,620.57,1.0
640.0,562.8956000000001,620.57,1.0
640.0,609.3572,620.57,1.0
640.0,633.4484,620.57,1.0
640.0,625.7048,620.57,1.0
640.0,588.7076,620.57,1.0
640.0,632.588,620.57,1.0
640.0,597.3116,620.57,1.0
640.0,585.266,620.57,1.0
640.0,578.3828,620.57,1.0
640.0,586.1264,620.57,1.0
640.0,583.5452,620.57,1.0
640.0,598.172,620.57,1.0
640.0,598.172,620.57,1.0
640.0,593.87,620.57,1.0
640.0,605.0552,620.57,1.0
640.0,624.8444,620.57,1.0
640.0,617.9612,620.57,1.0
640.0,555.152,620.57,1.0
640.0,527.6192,620.57,1.0
640.0,617.9612,620.57,1.0
640.0,558.5936,552.01,1.0
640.0,587.8472,552.01,1.0
640.0,563.756,552.01,1.0
640.0,547.4084,552.01,1.0
640.0,607.6364,552.01,1.0
640.0,613.6592,552.01,1.0
640.0,579.2432,552.01,1.0
640.0,526.7588,552.01,1.0
640.0,580.1036,552.01,1.0
640.0,604.1948,552.01,1.0
640.0,556.0124,552.01,1.0
640.0,599.0324,552.01,1.0
640.0,593.87,552.01,1.0
640.0,608.4968,552.01,1.0
640.0,597.3116,552.01,1.0
640.0,568.9184,552.01,1.0
640.0,624.8444,552.01,1.0
640.0,589.568,552.01,1.0
640.0,593.0096,552.01,1.0
640.0,569.7788,552.01,1.0
640.0,582.6848,552.01,1.0
640.0,570.6392,552.01,1.0
640.0,589.568,552.01,1.0
640.0,637.7504,552.01,1.0
640.0,558.5936,552.01,1.0
640.0,552.5708,552.01,1.0
640.0,631.7276,552.01,1.0
640.0,588.7076,552.01,1.0
640.0,576.662,552.01,1.0
640.0,620.5424,552.01,1.0
640.0,578.3828,552.01,1.0
640.0,641.192,552.01,1.0
640.0,611.078,552.01,1.0
640.0,580.964,552.01,1.0
640.0,649.796,552.01,1.0
640.0,578.3828,552.01,1.0
640.0,612.7988,552.01,1.0
640.0,601.6136,552.01,1.0
640.0,627.4256,552.01,1.0
640.0,634.3088,552.01,1.0
640.0,594.7304,552.01,1.0
640.0,574.0808,552.01,1.0
640.0,605.9156,552.01,1.0
640.0,576.662,552.01,1.0
640.0,645.494,552.01,1.0
640.0,597.3116,552.01,1.0
640.0,584.4056,552.01,1.0
640.0,599.0324,552.01,1.0
640.0,559.454,552.01,1.0
640.0,568.9184,552.01,1.0
640.0,624.8444,552.01,1.0
640.0,576.662,552.01,1.0
640.0,567.1976,552.01,1.0
640.0,607.6364,552.01,1.0
640.0,624.8444,552.01,1.0
640.0,612.7988,552.01,1.0
640.0,619.682,552.01,1.0
640.0,574.0808,552.01,1.0
640.0,556.8728,552.01,1.0
640.0,632.588,552.01,1.0
640.0,585.266,552.01,1.0
640.0,586.9868,552.01,1.0
640.0,628.2860000000001,552.01,1.0
640.0,608.4968,552.01,1.0
640.0,605.9156,552.01,1.0
640.0,649.796,552.01,1.0
640.0,577.5224000000001,552.01,1.0
640.0,617.9612,552.01,1.0
640.0,595.5908000000001,552.01,1.0
640.0,600.7532,552.01,1.0
640.0,633.4484,552.01,1.0
640.0,606.776,552.01,1.0
640.0,607.6364,552.01,1.0
640.0,621.4028,552.01,1.0
640.0,584.4056,552.01,1.0
609.8400000000001,714.1895,741.13,1.4
640.0,696.3955,741.13,1.0
640.0,773.2909999999999,741.13,1.0
640.0,712.9185,741.13,1.0
640.0,729.4415,741.13,1.0
640.0,728.806,741.13,1.0
640.0,739.6095,741.13,1.0
640.0,749.1419999999999,741.13,1.0
640.0,750.413,741.13,1.0
640.0,723.0865,741.13,1.0
640.0,730.7125,741.13,1.0
640.0,738.9739999999999,741.13,1.0
640.0,729.4415,741.13,1.0
640.0,764.394,741.13,1.0
846.7200000000001,743.4225,741.13,1.2
846.7200000000001,747.871,741.13,1.2
846.7200000000001,746.6,741.13,1.2
846.7200000000001,756.1324999999999,741.13,1.2
846.7200000000001,737.0675,741.13,1.2
846.7200000000001,709.1055,741.13,1.2
640.0,741.516,741.13,1.0
846.7200000000001,721.18,741.13,1.2
640.0,723.722,741.13,1.0
640.0,745.329,741.13,1.0
640.0,757.4035,741.13,1.0
640.0,734.5255,741.13,1.0
640.0,739.6095,741.13,1.0
640.0,766.3004999999999,741.13,1.0
640.0,738.3385,741.13,1.0
640.0,783.459,741.13,1.0
846.7200000000001,744.6935,741.13,1.2
846.7200000000001,700.2085,741.13,1.2
640.0,748.5065,741.13,1.0
846.7200000000001,740.8805,741.13,1.2
846.7200000000001,758.6745,741.13,1.2
846.7200000000001,746.6,741.13,1.2
640.0,731.348,741.13,1.0
640.0,710.3765,741.13,1.0
640.0,730.077,741.13,1.0
640.0,717.367,741.13,1.0
640.0,723.0865,741.13,1.0
640.0,745.329,741.13,1.0
640.0,765.665,741.13,1.0
640.0,741.516,741.13,1.0
640.0,711.012,741.13,1.0
640.0,742.1514999999999,741.13,1.0
640.0,756.768,741.13,1.0
640.0,722.451,741.13,1.0
640.0,731.348,741.13,1.0
640.0,733.89,741.13,1.0
640.0,718.638,741.13,1.0
640.0,745.9645,741.13,1.0
640.0,731.348,741.13,1.0
640.0,742.1514999999999,741.13,1.0
640.0,716.7315,741.13,1.0
640.0,725.6285,741.13,1.0
640.0,747.871,741.13,1.0
640.0,726.8995,741.13,1.0
640.0,766.936,741.13,1.0
640.0,726.264,741.13,1.0
640.0,738.3385,741.13,1.0
640.0,751.684,741.13,1.0
640.0,706.5635,741.13,1.0
640.0,700.2085,741.13,1.0
640.0,704.657,741.13,1.0
640.0,758.039,741.13,1.0
640.0,723.0865,741.13,1.0
640.0,782.8235,741.13,1.0
640.0,723.0865,741.13,1.0
640.0,737.703,741.13,1.0
640.0,763.1229999999999,741.13,1.0
640.0,772.02,741.13,1.0
640.0,773.2909999999999,741.13,1.0
640.0,756.768,741.13,1.0
640.0,753.5905,747.04,1.0
640.0,745.329,747.04,1.0
640.0,748.5065,747.04,1.0
640.0,723.0865,747.04,1.0
640.0,718.0024999999999,747.04,1.0
640.0,733.89,747.04,1.0
640.0,730.7125,747.04,1.0
640.0,724.9929999999999,747.04,1.0
640.0,747.2355,747.04,1.0
640.0,752.3195,747.04,1.0
640.0,735.7965,747.04,1.0
640.0,761.852,747.04,1.0
640.0,712.283,747.04,1.0
640.0,730.077,747.04,1.0
640.0,719.909,747.04,1.0
640.0,698.302,747.04,1.0
640.0,732.619,747.04,1.0
640.0,731.348,747.04,1.0
640.0,762.4875,747.04,1.0
640.0,745.9645,747.04,1.0
640.0,714.1895,747.04,1.0
640.0,769.478,747.04,1.0
640.0,757.4035,747.04,1.0
640.0,744.6935,747.04,1.0
640.0,729.4415,747.04,1.0
640.0,715.4605,747.04,1.0
640.0,726.8995,747.04,1.0
640.0,754.8615,747.04,1.0
640.0,770.1134999999999,747.04,1.0
640.0,763.1229999999999,747.04,1.0
640.0,724.3575,747.04,1.0
640.0,712.283,747.04,1.0
640.0,736.432,747.04,1.0
640.0,700.2085,747.04,1.0
640.0,740.245,747.04,1.0
640.0,731.348,747.04,1.0
640.0,724.9929999999999,747.04,1.0
640.0,703.386,747.04,1.0
640.0,743.4225,747.04,1.0
640.0,723.722,747.04,1.0
640.0,711.6475,747.04,1.0
640.0,679.237,747.04,1.0
640.0,733.2545,747.04,1.0
640.0,767.5715,747.04,1.0
640.0,765.665,747.04,1.0
846.7200000000001,724.9929999999999,747.04,1.2
640.0,722.451,747.04,1.0
640.0,742.787,747.04,1.0
640.0,714.825,747.04,1.0
640.0,739.6095,747.04,1.0
640.0,748.5065,747.04,1.0
640.0,757.4035,747.04,1.0
640.0,731.9834999999999,747.04,1.0
640.0,730.077,747.04,1.0
640.0,717.367,747.04,1.0
640.0,718.0024999999999,747.04,1.0
640.0,729.4415,747.04,1.0
640.0,740.8805,747.04,1.0
846.7200000000001,751.0485,747.04,1.2
846.7200000000001,718.638,747.04,1.2
846.7200000000001,762.4875,747.04,1.2
846.7200000000001,728.806,747.04,1.2
846.7200000000001,733.2545,747.04,1.2
846.7200000000001,719.909,747.04,1.2
640.0,687.4985,747.04,1.0
640.0,751.0485,747.04,1.0
846.7200000000001,747.871,747.04,1.2
846.7200000000001,728.806,747.04,1.2
846.7200000000001,735.161,747.04,1.2
846.7200000000001,743.4225,747.04,1.2
846.7200000000001,704.0215,747.04,1.2
846.7200000000001,723.722,747.04,1.2
846.7200000000001,749.1419999999999,747.04,1.2
846.7200000000001,709.741,747.04,1.2
640.0,739.6095,747.04,1.0
640.0,707.8344999999999,728.13,1.0
640.0,742.787,728.13,1.0
640.0,733.2545,728.13,1.0
640.0,703.386,728.13,1.0
640.0,756.1324999999999,728.13,1.0
640.0,719.909,728.13,1.0
640.0,718.638,728.13,1.0
640.0,737.703,728.13,1.0
640.0,755.497,728.13,1.0
640.0,714.825,728.13,1.0
640.0,735.161,728.13,1.0
640.0,742.1514999999999,728.13,1.0
640.0,747.2355,728.13,1.0
640.0,737.0675,728.13,1.0
640.0,726.8995,728.13,1.0
640.0,718.0024999999999,728.13,1.0
640.0,735.7965,728.13,1.0
640.0,713.554,728.13,1.0
640.0,677.966,728.13,1.0
640.0,742.1514999999999,728.13,1.0
640.0,751.0485,728.13,1.0
846.7200000000001,688.7695,728.13,1.2
640.0,714.825,728.13,1.0
640.0,745.9645,728.13,1.0
640.0,773.2909999999999,728.13,1.0
846.7200000000001,734.5255,728.13,1.2
640.0,719.909,728.13,1.0
640.0,730.7125,728.13,1.0
640.0,759.9455,728.13,1.0
640.0,721.8154999999999,728.13,1.0
640.0,718.638,728.13,1.0
640.0,724.9929999999999,728.13,1.0
640.0,715.4605,728.13,1.0
640.0,736.432,728.13,1.0
640.0,765.0295,728.13,1.0
640.0,740.245,728.13,1.0
640.0,728.806,728.13,1.0
640.0,728.1705,728.13,1.0
640.0,704.0215,728.13,1.0
640.0,750.413,728.13,1.0
640.0,732.619,728.13,1.0
640.0,730.7125,728.13,1.0
640.0,794.898,728.13,1.0
846.7200000000001,739.6095,728.13,1.2
640.0,719.2735,728.13,1.0
640.0,725.6285,728.13,1.0
640.0,755.497,728.13,1.0
640.0,735.7965,728.13,1.0
640.0,706.5635,728.13,1.0
640.0,751.684,728.13,1.0
846.7200000000001,721.18,728.13,1.2
640.0,769.478,728.13,1.0
846.7200000000001,754.226,728.13,1.2
846.7200000000001,725.6285,728.13,1.2
640.0,758.039,728.13,1.0
640.0,735.161,728.13,1.0
640.0,750.413,728.13,1.0
640.0,743.4225,728.13,1.0
640.0,718.0024999999999,728.13,1.0
640.0,721.8154999999999,728.13,1.0
640.0,753.5905,728.13,1.0
640.0,727.535,728.13,1.0
640.0,726.264,728.13,1.0
640.0,715.4605,728.13,1.0
640.0,742.1514999999999,728.13,1.0
640.0,773.2909999999999,728.13,1.0
846.7200000000001,713.554,728.13,1.2
640.0,734.5255,728.13,1.0
640.0,760.581,728.13,1.0
640.0,732.619,728.13,1.0
640.0,742.787,728.13,1.0
640.0,713.554,728.13,1.0
640.0,742.1514999999999,728.13,1.0
640.0,730.077,728.13,1.0
640.0,752.9549999999999,728.13,1.0
609.8400000000001,840.2512,634.75,1.4
846.7200000000001,810.0318,634.75,1.2
640.0,806.564,634.75,1.0
640.0,804.5824,634.75,1.0
640.0,796.1606,634.75,1.0
640.0,806.564,634.75,1.0
640.0,797.1514,634.75,1.0
640.0,804.087,634.75,1.0
640.0,821.426,634.75,1.0
640.0,786.748,634.75,1.0
640.0,818.4536,634.75,1.0
640.0,821.426,634.75,1.0
640.0,799.6284,634.75,1.0
640.0,769.9044,634.75,1.0
640.0,792.6928,634.75,1.0
640.0,820.9306,634.75,1.0
640.0,801.1146,634.75,1.0
640.0,786.748,634.75,1.0
640.0,794.179,634.75,1.0
640.0,813.995,634.75,1.0
640.0,809.5364,634.75,1.0
640.0,798.1422,634.75,1.0
640.0,796.1606,634.75,1.0
640.0,795.6652,634.75,1.0
640.0,787.7388,634.75,1.0
640.0,825.3892,634.75,1.0
640.0,796.6560000000001,634.75,1.0
640.0,819.9398,634.75,1.0
640.0,824.3984,634.75,1.0
640.0,816.472,634.75,1.0
640.0,795.1698,634.75,1.0
640.0,807.5548,634.75,1.0
640.0,801.1146,634.75,1.0
640.0,788.2342,634.75,1.0
640.0,806.564,634.75,1.0
640.0,784.271,634.75,1.0
640.0,819.4444,634.75,1.0
640.0,794.6744,634.75,1.0
640.0,804.5824,634.75,1.0
640.0,805.5732,634.75,1.0
640.0,797.6468,634.75,1.0
640.0,810.5272,634.75,1.0
640.0,794.6744,634.75,1.0
640.0,814.4904,634.75,1.0
640.0,781.794,634.75,1.0
640.0,803.5916,634.75,1.0
640.0,830.3432,634.75,1.0
640.0,786.748,634.75,1.0
640.0,791.702,634.75,1.0
640.0,809.041,634.75,1.0
640.0,804.087,634.75,1.0
640.0,807.0594,634.75,1.0
640.0,809.041,634.75,1.0
640.0,811.0226,634.75,1.0
640.0,817.9582,634.75,1.0
640.0,807.5548,634.75,1.0
640.0,798.1422,634.75,1.0
640.0,811.518,634.75,1.0
640.0,829.8478,634.75,1.0
640.0,799.6284,634.75,1.0
640.0,787.2434000000001,634.75,1.0
640.0,817.9582,634.75,1.0
640.0,799.6284,634.75,1.0
640.0,769.409,634.75,1.0
640.0,813.995,634.75,1.0
640.0,793.6836000000001,634.75,1.0
640.0,800.1238,634.75,1.0
640.0,806.564,634.75,1.0
640.0,804.5824,634.75,1.0
640.0,812.0134,634.75,1.0
640.0,795.1698,634.75,1.0
640.0,809.041,634.75,1.0
640.0,797.6468,634.75,1.0
640.0,812.5088000000001,634.75,1.0
640.0,810.5272,918.44,1.0
846.7200000000001,787.7388,918.44,1.2
846.7200000000001,817.9582,918.44,1.2
846.7200000000001,793.6836000000001,918.44,1.2
846.7200000000001,813.4996,918.44,1.2
846.7200000000001,807.0594,918.44,1.2
846.7200000000001,828.857,918.44,1.2
846.7200000000001,798.1422,918.44,1.2
846.7200000000001,796.6560000000001,918.44,1.2
846.7200000000001,801.1146,918.44,1.2
846.7200000000001,797.1514,918.44,1.2
846.7200000000001,813.4996,918.44,1.2
846.7200000000001,777.8308000000001,918.44,1.2
846.7200000000001,785.7572,918.44,1.2
846.7200000000001,785.7572,918.44,1.2
846.7200000000001,815.9766,918.44,1.2
846.7200000000001,826.8754,918.44,1.2
846.7200000000001,800.1238,918.44,1.2
846.7200000000001,799.133,918.44,1.2
846.7200000000001,802.6008,918.44,1.2
846.7200000000001,818.9490000000001,918.44,1.2
846.7200000000001,787.7388,918.44,1.2
846.7200000000001,805.0778,918.44,1.2
846.7200000000001,815.9766,918.44,1.2
846.7200000000001,809.041,918.44,1.2
846.7200000000001,804.5824,918.44,1.2
846.7200000000001,816.472,918.44,1.2
846.7200000000001,761.4826,918.44,1.2
846.7200000000001,811.518,918.44,1.2
846.7200000000001,791.702,918.44,1.2
846.7200000000001,774.363,918.44,1.2
846.7200000000001,809.041,918.44,1.2
846.7200000000001,821.9214000000001,918.44,1.2
846.7200000000001,799.6284,918.44,1.2
846.7200000000001,815.9766,918.44,1.2
846.7200000000001,825.3892,918.44,1.2
846.7200000000001,820.9306,918.44,1.2
846.7200000000001,825.8846,918.44,1.2
846.7200000000001,812.5088000000001,918.44,1.2
846.7200000000001,802.6008,918.44,1.2
846.7200000000001,777.8308000000001,918.44,1.2
846.7200000000001,798.1422,918.44,1.2
846.7200000000001,789.225,918.44,1.2
846.7200000000001,833.811,918.44,1.2
846.7200000000001,799.133,918.44,1.2
846.7200000000001,803.5916,918.44,1.2
846.7200000000001,810.0318,918.44,1.2
846.7200000000001,802.1054,918.44,1.2
846.7200000000001,826.8754,918.44,1.2
846.7200000000001,792.1974,918.44,1.2
846.7200000000001,804.5824,918.44,1.2
846.7200000000001,790.7112,918.44,1.2
846.7200000000001,781.794,918.44,1.2
846.7200000000001,792.6928,918.44,1.2
846.7200000000001,801.1146,918.44,1.2
846.7200000000001,795.1698,918.44,1.2
846.7200000000001,791.2066,918.44,1.2
846.7200000000001,780.8032000000001,918.44,1.2
846.7200000000001,800.6192,918.44,1.2
846.7200000000001,779.317,918.44,1.2
846.7200000000001,813.0042,918.44,1.2
846.7200000000001,802.6008,918.44,1.2
846.7200000000001,779.8124,918.44,1.2
846.7200000000001,797.1514,918.44,1.2
846.7200000000001,790.2158000000001,918.44,1.2
846.7200000000001,806.564,918.44,1.2
846.7200000000001,821.426,918.44,1.2
846.7200000000001,773.8676,918.44,1.2
846.7200000000001,803.0962000000001,918.44,1.2
846.7200000000001,799.133,918.44,1.2
846.7200000000001,811.518,918.44,1.2
846.7200000000001,804.5824,918.44,1.2
846.7200000000001,790.2158000000001,918.44,1.2
846.7200000000001,796.6560000000001,918.44,1.2
846.7200000000001,789.7204,918.44,1.2
846.7200000000001,817.4628,816.78,1.2
846.7200000000001,802.1054,816.78,1.2
846.7200000000001,829.8478,816.78,1.2
846.7200000000001,800.6192,816.78,1.2
846.7200000000001,791.2066,816.78,1.2
846.7200000000001,779.317,816.78,1.2
846.7200000000001,774.8584,816.78,1.2
846.7200000000001,777.8308000000001,816.78,1.2
846.7200000000001,805.5732,816.78,1.2
846.7200000000001,809.041,816.78,1.2
846.7200000000001,778.3262,816.78,1.2
846.7200000000001,814.9858,816.78,1.2
846.7200000000001,794.6744,816.78,1.2
846.7200000000001,803.5916,816.78,1.2
846.7200000000001,825.3892,816.78,1.2
846.7200000000001,814.9858,816.78,1.2
846.7200000000001,797.6468,816.78,1.2
846.7200000000001,788.2342,816.78,1.2
846.7200000000001,769.409,816.78,1.2
846.7200000000001,790.7112,816.78,1.2
846.7200000000001,798.6376,816.78,1.2
846.7200000000001,786.748,816.78,1.2
846.7200000000001,799.6284,816.78,1.2
846.7200000000001,802.6008,816.78,1.2
846.7200000000001,798.1422,816.78,1.2
846.7200000000001,791.702,816.78,1.2
846.7200000000001,804.087,816.78,1.2
846.7200000000001,808.0502,816.78,1.2
846.7200000000001,785.2618,816.78,1.2
846.7200000000001,822.4168,816.78,1.2
846.7200000000001,800.1238,816.78,1.2
846.7200000000001,802.1054,816.78,1.2
846.7200000000001,812.0134,816.78,1.2
846.7200000000001,805.0778,816.78,1.2
846.7200000000001,815.9766,816.78,1.2
846.7200000000001,806.0686000000001,816.78,1.2
846.7200000000001,792.6928,816.78,1.2
846.7200000000001,807.0594,816.78,1.2
846.7200000000001,784.7664,816.78,1.2
846.7200000000001,803.0962000000001,816.78,1.2
846.7200000000001,801.1146,816.78,1.2
846.7200000000001,798.6376,816.78,1.2
846.7200000000001,799.6284,816.78,1.2
846.7200000000001,773.8676,816.78,1.2
846.7200000000001,793.6836000000001,816.78,1.2
846.7200000000001,803.0962000000001,816.78,1.2
846.7200000000001,804.087,816.78,1.2
846.7200000000001,786.2526,816.78,1.2
846.7200000000001,820.4352,816.78,1.2
846.7200000000001,788.7296,816.78,1.2
846.7200000000001,815.9766,816.78,1.2
846.7200000000001,808.0502,816.78,1.2
846.7200000000001,792.1974,816.78,1.2
846.7200000000001,827.8662,816.78,1.2
846.7200000000001,783.7756,816.78,1.2
846.7200000000001,815.4812000000001,816.78,1.2
846.7200000000001,816.472,816.78,1.2
846.7200000000001,791.702,816.78,1.2
846.7200000000001,822.4168,816.78,1.2
846.7200000000001,797.6468,816.78,1.2
846.7200000000001,806.0686000000001,816.78,1.2
846.7200000000001,805.5732,816.78,1.2
846.7200000000001,799.6284,816.78,1.2
846.7200000000001,813.4996,816.78,1.2
846.7200000000001,813.4996,816.78,1.2
846.7200000000001,775.8492,816.78,1.2
846.7200000000001,820.9306,816.78,1.2
846.7200000000001,776.84,816.78,1.2
846.7200000000001,816.9674,816.78,1.2
846.7200000000001,818.4536,816.78,1.2
846.7200000000001,785.2618,816.78,1.2
846.7200000000001,795.6652,816.78,1.2
846.7200000000001,785.2618,816.78,1.2
846.7200000000001,798.6376,816.78,1.2
846.7200000000001,797.1514,816.78,1.2
609.8400000000001,666.7201,624.11,1.4
640.0,668.7778000000001,624.11,1.0
640.0,628.3097,624.11,1.0
640.0,635.8546,624.11,1.0
640.0,604.9891,624.11,1.0
640.0,623.5084,624.11,1.0
640.0,659.8611000000001,624.11,1.0
640.0,672.8932,624.11,1.0
640.0,614.5917000000001,624.11,1.0
640.0,627.6238000000001,624.11,1.0
640.0,639.2841000000001,624.11,1.0
640.0,645.4572000000001,624.11,1.0
640.0,623.5084,624.11,1.0
640.0,648.8867,624.11,1.0
640.0,630.3674,624.11,1.0
640.0,639.97,624.11,1.0
640.0,650.9444,624.11,1.0
640.0,639.97,624.11,1.0
640.0,631.0533,624.11,1.0
640.0,637.9123000000001,624.11,1.0
640.0,637.9123000000001,624.11,1.0
640.0,632.4251,624.11,1.0
640.0,634.4828,624.11,1.0
640.0,672.8932,624.11,1.0
640.0,651.6303,624.11,1.0
640.0,633.7969,624.11,1.0
640.0,654.3739,624.11,1.0
640.0,633.111,624.11,1.0
640.0,663.9765,624.11,1.0
640.0,647.5149,624.11,1.0
640.0,637.9123000000001,624.11,1.0
640.0,648.8867,624.11,1.0
640.0,607.7327,624.11,1.0
640.0,616.6494,624.11,1.0
640.0,615.2776,624.11,1.0
640.0,642.7136,624.11,1.0
640.0,675.6368,624.11,1.0
640.0,685.9253,624.11,1.0
640.0,653.0021,624.11,1.0
640.0,650.2585,624.11,1.0
640.0,602.9314,624.11,1.0
640.0,628.9956000000001,624.11,1.0
640.0,623.5084,624.11,1.0
640.0,626.9379,624.11,1.0
640.0,636.5405000000001,624.11,1.0
640.0,630.3674,624.11,1.0
640.0,599.5019,624.11,1.0
640.0,655.0598,624.11,1.0
640.0,618.0212,624.11,1.0
640.0,644.7713,624.11,1.0
640.0,682.4958,624.11,1.0
640.0,620.7648,624.11,1.0
640.0,587.8416,624.11,1.0
640.0,633.7969,624.11,1.0
640.0,662.6047,624.11,1.0
640.0,680.4381000000001,624.11,1.0
640.0,614.5917000000001,624.11,1.0
640.0,650.2585,624.11,1.0
640.0,630.3674,624.11,1.0
640.0,637.9123000000001,624.11,1.0
640.0,694.1561,624.11,1.0
640.0,609.1045,624.11,1.0
640.0,645.4572000000001,624.11,1.0
640.0,649.5726000000001,624.11,1.0
640.0,662.6047,624.11,1.0
640.0,642.0277,624.11,1.0
640.0,646.1431,624.11,1.0
640.0,631.7392,624.11,1.0
640.0,645.4572000000001,624.11,1.0
640.0,633.111,624.11,1.0
640.0,653.0021,624.11,1.0
640.0,632.4251,624.11,1.0
640.0,647.5149,624.11,1.0
640.0,639.2841000000001,624.11,1.0
640.0,663.2906,522.46,1.0
640.0,638.5982,522.46,1.0
640.0,603.6173,522.46,1.0
640.0,666.0342,522.46,1.0
640.0,621.4507,522.46,1.0
640.0,626.2520000000001,522.46,1.0
640.0,627.6238000000001,522.46,1.0
640.0,668.0919,522.46,1.0
640.0,596.0724,522.46,1.0
640.0,704.4446,522.46,1.0
640.0,661.9188,522.46,1.0
640.0,644.7713,522.46,1.0
640.0,638.5982,522.46,1.0
640.0,646.1431,522.46,1.0
640.0,650.9444,522.46,1.0
640.0,653.0021,522.46,1.0
640.0,651.6303,522.46,1.0
640.0,642.0277,522.46,1.0
640.0,635.8546,522.46,1.0
640.0,636.5405000000001,522.46,1.0
640.0,635.8546,522.46,1.0
640.0,663.2906,522.46,1.0
640.0,652.3162,522.46,1.0
640.0,579.6108,522.46,1.0
640.0,653.688,522.46,1.0
640.0,644.0854,522.46,1.0
640.0,639.2841000000001,522.46,1.0
640.0,631.7392,522.46,1.0
640.0,663.2906,522.46,1.0
640.0,659.1752,522.46,1.0
640.0,624.1943,522.46,1.0
640.0,648.2008000000001,522.46,1.0
640.0,620.0789,522.46,1.0
640.0,611.8481,522.46,1.0
640.0,626.9379,522.46,1.0
640.0,657.8034,522.46,1.0
640.0,659.8611000000001,522.46,1.0
640.0,650.2585,522.46,1.0
640.0,655.0598,522.46,1.0
640.0,650.2585,522.46,1.0
640.0,626.9379,522.46,1.0
640.0,648.8867,522.46,1.0
640.0,656.4316,522.46,1.0
640.0,655.7457,522.46,1.0
640.0,664.6624,522.46,1.0
640.0,654.3739,522.46,1.0
640.0,647.5149,522.46,1.0
640.0,661.9188,522.46,1.0
640.0,639.2841000000001,522.46,1.0
640.0,622.1366,522.46,1.0
640.0,636.5405000000001,522.46,1.0
640.0,624.8802000000001,522.46,1.0
640.0,626.2520000000001,522.46,1.0
640.0,637.2264,522.46,1.0
640.0,623.5084,522.46,1.0
640.0,633.7969,522.46,1.0
640.0,600.8737,522.46,1.0
640.0,644.0854,522.46,1.0
640.0,639.97,522.46,1.0
640.0,622.8225,522.46,1.0
640.0,653.688,522.46,1.0
640.0,659.1752,522.46,1.0
640.0,607.0468000000001,522.46,1.0
640.0,624.1943,522.46,1.0
640.0,624.1943,522.46,1.0
640.0,620.7648,522.46,1.0
640.0,657.1175000000001,522.46,1.0
640.0,635.8546,522.46,1.0
640.0,634.4828,522.46,1.0
640.0,598.816,522.46,1.0
640.0,653.0021,522.46,1.0
640.0,614.5917000000001,522.46,1.0
640.0,641.3418,522.46,1.0
640.0,645.4572000000001,522.46,1.0
640.0,668.0919,522.46,1.0
640.0,613.2199,866.43,1.0
640.0,577.5531,866.43,1.0
640.0,644.0854,866.43,1.0
846.7200000000001,677.0086,866.43,1.2
846.7200000000001,665.3483,866.43,1.2
846.7200000000001,644.0854,866.43,1.2
846.7200000000001,629.6815,866.43,1.2
846.7200000000001,656.4316,866.43,1.2
846.7200000000001,620.0789,866.43,1.2
846.7200000000001,649.5726000000001,866.43,1.2
846.7200000000001,650.2585,866.43,1.2
846.7200000000001,661.9188,866.43,1.2
846.7200000000001,696.8997,866.43,1.2
846.7200000000001,648.2008000000001,866.43,1.2
846.7200000000001,629.6815,866.43,1.2
846.7200000000001,639.2841000000001,866.43,1.2
846.7200000000001,603.6173,866.43,1.2
846.7200000000001,625.5661,866.43,1.2
846.7200000000001,631.7392,866.43,1.2
846.7200000000001,628.9956000000001,866.43,1.2
846.7200000000001,643.3995,866.43,1.2
846.7200000000001,622.8225,866.43,1.2
846.7200000000001,663.2906,866.43,1.2
846.7200000000001,639.97,866.43,1.2
846.7200000000001,639.97,866.43,1.2
846.7200000000001,633.111,866.43,1.2
846.7200000000001,643.3995,866.43,1.2
846.7200000000001,657.1175000000001,866.43,1.2
846.7200000000001,622.1366,866.43,1.2
846.7200000000001,626.2520000000001,866.43,1.2
846.7200000000001,633.7969,866.43,1.2
846.7200000000001,612.534,866.43,1.2
846.7200000000001,622.8225,866.43,1.2
846.7200000000001,630.3674,866.43,1.2
846.7200000000001,657.8034,866.43,1.2
846.7200000000001,645.4572000000001,866.43,1.2
846.7200000000001,644.0854,866.43,1.2
846.7200000000001,657.8034,866.43,1.2
846.7200000000001,637.2264,866.43,1.2
846.7200000000001,648.2008000000001,866.43,1.2
846.7200000000001,637.9123000000001,866.43,1.2
846.7200000000001,645.4572000000001,866.43,1.2
846.7200000000001,628.3097,866.43,1.2
846.7200000000001,589.8993,866.43,1.2
846.7200000000001,637.2264,866.43,1.2
846.7200000000001,669.4637,866.43,1.2
846.7200000000001,659.1752,866.43,1.2
846.7200000000001,659.8611000000001,866.43,1.2
846.7200000000001,665.3483,866.43,1.2
846.7200000000001,642.0277,866.43,1.2
846.7200000000001,644.0854,866.43,1.2
846.7200000000001,626.9379,866.43,1.2
846.7200000000001,633.7969,866.43,1.2
846.7200000000001,652.3162,866.43,1.2
846.7200000000001,664.6624,866.43,1.2
846.7200000000001,637.2264,866.43,1.2
846.7200000000001,630.3674,866.43,1.2
846.7200000000001,639.97,866.43,1.2
846.7200000000001,652.3162,866.43,1.2
846.7200000000001,610.4763,866.43,1.2
846.7200000000001,592.6429,866.43,1.2
846.7200000000001,628.3097,866.43,1.2
846.7200000000001,614.5917000000001,866.43,1.2
846.7200000000001,629.6815,866.43,1.2
846.7200000000001,637.2264,866.43,1.2
846.7200000000001,630.3674,866.43,1.2
846.7200000000001,670.1496000000001,866.43,1.2
846.7200000000001,646.8290000000001,866.43,1.2
846.7200000000001,646.1431,866.43,1.2
846.7200000000001,653.0021,866.43,1.2
846.7200000000001,616.6494,866.43,1.2
846.7200000000001,661.2329,866.43,1.2
846.7200000000001,638.5982,866.43,1.2
846.7200000000001,653.688,866.43,1.2
846.7200000000001,618.0212,866.43,1.2
609.8400000000001,602.985,775.41,1.4
640.0,591.4966000000001,775.41,1.0
640.0,560.3138,775.41,1.0
640.0,561.1344,775.41,1.0
640.0,610.3704,775.41,1.0
640.0,552.9284,775.41,1.0
640.0,622.6794,775.41,1.0
640.0,560.3138,775.41,1.0
640.0,598.0614,775.41,1.0
640.0,574.264,775.41,1.0
640.0,597.2408,775.41,1.0
640.0,569.3404,775.41,1.0
640.0,578.3670000000001,775.41,1.0
640.0,583.2906,775.41,1.0
640.0,557.852,775.41,1.0
640.0,600.5232,775.41,1.0
640.0,570.1610000000001,775.41,1.0
640.0,576.7258,775.41,1.0
640.0,557.852,775.41,1.0
640.0,519.2838,775.41,1.0
640.0,577.5464000000001,775.41,1.0
640.0,641.5532000000001,775.41,1.0
640.0,602.1644,775.41,1.0
640.0,581.6494,775.41,1.0
640.0,575.9052,775.41,1.0
640.0,583.2906,775.41,1.0
640.0,595.5996,775.41,1.0
640.0,553.749,775.41,1.0
640.0,609.5498,775.41,1.0
640.0,599.7026000000001,775.41,1.0
640.0,600.5232,775.41,1.0
640.0,593.1378000000001,775.41,1.0
640.0,583.2906,775.41,1.0
640.0,598.8820000000001,775.41,1.0
640.0,597.2408,775.41,1.0
640.0,573.4434,775.41,1.0
640.0,568.5198,775.41,1.0
640.0,584.9318000000001,775.41,1.0
640.0,620.2176000000001,775.41,1.0
640.0,552.1078,775.41,1.0
640.0,546.3636,775.41,1.0
640.0,586.573,775.41,1.0
640.0,584.1112,775.41,1.0
640.0,586.573,775.41,1.0
640.0,588.2142,775.41,1.0
640.0,576.7258,775.41,1.0
640.0,619.397,775.41,1.0
640.0,543.0812000000001,775.41,1.0
640.0,561.955,775.41,1.0
640.0,580.0082,775.41,1.0
640.0,542.2606000000001,775.41,1.0
640.0,578.3670000000001,775.41,1.0
640.0,623.5,775.41,1.0
640.0,583.2906,775.41,1.0
640.0,588.2142,775.41,1.0
640.0,551.2872,775.41,1.0
640.0,567.6992,775.41,1.0
640.0,573.4434,775.41,1.0
640.0,574.264,775.41,1.0
640.0,613.6528000000001,775.41,1.0
640.0,596.4202,775.41,1.0
640.0,555.3902,775.41,1.0
640.0,588.2142,775.41,1.0
640.0,594.779,775.41,1.0
640.0,610.3704,775.41,1.0
640.0,621.0382000000001,775.41,1.0
640.0,557.852,775.41,1.0
640.0,562.7756,775.41,1.0
640.0,551.2872,775.41,1.0
640.0,576.7258,775.41,1.0
640.0,593.9584,775.41,1.0
640.0,607.0880000000001,775.41,1.0
640.0,580.8288,775.41,1.0
640.0,574.264,775.41,1.0
640.0,586.573,587.47,1.0
640.0,561.955,587.47,1.0
640.0,634.1678,587.47,1.0
640.0,543.0812000000001,587.47,1.0
640.0,587.3936,587.47,1.0
640.0,632.5266,587.47,1.0
640.0,582.47,587.47,1.0
640.0,577.5464000000001,587.47,1.0
640.0,573.4434,587.47,1.0
640.0,578.3670000000001,587.47,1.0
640.0,616.1146,587.47,1.0
640.0,528.3104000000001,587.47,1.0
640.0,620.2176000000001,587.47,1.0
640.0,547.1842,587.47,1.0
640.0,575.9052,587.47,1.0
640.0,571.8022,587.47,1.0
640.0,597.2408,587.47,1.0
640.0,543.0812000000001,587.47,1.0
640.0,593.9584,587.47,1.0
640.0,632.5266,587.47,1.0
640.0,548.8254000000001,587.47,1.0
640.0,587.3936,587.47,1.0
640.0,566.058,587.47,1.0
640.0,593.1378000000001,587.47,1.0
640.0,583.2906,587.47,1.0
640.0,566.8786,587.47,1.0
640.0,594.779,587.47,1.0
640.0,626.7824,587.47,1.0
640.0,577.5464000000001,587.47,1.0
640.0,600.5232,587.47,1.0
640.0,550.4666,587.47,1.0
640.0,558.6726,587.47,1.0
640.0,593.9584,587.47,1.0
640.0,619.397,587.47,1.0
640.0,591.4966000000001,587.47,1.0
640.0,575.0846,587.47,1.0
640.0,582.47,587.47,1.0
640.0,551.2872,587.47,1.0
640.0,597.2408,587.47,1.0
640.0,603.8056,587.47,1.0
640.0,570.9816000000001,587.47,1.0
640.0,570.9816000000001,587.47,1.0
640.0,589.0348,587.47,1.0
640.0,571.8022,587.47,1.0
640.0,580.8288,587.47,1.0
640.0,634.1678,587.47,1.0
640.0,576.7258,587.47,1.0
640.0,573.4434,587.47,1.0
640.0,566.8786,587.47,1.0
640.0,600.5232,587.47,1.0
640.0,578.3670000000001,587.47,1.0
640.0,566.8786,587.47,1.0
640.0,615.294,587.47,1.0
640.0,617.7558,587.47,1.0
640.0,567.6992,587.47,1.0
640.0,536.5164,587.47,1.0
640.0,607.0880000000001,587.47,1.0
640.0,565.2374,587.47,1.0
640.0,602.1644,587.47,1.0
640.0,534.0546,587.47,1.0
640.0,604.6262,587.47,1.0
640.0,552.9284,587.47,1.0
640.0,600.5232,587.47,1.0
640.0,582.47,587.47,1.0
640.0,558.6726,587.47,1.0
640.0,572.6228,587.47,1.0
640.0,599.7026000000001,587.47,1.0
640.0,584.9318000000001,587.47,1.0
640.0,597.2408,587.47,1.0
640.0,630.8854,587.47,1.0
640.0,543.9018,587.47,1.0
640.0,622.6794,587.47,1.0
640.0,584.9318000000001,587.47,1.0
640.0,560.3138,587.47,1.0
640.0,549.6460000000001,587.47,1.0
640.0,577.5464000000001,575.65,1.0
640.0,605.4468,575.65,1.0
640.0,579.1876,575.65,1.0
640.0,619.397,575.65,1.0
640.0,546.3636,575.65,1.0
640.0,582.47,575.65,1.0
640.0,551.2872,575.65,1.0
640.0,591.4966000000001,575.65,1.0
640.0,604.6262,575.65,1.0
640.0,571.8022,575.65,1.0
640.0,518.4632,575.65,1.0
640.0,587.3936,575.65,1.0
640.0,593.1378000000001,575.65,1.0
640.0,592.3172000000001,575.65,1.0
640.0,612.8322000000001,575.65,1.0
640.0,556.2108000000001,575.65,1.0
640.0,598.8820000000001,575.65,1.0
640.0,612.0116,575.65,1.0
640.0,538.9782,575.65,1.0
640.0,590.676,575.65,1.0
640.0,570.1610000000001,575.65,1.0
640.0,580.8288,575.65,1.0
640.0,590.676,575.65,1.0
640.0,570.1610000000001,575.65,1.0
640.0,566.058,575.65,1.0
640.0,583.2906,575.65,1.0
640.0,555.3902,575.65,1.0
640.0,555.3902,575.65,1.0
640.0,598.8820000000001,575.65,1.0
640.0,554.5696,575.65,1.0
640.0,598.8820000000001,575.65,1.0
640.0,593.9584,575.65,1.0
640.0,539.7988,575.65,1.0
640.0,566.058,575.65,1.0
640.0,612.0116,575.65,1.0
640.0,558.6726,575.65,1.0
640.0,570.9816000000001,575.65,1.0
640.0,593.9584,575.65,1.0
640.0,602.1644,575.65,1.0
640.0,575.9052,575.65,1.0
640.0,567.6992,575.65,1.0
640.0,617.7558,575.65,1.0
640.0,625.1412,575.65,1.0
640.0,606.2674000000001,575.65,1.0
640.0,584.9318000000001,575.65,1.0
640.0,562.7756,575.65,1.0
640.0,561.955,575.65,1.0
640.0,595.5996,575.65,1.0
640.0,593.1378000000001,575.65,1.0
640.0,616.9352,575.65,1.0
640.0,598.8820000000001,575.65,1.0
640.0,545.543,575.65,1.0
640.0,608.7292,575.65,1.0
640.0,557.852,575.65,1.0
640.0,572.6228,575.65,1.0
640.0,589.0348,575.65,1.0
640.0,631.706,575.65,1.0
640.0,658.7858,575.65,1.0
640.0,597.2408,575.65,1.0
640.0,578.3670000000001,575.65,1.0
640.0,595.5996,575.65,1.0
640.0,604.6262,575.65,1.0
640.0,574.264,575.65,1.0
640.0,626.7824,575.65,1.0
640.0,588.2142,575.65,1.0
640.0,594.779,575.65,1.0
640.0,598.8820000000001,575.65,1.0
640.0,593.1378000000001,575.65,1.0
640.0,602.985,575.65,1.0
640.0,566.8786,575.65,1.0
640.0,568.5198,575.65,1.0
640.0,555.3902,575.65,1.0
640.0,593.1378000000001,575.65,1.0
640.0,601.3438,575.65,1.0
640.0,593.9584,575.65,1.0
609.8400000000001,611.13,764.78,1.4
640.0,621.48,764.78,1.0
640.0,594.0525,764.78,1.0
640.0,604.92,764.78,1.0
640.0,621.9975,764.78,1.0
640.0,624.0675,764.78,1.0
640.0,606.4725,764.78,1.0
640.0,610.095,764.78,1.0
640.0,587.325,764.78,1.0
640.0,605.4375,764.78,1.0
640.0,625.1025,764.78,1.0
640.0,619.9275,764.78,1.0
640.0,618.8925,764.78,1.0
640.0,611.6475,764.78,1.0
640.0,611.13,764.78,1.0
640.0,600.78,764.78,1.0
640.0,621.9975,764.78,1.0
640.0,617.8575,764.78,1.0
640.0,618.8925,764.78,1.0
640.0,602.85,764.78,1.0
640.0,577.4925,764.78,1.0
640.0,628.2075,764.78,1.0
640.0,603.885,764.78,1.0
640.0,597.675,764.78,1.0
640.0,621.9975,764.78,1.0
640.0,604.92,764.78,1.0
640.0,627.6899999999999,764.78,1.0
640.0,620.9625,764.78,1.0
640.0,621.9975,764.78,1.0
640.0,589.9125,764.78,1.0
640.0,629.76,764.78,1.0
640.0,615.27,764.78,1.0
640.0,605.4375,764.78,1.0
640.0,613.2,764.78,1.0
640.0,583.7025,764.78,1.0
640.0,617.34,764.78,1.0
640.0,595.0875,764.78,1.0
640.0,589.9125,764.78,1.0
640.0,587.325,764.78,1.0
640.0,628.2075,764.78,1.0
640.0,601.2975,764.78,1.0
640.0,634.935,764.78,1.0
640.0,602.85,764.78,1.0
640.0,584.7375,764.78,1.0
640.0,594.0525,764.78,1.0
640.0,630.2775,764.78,1.0
640.0,608.5425,764.78,1.0
640.0,602.85,764.78,1.0
640.0,613.7175,764.78,1.0
640.0,618.8925,764.78,1.0
640.0,628.725,764.78,1.0
640.0,633.3825,764.78,1.0
640.0,605.4375,764.78,1.0
640.0,590.43,764.78,1.0
640.0,604.92,764.78,1.0
640.0,615.27,764.78,1.0
640.0,596.1225,764.78,1.0
640.0,596.1225,764.78,1.0
640.0,616.305,764.78,1.0
640.0,610.6125,764.78,1.0
640.0,611.6475,764.78,1.0
640.0,599.2275,764.78,1.0
640.0,607.5075,764.78,1.0
640.0,596.64,764.78,1.0
640.0,625.1025,764.78,1.0
640.0,627.1725,764.78,1.0
640.0,582.6675,764.78,1.0
640.0,596.64,764.78,1.0
640.0,587.8425,764.78,1.0
640.0,600.78,764.78,1.0
640.0,609.5775,764.78,1.0
640.0,588.8774999999999,764.78,1.0
640.0,596.64,764.78,1.0
640.0,595.605,764.78,1.0
640.0,614.235,755.32,1.0
640.0,612.165,755.32,1.0
640.0,599.745,755.32,1.0
640.0,613.7175,755.32,1.0
640.0,602.85,755.32,1.0
640.0,606.99,755.32,1.0
640.0,637.005,755.32,1.0
640.0,631.83,755.32,1.0
640.0,590.9475,755.32,1.0
640.0,624.0675,755.32,1.0
640.0,623.55,755.32,1.0
640.0,593.535,755.32,1.0
640.0,624.0675,755.32,1.0
640.0,634.935,755.32,1.0
640.0,593.535,755.32,1.0
640.0,596.64,755.32,1.0
640.0,627.1725,755.32,1.0
640.0,615.27,755.32,1.0
640.0,619.9275,755.32,1.0
640.0,616.305,755.32,1.0
640.0,617.34,755.32,1.0
640.0,590.43,755.32,1.0
640.0,627.1725,755.32,1.0
640.0,629.2425,755.32,1.0
640.0,607.5075,755.32,1.0
640.0,610.6125,755.32,1.0
640.0,587.325,755.32,1.0
640.0,618.8925,755.32,1.0
640.0,619.9275,755.32,1.0
640.0,610.095,755.32,1.0
640.0,628.725,755.32,1.0
640.0,605.955,755.32,1.0
640.0,619.9275,755.32,1.0
640.0,595.0875,755.32,1.0
640.0,610.6125,755.32,1.0
640.0,608.5425,755.32,1.0
640.0,614.7524999999999,755.32,1.0
640.0,605.4375,755.32,1.0
640.0,609.06,755.32,1.0
640.0,624.0675,755.32,1.0
640.0,604.4025,755.32,1.0
640.0,586.29,755.32,1.0
640.0,638.04,755.32,1.0
640.0,632.3475,755.32,1.0
640.0,590.9475,755.32,1.0
640.0,621.9975,755.32,1.0
640.0,603.3675,755.32,1.0
640.0,615.27,755.32,1.0
640.0,615.7875,755.32,1.0
640.0,607.5075,755.32,1.0
640.0,598.71,755.32,1.0
640.0,600.2625,755.32,1.0
640.0,597.1575,755.32,1.0
640.0,598.1925,755.32,1.0
640.0,610.095,755.32,1.0
640.0,600.2625,755.32,1.0
640.0,621.48,755.32,1.0
640.0,634.4175,755.32,1.0
640.0,602.3325,755.32,1.0
640.0,614.7524999999999,755.32,1.0
640.0,618.8925,755.32,1.0
640.0,618.375,755.32,1.0
640.0,612.165,755.32,1.0
640.0,622.515,755.32,1.0
640.0,618.375,755.32,1.0
640.0,591.9825,755.32,1.0
640.0,624.585,755.32,1.0
640.0,625.1025,755.32,1.0
640.0,599.2275,755.32,1.0
640.0,611.6475,755.32,1.0
640.0,621.48,755.32,1.0
640.0,608.025,755.32,1.0
640.0,627.6899999999999,755.32,1.0
640.0,647.8725,755.32,1.0
640.0,598.71,755.32,1.0
640.0,589.9125,648.94,1.0
640.0,615.7875,648.94,1.0
640.0,622.515,648.94,1.0
640.0,607.5075,648.94,1.0
640.0,633.9,648.94,1.0
640.0,590.43,648.94,1.0
640.0,621.9975,648.94,1.0
640.0,601.8149999999999,648.94,1.0
640.0,638.04,648.94,1.0
640.0,642.18,648.94,1.0
640.0,599.2275,648.94,1.0
640.0,602.85,648.94,1.0
640.0,624.585,648.94,1.0
640.0,604.92,648.94,1.0
640.0,610.6125,648.94,1.0
640.0,611.6475,648.94,1.0
640.0,581.115,648.94,1.0
640.0,611.13,648.94,1.0
640.0,600.2625,648.94,1.0
640.0,603.3675,648.94,1.0
640.0,633.3825,648.94,1.0
640.0,591.465,648.94,1.0
640.0,623.55,648.94,1.0
640.0,606.99,648.94,1.0
640.0,606.99,648.94,1.0
640.0,623.55,648.94,1.0
640.0,616.305,648.94,1.0
640.0,619.9275,648.94,1.0
640.0,626.1375,648.94,1.0
640.0,605.955,648.94,1.0
640.0,601.8149999999999,648.94,1.0
640.0,594.0525,648.94,1.0
640.0,598.1925,648.94,1.0
640.0,656.67,648.94,1.0
640.0,630.2775,648.94,1.0
640.0,589.9125,648.94,1.0
640.0,590.43,648.94,1.0
640.0,618.375,648.94,1.0
640.0,619.41,648.94,1.0
640.0,619.41,648.94,1.0
640.0,606.99,648.94,1.0
640.0,609.06,648.94,1.0
640.0,616.305,648.94,1.0
640.0,612.6825,648.94,1.0
640.0,576.4575,648.94,1.0
640.0,607.5075,648.94,1.0
640.0,597.675,648.94,1.0
640.0,613.7175,648.94,1.0
640.0,657.705,648.94,1.0
640.0,616.8225,648.94,1.0
640.0,606.4725,648.94,1.0
640.0,625.62,648.94,1.0
640.0,618.375,648.94,1.0
640.0,617.8575,648.94,1.0
640.0,620.445,648.94,1.0
640.0,643.215,648.94,1.0
640.0,593.535,648.94,1.0
640.0,618.375,648.94,1.0
640.0,596.64,648.94,1.0
640.0,619.9275,648.94,1.0
640.0,596.64,648.94,1.0
640.0,604.4025,648.94,1.0
640.0,606.4725,648.94,1.0
640.0,626.1375,648.94,1.0
640.0,625.62,648.94,1.0
640.0,591.9825,648.94,1.0
640.0,612.165,648.94,1.0
640.0,600.2625,648.94,1.0
640.0,591.465,648.94,1.0
640.0,607.5075,648.94,1.0
640.0,606.4725,648.94,1.0
640.0,648.9075,648.94,1.0
640.0,617.8575,648.94,1.0
640.0,589.9125,648.94,1.0
640.0,602.3325,648.94,1.0
609.8400000000001,606.1383,640.66,1.4
640.0,521.3232,640.66,1.0
640.0,515.2104,640.66,1.0
640.0,600.7896,640.66,1.0
640.0,567.1692,640.66,1.0
640.0,538.1334,640.66,1.0
640.0,570.2256,640.66,1.0
640.0,497.6361,640.66,1.0
640.0,558.0,640.66,1.0
640.0,565.641,640.66,1.0
640.0,579.3948,640.66,1.0
640.0,535.077,640.66,1.0
640.0,560.2923,640.66,1.0
640.0,536.6052,640.66,1.0
640.0,564.1128,640.66,1.0
640.0,537.3693,640.66,1.0
640.0,548.8308,640.66,1.0
640.0,535.077,640.66,1.0
640.0,573.282,640.66,1.0
640.0,577.8666,640.66,1.0
640.0,552.6513,640.66,1.0
640.0,558.7641,640.66,1.0
640.0,525.1437,640.66,1.0
640.0,551.1231,640.66,1.0
640.0,556.4718,640.66,1.0
640.0,618.3639000000001,640.66,1.0
640.0,532.7847,640.66,1.0
640.0,591.6204,640.66,1.0
640.0,580.923,640.66,1.0
640.0,564.1128,640.66,1.0
640.0,598.4973,640.66,1.0
640.0,566.4051,640.66,1.0
640.0,567.1692,640.66,1.0
640.0,556.4718,640.66,1.0
640.0,586.2717,640.66,1.0
640.0,583.2153,640.66,1.0
640.0,543.4821,640.66,1.0
640.0,527.436,640.66,1.0
640.0,553.4154,640.66,1.0
640.0,539.6616,640.66,1.0
640.0,556.4718,640.66,1.0
640.0,586.2717,640.66,1.0
640.0,547.3026,640.66,1.0
640.0,557.2359,640.66,1.0
640.0,559.5282,640.66,1.0
640.0,577.1025,640.66,1.0
640.0,506.8053,640.66,1.0
640.0,544.2462,640.66,1.0
640.0,562.5846,640.66,1.0
640.0,585.5076,640.66,1.0
640.0,546.5385,640.66,1.0
640.0,515.2104,640.66,1.0
640.0,572.5179,640.66,1.0
640.0,543.4821,640.66,1.0
640.0,530.4924,640.66,1.0
640.0,543.4821,640.66,1.0
640.0,553.4154,640.66,1.0
640.0,544.2462,640.66,1.0
640.0,507.5694,640.66,1.0
640.0,578.6307,640.66,1.0
640.0,587.0358,640.66,1.0
640.0,573.282,640.66,1.0
640.0,532.0206,640.66,1.0
640.0,553.4154,640.66,1.0
640.0,558.0,640.66,1.0
640.0,571.7538,640.66,1.0
640.0,573.282,640.66,1.0
640.0,541.1898,640.66,1.0
640.0,559.5282,640.66,1.0
640.0,568.6974,640.66,1.0
640.0,591.6204,640.66,1.0
640.0,574.0461,640.66,1.0
640.0,576.3384,640.66,1.0
640.0,560.2923,640.66,1.0
640.0,590.0922,696.22,1.0
640.0,567.1692,696.22,1.0
640.0,538.1334,696.22,1.0
640.0,590.0922,696.22,1.0
640.0,574.0461,696.22,1.0
640.0,548.0667,696.22,1.0
640.0,547.3026,696.22,1.0
640.0,564.8769,696.22,1.0
640.0,568.6974,696.22,1.0
640.0,562.5846,696.22,1.0
640.0,564.8769,696.22,1.0
640.0,596.9691,696.22,1.0
640.0,582.4512,696.22,1.0
640.0,562.5846,696.22,1.0
640.0,579.3948,696.22,1.0
640.0,534.3129,696.22,1.0
640.0,567.1692,696.22,1.0
640.0,599.2614,696.22,1.0
640.0,552.6513,696.22,1.0
640.0,538.8975,696.22,1.0
640.0,542.718,696.22,1.0
640.0,532.7847,696.22,1.0
640.0,539.6616,696.22,1.0
640.0,549.5949,696.22,1.0
640.0,525.9078,696.22,1.0
640.0,558.0,696.22,1.0
640.0,578.6307,696.22,1.0
640.0,537.3693,696.22,1.0
640.0,593.1486,696.22,1.0
640.0,569.4615,696.22,1.0
640.0,581.6871,696.22,1.0
640.0,542.718,696.22,1.0
640.0,577.8666,696.22,1.0
640.0,532.7847,696.22,1.0
640.0,578.6307,696.22,1.0
640.0,561.8205,696.22,1.0
640.0,570.9897,696.22,1.0
640.0,531.2565,696.22,1.0
640.0,537.3693,696.22,1.0
640.0,571.7538,696.22,1.0
640.0,536.6052,696.22,1.0
640.0,568.6974,696.22,1.0
640.0,526.6719,696.22,1.0
640.0,577.1025,696.22,1.0
640.0,529.7283,696.22,1.0
640.0,570.9897,696.22,1.0
640.0,572.5179,696.22,1.0
640.0,541.9539,696.22,1.0
640.0,570.9897,696.22,1.0
640.0,564.1128,696.22,1.0
640.0,545.7744,696.22,1.0
640.0,535.077,696.22,1.0
640.0,512.9181,696.22,1.0
640.0,565.641,696.22,1.0
640.0,522.0873,696.22,1.0
640.0,560.2923,696.22,1.0
640.0,551.8872,696.22,1.0
640.0,573.282,696.22,1.0
640.0,551.1231,696.22,1.0
640.0,550.359,696.22,1.0
640.0,574.8102,696.22,1.0
640.0,565.641,696.22,1.0
640.0,564.8769,696.22,1.0
640.0,568.6974,696.22,1.0
640.0,522.8514,696.22,1.0
640.0,575.5743,696.22,1.0
640.0,571.7538,696.22,1.0
640.0,534.3129,696.22,1.0
640.0,552.6513,696.22,1.0
640.0,557.2359,696.22,1.0
640.0,554.9436,696.22,1.0
640.0,565.641,696.22,1.0
640.0,590.8563,696.22,1.0
640.0,582.4512,696.22,1.0
640.0,528.2001,696.22,1.0
640.0,572.5179,704.49,1.0
640.0,588.564,704.49,1.0
640.0,567.1692,704.49,1.0
640.0,583.2153,704.49,1.0
640.0,603.846,704.49,1.0
640.0,581.6871,704.49,1.0
640.0,563.3487,704.49,1.0
640.0,581.6871,704.49,1.0
640.0,561.0564,704.49,1.0
640.0,558.7641,704.49,1.0
640.0,549.5949,704.49,1.0
640.0,593.9127,704.49,1.0
640.0,538.8975,704.49,1.0
640.0,593.1486,704.49,1.0
640.0,569.4615,704.49,1.0
640.0,525.9078,704.49,1.0
640.0,566.4051,704.49,1.0
640.0,509.8617,704.49,1.0
640.0,572.5179,704.49,1.0
640.0,578.6307,704.49,1.0
640.0,544.2462,704.49,1.0
640.0,561.0564,704.49,1.0
640.0,603.0819,704.49,1.0
640.0,546.5385,704.49,1.0
640.0,533.5488,704.49,1.0
640.0,591.6204,704.49,1.0
640.0,603.0819,704.49,1.0
640.0,558.0,704.49,1.0
640.0,580.923,704.49,1.0
640.0,588.564,704.49,1.0
640.0,541.1898,704.49,1.0
640.0,546.5385,704.49,1.0
640.0,586.2717,704.49,1.0
640.0,596.9691,704.49,1.0
640.0,570.9897,704.49,1.0
640.0,538.1334,704.49,1.0
640.0,603.846,704.49,1.0
640.0,545.7744,704.49,1.0
640.0,550.359,704.49,1.0
640.0,565.641,704.49,1.0
640.0,593.9127,704.49,1.0
640.0,577.8666,704.49,1.0
640.0,567.1692,704.49,1.0
640.0,568.6974,704.49,1.0
640.0,558.7641,704.49,1.0
640.0,570.9897,704.49,1.0
640.0,499.9284,704.49,1.0
640.0,551.1231,704.49,1.0
640.0,563.3487,704.49,1.0
640.0,531.2565,704.49,1.0
640.0,567.1692,704.49,1.0
640.0,553.4154,704.49,1.0
640.0,598.4973,704.49,1.0
640.0,593.9127,704.49,1.0
640.0,547.3026,704.49,1.0
640.0,554.1795,704.49,1.0
640.0,556.4718,704.49,1.0
640.0,547.3026,704.49,1.0
640.0,562.5846,704.49,1.0
640.0,540.4257,704.49,1.0
640.0,532.0206,704.49,1.0
640.0,572.5179,704.49,1.0
640.0,572.5179,704.49,1.0
640.0,539.6616,704.49,1.0
640.0,578.6307,704.49,1.0
640.0,543.4821,704.49,1.0
640.0,564.1128,704.49,1.0
640.0,577.1025,704.49,1.0
640.0,557.2359,704.49,1.0
640.0,568.6974,704.49,1.0
640.0,546.5385,704.49,1.0
640.0,553.4154,704.49,1.0
640.0,553.4154,704.49,1.0
640.0,541.1898,704.49,1.0
640.0,554.1795,704.49,1.0
609.8400000000001,657.3785,628.84,1.4
640.0,659.6591000000001,628.84,1.0
640.0,660.0392,628.84,1.0
640.0,660.4193,628.84,1.0
640.0,662.3198,628.84,1.0
640.0,668.4014000000001,628.84,1.0
640.0,672.9626000000001,628.84,1.0
640.0,655.8581,628.84,1.0
640.0,649.3964000000001,628.84,1.0
640.0,651.2969,628.84,1.0
640.0,657.3785,628.84,1.0
640.0,658.8989,628.84,1.0
640.0,654.3377,628.84,1.0
640.0,648.2561000000001,628.84,1.0
640.0,657.7586,628.84,1.0
640.0,664.9805,628.84,1.0
640.0,669.9218000000001,628.84,1.0
640.0,656.6183000000001,628.84,1.0
640.0,658.5188,628.84,1.0
640.0,652.4372000000001,628.84,1.0
640.0,662.6999000000001,628.84,1.0
640.0,653.5775,628.84,1.0
640.0,669.5417,628.84,1.0
640.0,642.5546,628.84,1.0
640.0,658.8989,628.84,1.0
640.0,666.5009,628.84,1.0
640.0,665.3606000000001,628.84,1.0
640.0,693.8681,628.84,1.0
640.0,666.8810000000001,628.84,1.0
640.0,651.677,628.84,1.0
640.0,661.9397,628.84,1.0
640.0,642.9347,628.84,1.0
640.0,662.3198,628.84,1.0
640.0,653.5775,628.84,1.0
640.0,673.3427,628.84,1.0
640.0,656.9984000000001,628.84,1.0
640.0,661.5596,628.84,1.0
640.0,655.8581,628.84,1.0
640.0,682.8452000000001,628.84,1.0
640.0,659.279,628.84,1.0
640.0,683.9855,628.84,1.0
640.0,672.2024,628.84,1.0
640.0,668.4014000000001,628.84,1.0
640.0,667.2611,628.84,1.0
640.0,667.6412,628.84,1.0
640.0,641.0342,628.84,1.0
640.0,660.0392,628.84,1.0
640.0,672.5825000000001,628.84,1.0
640.0,662.6999000000001,628.84,1.0
640.0,647.1158,628.84,1.0
640.0,662.3198,628.84,1.0
640.0,682.4651,628.84,1.0
640.0,677.1437000000001,628.84,1.0
640.0,662.3198,628.84,1.0
640.0,674.1029000000001,628.84,1.0
640.0,658.8989,628.84,1.0
640.0,643.6949000000001,628.84,1.0
640.0,652.4372000000001,628.84,1.0
640.0,680.9447,628.84,1.0
640.0,660.0392,628.84,1.0
640.0,660.4193,628.84,1.0
640.0,659.6591000000001,628.84,1.0
640.0,684.7457,628.84,1.0
640.0,681.7049000000001,628.84,1.0
640.0,688.5467,628.84,1.0
640.0,661.1795000000001,628.84,1.0
640.0,666.5009,628.84,1.0
640.0,645.9755,628.84,1.0
640.0,679.8044,628.84,1.0
640.0,649.7765,628.84,1.0
640.0,665.7407000000001,628.84,1.0
640.0,650.5367,628.84,1.0
640.0,656.2382,628.84,1.0
640.0,653.5775,628.84,1.0
640.0,656.2382,645.39,1.0
640.0,656.9984000000001,645.39,1.0
640.0,656.9984000000001,645.39,1.0
640.0,672.5825000000001,645.39,1.0
640.0,650.5367,645.39,1.0
640.0,665.7407000000001,645.39,1.0
640.0,677.1437000000001,645.39,1.0
640.0,657.3785,645.39,1.0
640.0,654.7178,645.39,1.0
640.0,660.4193,645.39,1.0
640.0,676.3835,645.39,1.0
640.0,665.3606000000001,645.39,1.0
640.0,656.9984000000001,645.39,1.0
640.0,668.7815,645.39,1.0
640.0,650.5367,645.39,1.0
640.0,670.682,645.39,1.0
640.0,667.6412,645.39,1.0
640.0,659.6591000000001,645.39,1.0
640.0,653.5775,645.39,1.0
640.0,652.8173,645.39,1.0
640.0,669.1616,645.39,1.0
640.0,677.1437000000001,645.39,1.0
640.0,655.8581,645.39,1.0
640.0,668.4014000000001,645.39,1.0
640.0,639.1337000000001,645.39,1.0
640.0,656.2382,645.39,1.0
640.0,662.6999000000001,645.39,1.0
640.0,652.8173,645.39,1.0
640.0,652.4372000000001,645.39,1.0
640.0,655.4780000000001,645.39,1.0
640.0,666.5009,645.39,1.0
640.0,660.7994,645.39,1.0
640.0,637.6133000000001,645.39,1.0
640.0,638.7536,645.39,1.0
640.0,656.2382,645.39,1.0
640.0,668.4014000000001,645.39,1.0
640.0,631.9118000000001,645.39,1.0
640.0,657.3785,645.39,1.0
640.0,656.9984000000001,645.39,1.0
640.0,679.0442,645.39,1.0
640.0,658.5188,645.39,1.0
640.0,667.2611,645.39,1.0
640.0,664.6004,645.39,1.0
640.0,638.7536,645.39,1.0
640.0,671.8223,645.39,1.0
640.0,665.3606000000001,645.39,1.0
640.0,668.7815,645.39,1.0
640.0,701.09,645.39,1.0
640.0,639.1337000000001,645.39,1.0
640.0,682.8452000000001,645.39,1.0
640.0,659.6591000000001,645.39,1.0
640.0,666.5009,645.39,1.0
640.0,662.6999000000001,645.39,1.0
640.0,658.1387000000001,645.39,1.0
640.0,656.6183000000001,645.39,1.0
640.0,666.8810000000001,645.39,1.0
640.0,645.5954,645.39,1.0
640.0,671.8223,645.39,1.0
640.0,658.5188,645.39,1.0
640.0,650.1566,645.39,1.0
640.0,657.7586,645.39,1.0
640.0,677.5238,645.39,1.0
640.0,656.9984000000001,645.39,1.0
640.0,667.2611,645.39,1.0
640.0,654.7178,645.39,1.0
640.0,671.8223,645.39,1.0
640.0,671.0621,645.39,1.0
640.0,683.9855,645.39,1.0
640.0,661.1795000000001,645.39,1.0
640.0,670.682,645.39,1.0
640.0,664.2203000000001,645.39,1.0
640.0,677.9039,645.39,1.0
640.0,654.7178,645.39,1.0
640.0,671.4422000000001,645.39,1.0
640.0,660.7994,645.39,1.0
640.0,662.3198,673.76,1.0
640.0,664.2203000000001,673.76,1.0
640.0,666.1208,673.76,1.0
640.0,661.9397,673.76,1.0
640.0,665.3606000000001,673.76,1.0
640.0,680.9447,673.76,1.0
640.0,674.4830000000001,673.76,1.0
640.0,672.9626000000001,673.76,1.0
640.0,657.7586,673.76,1.0
640.0,652.8173,673.76,1.0
640.0,674.1029000000001,673.76,1.0
640.0,672.9626000000001,673.76,1.0
640.0,679.8044,673.76,1.0
640.0,656.2382,673.76,1.0
640.0,660.4193,673.76,1.0
640.0,644.4551,673.76,1.0
640.0,658.5188,673.76,1.0
640.0,674.4830000000001,673.76,1.0
640.0,657.7586,673.76,1.0
640.0,670.3019,673.76,1.0
640.0,660.7994,673.76,1.0
640.0,666.8810000000001,673.76,1.0
640.0,650.1566,673.76,1.0
640.0,664.2203000000001,673.76,1.0
640.0,628.8710000000001,673.76,1.0
640.0,660.7994,673.76,1.0
640.0,644.4551,673.76,1.0
640.0,676.7636,673.76,1.0
640.0,671.8223,673.76,1.0
640.0,668.4014000000001,673.76,1.0
640.0,680.5646,673.76,1.0
640.0,652.4372000000001,673.76,1.0
640.0,682.8452000000001,673.76,1.0
640.0,673.7228,673.76,1.0
640.0,660.4193,673.76,1.0
640.0,676.0034,673.76,1.0
640.0,650.5367,673.76,1.0
640.0,653.5775,673.76,1.0
640.0,656.2382,673.76,1.0
640.0,656.9984000000001,673.76,1.0
640.0,650.9168000000001,673.76,1.0
640.0,677.1437000000001,673.76,1.0
640.0,660.0392,673.76,1.0
640.0,667.2611,673.76,1.0
640.0,656.6183000000001,673.76,1.0
640.0,642.1745000000001,673.76,1.0
640.0,666.1208,673.76,1.0
640.0,641.4143,673.76,1.0
640.0,662.3198,673.76,1.0
640.0,647.4959,673.76,1.0
640.0,685.8860000000001,673.76,1.0
640.0,673.3427,673.76,1.0
640.0,664.2203000000001,673.76,1.0
640.0,677.5238,673.76,1.0
640.0,653.5775,673.76,1.0
640.0,669.1616,673.76,1.0
640.0,665.3606000000001,673.76,1.0
640.0,666.1208,673.76,1.0
640.0,677.5238,673.76,1.0
640.0,671.4422000000001,673.76,1.0
640.0,666.5009,673.76,1.0
640.0,644.075,673.76,1.0
640.0,652.0571,673.76,1.0
640.0,661.5596,673.76,1.0
640.0,664.2203000000001,673.76,1.0
640.0,650.1566,673.76,1.0
640.0,690.4472000000001,673.76,1.0
640.0,680.1845000000001,673.76,1.0
640.0,669.9218000000001,673.76,1.0
640.0,663.8402000000001,673.76,1.0
640.0,660.7994,673.76,1.0
640.0,652.0571,673.76,1.0
640.0,663.8402000000001,673.76,1.0
640.0,666.1208,673.76,1.0
640.0,649.0163,673.76,1.0
609.8400000000001,607.7,671.39,1.4
640.0,589.604,671.39,1.0
640.0,600.392,671.39,1.0
640.0,605.264,671.39,1.0
640.0,629.2760000000001,671.39,1.0
640.0,615.3560000000001,671.39,1.0
640.0,595.5200000000001,671.39,1.0
640.0,614.6600000000001,671.39,1.0
640.0,593.432,671.39,1.0
640.0,620.576,671.39,1.0
640.0,604.5680000000001,671.39,1.0
640.0,608.3960000000001,671.39,1.0
640.0,623.36,671.39,1.0
640.0,595.868,671.39,1.0
640.0,594.8240000000001,671.39,1.0
640.0,603.176,671.39,1.0
640.0,620.2280000000001,671.39,1.0
640.0,593.432,671.39,1.0
640.0,579.86,671.39,1.0
640.0,604.5680000000001,671.39,1.0
640.0,615.3560000000001,671.39,1.0
640.0,621.9680000000001,671.39,1.0
640.0,604.5680000000001,671.39,1.0
640.0,605.264,671.39,1.0
640.0,621.62,671.39,1.0
640.0,589.952,671.39,1.0
640.0,605.264,671.39,1.0
640.0,611.528,671.39,1.0
640.0,613.964,671.39,1.0
640.0,604.22,671.39,1.0
640.0,609.788,671.39,1.0
640.0,583.34,671.39,1.0
640.0,602.48,671.39,1.0
640.0,614.312,671.39,1.0
640.0,599.3480000000001,671.39,1.0
640.0,610.1360000000001,671.39,1.0
640.0,613.964,671.39,1.0
640.0,605.96,671.39,1.0
640.0,611.1800000000001,671.39,1.0
640.0,599.3480000000001,671.39,1.0
640.0,607.3520000000001,671.39,1.0
640.0,615.7040000000001,671.39,1.0
640.0,611.1800000000001,671.39,1.0
640.0,603.176,671.39,1.0
640.0,611.8760000000001,671.39,1.0
640.0,616.748,671.39,1.0
640.0,588.2120000000001,671.39,1.0
640.0,621.62,671.39,1.0
640.0,605.96,671.39,1.0
640.0,613.964,671.39,1.0
640.0,621.9680000000001,671.39,1.0
640.0,595.172,671.39,1.0
640.0,602.1320000000001,671.39,1.0
640.0,606.3080000000001,671.39,1.0
640.0,601.0880000000001,671.39,1.0
640.0,627.5360000000001,671.39,1.0
640.0,600.392,671.39,1.0
640.0,603.524,671.39,1.0
640.0,611.528,671.39,1.0
640.0,596.912,671.39,1.0
640.0,605.264,671.39,1.0
640.0,612.9200000000001,671.39,1.0
640.0,605.96,671.39,1.0
640.0,608.3960000000001,671.39,1.0
640.0,603.8720000000001,671.39,1.0
640.0,593.7800000000001,671.39,1.0
640.0,612.9200000000001,671.39,1.0
640.0,627.884,671.39,1.0
640.0,609.788,671.39,1.0
640.0,611.8760000000001,671.39,1.0
640.0,616.748,671.39,1.0
640.0,596.216,671.39,1.0
640.0,627.1880000000001,671.39,1.0
640.0,611.528,671.39,1.0
640.0,626.4920000000001,630.02,1.0
640.0,601.7840000000001,630.02,1.0
640.0,628.58,630.02,1.0
640.0,617.4440000000001,630.02,1.0
640.0,615.3560000000001,630.02,1.0
640.0,611.8760000000001,630.02,1.0
640.0,607.004,630.02,1.0
640.0,621.9680000000001,630.02,1.0
640.0,610.8320000000001,630.02,1.0
640.0,588.908,630.02,1.0
640.0,597.6080000000001,630.02,1.0
640.0,607.3520000000001,630.02,1.0
640.0,612.572,630.02,1.0
640.0,608.744,630.02,1.0
640.0,622.316,630.02,1.0
640.0,588.908,630.02,1.0
640.0,610.8320000000001,630.02,1.0
640.0,590.3000000000001,630.02,1.0
640.0,617.4440000000001,630.02,1.0
640.0,608.3960000000001,630.02,1.0
640.0,613.964,630.02,1.0
640.0,600.392,630.02,1.0
640.0,622.6640000000001,630.02,1.0
640.0,620.2280000000001,630.02,1.0
640.0,615.7040000000001,630.02,1.0
640.0,608.048,630.02,1.0
640.0,615.3560000000001,630.02,1.0
640.0,602.1320000000001,630.02,1.0
640.0,618.488,630.02,1.0
640.0,626.4920000000001,630.02,1.0
640.0,620.576,630.02,1.0
640.0,601.7840000000001,630.02,1.0
640.0,613.268,630.02,1.0
640.0,595.868,630.02,1.0
640.0,615.3560000000001,630.02,1.0
640.0,614.312,630.02,1.0
640.0,589.952,630.02,1.0
640.0,597.2600000000001,630.02,1.0
640.0,606.6560000000001,630.02,1.0
640.0,606.3080000000001,630.02,1.0
640.0,596.912,630.02,1.0
640.0,613.6160000000001,630.02,1.0
640.0,612.224,630.02,1.0
640.0,607.3520000000001,630.02,1.0
640.0,601.436,630.02,1.0
640.0,620.2280000000001,630.02,1.0
640.0,626.84,630.02,1.0
640.0,604.22,630.02,1.0
640.0,603.176,630.02,1.0
640.0,614.6600000000001,630.02,1.0
640.0,605.6120000000001,630.02,1.0
640.0,608.048,630.02,1.0
640.0,617.096,630.02,1.0
640.0,589.604,630.02,1.0
640.0,623.36,630.02,1.0
640.0,610.1360000000001,630.02,1.0
640.0,605.264,630.02,1.0
640.0,608.3960000000001,630.02,1.0
640.0,609.0920000000001,630.02,1.0
640.0,591.344,630.02,1.0
640.0,625.1,630.02,1.0
640.0,609.788,630.02,1.0
640.0,613.964,630.02,1.0
640.0,619.532,630.02,1.0
640.0,598.652,630.02,1.0
640.0,614.312,630.02,1.0
640.0,606.6560000000001,630.02,1.0
640.0,618.1400000000001,630.02,1.0
640.0,587.168,630.02,1.0
640.0,608.3960000000001,630.02,1.0
640.0,603.176,630.02,1.0
640.0,613.964,630.02,1.0
640.0,614.312,630.02,1.0
640.0,602.1320000000001,630.02,1.0
640.0,602.1320000000001,630.02,1.0
640.0,608.3960000000001,591.02,1.0
640.0,600.0440000000001,591.02,1.0
640.0,618.1400000000001,591.02,1.0
640.0,605.6120000000001,591.02,1.0
640.0,579.1640000000001,591.02,1.0
640.0,605.6120000000001,591.02,1.0
640.0,598.652,591.02,1.0
640.0,592.388,591.02,1.0
640.0,596.5640000000001,591.02,1.0
640.0,610.484,591.02,1.0
640.0,623.36,591.02,1.0
640.0,612.572,591.02,1.0
640.0,603.176,591.02,1.0
640.0,614.312,591.02,1.0
640.0,604.5680000000001,591.02,1.0
640.0,602.1320000000001,591.02,1.0
640.0,597.2600000000001,591.02,1.0
640.0,590.9960000000001,591.02,1.0
640.0,605.264,591.02,1.0
640.0,611.1800000000001,591.02,1.0
640.0,608.3960000000001,591.02,1.0
640.0,605.264,591.02,1.0
640.0,599.696,591.02,1.0
640.0,615.7040000000001,591.02,1.0
640.0,595.5200000000001,591.02,1.0
640.0,617.4440000000001,591.02,1.0
640.0,599.0,591.02,1.0
640.0,601.436,591.02,1.0
640.0,594.128,591.02,1.0
640.0,604.22,591.02,1.0
640.0,619.532,591.02,1.0
640.0,614.6600000000001,591.02,1.0
640.0,619.532,591.02,1.0
640.0,615.008,591.02,1.0
640.0,597.956,591.02,1.0
640.0,605.96,591.02,1.0
640.0,601.436,591.02,1.0
640.0,623.36,591.02,1.0
640.0,596.912,591.02,1.0
640.0,618.836,591.02,1.0
640.0,618.836,591.02,1.0
640.0,628.58,591.02,1.0
640.0,605.264,591.02,1.0
640.0,616.748,591.02,1.0
640.0,633.104,591.02,1.0
640.0,602.8280000000001,591.02,1.0
640.0,593.432,591.02,1.0
640.0,589.952,591.02,1.0
640.0,616.748,591.02,1.0
640.0,589.952,591.02,1.0
640.0,605.6120000000001,591.02,1.0
640.0,613.964,591.02,1.0
640.0,611.528,591.02,1.0
640.0,613.964,591.02,1.0
640.0,611.8760000000001,591.02,1.0
640.0,622.6640000000001,591.02,1.0
640.0,599.3480000000001,591.02,1.0
640.0,602.48,591.02,1.0
640.0,601.436,591.02,1.0
640.0,618.1400000000001,591.02,1.0
640.0,618.836,591.02,1.0
640.0,614.312,591.02,1.0
640.0,621.9680000000001,591.02,1.0
640.0,597.2600000000001,591.02,1.0
640.0,626.84,591.02,1.0
640.0,625.4480000000001,591.02,1.0
640.0,617.096,591.02,1.0
640.0,627.884,591.02,1.0
640.0,592.0400000000001,591.02,1.0
640.0,603.8720000000001,591.02,1.0
640.0,601.7840000000001,591.02,1.0
640.0,617.096,591.02,1.0
640.0,598.3040000000001,591.02,1.0
640.0,617.4440000000001,591.02,1.0
640.0,623.7080000000001,591.02,1.0
609.8400000000001,492.1838,677.3,1.4
640.0,467.684,677.3,1.0
640.0,470.825,677.3,1.0
640.0,509.7734,677.3,1.0
640.0,500.9786,677.3,1.0
640.0,485.9018,677.3,1.0
640.0,478.3634,677.3,1.0
640.0,448.2098,677.3,1.0
640.0,466.4276,677.3,1.0
640.0,522.3374,677.3,1.0
640.0,462.6584,677.3,1.0
640.0,490.2992,677.3,1.0
640.0,505.376,677.3,1.0
640.0,462.6584,677.3,1.0
640.0,490.2992,677.3,1.0
640.0,504.1196,677.3,1.0
640.0,486.53,677.3,1.0
640.0,540.5552,677.3,1.0
640.0,455.12,677.3,1.0
640.0,506.6324,677.3,1.0
640.0,483.389,677.3,1.0
640.0,500.9786,677.3,1.0
640.0,494.6966,677.3,1.0
640.0,472.7096,677.3,1.0
640.0,490.9274,677.3,1.0
640.0,451.3508,677.3,1.0
640.0,497.8376,677.3,1.0
640.0,492.1838,677.3,1.0
640.0,498.4658,677.3,1.0
640.0,506.6324,677.3,1.0
640.0,493.4402,677.3,1.0
640.0,489.0428,677.3,1.0
640.0,470.1968,677.3,1.0
640.0,473.3378,677.3,1.0
640.0,509.1452,677.3,1.0
640.0,513.5426,677.3,1.0
640.0,482.1326,677.3,1.0
640.0,487.1582,677.3,1.0
640.0,469.5686,677.3,1.0
640.0,508.517,677.3,1.0
640.0,499.094,677.3,1.0
640.0,522.9656,677.3,1.0
640.0,470.1968,677.3,1.0
640.0,479.6198,677.3,1.0
640.0,490.9274,677.3,1.0
640.0,498.4658,677.3,1.0
640.0,482.7608,677.3,1.0
640.0,470.1968,677.3,1.0
640.0,502.8632,677.3,1.0
640.0,500.3504,677.3,1.0
640.0,469.5686,677.3,1.0
640.0,512.2862,677.3,1.0
640.0,508.517,677.3,1.0
640.0,489.0428,677.3,1.0
640.0,487.7864,677.3,1.0
640.0,497.2094,677.3,1.0
640.0,470.1968,677.3,1.0
640.0,487.1582,677.3,1.0
640.0,445.697,677.3,1.0
640.0,502.8632,677.3,1.0
640.0,457.0046,677.3,1.0
640.0,514.799,677.3,1.0
640.0,480.248,677.3,1.0
640.0,482.7608,677.3,1.0
640.0,474.5942,677.3,1.0
640.0,480.8762,677.3,1.0
640.0,513.5426,677.3,1.0
640.0,439.415,677.3,1.0
640.0,510.4016,677.3,1.0
640.0,492.812,677.3,1.0
640.0,463.9148,677.3,1.0
640.0,466.4276,677.3,1.0
640.0,517.9399999999999,677.3,1.0
640.0,468.9404,677.3,1.0
640.0,464.543,579.2,1.0
640.0,507.8888,579.2,1.0
640.0,492.812,579.2,1.0
640.0,468.9404,579.2,1.0
640.0,490.2992,579.2,1.0
640.0,467.0558,579.2,1.0
640.0,507.2606,579.2,1.0
640.0,506.6324,579.2,1.0
640.0,496.5812,579.2,1.0
640.0,493.4402,579.2,1.0
640.0,519.8245999999999,579.2,1.0
640.0,486.53,579.2,1.0
640.0,464.543,579.2,1.0
640.0,494.6966,579.2,1.0
640.0,526.1066,579.2,1.0
640.0,467.684,579.2,1.0
640.0,479.6198,579.2,1.0
640.0,494.0684,579.2,1.0
640.0,485.2736,579.2,1.0
640.0,468.3122,579.2,1.0
640.0,507.8888,579.2,1.0
640.0,530.504,579.2,1.0
640.0,490.2992,579.2,1.0
640.0,469.5686,579.2,1.0
640.0,457.6328,579.2,1.0
640.0,491.5556,579.2,1.0
640.0,507.2606,579.2,1.0
640.0,495.3248,579.2,1.0
640.0,486.53,579.2,1.0
640.0,475.2224,579.2,1.0
640.0,465.7994,579.2,1.0
640.0,502.235,579.2,1.0
640.0,503.4914,579.2,1.0
640.0,457.6328,579.2,1.0
640.0,516.6836,579.2,1.0
640.0,497.2094,579.2,1.0
640.0,512.9144,579.2,1.0
640.0,461.402,579.2,1.0
640.0,460.7738,579.2,1.0
640.0,484.0172,579.2,1.0
640.0,495.953,579.2,1.0
640.0,520.4528,579.2,1.0
640.0,499.7222,579.2,1.0
640.0,482.1326,579.2,1.0
640.0,467.0558,579.2,1.0
640.0,509.7734,579.2,1.0
640.0,468.3122,579.2,1.0
640.0,517.3118,579.2,1.0
640.0,480.8762,579.2,1.0
640.0,516.6836,579.2,1.0
640.0,499.094,579.2,1.0
640.0,484.0172,579.2,1.0
640.0,476.4788,579.2,1.0
640.0,480.248,579.2,1.0
640.0,494.6966,579.2,1.0
640.0,487.7864,579.2,1.0
640.0,475.2224,579.2,1.0
640.0,483.389,579.2,1.0
640.0,487.7864,579.2,1.0
640.0,446.3252,579.2,1.0
640.0,495.3248,579.2,1.0
640.0,468.3122,579.2,1.0
640.0,464.543,579.2,1.0
640.0,454.4918,579.2,1.0
640.0,452.6072,579.2,1.0
640.0,460.7738,579.2,1.0
640.0,473.3378,579.2,1.0
640.0,523.5938,579.2,1.0
640.0,476.4788,579.2,1.0
640.0,489.671,579.2,1.0
640.0,494.0684,579.2,1.0
640.0,489.0428,579.2,1.0
640.0,485.2736,579.2,1.0
640.0,463.9148,579.2,1.0
640.0,514.1708,579.2,1.0
640.0,520.4528,570.92,1.0
640.0,455.12,570.92,1.0
640.0,467.0558,570.92,1.0
640.0,481.5044,570.92,1.0
640.0,468.3122,570.92,1.0
640.0,495.953,570.92,1.0
640.0,472.7096,570.92,1.0
640.0,527.3629999999999,570.92,1.0
640.0,509.1452,570.92,1.0
640.0,490.2992,570.92,1.0
640.0,506.0042,570.92,1.0
640.0,507.2606,570.92,1.0
640.0,475.8506,570.92,1.0
640.0,471.4532,570.92,1.0
640.0,487.7864,570.92,1.0
640.0,502.8632,570.92,1.0
640.0,489.0428,570.92,1.0
640.0,457.0046,570.92,1.0
640.0,471.4532,570.92,1.0
640.0,485.2736,570.92,1.0
640.0,485.2736,570.92,1.0
640.0,523.5938,570.92,1.0
640.0,460.1456,570.92,1.0
640.0,495.953,570.92,1.0
640.0,514.799,570.92,1.0
640.0,529.2475999999999,570.92,1.0
640.0,478.9916,570.92,1.0
640.0,495.953,570.92,1.0
640.0,497.2094,570.92,1.0
640.0,490.2992,570.92,1.0
640.0,484.6454,570.92,1.0
640.0,494.6966,570.92,1.0
640.0,438.7868,570.92,1.0
640.0,499.094,570.92,1.0
640.0,489.0428,570.92,1.0
640.0,482.1326,570.92,1.0
640.0,524.8502,570.92,1.0
640.0,473.966,570.92,1.0
640.0,478.9916,570.92,1.0
640.0,524.222,570.92,1.0
640.0,470.825,570.92,1.0
640.0,475.8506,570.92,1.0
640.0,484.0172,570.92,1.0
640.0,502.235,570.92,1.0
640.0,490.2992,570.92,1.0
640.0,462.0302,570.92,1.0
640.0,476.4788,570.92,1.0
640.0,475.2224,570.92,1.0
640.0,485.2736,570.92,1.0
640.0,494.6966,570.92,1.0
640.0,494.6966,570.92,1.0
640.0,453.2354,570.92,1.0
640.0,506.6324,570.92,1.0
640.0,491.5556,570.92,1.0
640.0,512.9144,570.92,1.0
640.0,494.6966,570.92,1.0
640.0,507.2606,570.92,1.0
640.0,495.3248,570.92,1.0
640.0,511.658,570.92,1.0
640.0,496.5812,570.92,1.0
640.0,484.6454,570.92,1.0
640.0,529.2475999999999,570.92,1.0
640.0,503.4914,570.92,1.0
640.0,497.2094,570.92,1.0
640.0,462.6584,570.92,1.0
640.0,462.0302,570.92,1.0
640.0,492.1838,570.92,1.0
640.0,489.0428,570.92,1.0
640.0,475.2224,570.92,1.0
640.0,489.0428,570.92,1.0
640.0,516.6836,570.92,1.0
640.0,499.7222,570.92,1.0
640.0,465.1712,570.92,1.0
640.0,484.6454,570.92,1.0
640.0,471.4532,570.92,1.0
609.8400000000001,449.0532,582.74,1.4
640.0,447.8904,582.74,1.0
640.0,433.9368,582.74,1.0
640.0,453.7044,582.74,1.0
640.0,446.1462,582.74,1.0
640.0,404.8668,582.74,1.0
414.72,492.0768,582.74,0.8
640.0,475.2162,582.74,1.0
414.72,449.6346,582.74,0.8
640.0,456.6114,582.74,1.0
414.72,435.681,582.74,0.8
640.0,485.6814,582.74,1.0
414.72,489.1698,582.74,0.8
640.0,458.937,582.74,1.0
640.0,474.0534,582.74,1.0
640.0,458.937,582.74,1.0
640.0,432.774,582.74,1.0
640.0,449.0532,582.74,1.0
640.0,458.3556,582.74,1.0
640.0,447.8904,582.74,1.0
640.0,451.9602,582.74,1.0
640.0,454.2858,582.74,1.0
640.0,454.8672,582.74,1.0
414.72,457.1928,582.74,0.8
640.0,437.4252,582.74,1.0
414.72,443.2392,582.74,0.8
640.0,433.3554,582.74,1.0
414.72,472.8906,582.74,0.8
640.0,419.4018,582.74,1.0
640.0,476.379,582.74,1.0
640.0,480.4488,582.74,1.0
640.0,450.7974,582.74,1.0
640.0,410.6808,582.74,1.0
640.0,449.6346,582.74,1.0
640.0,454.8672,582.74,1.0
640.0,438.588,582.74,1.0
640.0,447.309,582.74,1.0
640.0,482.7744,582.74,1.0
640.0,467.658,582.74,1.0
640.0,439.7508,582.74,1.0
640.0,428.1228,582.74,1.0
640.0,450.216,582.74,1.0
640.0,452.5416,582.74,1.0
640.0,464.751,582.74,1.0
640.0,446.7276,582.74,1.0
640.0,464.751,582.74,1.0
640.0,489.7512,582.74,1.0
640.0,469.9836,582.74,1.0
640.0,455.4486,582.74,1.0
640.0,453.123,582.74,1.0
640.0,449.6346,582.74,1.0
640.0,476.379,582.74,1.0
640.0,444.9834,582.74,1.0
640.0,456.6114,582.74,1.0
640.0,457.1928,582.74,1.0
640.0,447.309,582.74,1.0
640.0,432.1926,582.74,1.0
640.0,461.844,582.74,1.0
640.0,454.8672,582.74,1.0
640.0,464.751,582.74,1.0
640.0,446.7276,582.74,1.0
640.0,477.5418,582.74,1.0
640.0,440.9136,582.74,1.0
640.0,485.6814,582.74,1.0
640.0,425.7972,582.74,1.0
640.0,463.5882,582.74,1.0
640.0,464.1696,582.74,1.0
640.0,442.0764,582.74,1.0
640.0,463.5882,582.74,1.0
640.0,478.1232,582.74,1.0
640.0,417.0762,582.74,1.0
640.0,464.751,582.74,1.0
640.0,412.425,582.74,1.0
640.0,439.1694,582.74,1.0
640.0,484.5186,534.28,1.0
414.72,446.1462,534.28,0.8
414.72,435.681,534.28,0.8
414.72,452.5416,534.28,0.8
414.72,492.0768,534.28,0.8
414.72,424.053,534.28,0.8
414.72,437.4252,534.28,0.8
414.72,482.193,534.28,0.8
414.72,488.5884,534.28,0.8
414.72,454.2858,534.28,0.8
414.72,434.5182,534.28,0.8
414.72,492.6582,534.28,0.8
414.72,483.9372,534.28,0.8
414.72,467.658,534.28,0.8
414.72,442.0764,534.28,0.8
414.72,455.4486,534.28,0.8
414.72,453.123,534.28,0.8
414.72,461.844,534.28,0.8
414.72,481.6116,534.28,0.8
414.72,471.1464,534.28,0.8
414.72,437.4252,534.28,0.8
414.72,479.8674,534.28,0.8
414.72,461.2626,534.28,0.8
414.72,468.2394,534.28,0.8
414.72,481.6116,534.28,0.8
414.72,436.8438,534.28,0.8
414.72,455.4486,534.28,0.8
414.72,446.7276,534.28,0.8
414.72,428.7042,534.28,0.8
414.72,461.844,534.28,0.8
414.72,499.635,534.28,0.8
414.72,424.053,534.28,0.8
414.72,455.4486,534.28,0.8
414.72,467.0766,534.28,0.8
414.72,458.3556,534.28,0.8
414.72,454.2858,534.28,0.8
414.72,433.3554,534.28,0.8
414.72,460.0998,534.28,0.8
414.72,442.6578,534.28,0.8
414.72,417.6576,534.28,0.8
414.72,476.9604,534.28,0.8
414.72,472.8906,534.28,0.8
414.72,457.1928,534.28,0.8
414.72,460.0998,534.28,0.8
414.72,474.6348,534.28,0.8
414.72,460.0998,534.28,0.8
414.72,471.7278,534.28,0.8
414.72,450.7974,534.28,0.8
414.72,478.7046,534.28,0.8
414.72,461.844,534.28,0.8
414.72,459.5184,534.28,0.8
414.72,433.9368,534.28,0.8
414.72,461.2626,534.28,0.8
414.72,441.495,534.28,0.8
414.72,444.9834,534.28,0.8
414.72,442.0764,534.28,0.8
414.72,437.4252,534.28,0.8
414.72,493.2396,534.28,0.8
414.72,479.286,534.28,0.8
414.72,489.7512,534.28,0.8
640.0,434.5182,534.28,1.0
414.72,457.1928,534.28,0.8
414.72,433.3554,534.28,0.8
414.72,443.8206,534.28,0.8
414.72,439.7508,534.28,0.8
414.72,477.5418,534.28,0.8
414.72,449.0532,534.28,0.8
414.72,474.6348,534.28,0.8
414.72,466.4952,534.28,0.8
414.72,496.1466,534.28,0.8
414.72,430.4484,534.28,0.8
414.72,478.1232,534.28,0.8
414.72,475.7976,534.28,0.8
414.72,439.1694,534.28,0.8
414.72,473.472,534.28,0.8
414.72,461.844,559.1,0.8
640.0,451.9602,559.1,1.0
414.72,441.495,559.1,0.8
414.72,443.2392,559.1,0.8
414.72,491.4954,559.1,0.8
414.72,456.03,559.1,0.8
414.72,469.4022,559.1,0.8
640.0,442.0764,559.1,1.0
414.72,442.6578,559.1,0.8
414.72,474.6348,559.1,0.8
414.72,432.774,559.1,0.8
414.72,449.0532,559.1,0.8
414.72,456.6114,559.1,0.8
414.72,457.7742,559.1,0.8
414.72,453.123,559.1,0.8
414.72,463.0068,559.1,0.8
640.0,468.2394,559.1,1.0
414.72,468.8208,559.1,0.8
640.0,438.588,559.1,1.0
414.72,450.7974,559.1,0.8
640.0,476.9604,559.1,1.0
414.72,471.7278,559.1,0.8
640.0,432.1926,559.1,1.0
414.72,462.4254,559.1,0.8
640.0,421.7274,559.1,1.0
414.72,456.6114,559.1,0.8
640.0,489.1698,559.1,1.0
414.72,439.7508,559.1,0.8
414.72,441.495,559.1,0.8
414.72,469.4022,559.1,0.8
414.72,429.2856,559.1,0.8
414.72,444.9834,559.1,0.8
414.72,466.4952,559.1,0.8
414.72,444.9834,559.1,0.8
414.72,451.9602,559.1,0.8
414.72,468.8208,559.1,0.8
640.0,463.5882,559.1,1.0
414.72,460.6812,559.1,0.8
414.72,450.216,559.1,0.8
414.72,462.4254,559.1,0.8
414.72,453.7044,559.1,0.8
414.72,464.1696,559.1,0.8
414.72,447.309,559.1,0.8
414.72,453.123,559.1,0.8
414.72,438.588,559.1,0.8
414.72,455.4486,559.1,0.8
414.72,442.0764,559.1,0.8
414.72,436.8438,559.1,0.8
414.72,460.6812,559.1,0.8
414.72,459.5184,559.1,0.8
414.72,469.4022,559.1,0.8
414.72,448.4718,559.1,0.8
414.72,463.0068,559.1,0.8
414.72,465.9138,559.1,0.8
414.72,463.5882,559.1,0.8
414.72,441.495,559.1,0.8
414.72,458.3556,559.1,0.8
414.72,462.4254,559.1,0.8
414.72,456.03,559.1,0.8
414.72,419.4018,559.1,0.8
414.72,458.937,559.1,0.8
640.0,494.4024,559.1,1.0
414.72,449.6346,559.1,0.8
640.0,443.2392,559.1,1.0
414.72,462.4254,559.1,0.8
640.0,461.2626,559.1,1.0
414.72,476.9604,559.1,0.8
640.0,433.9368,559.1,1.0
414.72,468.8208,559.1,0.8
640.0,466.4952,559.1,1.0
640.0,453.7044,559.1,1.0
640.0,461.844,559.1,1.0
640.0,474.0534,559.1,1.0
640.0,471.1464,559.1,1.0
640.0,436.2624,559.1,1.0
609.8400000000001,567.7810000000001,589.83,1.4
640.0,570.599,589.83,1.0
640.0,570.599,589.83,1.0
640.0,565.6675,589.83,1.0
640.0,594.552,589.83,1.0
640.0,567.0765,589.83,1.0
640.0,545.2370000000001,589.83,1.0
640.0,560.7360000000001,589.83,1.0
640.0,572.7125000000001,589.83,1.0
640.0,595.2565000000001,589.83,1.0
640.0,581.8710000000001,589.83,1.0
640.0,550.873,589.83,1.0
640.0,622.0275,589.83,1.0
640.0,574.826,589.83,1.0
640.0,595.961,589.83,1.0
640.0,565.6675,589.83,1.0
640.0,580.4620000000001,589.83,1.0
640.0,586.8025,589.83,1.0
640.0,595.2565000000001,589.83,1.0
640.0,591.734,589.83,1.0
640.0,587.5070000000001,589.83,1.0
640.0,562.8495,589.83,1.0
640.0,557.2135000000001,589.83,1.0
640.0,576.235,589.83,1.0
640.0,588.916,589.83,1.0
640.0,564.2585,589.83,1.0
640.0,591.734,589.83,1.0
640.0,600.1880000000001,589.83,1.0
640.0,550.1685,589.83,1.0
640.0,551.5775000000001,589.83,1.0
640.0,566.3720000000001,589.83,1.0
640.0,575.5305000000001,589.83,1.0
640.0,557.918,589.83,1.0
640.0,598.0745000000001,589.83,1.0
640.0,578.3485000000001,589.83,1.0
640.0,569.8945000000001,589.83,1.0
640.0,538.8965000000001,589.83,1.0
640.0,541.7145,589.83,1.0
640.0,574.826,589.83,1.0
640.0,524.1020000000001,589.83,1.0
640.0,590.325,589.83,1.0
640.0,565.6675,589.83,1.0
640.0,637.5265,589.83,1.0
640.0,617.8005,589.83,1.0
640.0,565.6675,589.83,1.0
640.0,567.0765,589.83,1.0
640.0,590.325,589.83,1.0
640.0,605.1195,589.83,1.0
640.0,534.6695000000001,589.83,1.0
640.0,531.147,589.83,1.0
640.0,555.8045000000001,589.83,1.0
640.0,581.1665,589.83,1.0
640.0,579.7575,589.83,1.0
640.0,591.734,589.83,1.0
640.0,543.8280000000001,589.83,1.0
640.0,520.5795,589.83,1.0
640.0,587.5070000000001,589.83,1.0
640.0,551.5775000000001,589.83,1.0
640.0,526.2155,589.83,1.0
640.0,572.008,589.83,1.0
640.0,586.0980000000001,589.83,1.0
640.0,566.3720000000001,589.83,1.0
640.0,559.327,589.83,1.0
640.0,565.6675,589.83,1.0
640.0,561.4405,589.83,1.0
640.0,541.0100000000001,589.83,1.0
640.0,554.3955000000001,589.83,1.0
640.0,580.4620000000001,589.83,1.0
640.0,576.235,589.83,1.0
640.0,572.7125000000001,589.83,1.0
640.0,548.0550000000001,589.83,1.0
640.0,565.6675,589.83,1.0
640.0,523.3975,589.83,1.0
640.0,572.7125000000001,589.83,1.0
640.0,599.4835,722.22,1.0
640.0,538.192,722.22,1.0
640.0,556.509,722.22,1.0
640.0,576.235,722.22,1.0
640.0,595.961,722.22,1.0
640.0,560.0315,722.22,1.0
640.0,554.3955000000001,722.22,1.0
640.0,527.6245,722.22,1.0
640.0,571.3035000000001,722.22,1.0
640.0,612.1645000000001,722.22,1.0
640.0,574.826,722.22,1.0
640.0,568.4855,722.22,1.0
640.0,576.235,722.22,1.0
640.0,569.19,722.22,1.0
640.0,552.282,722.22,1.0
640.0,586.8025,722.22,1.0
640.0,574.1215000000001,722.22,1.0
640.0,569.8945000000001,722.22,1.0
640.0,548.7595,722.22,1.0
640.0,596.6655000000001,722.22,1.0
640.0,583.2800000000001,722.22,1.0
640.0,557.2135000000001,722.22,1.0
640.0,590.325,722.22,1.0
640.0,558.6225000000001,722.22,1.0
640.0,552.9865000000001,722.22,1.0
640.0,552.9865000000001,722.22,1.0
640.0,531.8515000000001,722.22,1.0
640.0,579.0530000000001,722.22,1.0
640.0,530.4425000000001,722.22,1.0
640.0,543.1235,722.22,1.0
640.0,525.5110000000001,722.22,1.0
640.0,567.0765,722.22,1.0
640.0,565.6675,722.22,1.0
640.0,562.1450000000001,722.22,1.0
640.0,547.3505,722.22,1.0
640.0,544.5325,722.22,1.0
640.0,579.0530000000001,722.22,1.0
640.0,557.2135000000001,722.22,1.0
640.0,575.5305000000001,722.22,1.0
640.0,550.1685,722.22,1.0
640.0,572.7125000000001,722.22,1.0
640.0,596.6655000000001,722.22,1.0
640.0,581.8710000000001,722.22,1.0
640.0,560.7360000000001,722.22,1.0
640.0,574.826,722.22,1.0
640.0,564.2585,722.22,1.0
640.0,569.19,722.22,1.0
640.0,562.1450000000001,722.22,1.0
640.0,565.6675,722.22,1.0
640.0,573.417,722.22,1.0
640.0,548.0550000000001,722.22,1.0
640.0,548.0550000000001,722.22,1.0
640.0,539.6010000000001,722.22,1.0
640.0,535.374,722.22,1.0
640.0,543.1235,722.22,1.0
640.0,572.7125000000001,722.22,1.0
640.0,550.1685,722.22,1.0
640.0,579.7575,722.22,1.0
640.0,569.8945000000001,722.22,1.0
640.0,527.6245,722.22,1.0
640.0,583.2800000000001,722.22,1.0
640.0,586.0980000000001,722.22,1.0
640.0,548.0550000000001,722.22,1.0
640.0,578.3485000000001,722.22,1.0
640.0,550.873,722.22,1.0
640.0,571.3035000000001,722.22,1.0
640.0,542.4190000000001,722.22,1.0
640.0,531.147,722.22,1.0
640.0,561.4405,722.22,1.0
640.0,566.3720000000001,722.22,1.0
640.0,560.7360000000001,722.22,1.0
640.0,543.8280000000001,722.22,1.0
640.0,560.7360000000001,722.22,1.0
640.0,574.826,722.22,1.0
640.0,568.4855,722.22,1.0
640.0,572.7125000000001,546.1,1.0
640.0,555.1,546.1,1.0
640.0,593.8475000000001,546.1,1.0
640.0,544.5325,546.1,1.0
640.0,579.7575,546.1,1.0
640.0,593.8475000000001,546.1,1.0
640.0,579.0530000000001,546.1,1.0
640.0,564.9630000000001,546.1,1.0
640.0,557.918,546.1,1.0
640.0,591.0295000000001,546.1,1.0
640.0,538.8965000000001,546.1,1.0
640.0,548.7595,546.1,1.0
640.0,560.7360000000001,546.1,1.0
640.0,595.2565000000001,546.1,1.0
640.0,576.9395000000001,546.1,1.0
640.0,548.7595,546.1,1.0
640.0,562.8495,546.1,1.0
640.0,556.509,546.1,1.0
640.0,554.3955000000001,546.1,1.0
640.0,589.6205000000001,546.1,1.0
640.0,540.3055,546.1,1.0
640.0,603.0060000000001,546.1,1.0
640.0,586.8025,546.1,1.0
640.0,592.4385000000001,546.1,1.0
640.0,559.327,546.1,1.0
640.0,566.3720000000001,546.1,1.0
640.0,538.8965000000001,546.1,1.0
640.0,557.918,546.1,1.0
640.0,579.7575,546.1,1.0
640.0,596.6655000000001,546.1,1.0
640.0,545.9415,546.1,1.0
640.0,561.4405,546.1,1.0
640.0,565.6675,546.1,1.0
640.0,539.6010000000001,546.1,1.0
640.0,581.8710000000001,546.1,1.0
640.0,553.691,546.1,1.0
640.0,564.9630000000001,546.1,1.0
640.0,559.327,546.1,1.0
640.0,552.282,546.1,1.0
640.0,569.19,546.1,1.0
640.0,564.9630000000001,546.1,1.0
640.0,561.4405,546.1,1.0
640.0,553.691,546.1,1.0
640.0,576.235,546.1,1.0
640.0,604.4150000000001,546.1,1.0
640.0,572.008,546.1,1.0
640.0,590.325,546.1,1.0
640.0,539.6010000000001,546.1,1.0
640.0,572.7125000000001,546.1,1.0
640.0,545.9415,546.1,1.0
640.0,538.192,546.1,1.0
640.0,553.691,546.1,1.0
640.0,594.552,546.1,1.0
640.0,589.6205000000001,546.1,1.0
640.0,574.1215000000001,546.1,1.0
640.0,536.783,546.1,1.0
640.0,564.9630000000001,546.1,1.0
640.0,575.5305000000001,546.1,1.0
640.0,572.7125000000001,546.1,1.0
640.0,530.4425000000001,546.1,1.0
640.0,550.1685,546.1,1.0
640.0,567.7810000000001,546.1,1.0
640.0,580.4620000000001,546.1,1.0
640.0,522.6930000000001,546.1,1.0
640.0,565.6675,546.1,1.0
640.0,572.008,546.1,1.0
640.0,586.8025,546.1,1.0
640.0,583.9845,546.1,1.0
640.0,581.1665,546.1,1.0
640.0,552.282,546.1,1.0
640.0,529.0335,546.1,1.0
640.0,560.7360000000001,546.1,1.0
640.0,590.325,546.1,1.0
640.0,598.779,546.1,1.0
640.0,583.9845,546.1,1.0
609.8400000000001,509.2024,578.01,1.4
640.0,487.1272,578.01,1.0
640.0,497.3764,578.01,1.0
640.0,539.9499999999999,578.01,1.0
640.0,478.4548,578.01,1.0
640.0,538.3732,578.01,1.0
640.0,492.646,578.01,1.0
640.0,532.066,578.01,1.0
640.0,467.4172,578.01,1.0
640.0,514.7212,578.01,1.0
640.0,483.1852,578.01,1.0
640.0,467.4172,578.01,1.0
640.0,506.0488,578.01,1.0
640.0,524.182,578.01,1.0
640.0,480.82,578.01,1.0
640.0,465.052,578.01,1.0
640.0,498.1648,578.01,1.0
640.0,498.1648,578.01,1.0
640.0,513.1444,578.01,1.0
640.0,522.6052,578.01,1.0
640.0,498.9532,578.01,1.0
640.0,544.6804,578.01,1.0
640.0,506.0488,578.01,1.0
640.0,492.646,578.01,1.0
640.0,462.6868,578.01,1.0
640.0,494.2228,578.01,1.0
640.0,492.646,578.01,1.0
640.0,523.3936,578.01,1.0
640.0,511.5676,578.01,1.0
640.0,472.936,578.01,1.0
640.0,504.472,578.01,1.0
640.0,516.298,578.01,1.0
640.0,536.7964,578.01,1.0
640.0,521.8168,578.01,1.0
640.0,518.6632,578.01,1.0
640.0,502.1068,578.01,1.0
640.0,509.9908,578.01,1.0
640.0,529.7008,578.01,1.0
640.0,468.994,578.01,1.0
640.0,492.646,578.01,1.0
640.0,482.3968,578.01,1.0
640.0,509.2024,578.01,1.0
640.0,529.7008,578.01,1.0
640.0,486.3388,578.01,1.0
640.0,443.7652,578.01,1.0
640.0,491.0692,578.01,1.0
640.0,521.8168,578.01,1.0
640.0,513.1444,578.01,1.0
640.0,510.7792,578.01,1.0
640.0,494.2228,578.01,1.0
640.0,470.5708,578.01,1.0
640.0,512.356,578.01,1.0
640.0,480.82,578.01,1.0
640.0,552.5644,578.01,1.0
640.0,513.9327999999999,578.01,1.0
640.0,487.1272,578.01,1.0
640.0,486.3388,578.01,1.0
640.0,498.1648,578.01,1.0
640.0,495.0112,578.01,1.0
640.0,527.3356,578.01,1.0
640.0,505.2604,578.01,1.0
640.0,483.1852,578.01,1.0
640.0,545.4688,578.01,1.0
640.0,501.3184,578.01,1.0
640.0,518.6632,578.01,1.0
640.0,486.3388,578.01,1.0
640.0,509.2024,578.01,1.0
640.0,507.6256,578.01,1.0
640.0,455.5912,578.01,1.0
640.0,547.834,578.01,1.0
640.0,531.2776,578.01,1.0
640.0,491.0692,578.01,1.0
640.0,474.5128,578.01,1.0
640.0,508.414,578.01,1.0
640.0,502.8952,621.75,1.0
640.0,509.2024,621.75,1.0
640.0,505.2604,621.75,1.0
640.0,512.356,621.75,1.0
640.0,534.4312,621.75,1.0
640.0,513.9327999999999,621.75,1.0
640.0,476.0896,621.75,1.0
640.0,532.8543999999999,621.75,1.0
640.0,539.1616,621.75,1.0
640.0,575.428,621.75,1.0
640.0,473.7244,621.75,1.0
640.0,506.0488,621.75,1.0
640.0,451.6492,621.75,1.0
640.0,513.9327999999999,621.75,1.0
640.0,487.9156,621.75,1.0
640.0,546.2572,621.75,1.0
640.0,482.3968,621.75,1.0
640.0,460.3216,621.75,1.0
640.0,489.4924,621.75,1.0
640.0,454.0144,621.75,1.0
640.0,518.6632,621.75,1.0
640.0,451.6492,621.75,1.0
640.0,501.3184,621.75,1.0
640.0,451.6492,621.75,1.0
640.0,492.646,621.75,1.0
640.0,539.1616,621.75,1.0
640.0,509.2024,621.75,1.0
640.0,480.0316,621.75,1.0
640.0,499.7416,621.75,1.0
640.0,501.3184,621.75,1.0
640.0,511.5676,621.75,1.0
640.0,468.2056,621.75,1.0
640.0,514.7212,621.75,1.0
640.0,436.6696,621.75,1.0
640.0,485.5504,621.75,1.0
640.0,488.704,621.75,1.0
640.0,515.5096,621.75,1.0
640.0,501.3184,621.75,1.0
640.0,467.4172,621.75,1.0
640.0,476.878,621.75,1.0
640.0,505.2604,621.75,1.0
640.0,498.9532,621.75,1.0
640.0,487.1272,621.75,1.0
640.0,489.4924,621.75,1.0
640.0,517.0864,621.75,1.0
640.0,487.9156,621.75,1.0
640.0,498.1648,621.75,1.0
640.0,551.776,621.75,1.0
640.0,466.6288,621.75,1.0
640.0,456.3796,621.75,1.0
640.0,519.4516,621.75,1.0
640.0,484.762,621.75,1.0
640.0,492.646,621.75,1.0
640.0,482.3968,621.75,1.0
640.0,494.2228,621.75,1.0
640.0,538.3732,621.75,1.0
640.0,519.4516,621.75,1.0
640.0,521.0283999999999,621.75,1.0
640.0,467.4172,621.75,1.0
640.0,472.936,621.75,1.0
640.0,433.516,621.75,1.0
640.0,481.6084,621.75,1.0
640.0,523.3936,621.75,1.0
640.0,513.1444,621.75,1.0
640.0,495.0112,621.75,1.0
640.0,499.7416,621.75,1.0
640.0,483.9736,621.75,1.0
640.0,505.2604,621.75,1.0
640.0,518.6632,621.75,1.0
640.0,462.6868,621.75,1.0
640.0,507.6256,621.75,1.0
640.0,522.6052,621.75,1.0
640.0,491.0692,621.75,1.0
640.0,517.0864,621.75,1.0
640.0,566.7556,621.75,1.0
640.0,498.1648,729.31,1.0
640.0,509.9908,729.31,1.0
640.0,483.1852,729.31,1.0
640.0,504.472,729.31,1.0
640.0,511.5676,729.31,1.0
640.0,505.2604,729.31,1.0
640.0,476.0896,729.31,1.0
640.0,505.2604,729.31,1.0
640.0,535.2196,729.31,1.0
640.0,510.7792,729.31,1.0
640.0,523.3936,729.31,1.0
640.0,495.0112,729.31,1.0
640.0,517.8747999999999,729.31,1.0
640.0,506.8372,729.31,1.0
640.0,477.6664,729.31,1.0
640.0,508.414,729.31,1.0
640.0,476.878,729.31,1.0
640.0,485.5504,729.31,1.0
640.0,505.2604,729.31,1.0
640.0,507.6256,729.31,1.0
640.0,472.1476,729.31,1.0
640.0,525.7588,729.31,1.0
640.0,513.9327999999999,729.31,1.0
640.0,483.9736,729.31,1.0
640.0,464.2636,729.31,1.0
640.0,497.3764,729.31,1.0
640.0,490.2808,729.31,1.0
640.0,502.8952,729.31,1.0
640.0,491.8576,729.31,1.0
640.0,453.226,729.31,1.0
640.0,491.0692,729.31,1.0
640.0,493.4344,729.31,1.0
640.0,515.5096,729.31,1.0
640.0,483.9736,729.31,1.0
640.0,539.9499999999999,729.31,1.0
640.0,455.5912,729.31,1.0
640.0,531.2776,729.31,1.0
640.0,495.0112,729.31,1.0
640.0,521.0283999999999,729.31,1.0
640.0,502.1068,729.31,1.0
640.0,527.3356,729.31,1.0
640.0,491.0692,729.31,1.0
640.0,474.5128,729.31,1.0
640.0,534.4312,729.31,1.0
640.0,498.1648,729.31,1.0
640.0,506.0488,729.31,1.0
640.0,529.7008,729.31,1.0
640.0,476.0896,729.31,1.0
640.0,514.7212,729.31,1.0
640.0,486.3388,729.31,1.0
640.0,497.3764,729.31,1.0
640.0,502.1068,729.31,1.0
640.0,465.052,729.31,1.0
640.0,482.3968,729.31,1.0
640.0,532.8543999999999,729.31,1.0
640.0,521.8168,729.31,1.0
640.0,498.9532,729.31,1.0
640.0,506.0488,729.31,1.0
640.0,493.4344,729.31,1.0
640.0,532.8543999999999,729.31,1.0
640.0,495.7996,729.31,1.0
640.0,506.0488,729.31,1.0
640.0,527.3356,729.31,1.0
640.0,482.3968,729.31,1.0
640.0,537.5848,729.31,1.0
640.0,464.2636,729.31,1.0
640.0,539.1616,729.31,1.0
640.0,491.8576,729.31,1.0
640.0,495.0112,729.31,1.0
640.0,455.5912,729.31,1.0
640.0,489.4924,729.31,1.0
640.0,476.0896,729.31,1.0
640.0,486.3388,729.31,1.0
640.0,497.3764,729.31,1.0
640.0,523.3936,729.31,1.0
609.8400000000001,504.5497,653.66,1.4
640.0,465.3511,653.66,1.0
640.0,471.8842,653.66,1.0
640.0,546.5482,653.66,1.0
640.0,475.6174,653.66,1.0
640.0,542.8149999999999,653.66,1.0
640.0,489.6169,653.66,1.0
640.0,496.15,653.66,1.0
640.0,526.0156,653.66,1.0
640.0,531.6154,653.66,1.0
640.0,493.3501,653.66,1.0
640.0,484.9504,653.66,1.0
640.0,494.2834,653.66,1.0
640.0,505.483,653.66,1.0
640.0,521.3491,653.66,1.0
640.0,496.15,653.66,1.0
640.0,513.8827,653.66,1.0
640.0,541.8817,653.66,1.0
640.0,506.4163,653.66,1.0
640.0,504.5497,653.66,1.0
640.0,453.2182,653.66,1.0
640.0,422.4193,653.66,1.0
640.0,507.3496,653.66,1.0
640.0,493.3501,653.66,1.0
640.0,482.1505,653.66,1.0
640.0,502.6831,653.66,1.0
640.0,494.2834,653.66,1.0
640.0,527.8822,653.66,1.0
640.0,498.9499,653.66,1.0
640.0,475.6174,653.66,1.0
640.0,524.149,653.66,1.0
640.0,489.6169,653.66,1.0
640.0,511.0828,653.66,1.0
640.0,483.0838,653.66,1.0
640.0,478.4173,653.66,1.0
640.0,498.9499,653.66,1.0
640.0,496.15,653.66,1.0
640.0,509.2162,653.66,1.0
640.0,488.6836,653.66,1.0
640.0,444.8185,653.66,1.0
640.0,484.0171,653.66,1.0
640.0,518.5491999999999,653.66,1.0
640.0,487.7503,653.66,1.0
640.0,489.6169,653.66,1.0
640.0,524.149,653.66,1.0
640.0,476.5507,653.66,1.0
640.0,453.2182,653.66,1.0
640.0,491.4835,653.66,1.0
640.0,482.1505,653.66,1.0
640.0,469.0843,653.66,1.0
640.0,491.4835,653.66,1.0
640.0,510.1495,653.66,1.0
640.0,496.15,653.66,1.0
640.0,504.5497,653.66,1.0
640.0,546.5482,653.66,1.0
640.0,486.817,653.66,1.0
640.0,503.6164,653.66,1.0
640.0,482.1505,653.66,1.0
640.0,472.8175,653.66,1.0
640.0,479.3506,653.66,1.0
640.0,483.0838,653.66,1.0
640.0,506.4163,653.66,1.0
640.0,561.481,653.66,1.0
640.0,476.5507,653.66,1.0
640.0,484.9504,653.66,1.0
640.0,494.2834,653.66,1.0
640.0,507.3496,653.66,1.0
640.0,503.6164,653.66,1.0
640.0,532.5486999999999,653.66,1.0
640.0,428.0191,653.66,1.0
640.0,428.9524,653.66,1.0
640.0,482.1505,653.66,1.0
640.0,526.9489,653.66,1.0
640.0,452.2849,653.66,1.0
640.0,412.153,641.84,1.0
640.0,512.0160999999999,641.84,1.0
640.0,502.6831,641.84,1.0
640.0,465.3511,641.84,1.0
640.0,468.151,641.84,1.0
640.0,469.0843,641.84,1.0
640.0,498.9499,641.84,1.0
640.0,478.4173,641.84,1.0
640.0,510.1495,641.84,1.0
640.0,415.8862,641.84,1.0
640.0,471.8842,641.84,1.0
640.0,464.4178,641.84,1.0
640.0,488.6836,641.84,1.0
640.0,481.2172,641.84,1.0
640.0,518.5491999999999,641.84,1.0
640.0,443.8852,641.84,1.0
640.0,497.0833,641.84,1.0
640.0,512.0160999999999,641.84,1.0
640.0,548.4148,641.84,1.0
640.0,483.0838,641.84,1.0
640.0,505.483,641.84,1.0
640.0,445.7518,641.84,1.0
640.0,428.9524,641.84,1.0
640.0,519.4825,641.84,1.0
640.0,496.15,641.84,1.0
640.0,528.8154999999999,641.84,1.0
640.0,457.8847,641.84,1.0
640.0,511.0828,641.84,1.0
640.0,548.4148,641.84,1.0
640.0,508.2829,641.84,1.0
640.0,503.6164,641.84,1.0
640.0,496.15,641.84,1.0
640.0,452.2849,641.84,1.0
640.0,534.4153,641.84,1.0
640.0,479.3506,641.84,1.0
640.0,510.1495,641.84,1.0
640.0,452.2849,641.84,1.0
640.0,463.4845,641.84,1.0
640.0,536.2819,641.84,1.0
640.0,486.817,641.84,1.0
640.0,537.2152,641.84,1.0
640.0,494.2834,641.84,1.0
640.0,444.8185,641.84,1.0
640.0,521.3491,641.84,1.0
640.0,479.3506,641.84,1.0
640.0,515.7493,641.84,1.0
640.0,497.0833,641.84,1.0
640.0,453.2182,641.84,1.0
640.0,500.8165,641.84,1.0
640.0,557.7478,641.84,1.0
640.0,510.1495,641.84,1.0
640.0,494.2834,641.84,1.0
640.0,526.0156,641.84,1.0
640.0,501.7498,641.84,1.0
640.0,501.7498,641.84,1.0
640.0,465.3511,641.84,1.0
640.0,502.6831,641.84,1.0
640.0,525.0823,641.84,1.0
640.0,472.8175,641.84,1.0
640.0,536.2819,641.84,1.0
640.0,493.3501,641.84,1.0
640.0,470.9509,641.84,1.0
640.0,524.149,641.84,1.0
640.0,487.7503,641.84,1.0
640.0,517.6159,641.84,1.0
640.0,487.7503,641.84,1.0
640.0,494.2834,641.84,1.0
640.0,510.1495,641.84,1.0
640.0,504.5497,641.84,1.0
640.0,440.152,641.84,1.0
640.0,464.4178,641.84,1.0
640.0,522.2823999999999,641.84,1.0
640.0,492.4168,641.84,1.0
640.0,481.2172,641.84,1.0
640.0,457.8847,641.84,1.0
640.0,466.2844,601.65,1.0
640.0,439.2187,601.65,1.0
640.0,493.3501,601.65,1.0
640.0,479.3506,601.65,1.0
640.0,469.0843,601.65,1.0
640.0,494.2834,601.65,1.0
640.0,506.4163,601.65,1.0
640.0,554.9479,601.65,1.0
640.0,454.1515,601.65,1.0
640.0,528.8154999999999,601.65,1.0
640.0,523.2157,601.65,1.0
640.0,474.6841,601.65,1.0
640.0,501.7498,601.65,1.0
640.0,483.0838,601.65,1.0
640.0,501.7498,601.65,1.0
640.0,538.1485,601.65,1.0
640.0,512.9494,601.65,1.0
640.0,510.1495,601.65,1.0
640.0,484.0171,601.65,1.0
640.0,454.1515,601.65,1.0
640.0,490.5502,601.65,1.0
640.0,529.7488,601.65,1.0
640.0,453.2182,601.65,1.0
640.0,466.2844,601.65,1.0
640.0,499.8832,601.65,1.0
640.0,468.151,601.65,1.0
640.0,473.7508,601.65,1.0
640.0,484.0171,601.65,1.0
640.0,457.8847,601.65,1.0
640.0,469.0843,601.65,1.0
640.0,515.7493,601.65,1.0
640.0,459.7513,601.65,1.0
640.0,451.3516,601.65,1.0
640.0,478.4173,601.65,1.0
640.0,516.6826,601.65,1.0
640.0,490.5502,601.65,1.0
640.0,483.0838,601.65,1.0
640.0,497.0833,601.65,1.0
640.0,447.6184,601.65,1.0
640.0,510.1495,601.65,1.0
640.0,507.3496,601.65,1.0
640.0,484.9504,601.65,1.0
640.0,524.149,601.65,1.0
640.0,464.4178,601.65,1.0
640.0,527.8822,601.65,1.0
640.0,500.8165,601.65,1.0
640.0,486.817,601.65,1.0
640.0,495.2167,601.65,1.0
640.0,493.3501,601.65,1.0
640.0,530.6821,601.65,1.0
640.0,466.2844,601.65,1.0
640.0,474.6841,601.65,1.0
640.0,525.0823,601.65,1.0
640.0,479.3506,601.65,1.0
640.0,521.3491,601.65,1.0
640.0,543.7483,601.65,1.0
640.0,484.9504,601.65,1.0
640.0,514.816,601.65,1.0
640.0,463.4845,601.65,1.0
640.0,517.6159,601.65,1.0
640.0,501.7498,601.65,1.0
640.0,509.2162,601.65,1.0
640.0,478.4173,601.65,1.0
640.0,449.485,601.65,1.0
640.0,510.1495,601.65,1.0
640.0,438.2854,601.65,1.0
640.0,486.817,601.65,1.0
640.0,522.2823999999999,601.65,1.0
640.0,501.7498,601.65,1.0
640.0,550.2814,601.65,1.0
640.0,525.0823,601.65,1.0
640.0,477.484,601.65,1.0
640.0,497.0833,601.65,1.0
640.0,495.2167,601.65,1.0
640.0,452.2849,601.65,1.0
609.8400000000001,605.8313,618.2,1.4
640.0,575.4229,618.2,1.0
640.0,618.2711,618.2,1.0
640.0,612.7423,618.2,1.0
640.0,583.0250000000001,618.2,1.0
640.0,625.8732,618.2,1.0
640.0,632.0931,618.2,1.0
640.0,622.4177000000001,618.2,1.0
640.0,610.6690000000001,618.2,1.0
640.0,630.0198,618.2,1.0
640.0,631.402,618.2,1.0
640.0,623.7999000000001,618.2,1.0
640.0,600.3025,618.2,1.0
640.0,623.1088000000001,618.2,1.0
640.0,642.4596,618.2,1.0
640.0,605.1402,618.2,1.0
640.0,661.1193000000001,618.2,1.0
640.0,606.5224000000001,618.2,1.0
640.0,618.2711,618.2,1.0
640.0,603.758,618.2,1.0
640.0,622.4177000000001,618.2,1.0
640.0,581.6428000000001,618.2,1.0
640.0,606.5224000000001,618.2,1.0
640.0,594.7737000000001,618.2,1.0
640.0,620.3444000000001,618.2,1.0
640.0,638.313,618.2,1.0
640.0,630.7109,618.2,1.0
640.0,568.5119000000001,618.2,1.0
640.0,659.7371,618.2,1.0
640.0,623.7999000000001,618.2,1.0
640.0,601.6847,618.2,1.0
640.0,621.0355000000001,618.2,1.0
640.0,621.0355000000001,618.2,1.0
640.0,603.758,618.2,1.0
640.0,621.7266000000001,618.2,1.0
640.0,605.1402,618.2,1.0
640.0,609.2868000000001,618.2,1.0
640.0,603.0669,618.2,1.0
640.0,587.8627,618.2,1.0
640.0,620.3444000000001,618.2,1.0
640.0,630.0198,618.2,1.0
640.0,627.9465,618.2,1.0
640.0,634.8575000000001,618.2,1.0
640.0,624.491,618.2,1.0
640.0,606.5224000000001,618.2,1.0
640.0,634.8575000000001,618.2,1.0
640.0,589.2449,618.2,1.0
640.0,598.9203,618.2,1.0
640.0,597.5381,618.2,1.0
640.0,639.6952,618.2,1.0
640.0,636.9308000000001,618.2,1.0
640.0,627.9465,618.2,1.0
640.0,639.6952,618.2,1.0
640.0,599.6114,618.2,1.0
640.0,624.491,618.2,1.0
640.0,614.8156,618.2,1.0
640.0,634.8575000000001,618.2,1.0
640.0,615.5067,618.2,1.0
640.0,609.2868000000001,618.2,1.0
640.0,628.6376,618.2,1.0
640.0,635.5486000000001,618.2,1.0
640.0,603.758,618.2,1.0
640.0,616.1978,618.2,1.0
640.0,595.4648000000001,618.2,1.0
640.0,565.7475000000001,618.2,1.0
640.0,621.7266000000001,618.2,1.0
640.0,630.0198,618.2,1.0
640.0,623.1088000000001,618.2,1.0
640.0,577.4962,618.2,1.0
640.0,609.9779000000001,618.2,1.0
640.0,571.2763,618.2,1.0
640.0,645.9151,618.2,1.0
640.0,594.7737000000001,618.2,1.0
640.0,643.8418,618.2,1.0
640.0,636.9308000000001,770.69,1.0
640.0,598.9203,770.69,1.0
640.0,594.0826000000001,770.69,1.0
640.0,625.1821,770.69,1.0
640.0,600.3025,770.69,1.0
640.0,619.6533000000001,770.69,1.0
640.0,607.9046000000001,770.69,1.0
640.0,580.9517000000001,770.69,1.0
640.0,571.2763,770.69,1.0
640.0,622.4177000000001,770.69,1.0
640.0,605.8313,770.69,1.0
640.0,605.8313,770.69,1.0
640.0,632.0931,770.69,1.0
640.0,641.7685,770.69,1.0
640.0,612.0512,770.69,1.0
640.0,610.6690000000001,770.69,1.0
640.0,627.9465,770.69,1.0
640.0,589.2449,770.69,1.0
640.0,622.4177000000001,770.69,1.0
640.0,629.3287,770.69,1.0
640.0,631.402,770.69,1.0
640.0,577.4962,770.69,1.0
640.0,601.6847,770.69,1.0
640.0,599.6114,770.69,1.0
640.0,619.6533000000001,770.69,1.0
640.0,627.2554,770.69,1.0
640.0,648.6795000000001,770.69,1.0
640.0,607.2135000000001,770.69,1.0
640.0,607.2135000000001,770.69,1.0
640.0,641.0774,770.69,1.0
640.0,623.7999000000001,770.69,1.0
640.0,643.8418,770.69,1.0
640.0,623.7999000000001,770.69,1.0
640.0,593.3915000000001,770.69,1.0
640.0,589.936,770.69,1.0
640.0,585.0983,770.69,1.0
640.0,631.402,770.69,1.0
640.0,642.4596,770.69,1.0
640.0,655.5905,770.69,1.0
640.0,634.8575000000001,770.69,1.0
640.0,641.7685,770.69,1.0
640.0,605.8313,770.69,1.0
640.0,593.3915000000001,770.69,1.0
640.0,635.5486000000001,770.69,1.0
640.0,626.5643,770.69,1.0
640.0,619.6533000000001,770.69,1.0
640.0,625.8732,770.69,1.0
640.0,624.491,770.69,1.0
640.0,644.5329,770.69,1.0
640.0,644.5329,770.69,1.0
640.0,628.6376,770.69,1.0
640.0,634.8575000000001,770.69,1.0
640.0,627.9465,770.69,1.0
640.0,607.9046000000001,770.69,1.0
640.0,633.4753000000001,770.69,1.0
640.0,588.5538,770.69,1.0
640.0,639.6952,770.69,1.0
640.0,592.7004000000001,770.69,1.0
640.0,623.7999000000001,770.69,1.0
640.0,600.3025,770.69,1.0
640.0,629.3287,770.69,1.0
640.0,616.8889,770.69,1.0
640.0,584.4072000000001,770.69,1.0
640.0,626.5643,770.69,1.0
640.0,605.8313,770.69,1.0
640.0,635.5486000000001,770.69,1.0
640.0,617.58,770.69,1.0
640.0,625.8732,770.69,1.0
640.0,597.5381,770.69,1.0
640.0,605.1402,770.69,1.0
640.0,607.9046000000001,770.69,1.0
640.0,635.5486000000001,770.69,1.0
640.0,652.135,770.69,1.0
640.0,600.9936,770.69,1.0
640.0,639.6952,770.69,1.0
640.0,572.6585,651.3,1.0
640.0,592.7004000000001,651.3,1.0
640.0,597.5381,651.3,1.0
640.0,589.2449,651.3,1.0
640.0,584.4072000000001,651.3,1.0
640.0,625.8732,651.3,1.0
640.0,613.4334,651.3,1.0
640.0,625.1821,651.3,1.0
640.0,632.0931,651.3,1.0
640.0,623.1088000000001,651.3,1.0
640.0,631.402,651.3,1.0
640.0,616.1978,651.3,1.0
640.0,592.7004000000001,651.3,1.0
640.0,639.6952,651.3,1.0
640.0,605.1402,651.3,1.0
640.0,598.2292,651.3,1.0
640.0,614.1245,651.3,1.0
640.0,598.9203,651.3,1.0
640.0,608.5957000000001,651.3,1.0
640.0,624.491,651.3,1.0
640.0,624.491,651.3,1.0
640.0,598.9203,651.3,1.0
640.0,607.2135000000001,651.3,1.0
640.0,639.6952,651.3,1.0
640.0,627.9465,651.3,1.0
640.0,660.4282000000001,651.3,1.0
640.0,641.7685,651.3,1.0
640.0,641.0774,651.3,1.0
640.0,588.5538,651.3,1.0
640.0,633.4753000000001,651.3,1.0
640.0,616.1978,651.3,1.0
640.0,605.8313,651.3,1.0
640.0,621.0355000000001,651.3,1.0
640.0,636.9308000000001,651.3,1.0
640.0,627.9465,651.3,1.0
640.0,599.6114,651.3,1.0
640.0,632.7842,651.3,1.0
640.0,604.4491,651.3,1.0
640.0,622.4177000000001,651.3,1.0
640.0,611.3601,651.3,1.0
640.0,612.7423,651.3,1.0
640.0,633.4753000000001,651.3,1.0
640.0,596.1559000000001,651.3,1.0
640.0,657.6638,651.3,1.0
640.0,579.5695000000001,651.3,1.0
640.0,605.1402,651.3,1.0
640.0,625.1821,651.3,1.0
640.0,630.0198,651.3,1.0
640.0,615.5067,651.3,1.0
640.0,616.1978,651.3,1.0
640.0,625.8732,651.3,1.0
640.0,612.7423,651.3,1.0
640.0,646.6062000000001,651.3,1.0
640.0,634.8575000000001,651.3,1.0
640.0,635.5486000000001,651.3,1.0
640.0,597.5381,651.3,1.0
640.0,616.1978,651.3,1.0
640.0,611.3601,651.3,1.0
640.0,596.8470000000001,651.3,1.0
640.0,625.1821,651.3,1.0
640.0,606.5224000000001,651.3,1.0
640.0,631.402,651.3,1.0
640.0,595.4648000000001,651.3,1.0
640.0,653.5172,651.3,1.0
640.0,598.9203,651.3,1.0
640.0,622.4177000000001,651.3,1.0
640.0,634.1664000000001,651.3,1.0
640.0,605.8313,651.3,1.0
640.0,635.5486000000001,651.3,1.0
640.0,592.0093,651.3,1.0
640.0,647.9884000000001,651.3,1.0
640.0,617.58,651.3,1.0
640.0,605.1402,651.3,1.0
640.0,611.3601,651.3,1.0
640.0,634.1664000000001,651.3,1.0
609.8400000000001,620.1398,592.2,1.4
640.0,628.3013,592.2,1.0
640.0,613.0665,592.2,1.0
640.0,662.0355,592.2,1.0
640.0,622.8603,592.2,1.0
640.0,645.7125,592.2,1.0
640.0,635.3746,592.2,1.0
640.0,615.787,592.2,1.0
640.0,632.11,592.2,1.0
640.0,645.1684,592.2,1.0
640.0,628.8454,592.2,1.0
640.0,651.6976,592.2,1.0
640.0,648.9771000000001,592.2,1.0
640.0,647.3448,592.2,1.0
640.0,624.4926,592.2,1.0
640.0,614.6988,592.2,1.0
640.0,622.3162,592.2,1.0
640.0,635.3746,592.2,1.0
640.0,640.8156,592.2,1.0
640.0,596.7435,592.2,1.0
640.0,632.11,592.2,1.0
640.0,634.8305,592.2,1.0
640.0,627.7572,592.2,1.0
640.0,653.3299000000001,592.2,1.0
640.0,639.1833,592.2,1.0
640.0,653.3299000000001,592.2,1.0
640.0,628.8454,592.2,1.0
640.0,647.3448,592.2,1.0
640.0,658.7709,592.2,1.0
640.0,653.3299000000001,592.2,1.0
640.0,614.1547,592.2,1.0
640.0,627.7572,592.2,1.0
640.0,626.669,592.2,1.0
640.0,640.2715000000001,592.2,1.0
640.0,643.5361,592.2,1.0
640.0,618.5075,592.2,1.0
640.0,633.1982,592.2,1.0
640.0,598.9199,592.2,1.0
640.0,655.5063,592.2,1.0
640.0,623.9485,592.2,1.0
640.0,633.1982,592.2,1.0
640.0,627.2131,592.2,1.0
640.0,650.6094,592.2,1.0
640.0,585.8615,592.2,1.0
640.0,632.11,592.2,1.0
640.0,630.4777,592.2,1.0
640.0,624.4926,592.2,1.0
640.0,660.4032,592.2,1.0
640.0,617.4193,592.2,1.0
640.0,644.6243000000001,592.2,1.0
640.0,638.0951,592.2,1.0
640.0,652.7858,592.2,1.0
640.0,621.2280000000001,592.2,1.0
640.0,620.1398,592.2,1.0
640.0,650.0653,592.2,1.0
640.0,639.1833,592.2,1.0
640.0,607.0814,592.2,1.0
640.0,623.4044,592.2,1.0
640.0,638.6392,592.2,1.0
640.0,645.7125,592.2,1.0
640.0,621.2280000000001,592.2,1.0
640.0,584.7733000000001,592.2,1.0
640.0,640.8156,592.2,1.0
640.0,611.9783,592.2,1.0
640.0,598.9199,592.2,1.0
640.0,585.8615,592.2,1.0
640.0,645.1684,592.2,1.0
640.0,634.2864,592.2,1.0
640.0,628.3013,592.2,1.0
640.0,654.9622,592.2,1.0
640.0,642.4479,592.2,1.0
640.0,658.2268,592.2,1.0
640.0,609.2578,592.2,1.0
640.0,631.5659,592.2,1.0
640.0,605.4491,529.55,1.0
640.0,628.3013,529.55,1.0
640.0,628.3013,529.55,1.0
640.0,642.4479,529.55,1.0
640.0,632.6541,529.55,1.0
640.0,642.4479,529.55,1.0
640.0,643.5361,529.55,1.0
640.0,667.4765,529.55,1.0
640.0,627.2131,529.55,1.0
640.0,616.8752000000001,529.55,1.0
640.0,635.9187000000001,529.55,1.0
640.0,619.0516,529.55,1.0
640.0,656.0504,529.55,1.0
640.0,627.7572,529.55,1.0
640.0,622.8603,529.55,1.0
640.0,624.4926,529.55,1.0
640.0,644.0802,529.55,1.0
640.0,629.3895,529.55,1.0
640.0,621.7721,529.55,1.0
640.0,659.315,529.55,1.0
640.0,617.9634,529.55,1.0
640.0,632.6541,529.55,1.0
640.0,642.992,529.55,1.0
640.0,605.4491,529.55,1.0
640.0,639.7274,529.55,1.0
640.0,614.6988,529.55,1.0
640.0,645.7125,529.55,1.0
640.0,616.3311,529.55,1.0
640.0,643.5361,529.55,1.0
640.0,650.0653,529.55,1.0
640.0,646.2566,529.55,1.0
640.0,636.4628,529.55,1.0
640.0,628.3013,529.55,1.0
640.0,622.8603,529.55,1.0
640.0,656.0504,529.55,1.0
640.0,620.6839,529.55,1.0
640.0,615.2429,529.55,1.0
640.0,642.992,529.55,1.0
640.0,619.0516,529.55,1.0
640.0,616.3311,529.55,1.0
640.0,608.7137,529.55,1.0
640.0,624.4926,529.55,1.0
640.0,631.0218,529.55,1.0
640.0,635.9187000000001,529.55,1.0
640.0,647.8889,529.55,1.0
640.0,640.8156,529.55,1.0
640.0,628.8454,529.55,1.0
640.0,628.8454,529.55,1.0
640.0,640.2715000000001,529.55,1.0
640.0,652.7858,529.55,1.0
640.0,634.2864,529.55,1.0
640.0,624.4926,529.55,1.0
640.0,615.787,529.55,1.0
640.0,608.7137,529.55,1.0
640.0,642.992,529.55,1.0
640.0,641.3597,529.55,1.0
640.0,641.3597,529.55,1.0
640.0,629.9336000000001,529.55,1.0
640.0,654.9622,529.55,1.0
640.0,623.9485,529.55,1.0
640.0,647.8889,529.55,1.0
640.0,631.5659,529.55,1.0
640.0,622.3162,529.55,1.0
640.0,641.9038,529.55,1.0
640.0,638.6392,529.55,1.0
640.0,638.0951,529.55,1.0
640.0,633.1982,529.55,1.0
640.0,631.5659,529.55,1.0
640.0,671.2852,529.55,1.0
640.0,651.6976,529.55,1.0
640.0,644.0802,529.55,1.0
640.0,633.7423,529.55,1.0
640.0,648.433,529.55,1.0
640.0,640.8156,529.55,1.0
640.0,632.6541,529.55,1.0
640.0,627.2131,861.7,1.0
846.7200000000001,631.0218,861.7,1.2
846.7200000000001,580.4205000000001,861.7,1.2
640.0,635.3746,861.7,1.0
846.7200000000001,623.9485,861.7,1.2
846.7200000000001,658.2268,861.7,1.2
846.7200000000001,632.6541,861.7,1.2
846.7200000000001,612.5224000000001,861.7,1.2
846.7200000000001,631.5659,861.7,1.2
846.7200000000001,615.2429,861.7,1.2
846.7200000000001,639.7274,861.7,1.2
846.7200000000001,637.0069,861.7,1.2
846.7200000000001,647.8889,861.7,1.2
846.7200000000001,619.0516,861.7,1.2
846.7200000000001,632.6541,861.7,1.2
846.7200000000001,609.8019,861.7,1.2
846.7200000000001,643.5361,861.7,1.2
846.7200000000001,640.8156,861.7,1.2
846.7200000000001,640.2715000000001,861.7,1.2
846.7200000000001,632.11,861.7,1.2
846.7200000000001,638.6392,861.7,1.2
846.7200000000001,658.2268,861.7,1.2
846.7200000000001,627.2131,861.7,1.2
846.7200000000001,634.2864,861.7,1.2
846.7200000000001,614.1547,861.7,1.2
846.7200000000001,617.9634,861.7,1.2
846.7200000000001,633.7423,861.7,1.2
846.7200000000001,650.0653,861.7,1.2
846.7200000000001,627.7572,861.7,1.2
846.7200000000001,628.3013,861.7,1.2
846.7200000000001,625.5808000000001,861.7,1.2
846.7200000000001,623.4044,861.7,1.2
846.7200000000001,637.0069,861.7,1.2
846.7200000000001,607.6255,861.7,1.2
846.7200000000001,652.7858,861.7,1.2
846.7200000000001,621.2280000000001,861.7,1.2
846.7200000000001,644.0802,861.7,1.2
846.7200000000001,611.4342,861.7,1.2
846.7200000000001,642.992,861.7,1.2
846.7200000000001,642.992,861.7,1.2
846.7200000000001,638.6392,861.7,1.2
846.7200000000001,615.787,861.7,1.2
846.7200000000001,635.9187000000001,861.7,1.2
846.7200000000001,613.0665,861.7,1.2
846.7200000000001,627.7572,861.7,1.2
846.7200000000001,648.9771000000001,861.7,1.2
846.7200000000001,645.1684,861.7,1.2
846.7200000000001,632.11,861.7,1.2
846.7200000000001,616.3311,861.7,1.2
846.7200000000001,642.4479,861.7,1.2
846.7200000000001,632.6541,861.7,1.2
846.7200000000001,594.023,861.7,1.2
846.7200000000001,644.6243000000001,861.7,1.2
846.7200000000001,631.5659,861.7,1.2
846.7200000000001,651.6976,861.7,1.2
846.7200000000001,614.1547,861.7,1.2
846.7200000000001,580.4205000000001,861.7,1.2
846.7200000000001,636.4628,861.7,1.2
846.7200000000001,637.0069,861.7,1.2
846.7200000000001,604.3609,861.7,1.2
846.7200000000001,616.3311,861.7,1.2
846.7200000000001,677.2703,861.7,1.2
846.7200000000001,627.2131,861.7,1.2
846.7200000000001,644.0802,861.7,1.2
846.7200000000001,621.2280000000001,861.7,1.2
846.7200000000001,597.8317,861.7,1.2
846.7200000000001,629.3895,861.7,1.2
846.7200000000001,627.7572,861.7,1.2
846.7200000000001,625.5808000000001,861.7,1.2
846.7200000000001,630.4777,861.7,1.2
846.7200000000001,636.4628,861.7,1.2
846.7200000000001,629.3895,861.7,1.2
846.7200000000001,611.4342,861.7,1.2
846.7200000000001,640.2715000000001,861.7,1.2
846.7200000000001,600.5522,861.7,1.2
609.8400000000001,536.4572,717.49,1.4
640.0,531.224,717.49,1.0
640.0,518.5148,717.49,1.0
640.0,488.6108,717.49,1.0
640.0,504.3104,717.49,1.0
640.0,514.0292,717.49,1.0
640.0,484.1252,717.49,1.0
640.0,503.5628,717.49,1.0
640.0,534.962,717.49,1.0
640.0,552.1568,717.49,1.0
640.0,510.2912,717.49,1.0
640.0,537.2048,717.49,1.0
640.0,477.3968,717.49,1.0
640.0,534.962,717.49,1.0
640.0,502.0676,717.49,1.0
640.0,526.7384,717.49,1.0
640.0,514.7768,717.49,1.0
640.0,549.914,717.49,1.0
640.0,500.5724,717.49,1.0
640.0,534.2144,717.49,1.0
640.0,514.0292,717.49,1.0
640.0,516.2719999999999,717.49,1.0
640.0,515.5244,717.49,1.0
640.0,501.32,717.49,1.0
640.0,520.01,717.49,1.0
640.0,518.5148,717.49,1.0
640.0,525.2432,717.49,1.0
640.0,522.2528,717.49,1.0
640.0,537.9524,717.49,1.0
640.0,540.9428,717.49,1.0
640.0,496.0868,717.49,1.0
640.0,539.4476,717.49,1.0
640.0,493.0964,717.49,1.0
640.0,533.4668,717.49,1.0
640.0,534.2144,717.49,1.0
640.0,477.3968,717.49,1.0
640.0,522.2528,717.49,1.0
640.0,509.5436,717.49,1.0
640.0,502.8152,717.49,1.0
640.0,550.6616,717.49,1.0
640.0,505.058,717.49,1.0
640.0,502.0676,717.49,1.0
640.0,521.5052,717.49,1.0
640.0,535.7096,717.49,1.0
640.0,517.0196,717.49,1.0
640.0,546.176,717.49,1.0
640.0,531.9716,717.49,1.0
640.0,471.416,717.49,1.0
640.0,508.0484,717.49,1.0
640.0,507.3008,717.49,1.0
640.0,530.4764,717.49,1.0
640.0,460.9496,717.49,1.0
640.0,576.8276,717.49,1.0
640.0,531.9716,717.49,1.0
640.0,523.0004,717.49,1.0
640.0,546.176,717.49,1.0
640.0,572.342,717.49,1.0
640.0,539.4476,717.49,1.0
640.0,540.9428,717.49,1.0
640.0,523.0004,717.49,1.0
640.0,517.0196,717.49,1.0
640.0,509.5436,717.49,1.0
640.0,501.32,717.49,1.0
640.0,504.3104,717.49,1.0
640.0,489.3584,717.49,1.0
640.0,518.5148,717.49,1.0
640.0,481.8824,717.49,1.0
640.0,524.4956,717.49,1.0
640.0,519.2624,717.49,1.0
640.0,523.0004,717.49,1.0
640.0,508.0484,717.49,1.0
640.0,588.7891999999999,717.49,1.0
640.0,550.6616,717.49,1.0
640.0,492.3488,717.49,1.0
640.0,525.2432,509.46,1.0
640.0,506.5532,509.46,1.0
640.0,497.582,509.46,1.0
640.0,490.106,509.46,1.0
640.0,529.7288,509.46,1.0
640.0,505.058,509.46,1.0
640.0,541.6904,509.46,1.0
640.0,542.438,509.46,1.0
640.0,550.6616,509.46,1.0
640.0,500.5724,509.46,1.0
640.0,530.4764,509.46,1.0
640.0,534.2144,509.46,1.0
640.0,509.5436,509.46,1.0
640.0,502.8152,509.46,1.0
414.72,555.8948,509.46,0.8
640.0,525.2432,509.46,1.0
414.72,534.2144,509.46,0.8
640.0,501.32,509.46,1.0
414.72,492.3488,509.46,0.8
640.0,507.3008,509.46,1.0
414.72,517.0196,509.46,0.8
640.0,496.0868,509.46,1.0
414.72,520.01,509.46,0.8
640.0,481.8824,509.46,1.0
414.72,494.5916,509.46,0.8
640.0,534.962,509.46,1.0
414.72,533.4668,509.46,0.8
640.0,511.0388,509.46,1.0
640.0,496.8344,509.46,1.0
640.0,496.8344,509.46,1.0
640.0,511.7864,509.46,1.0
640.0,534.2144,509.46,1.0
640.0,540.9428,509.46,1.0
640.0,508.796,509.46,1.0
640.0,493.844,509.46,1.0
640.0,525.9908,509.46,1.0
640.0,501.32,509.46,1.0
640.0,508.0484,509.46,1.0
640.0,549.914,509.46,1.0
640.0,538.7,509.46,1.0
640.0,523.748,509.46,1.0
640.0,491.6012,509.46,1.0
640.0,524.4956,509.46,1.0
640.0,543.9331999999999,509.46,1.0
640.0,511.7864,509.46,1.0
640.0,550.6616,509.46,1.0
640.0,549.1664,509.46,1.0
640.0,557.39,509.46,1.0
640.0,526.7384,509.46,1.0
640.0,533.4668,509.46,1.0
640.0,551.4091999999999,509.46,1.0
640.0,529.7288,509.46,1.0
640.0,508.796,509.46,1.0
640.0,510.2912,509.46,1.0
640.0,525.2432,509.46,1.0
640.0,490.8536,509.46,1.0
640.0,517.0196,509.46,1.0
640.0,544.6808,509.46,1.0
640.0,470.6684,509.46,1.0
640.0,554.3996,509.46,1.0
640.0,545.4284,509.46,1.0
414.72,509.5436,509.46,0.8
640.0,531.9716,509.46,1.0
414.72,520.01,509.46,0.8
640.0,547.6712,509.46,1.0
414.72,541.6904,509.46,0.8
640.0,488.6108,509.46,1.0
414.72,533.4668,509.46,0.8
640.0,515.5244,509.46,1.0
414.72,521.5052,509.46,0.8
640.0,503.5628,509.46,1.0
414.72,558.8851999999999,509.46,0.8
640.0,543.1856,509.46,1.0
414.72,503.5628,509.46,0.8
640.0,490.106,509.46,1.0
414.72,511.0388,504.73,0.8
640.0,529.7288,504.73,1.0
414.72,525.2432,504.73,0.8
640.0,548.4188,504.73,1.0
414.72,537.9524,504.73,0.8
640.0,541.6904,504.73,1.0
414.72,527.486,504.73,0.8
640.0,488.6108,504.73,1.0
414.72,515.5244,504.73,0.8
640.0,543.9331999999999,504.73,1.0
414.72,518.5148,504.73,0.8
640.0,531.224,504.73,1.0
414.72,512.534,504.73,0.8
640.0,496.8344,504.73,1.0
414.72,517.0196,504.73,0.8
414.72,526.7384,504.73,0.8
414.72,505.058,504.73,0.8
414.72,514.7768,504.73,0.8
414.72,499.0772,504.73,0.8
640.0,545.4284,504.73,1.0
414.72,513.2816,504.73,0.8
640.0,552.9044,504.73,1.0
414.72,554.3996,504.73,0.8
640.0,518.5148,504.73,1.0
414.72,497.582,504.73,0.8
640.0,472.9112,504.73,1.0
414.72,487.1156,504.73,0.8
414.72,489.3584,504.73,0.8
414.72,550.6616,504.73,0.8
640.0,522.2528,504.73,1.0
414.72,528.9812,504.73,0.8
640.0,469.9208,504.73,1.0
414.72,493.0964,504.73,0.8
414.72,540.1952,504.73,0.8
414.72,526.7384,504.73,0.8
414.72,517.0196,504.73,0.8
640.0,532.7192,504.73,1.0
414.72,556.6424,504.73,0.8
640.0,514.7768,504.73,1.0
414.72,521.5052,504.73,0.8
640.0,524.4956,504.73,1.0
414.72,573.8371999999999,504.73,0.8
640.0,472.9112,504.73,1.0
414.72,534.962,504.73,0.8
640.0,517.7672,504.73,1.0
414.72,532.7192,504.73,0.8
640.0,505.058,504.73,1.0
414.72,519.2624,504.73,0.8
640.0,535.7096,504.73,1.0
414.72,589.5368,504.73,0.8
640.0,537.9524,504.73,1.0
414.72,501.32,504.73,0.8
640.0,510.2912,504.73,1.0
414.72,509.5436,504.73,0.8
640.0,479.6396,504.73,1.0
414.72,512.534,504.73,0.8
640.0,536.4572,504.73,1.0
640.0,491.6012,504.73,1.0
640.0,543.1856,504.73,1.0
640.0,531.224,504.73,1.0
640.0,503.5628,504.73,1.0
640.0,517.0196,504.73,1.0
640.0,555.8948,504.73,1.0
640.0,536.4572,504.73,1.0
640.0,520.01,504.73,1.0
640.0,514.7768,504.73,1.0
640.0,521.5052,504.73,1.0
640.0,508.796,504.73,1.0
640.0,472.9112,504.73,1.0
640.0,565.6136,504.73,1.0
640.0,523.748,504.73,1.0
640.0,528.9812,504.73,1.0
640.0,518.5148,504.73,1.0
640.0,503.5628,504.73,1.0
640.0,515.5244,504.73,1.0
609.8400000000001,553.6284,703.31,1.4
640.0,504.9294,703.31,1.0
640.0,507.71220000000005,703.31,1.0
640.0,516.0606,703.31,1.0
640.0,540.1782000000001,703.31,1.0
640.0,522.09,703.31,1.0
640.0,504.9294,703.31,1.0
640.0,539.7144000000001,703.31,1.0
640.0,532.2936000000001,703.31,1.0
640.0,529.5108,703.31,1.0
640.0,531.8298,703.31,1.0
640.0,555.4836,703.31,1.0
640.0,552.7008000000001,703.31,1.0
640.0,512.3502000000001,703.31,1.0
640.0,544.8162,703.31,1.0
640.0,527.1918000000001,703.31,1.0
640.0,529.047,703.31,1.0
640.0,498.4362,703.31,1.0
640.0,519.7710000000001,703.31,1.0
640.0,510.95880000000005,703.31,1.0
640.0,533.6850000000001,703.31,1.0
640.0,536.9316,703.31,1.0
640.0,493.3344,703.31,1.0
640.0,521.6262,703.31,1.0
640.0,537.8592,703.31,1.0
640.0,519.3072000000001,703.31,1.0
640.0,532.2936000000001,703.31,1.0
640.0,527.1918000000001,703.31,1.0
640.0,526.7280000000001,703.31,1.0
640.0,518.3796,703.31,1.0
640.0,505.3932,703.31,1.0
640.0,506.3208,703.31,1.0
640.0,531.8298,703.31,1.0
640.0,522.5538,703.31,1.0
640.0,520.2348000000001,703.31,1.0
640.0,516.0606,703.31,1.0
640.0,517.9158,703.31,1.0
640.0,536.4678,703.31,1.0
640.0,517.452,703.31,1.0
640.0,503.538,703.31,1.0
640.0,532.2936000000001,703.31,1.0
640.0,519.3072000000001,703.31,1.0
640.0,522.5538,703.31,1.0
640.0,544.3524,703.31,1.0
640.0,521.6262,703.31,1.0
640.0,526.2642000000001,703.31,1.0
640.0,505.857,703.31,1.0
640.0,518.8434000000001,703.31,1.0
640.0,530.4384,703.31,1.0
640.0,500.2914,703.31,1.0
640.0,524.8728,703.31,1.0
640.0,523.4814,703.31,1.0
640.0,522.5538,703.31,1.0
640.0,536.4678,703.31,1.0
640.0,526.7280000000001,703.31,1.0
640.0,542.4972,703.31,1.0
640.0,508.176,703.31,1.0
640.0,523.9452,703.31,1.0
640.0,523.4814,703.31,1.0
640.0,507.2484,703.31,1.0
640.0,535.5402,703.31,1.0
640.0,554.556,703.31,1.0
640.0,521.6262,703.31,1.0
640.0,529.047,703.31,1.0
640.0,523.4814,703.31,1.0
640.0,512.3502000000001,703.31,1.0
640.0,496.581,703.31,1.0
640.0,512.3502000000001,703.31,1.0
640.0,502.6104,703.31,1.0
640.0,545.7438000000001,703.31,1.0
640.0,520.6986,703.31,1.0
640.0,517.452,703.31,1.0
640.0,534.6126,703.31,1.0
640.0,506.3208,703.31,1.0
640.0,511.4226000000001,587.47,1.0
640.0,523.0176,587.47,1.0
640.0,536.4678,587.47,1.0
640.0,529.047,587.47,1.0
640.0,525.3366,587.47,1.0
640.0,523.0176,587.47,1.0
640.0,527.6556,587.47,1.0
640.0,524.8728,587.47,1.0
640.0,507.71220000000005,587.47,1.0
640.0,522.5538,587.47,1.0
640.0,507.2484,587.47,1.0
640.0,523.0176,587.47,1.0
640.0,515.5968,587.47,1.0
640.0,557.3388,587.47,1.0
640.0,521.6262,587.47,1.0
640.0,502.6104,587.47,1.0
640.0,520.2348000000001,587.47,1.0
640.0,529.5108,587.47,1.0
640.0,545.2800000000001,587.47,1.0
640.0,513.7416000000001,587.47,1.0
640.0,500.2914,587.47,1.0
640.0,533.6850000000001,587.47,1.0
640.0,503.0742,587.47,1.0
640.0,516.0606,587.47,1.0
640.0,518.3796,587.47,1.0
640.0,521.1624,587.47,1.0
640.0,531.8298,587.47,1.0
640.0,512.3502000000001,587.47,1.0
640.0,518.3796,587.47,1.0
640.0,522.09,587.47,1.0
640.0,523.9452,587.47,1.0
640.0,523.4814,587.47,1.0
640.0,528.1194,587.47,1.0
640.0,533.6850000000001,587.47,1.0
640.0,527.6556,587.47,1.0
640.0,528.5832,587.47,1.0
640.0,500.2914,587.47,1.0
640.0,523.0176,587.47,1.0
640.0,528.5832,587.47,1.0
640.0,532.2936000000001,587.47,1.0
640.0,512.3502000000001,587.47,1.0
640.0,512.8140000000001,587.47,1.0
640.0,514.2054,587.47,1.0
640.0,529.5108,587.47,1.0
640.0,536.4678,587.47,1.0
640.0,516.5244,587.47,1.0
640.0,534.6126,587.47,1.0
640.0,523.9452,587.47,1.0
640.0,520.2348000000001,587.47,1.0
640.0,519.3072000000001,587.47,1.0
640.0,532.2936000000001,587.47,1.0
640.0,526.7280000000001,587.47,1.0
640.0,553.6284,587.47,1.0
640.0,510.0312,587.47,1.0
640.0,529.5108,587.47,1.0
640.0,514.6692,587.47,1.0
640.0,510.0312,587.47,1.0
640.0,522.09,587.47,1.0
640.0,523.9452,587.47,1.0
640.0,562.9044,587.47,1.0
640.0,519.3072000000001,587.47,1.0
640.0,506.3208,587.47,1.0
640.0,525.8004000000001,587.47,1.0
640.0,493.3344,587.47,1.0
640.0,520.6986,587.47,1.0
640.0,522.09,587.47,1.0
640.0,533.2212000000001,587.47,1.0
640.0,535.5402,587.47,1.0
640.0,515.133,587.47,1.0
640.0,519.7710000000001,587.47,1.0
640.0,511.4226000000001,587.47,1.0
640.0,506.3208,587.47,1.0
640.0,526.2642000000001,587.47,1.0
640.0,504.46560000000005,587.47,1.0
640.0,516.5244,587.47,1.0
640.0,508.176,514.18,1.0
640.0,529.5108,514.18,1.0
640.0,547.1352,514.18,1.0
640.0,504.0018,514.18,1.0
640.0,496.1172,514.18,1.0
640.0,520.2348000000001,514.18,1.0
640.0,522.09,514.18,1.0
640.0,525.3366,514.18,1.0
640.0,516.0606,514.18,1.0
640.0,519.3072000000001,514.18,1.0
640.0,527.1918000000001,514.18,1.0
640.0,536.4678,514.18,1.0
640.0,494.7258000000001,514.18,1.0
640.0,516.9882,514.18,1.0
640.0,524.8728,514.18,1.0
640.0,509.1036,514.18,1.0
640.0,546.2076000000001,514.18,1.0
640.0,513.2778000000001,514.18,1.0
640.0,521.6262,514.18,1.0
640.0,529.9746,514.18,1.0
640.0,513.7416000000001,514.18,1.0
640.0,496.581,514.18,1.0
640.0,516.0606,514.18,1.0
640.0,536.4678,514.18,1.0
640.0,517.452,514.18,1.0
414.72,510.495,514.18,0.8
640.0,535.0764,514.18,1.0
640.0,517.452,514.18,1.0
640.0,515.133,514.18,1.0
640.0,523.9452,514.18,1.0
640.0,532.7574000000001,514.18,1.0
640.0,555.0198,514.18,1.0
640.0,533.6850000000001,514.18,1.0
640.0,538.323,514.18,1.0
640.0,515.133,514.18,1.0
640.0,507.71220000000005,514.18,1.0
640.0,523.0176,514.18,1.0
640.0,523.4814,514.18,1.0
640.0,507.2484,514.18,1.0
640.0,519.7710000000001,514.18,1.0
640.0,527.6556,514.18,1.0
640.0,527.1918000000001,514.18,1.0
640.0,529.047,514.18,1.0
640.0,526.2642000000001,514.18,1.0
640.0,515.133,514.18,1.0
640.0,515.133,514.18,1.0
640.0,505.3932,514.18,1.0
640.0,547.1352,514.18,1.0
640.0,522.09,514.18,1.0
640.0,518.8434000000001,514.18,1.0
640.0,509.1036,514.18,1.0
640.0,562.9044,514.18,1.0
640.0,507.2484,514.18,1.0
640.0,516.0606,514.18,1.0
640.0,527.6556,514.18,1.0
640.0,530.4384,514.18,1.0
640.0,535.5402,514.18,1.0
640.0,547.1352,514.18,1.0
640.0,529.047,514.18,1.0
640.0,507.2484,514.18,1.0
640.0,518.3796,514.18,1.0
640.0,526.2642000000001,514.18,1.0
640.0,550.8456,514.18,1.0
640.0,502.6104,514.18,1.0
640.0,538.7868000000001,514.18,1.0
640.0,524.409,514.18,1.0
640.0,533.6850000000001,514.18,1.0
640.0,520.6986,514.18,1.0
640.0,510.495,514.18,1.0
640.0,532.7574000000001,514.18,1.0
640.0,531.366,514.18,1.0
640.0,535.5402,514.18,1.0
640.0,522.09,514.18,1.0
640.0,513.7416000000001,514.18,1.0
640.0,500.2914,514.18,1.0
476.2800000000001,497.4093,502.36,1.2
640.0,476.9931,502.36,1.0
640.0,483.3124,502.36,1.0
640.0,484.2846,502.36,1.0
640.0,469.7016,502.36,1.0
414.72,478.9375,502.36,0.8
414.72,474.5626,502.36,0.8
414.72,485.2568,502.36,0.8
414.72,480.3958,502.36,0.8
414.72,467.2711,502.36,0.8
414.72,520.7420999999999,502.36,0.8
640.0,509.5618,502.36,1.0
414.72,479.9097,502.36,0.8
414.72,494.9788,502.36,0.8
414.72,497.4093,502.36,0.8
414.72,508.5896,502.36,0.8
414.72,478.9375,502.36,0.8
414.72,507.1313,502.36,0.8
414.72,483.3124,502.36,0.8
414.72,471.646,502.36,0.8
414.72,501.7842,502.36,0.8
640.0,510.0479,502.36,1.0
414.72,529.0058,502.36,0.8
640.0,473.5904,502.36,1.0
414.72,501.2981,502.36,0.8
640.0,485.2568,502.36,1.0
414.72,502.7564,502.36,0.8
640.0,469.7016,502.36,1.0
414.72,472.6182,502.36,0.8
414.72,479.9097,502.36,0.8
414.72,492.0622,502.36,0.8
414.72,481.8541,502.36,0.8
414.72,500.812,502.36,0.8
640.0,506.1591,502.36,1.0
414.72,499.8398,502.36,0.8
640.0,514.9089,502.36,1.0
414.72,496.9232,502.36,0.8
640.0,473.1043,502.36,1.0
414.72,511.0201,502.36,0.8
640.0,482.3402,502.36,1.0
414.72,504.2147,502.36,0.8
414.72,513.9367,502.36,0.8
640.0,497.8954,502.36,1.0
414.72,469.2155,502.36,0.8
414.72,477.4792,502.36,0.8
414.72,510.534,502.36,0.8
414.72,488.6595,502.36,0.8
414.72,492.0622,502.36,0.8
414.72,502.2703,502.36,0.8
414.72,501.2981,502.36,0.8
414.72,494.9788,502.36,0.8
414.72,488.1734,502.36,0.8
414.72,486.7151,502.36,0.8
414.72,503.7286,502.36,0.8
414.72,499.3537,502.36,0.8
640.0,487.2012,502.36,1.0
414.72,506.6452,502.36,0.8
640.0,489.1456,502.36,1.0
414.72,478.4514,502.36,0.8
414.72,479.9097,502.36,0.8
414.72,476.9931,502.36,0.8
414.72,487.2012,502.36,0.8
640.0,509.0757,502.36,1.0
414.72,479.4236,502.36,0.8
640.0,494.0066,502.36,1.0
414.72,481.368,502.36,0.8
640.0,487.2012,502.36,1.0
414.72,469.2155,502.36,0.8
414.72,487.6873,502.36,0.8
640.0,488.1734,502.36,1.0
414.72,498.8676,502.36,0.8
414.72,494.4927,502.36,0.8
414.72,473.5904,502.36,0.8
414.72,507.1313,502.36,0.8
414.72,494.0066,513.0,0.8
414.72,494.0066,513.0,0.8
414.72,491.09,513.0,0.8
640.0,483.3124,513.0,1.0
414.72,494.4927,513.0,0.8
640.0,497.8954,513.0,1.0
414.72,465.8128,513.0,0.8
640.0,483.3124,513.0,1.0
414.72,487.2012,513.0,0.8
640.0,494.9788,513.0,1.0
414.72,508.5896,513.0,0.8
414.72,479.9097,513.0,0.8
414.72,483.7985,513.0,0.8
414.72,483.7985,513.0,0.8
414.72,479.4236,513.0,0.8
414.72,486.229,513.0,0.8
414.72,502.2703,513.0,0.8
640.0,475.5348,513.0,1.0
414.72,497.4093,513.0,0.8
640.0,466.2989,513.0,1.0
414.72,482.8263,513.0,0.8
640.0,486.229,513.0,1.0
414.72,515.395,513.0,0.8
640.0,487.2012,513.0,1.0
414.72,459.0074,513.0,0.8
414.72,461.924,513.0,0.8
414.72,491.5761,513.0,0.8
640.0,499.8398,513.0,1.0
414.72,496.4371,513.0,0.8
640.0,493.5205,513.0,1.0
414.72,508.1035,513.0,0.8
414.72,483.3124,513.0,0.8
640.0,504.2147,513.0,1.0
414.72,467.2711,513.0,0.8
640.0,477.9653,513.0,1.0
414.72,464.8406,513.0,0.8
414.72,487.2012,513.0,0.8
640.0,490.6039,513.0,1.0
414.72,492.5483,513.0,0.8
640.0,492.0622,513.0,1.0
414.72,477.4792,513.0,0.8
414.72,488.1734,513.0,0.8
640.0,469.2155,513.0,1.0
414.72,511.0201,513.0,0.8
640.0,486.7151,513.0,1.0
414.72,483.7985,513.0,0.8
414.72,514.4227999999999,513.0,0.8
640.0,473.1043,513.0,1.0
414.72,474.5626,513.0,0.8
414.72,475.0487,513.0,0.8
414.72,490.1178,513.0,0.8
414.72,497.4093,513.0,0.8
640.0,501.7842,513.0,1.0
414.72,528.5197,513.0,0.8
640.0,458.5213,513.0,1.0
414.72,499.8398,513.0,0.8
640.0,482.8263,513.0,1.0
414.72,482.3402,513.0,0.8
414.72,481.8541,513.0,0.8
414.72,477.9653,513.0,0.8
414.72,515.8811,513.0,0.8
640.0,503.2425,513.0,1.0
414.72,491.5761,513.0,0.8
640.0,511.0201,513.0,1.0
414.72,469.2155,513.0,0.8
640.0,471.646,513.0,1.0
414.72,459.4935,513.0,0.8
414.72,480.8819,513.0,0.8
414.72,493.5205,513.0,0.8
414.72,492.5483,513.0,0.8
414.72,493.0344,513.0,0.8
414.72,470.6738,513.0,0.8
414.72,502.7564,513.0,0.8
414.72,494.4927,513.0,0.8
414.72,501.7842,513.0,0.8
414.72,463.3823,537.83,0.8
414.72,495.4649,537.83,0.8
640.0,473.5904,537.83,1.0
414.72,485.2568,537.83,0.8
640.0,498.8676,537.83,1.0
414.72,492.5483,537.83,0.8
640.0,478.4514,537.83,1.0
414.72,491.09,537.83,0.8
640.0,468.7294,537.83,1.0
414.72,508.1035,537.83,0.8
640.0,488.1734,537.83,1.0
640.0,507.6174,537.83,1.0
414.72,483.3124,537.83,0.8
640.0,483.3124,537.83,1.0
414.72,479.9097,537.83,0.8
640.0,503.7286,537.83,1.0
640.0,480.8819,537.83,1.0
640.0,500.3259,537.83,1.0
640.0,485.7429,537.83,1.0
640.0,462.4101,537.83,1.0
640.0,482.8263,537.83,1.0
640.0,474.0765,537.83,1.0
640.0,491.5761,537.83,1.0
640.0,473.5904,537.83,1.0
640.0,504.7008,537.83,1.0
640.0,489.6317,537.83,1.0
640.0,488.6595,537.83,1.0
640.0,500.812,537.83,1.0
640.0,505.1869,537.83,1.0
414.72,490.6039,537.83,0.8
640.0,479.9097,537.83,1.0
414.72,465.3267,537.83,0.8
640.0,480.8819,537.83,1.0
640.0,481.8541,537.83,1.0
640.0,492.5483,537.83,1.0
640.0,486.229,537.83,1.0
640.0,501.2981,537.83,1.0
640.0,482.3402,537.83,1.0
414.72,490.1178,537.83,0.8
640.0,508.5896,537.83,1.0
414.72,495.951,537.83,0.8
640.0,490.1178,537.83,1.0
414.72,482.3402,537.83,0.8
414.72,481.8541,537.83,0.8
640.0,478.4514,537.83,1.0
414.72,483.3124,537.83,0.8
640.0,502.2703,537.83,1.0
414.72,487.6873,537.83,0.8
640.0,471.646,537.83,1.0
414.72,516.8533,537.83,0.8
640.0,495.951,537.83,1.0
414.72,470.6738,537.83,0.8
640.0,484.7707,537.83,1.0
414.72,492.5483,537.83,0.8
640.0,515.8811,537.83,1.0
640.0,475.0487,537.83,1.0
640.0,505.1869,537.83,1.0
640.0,511.5062,537.83,1.0
640.0,481.8541,537.83,1.0
640.0,487.2012,537.83,1.0
640.0,476.0209,537.83,1.0
640.0,488.1734,537.83,1.0
640.0,490.6039,537.83,1.0
640.0,500.812,537.83,1.0
640.0,507.1313,537.83,1.0
640.0,480.3958,537.83,1.0
640.0,462.4101,537.83,1.0
640.0,490.6039,537.83,1.0
640.0,495.4649,537.83,1.0
640.0,494.4927,537.83,1.0
640.0,486.229,537.83,1.0
640.0,493.0344,537.83,1.0
640.0,512.9644999999999,537.83,1.0
640.0,496.4371,537.83,1.0
640.0,485.7429,537.83,1.0
609.8400000000001,502.75,572.1,1.4
640.0,520.462,572.1,1.0
640.0,502.75,572.1,1.0
640.0,504.062,572.1,1.0
640.0,499.798,572.1,1.0
640.0,515.2139999999999,572.1,1.0
640.0,523.742,572.1,1.0
640.0,508.982,572.1,1.0
640.0,505.046,572.1,1.0
640.0,504.718,572.1,1.0
640.0,480.774,572.1,1.0
640.0,511.606,572.1,1.0
640.0,505.702,572.1,1.0
640.0,508.654,572.1,1.0
640.0,497.502,572.1,1.0
640.0,500.454,572.1,1.0
640.0,500.454,572.1,1.0
640.0,514.558,572.1,1.0
640.0,500.782,572.1,1.0
640.0,524.726,572.1,1.0
640.0,508.654,572.1,1.0
640.0,491.926,572.1,1.0
640.0,503.078,572.1,1.0
640.0,497.83,572.1,1.0
640.0,482.742,572.1,1.0
640.0,520.134,572.1,1.0
640.0,511.278,572.1,1.0
640.0,509.638,572.1,1.0
640.0,506.03,572.1,1.0
640.0,490.942,572.1,1.0
640.0,499.47,572.1,1.0
640.0,512.59,572.1,1.0
640.0,493.894,572.1,1.0
640.0,479.462,572.1,1.0
640.0,502.094,572.1,1.0
640.0,503.078,572.1,1.0
640.0,505.702,572.1,1.0
640.0,511.606,572.1,1.0
640.0,510.622,572.1,1.0
640.0,507.014,572.1,1.0
640.0,516.198,572.1,1.0
640.0,489.302,572.1,1.0
640.0,509.31,572.1,1.0
640.0,510.622,572.1,1.0
640.0,492.254,572.1,1.0
640.0,489.63,572.1,1.0
640.0,497.174,572.1,1.0
640.0,497.83,572.1,1.0
640.0,511.934,572.1,1.0
640.0,498.486,572.1,1.0
640.0,495.862,572.1,1.0
640.0,498.486,572.1,1.0
640.0,515.542,572.1,1.0
640.0,504.39,572.1,1.0
640.0,502.75,572.1,1.0
640.0,503.406,572.1,1.0
640.0,517.182,572.1,1.0
640.0,497.174,572.1,1.0
640.0,517.182,572.1,1.0
640.0,506.358,572.1,1.0
640.0,502.75,572.1,1.0
640.0,528.99,572.1,1.0
640.0,493.894,572.1,1.0
640.0,500.782,572.1,1.0
640.0,492.254,572.1,1.0
640.0,513.9019999999999,572.1,1.0
640.0,521.1179999999999,572.1,1.0
640.0,520.79,572.1,1.0
640.0,516.526,572.1,1.0
640.0,502.422,572.1,1.0
640.0,500.782,572.1,1.0
640.0,487.99,572.1,1.0
640.0,524.398,572.1,1.0
640.0,508.982,572.1,1.0
640.0,499.47,625.3,1.0
640.0,517.51,625.3,1.0
640.0,494.878,625.3,1.0
640.0,508.326,625.3,1.0
640.0,502.75,625.3,1.0
640.0,510.622,625.3,1.0
640.0,503.734,625.3,1.0
640.0,489.958,625.3,1.0
640.0,505.046,625.3,1.0
640.0,514.558,625.3,1.0
640.0,504.062,625.3,1.0
640.0,511.934,625.3,1.0
640.0,494.222,625.3,1.0
640.0,504.062,625.3,1.0
640.0,498.158,625.3,1.0
640.0,511.606,625.3,1.0
640.0,504.718,625.3,1.0
640.0,511.278,625.3,1.0
640.0,515.2139999999999,625.3,1.0
640.0,511.278,625.3,1.0
640.0,507.014,625.3,1.0
640.0,494.55,625.3,1.0
640.0,504.39,625.3,1.0
640.0,499.142,625.3,1.0
640.0,501.11,625.3,1.0
640.0,500.782,625.3,1.0
640.0,494.878,625.3,1.0
640.0,485.038,625.3,1.0
640.0,497.83,625.3,1.0
640.0,506.358,625.3,1.0
640.0,491.27,625.3,1.0
640.0,504.39,625.3,1.0
640.0,523.086,625.3,1.0
640.0,514.558,625.3,1.0
640.0,520.462,625.3,1.0
640.0,508.326,625.3,1.0
640.0,515.87,625.3,1.0
640.0,497.174,625.3,1.0
640.0,498.158,625.3,1.0
640.0,477.494,625.3,1.0
640.0,516.198,625.3,1.0
640.0,519.478,625.3,1.0
640.0,498.814,625.3,1.0
640.0,501.766,625.3,1.0
640.0,496.846,625.3,1.0
640.0,507.998,625.3,1.0
640.0,515.542,625.3,1.0
640.0,487.334,625.3,1.0
640.0,508.326,625.3,1.0
640.0,501.766,625.3,1.0
640.0,505.374,625.3,1.0
640.0,508.982,625.3,1.0
640.0,502.422,625.3,1.0
640.0,503.406,625.3,1.0
640.0,502.422,625.3,1.0
640.0,513.9019999999999,625.3,1.0
640.0,508.654,625.3,1.0
640.0,506.686,625.3,1.0
640.0,491.926,625.3,1.0
640.0,500.782,625.3,1.0
640.0,513.246,625.3,1.0
640.0,504.718,625.3,1.0
640.0,510.95,625.3,1.0
640.0,521.774,625.3,1.0
640.0,514.558,625.3,1.0
640.0,505.374,625.3,1.0
640.0,499.47,625.3,1.0
640.0,479.134,625.3,1.0
640.0,502.75,625.3,1.0
640.0,501.11,625.3,1.0
640.0,508.326,625.3,1.0
640.0,502.75,625.3,1.0
640.0,501.11,625.3,1.0
640.0,487.006,625.3,1.0
640.0,495.206,625.3,1.0
640.0,508.982,503.55,1.0
640.0,521.1179999999999,503.55,1.0
640.0,503.406,503.55,1.0
640.0,507.67,503.55,1.0
640.0,513.9019999999999,503.55,1.0
640.0,496.518,503.55,1.0
640.0,507.998,503.55,1.0
640.0,497.174,503.55,1.0
640.0,512.918,503.55,1.0
414.72,506.03,503.55,0.8
640.0,507.342,503.55,1.0
414.72,496.846,503.55,0.8
640.0,511.278,503.55,1.0
414.72,525.054,503.55,0.8
640.0,494.55,503.55,1.0
414.72,501.11,503.55,0.8
640.0,506.686,503.55,1.0
414.72,512.262,503.55,0.8
640.0,498.814,503.55,1.0
414.72,476.51,503.55,0.8
640.0,517.838,503.55,1.0
414.72,511.934,503.55,0.8
640.0,487.334,503.55,1.0
414.72,498.486,503.55,0.8
640.0,519.806,503.55,1.0
640.0,518.494,503.55,1.0
640.0,513.574,503.55,1.0
414.72,502.75,503.55,0.8
640.0,505.046,503.55,1.0
414.72,503.078,503.55,0.8
640.0,515.542,503.55,1.0
414.72,495.862,503.55,0.8
640.0,496.518,503.55,1.0
414.72,514.23,503.55,0.8
640.0,504.062,503.55,1.0
414.72,517.838,503.55,0.8
640.0,497.83,503.55,1.0
414.72,503.734,503.55,0.8
640.0,495.206,503.55,1.0
414.72,504.39,503.55,0.8
640.0,489.958,503.55,1.0
414.72,499.47,503.55,0.8
640.0,490.286,503.55,1.0
414.72,511.278,503.55,0.8
640.0,511.278,503.55,1.0
640.0,487.334,503.55,1.0
640.0,517.51,503.55,1.0
640.0,528.99,503.55,1.0
640.0,504.718,503.55,1.0
640.0,498.158,503.55,1.0
640.0,532.27,503.55,1.0
640.0,491.27,503.55,1.0
640.0,504.718,503.55,1.0
640.0,506.03,503.55,1.0
640.0,517.51,503.55,1.0
640.0,507.998,503.55,1.0
640.0,499.47,503.55,1.0
640.0,494.878,503.55,1.0
640.0,501.11,503.55,1.0
640.0,494.55,503.55,1.0
640.0,504.718,503.55,1.0
640.0,498.814,503.55,1.0
640.0,489.63,503.55,1.0
640.0,516.854,503.55,1.0
640.0,499.47,503.55,1.0
640.0,491.926,503.55,1.0
640.0,502.75,503.55,1.0
640.0,505.046,503.55,1.0
640.0,487.334,503.55,1.0
640.0,507.67,503.55,1.0
640.0,494.222,503.55,1.0
640.0,521.1179999999999,503.55,1.0
640.0,509.638,503.55,1.0
640.0,500.454,503.55,1.0
640.0,497.174,503.55,1.0
609.8400000000001,612.1184000000001,524.82,1.4
640.0,605.4912,524.82,1.0
640.0,603.3984,524.82,1.0
640.0,606.5376,524.82,1.0
640.0,599.5616,524.82,1.0
640.0,602.352,524.82,1.0
640.0,583.8656000000001,524.82,1.0
640.0,615.9552,524.82,1.0
640.0,608.9792,524.82,1.0
640.0,597.8176000000001,524.82,1.0
640.0,625.7216000000001,524.82,1.0
640.0,606.8864,524.82,1.0
640.0,595.0272,524.82,1.0
640.0,614.9088,524.82,1.0
640.0,610.0256,524.82,1.0
640.0,610.0256,524.82,1.0
640.0,601.3056,524.82,1.0
640.0,610.7232,524.82,1.0
640.0,603.0496,524.82,1.0
640.0,611.7696000000001,524.82,1.0
640.0,585.9584,524.82,1.0
640.0,601.3056,524.82,1.0
640.0,623.9776,524.82,1.0
640.0,597.8176000000001,524.82,1.0
640.0,599.5616,524.82,1.0
640.0,601.3056,524.82,1.0
640.0,593.2832000000001,524.82,1.0
640.0,582.8192,524.82,1.0
640.0,603.3984,524.82,1.0
640.0,607.2352000000001,524.82,1.0
640.0,605.1424000000001,524.82,1.0
640.0,604.4448,524.82,1.0
640.0,606.1888,524.82,1.0
640.0,616.6528000000001,524.82,1.0
640.0,603.7472,524.82,1.0
640.0,599.9104,524.82,1.0
640.0,603.0496,524.82,1.0
640.0,611.7696000000001,524.82,1.0
640.0,620.4896,524.82,1.0
640.0,599.2128,524.82,1.0
640.0,606.8864,524.82,1.0
640.0,609.3280000000001,524.82,1.0
640.0,595.376,524.82,1.0
640.0,606.1888,524.82,1.0
640.0,590.4928,524.82,1.0
640.0,587.3536,524.82,1.0
640.0,609.6768000000001,524.82,1.0
640.0,601.6544,524.82,1.0
640.0,607.9328,524.82,1.0
640.0,605.4912,524.82,1.0
640.0,595.7248000000001,524.82,1.0
640.0,605.4912,524.82,1.0
640.0,592.9344,524.82,1.0
640.0,620.4896,524.82,1.0
640.0,591.5392,524.82,1.0
640.0,603.7472,524.82,1.0
640.0,595.0272,524.82,1.0
640.0,611.7696000000001,524.82,1.0
640.0,602.352,524.82,1.0
640.0,600.2592000000001,524.82,1.0
640.0,614.9088,524.82,1.0
640.0,606.1888,524.82,1.0
640.0,611.072,524.82,1.0
640.0,595.7248000000001,524.82,1.0
640.0,591.1904000000001,524.82,1.0
640.0,606.8864,524.82,1.0
640.0,602.352,524.82,1.0
640.0,612.4672,524.82,1.0
640.0,605.1424000000001,524.82,1.0
640.0,607.9328,524.82,1.0
640.0,588.7488000000001,524.82,1.0
640.0,625.7216000000001,524.82,1.0
640.0,604.096,524.82,1.0
640.0,613.1648,524.82,1.0
640.0,597.12,679.67,1.0
640.0,608.9792,679.67,1.0
640.0,592.2368,679.67,1.0
640.0,610.7232,679.67,1.0
640.0,602.0032,679.67,1.0
640.0,606.1888,679.67,1.0
640.0,613.1648,679.67,1.0
640.0,592.9344,679.67,1.0
640.0,598.5152,679.67,1.0
640.0,610.7232,679.67,1.0
640.0,627.8144,679.67,1.0
640.0,604.4448,679.67,1.0
640.0,612.1184000000001,679.67,1.0
640.0,604.7936000000001,679.67,1.0
640.0,626.0704000000001,679.67,1.0
640.0,587.7024,679.67,1.0
640.0,606.8864,679.67,1.0
640.0,588.7488000000001,679.67,1.0
640.0,579.6800000000001,679.67,1.0
640.0,608.9792,679.67,1.0
640.0,607.2352000000001,679.67,1.0
640.0,602.7008000000001,679.67,1.0
640.0,604.7936000000001,679.67,1.0
640.0,638.2784,679.67,1.0
640.0,603.0496,679.67,1.0
640.0,611.072,679.67,1.0
640.0,599.2128,679.67,1.0
640.0,608.9792,679.67,1.0
640.0,603.3984,679.67,1.0
640.0,601.6544,679.67,1.0
640.0,625.024,679.67,1.0
640.0,618.048,679.67,1.0
640.0,607.2352000000001,679.67,1.0
640.0,581.7728000000001,679.67,1.0
640.0,602.0032,679.67,1.0
640.0,634.0928,679.67,1.0
640.0,603.3984,679.67,1.0
640.0,617.3504,679.67,1.0
640.0,620.8384,679.67,1.0
640.0,608.2816,679.67,1.0
640.0,597.12,679.67,1.0
640.0,580.3776,679.67,1.0
640.0,613.1648,679.67,1.0
640.0,597.4688,679.67,1.0
640.0,607.5840000000001,679.67,1.0
640.0,592.9344,679.67,1.0
640.0,603.0496,679.67,1.0
640.0,606.1888,679.67,1.0
640.0,608.6304,679.67,1.0
640.0,594.3296,679.67,1.0
640.0,618.3968,679.67,1.0
640.0,599.5616,679.67,1.0
640.0,588.4,679.67,1.0
640.0,604.7936000000001,679.67,1.0
640.0,606.1888,679.67,1.0
640.0,607.5840000000001,679.67,1.0
640.0,620.1408,679.67,1.0
640.0,603.3984,679.67,1.0
640.0,604.4448,679.67,1.0
640.0,594.3296,679.67,1.0
640.0,614.5600000000001,679.67,1.0
640.0,607.9328,679.67,1.0
640.0,601.3056,679.67,1.0
640.0,585.9584,679.67,1.0
640.0,620.8384,679.67,1.0
640.0,592.9344,679.67,1.0
640.0,599.5616,679.67,1.0
640.0,609.6768000000001,679.67,1.0
640.0,593.2832000000001,679.67,1.0
640.0,590.144,679.67,1.0
640.0,583.5168,679.67,1.0
640.0,613.5136,679.67,1.0
640.0,600.2592000000001,679.67,1.0
640.0,636.5344,679.67,1.0
640.0,595.376,679.67,1.0
640.0,596.0736,787.23,1.0
640.0,599.9104,787.23,1.0
640.0,608.2816,787.23,1.0
640.0,600.9568,787.23,1.0
640.0,612.1184000000001,787.23,1.0
640.0,595.7248000000001,787.23,1.0
640.0,591.5392,787.23,1.0
640.0,587.0048,787.23,1.0
640.0,582.4704,787.23,1.0
640.0,600.2592000000001,787.23,1.0
640.0,602.7008000000001,787.23,1.0
640.0,599.2128,787.23,1.0
640.0,618.7456000000001,787.23,1.0
640.0,618.7456000000001,787.23,1.0
640.0,602.352,787.23,1.0
640.0,587.0048,787.23,1.0
640.0,599.9104,787.23,1.0
640.0,599.5616,787.23,1.0
640.0,598.864,787.23,1.0
640.0,598.5152,787.23,1.0
640.0,598.864,787.23,1.0
640.0,601.6544,787.23,1.0
640.0,599.2128,787.23,1.0
640.0,607.9328,787.23,1.0
640.0,609.6768000000001,787.23,1.0
640.0,596.4224,787.23,1.0
640.0,619.0944000000001,787.23,1.0
640.0,595.7248000000001,787.23,1.0
640.0,588.7488000000001,787.23,1.0
640.0,609.6768000000001,787.23,1.0
640.0,597.12,787.23,1.0
640.0,609.3280000000001,787.23,1.0
640.0,580.7264,787.23,1.0
640.0,620.4896,787.23,1.0
640.0,612.816,787.23,1.0
640.0,590.144,787.23,1.0
640.0,590.4928,787.23,1.0
640.0,623.2800000000001,787.23,1.0
640.0,598.1664000000001,787.23,1.0
640.0,597.12,787.23,1.0
640.0,582.1216000000001,787.23,1.0
640.0,602.0032,787.23,1.0
640.0,603.3984,787.23,1.0
640.0,613.1648,787.23,1.0
640.0,591.1904000000001,787.23,1.0
640.0,589.7952,787.23,1.0
640.0,610.7232,787.23,1.0
640.0,616.3040000000001,787.23,1.0
640.0,589.4464,787.23,1.0
640.0,617.0016,787.23,1.0
640.0,606.1888,787.23,1.0
640.0,617.3504,787.23,1.0
640.0,605.1424000000001,787.23,1.0
640.0,579.3312000000001,787.23,1.0
640.0,604.096,787.23,1.0
640.0,617.0016,787.23,1.0
640.0,596.4224,787.23,1.0
640.0,601.6544,787.23,1.0
640.0,604.096,787.23,1.0
640.0,575.4944,787.23,1.0
640.0,623.2800000000001,787.23,1.0
640.0,596.4224,787.23,1.0
640.0,611.072,787.23,1.0
640.0,604.7936000000001,787.23,1.0
640.0,619.0944000000001,787.23,1.0
640.0,610.0256,787.23,1.0
640.0,603.3984,787.23,1.0
640.0,596.4224,787.23,1.0
640.0,614.2112000000001,787.23,1.0
640.0,586.3072000000001,787.23,1.0
640.0,612.4672,787.23,1.0
640.0,594.3296,787.23,1.0
640.0,619.0944000000001,787.23,1.0
640.0,607.5840000000001,787.23,1.0
640.0,612.4672,787.23,1.0
476.2800000000001,507.413,505.91,1.2
640.0,531.6859999999999,505.91,1.0
640.0,573.04,505.91,1.0
640.0,559.555,505.91,1.0
640.0,586.525,505.91,1.0
640.0,565.848,505.91,1.0
640.0,528.9889999999999,505.91,1.0
414.72,533.4839999999999,505.91,0.8
640.0,557.757,505.91,1.0
640.0,493.029,505.91,1.0
640.0,600.01,505.91,1.0
640.0,566.747,505.91,1.0
640.0,588.323,505.91,1.0
640.0,512.8069999999999,505.91,1.0
640.0,588.323,505.91,1.0
640.0,615.2929999999999,505.91,1.0
640.0,519.0999999999999,505.91,1.0
640.0,575.737,505.91,1.0
640.0,555.06,505.91,1.0
640.0,513.7059999999999,505.91,1.0
640.0,568.545,505.91,1.0
640.0,577.535,505.91,1.0
640.0,538.8779999999999,505.91,1.0
640.0,586.525,505.91,1.0
640.0,510.11,505.91,1.0
640.0,514.6049999999999,505.91,1.0
640.0,558.656,505.91,1.0
640.0,555.959,505.91,1.0
640.0,536.1809999999999,505.91,1.0
640.0,576.636,505.91,1.0
640.0,569.444,505.91,1.0
640.0,578.434,505.91,1.0
640.0,551.4639999999999,505.91,1.0
640.0,571.242,505.91,1.0
640.0,543.3729999999999,505.91,1.0
640.0,610.798,505.91,1.0
640.0,533.4839999999999,505.91,1.0
640.0,611.6969999999999,505.91,1.0
640.0,555.959,505.91,1.0
640.0,518.2009999999999,505.91,1.0
640.0,591.919,505.91,1.0
640.0,558.656,505.91,1.0
640.0,578.434,505.91,1.0
640.0,588.323,505.91,1.0
640.0,564.05,505.91,1.0
640.0,538.8779999999999,505.91,1.0
640.0,581.131,505.91,1.0
640.0,555.06,505.91,1.0
640.0,573.939,505.91,1.0
640.0,496.625,505.91,1.0
640.0,566.747,505.91,1.0
640.0,537.9789999999999,505.91,1.0
640.0,600.01,505.91,1.0
640.0,572.141,505.91,1.0
640.0,561.353,505.91,1.0
640.0,568.545,505.91,1.0
640.0,528.0899999999999,505.91,1.0
640.0,599.111,505.91,1.0
640.0,609.0,505.91,1.0
640.0,565.848,505.91,1.0
640.0,598.212,505.91,1.0
640.0,539.7769999999999,505.91,1.0
640.0,533.4839999999999,505.91,1.0
640.0,555.959,505.91,1.0
640.0,566.747,505.91,1.0
640.0,544.2719999999999,505.91,1.0
640.0,569.444,505.91,1.0
640.0,563.151,505.91,1.0
640.0,528.0899999999999,505.91,1.0
640.0,569.444,505.91,1.0
640.0,578.434,505.91,1.0
640.0,559.555,505.91,1.0
640.0,586.525,505.91,1.0
640.0,521.7969999999999,505.91,1.0
640.0,567.646,566.19,1.0
640.0,523.5949999999999,566.19,1.0
640.0,525.3929999999999,566.19,1.0
640.0,537.9789999999999,566.19,1.0
640.0,529.8879999999999,566.19,1.0
640.0,540.6759999999999,566.19,1.0
640.0,549.6659999999999,566.19,1.0
640.0,577.535,566.19,1.0
640.0,546.0699999999999,566.19,1.0
640.0,511.908,566.19,1.0
640.0,585.626,566.19,1.0
640.0,532.5849999999999,566.19,1.0
640.0,553.262,566.19,1.0
640.0,566.747,566.19,1.0
640.0,560.454,566.19,1.0
640.0,584.727,566.19,1.0
640.0,567.646,566.19,1.0
640.0,531.6859999999999,566.19,1.0
640.0,613.4949999999999,566.19,1.0
640.0,560.454,566.19,1.0
640.0,551.4639999999999,566.19,1.0
640.0,581.131,566.19,1.0
640.0,561.353,566.19,1.0
640.0,565.848,566.19,1.0
640.0,622.4849999999999,566.19,1.0
640.0,547.8679999999999,566.19,1.0
640.0,546.0699999999999,566.19,1.0
640.0,557.757,566.19,1.0
640.0,583.828,566.19,1.0
640.0,514.6049999999999,566.19,1.0
640.0,502.019,566.19,1.0
640.0,538.8779999999999,566.19,1.0
640.0,511.009,566.19,1.0
640.0,543.3729999999999,566.19,1.0
640.0,568.545,566.19,1.0
640.0,530.7869999999999,566.19,1.0
640.0,516.4029999999999,566.19,1.0
640.0,556.858,566.19,1.0
640.0,578.434,566.19,1.0
640.0,509.211,566.19,1.0
640.0,577.535,566.19,1.0
640.0,577.535,566.19,1.0
640.0,581.131,566.19,1.0
640.0,588.323,566.19,1.0
640.0,614.394,566.19,1.0
640.0,545.1709999999999,566.19,1.0
640.0,557.757,566.19,1.0
640.0,544.2719999999999,566.19,1.0
640.0,555.06,566.19,1.0
640.0,596.414,566.19,1.0
640.0,519.0999999999999,566.19,1.0
640.0,531.6859999999999,566.19,1.0
640.0,591.919,566.19,1.0
640.0,582.929,566.19,1.0
640.0,545.1709999999999,566.19,1.0
640.0,578.434,566.19,1.0
640.0,564.05,566.19,1.0
640.0,595.515,566.19,1.0
640.0,556.858,566.19,1.0
640.0,582.929,566.19,1.0
640.0,626.0809999999999,566.19,1.0
640.0,571.242,566.19,1.0
640.0,555.959,566.19,1.0
640.0,574.838,566.19,1.0
640.0,545.1709999999999,566.19,1.0
640.0,619.788,566.19,1.0
640.0,559.555,566.19,1.0
640.0,547.8679999999999,566.19,1.0
640.0,532.5849999999999,566.19,1.0
640.0,584.727,566.19,1.0
640.0,578.434,566.19,1.0
640.0,541.5749999999999,566.19,1.0
640.0,570.343,566.19,1.0
640.0,514.6049999999999,566.19,1.0
640.0,560.454,566.19,1.0
640.0,567.646,771.87,1.0
640.0,600.909,771.87,1.0
640.0,534.3829999999999,771.87,1.0
640.0,520.8979999999999,771.87,1.0
640.0,530.7869999999999,771.87,1.0
640.0,519.0999999999999,771.87,1.0
640.0,591.02,771.87,1.0
640.0,596.414,771.87,1.0
640.0,564.05,771.87,1.0
640.0,588.323,771.87,1.0
640.0,558.656,771.87,1.0
640.0,552.3629999999999,771.87,1.0
640.0,546.0699999999999,771.87,1.0
640.0,546.9689999999999,771.87,1.0
640.0,513.7059999999999,771.87,1.0
640.0,562.252,771.87,1.0
640.0,554.161,771.87,1.0
640.0,574.838,771.87,1.0
640.0,557.757,771.87,1.0
640.0,550.5649999999999,771.87,1.0
640.0,531.6859999999999,771.87,1.0
640.0,556.858,771.87,1.0
640.0,574.838,771.87,1.0
640.0,524.4939999999999,771.87,1.0
640.0,557.757,771.87,1.0
640.0,561.353,771.87,1.0
640.0,535.2819999999999,771.87,1.0
640.0,538.8779999999999,771.87,1.0
640.0,561.353,771.87,1.0
640.0,524.4939999999999,771.87,1.0
640.0,564.05,771.87,1.0
640.0,530.7869999999999,771.87,1.0
640.0,583.828,771.87,1.0
640.0,617.9899999999999,771.87,1.0
640.0,531.6859999999999,771.87,1.0
640.0,569.444,771.87,1.0
640.0,535.2819999999999,771.87,1.0
640.0,582.929,771.87,1.0
640.0,520.8979999999999,771.87,1.0
640.0,567.646,771.87,1.0
640.0,531.6859999999999,771.87,1.0
640.0,549.6659999999999,771.87,1.0
640.0,527.1909999999999,771.87,1.0
640.0,577.535,771.87,1.0
640.0,532.5849999999999,771.87,1.0
640.0,570.343,771.87,1.0
640.0,546.0699999999999,771.87,1.0
640.0,552.3629999999999,771.87,1.0
640.0,558.656,771.87,1.0
640.0,534.3829999999999,771.87,1.0
640.0,560.454,771.87,1.0
640.0,596.414,771.87,1.0
640.0,534.3829999999999,771.87,1.0
640.0,586.525,771.87,1.0
640.0,595.515,771.87,1.0
640.0,533.4839999999999,771.87,1.0
640.0,515.5039999999999,771.87,1.0
640.0,563.151,771.87,1.0
640.0,540.6759999999999,771.87,1.0
640.0,605.404,771.87,1.0
640.0,555.959,771.87,1.0
640.0,533.4839999999999,771.87,1.0
640.0,524.4939999999999,771.87,1.0
640.0,584.727,771.87,1.0
640.0,539.7769999999999,771.87,1.0
640.0,555.959,771.87,1.0
640.0,581.131,771.87,1.0
640.0,541.5749999999999,771.87,1.0
640.0,554.161,771.87,1.0
640.0,555.06,771.87,1.0
640.0,573.04,771.87,1.0
640.0,571.242,771.87,1.0
640.0,548.7669999999999,771.87,1.0
640.0,556.858,771.87,1.0
640.0,545.1709999999999,771.87,1.0
933.12,596.104,875.89,1.8
640.0,639.126,875.89,1.0
640.0,565.374,875.89,1.0
640.0,568.8860000000001,875.89,1.0
640.0,566.2520000000001,875.89,1.0
640.0,608.3960000000001,875.89,1.0
846.7200000000001,600.494,875.89,1.2
846.7200000000001,584.69,875.89,1.2
846.7200000000001,564.4960000000001,875.89,1.2
846.7200000000001,591.714,875.89,1.2
846.7200000000001,547.8140000000001,875.89,1.2
846.7200000000001,592.592,875.89,1.2
846.7200000000001,611.908,875.89,1.2
846.7200000000001,555.716,875.89,1.2
846.7200000000001,548.692,875.89,1.2
846.7200000000001,630.346,875.89,1.2
846.7200000000001,573.2760000000001,875.89,1.2
846.7200000000001,618.932,875.89,1.2
846.7200000000001,584.69,875.89,1.2
846.7200000000001,584.69,875.89,1.2
846.7200000000001,600.494,875.89,1.2
846.7200000000001,565.374,875.89,1.2
846.7200000000001,592.592,875.89,1.2
846.7200000000001,579.422,875.89,1.2
846.7200000000001,553.96,875.89,1.2
846.7200000000001,597.86,875.89,1.2
846.7200000000001,582.056,875.89,1.2
846.7200000000001,584.69,875.89,1.2
846.7200000000001,557.4720000000001,875.89,1.2
846.7200000000001,631.224,875.89,1.2
846.7200000000001,611.908,875.89,1.2
846.7200000000001,614.542,875.89,1.2
846.7200000000001,581.178,875.89,1.2
846.7200000000001,543.4240000000001,875.89,1.2
846.7200000000001,640.8820000000001,875.89,1.2
846.7200000000001,587.3240000000001,875.89,1.2
846.7200000000001,569.764,875.89,1.2
846.7200000000001,600.494,875.89,1.2
846.7200000000001,619.8100000000001,875.89,1.2
846.7200000000001,588.202,875.89,1.2
846.7200000000001,622.4440000000001,875.89,1.2
846.7200000000001,617.176,875.89,1.2
846.7200000000001,560.984,875.89,1.2
846.7200000000001,571.5200000000001,875.89,1.2
846.7200000000001,614.542,875.89,1.2
846.7200000000001,517.962,875.89,1.2
640.0,585.5680000000001,875.89,1.0
846.7200000000001,551.326,875.89,1.2
846.7200000000001,576.788,875.89,1.2
846.7200000000001,581.178,875.89,1.2
846.7200000000001,579.422,875.89,1.2
846.7200000000001,574.154,875.89,1.2
846.7200000000001,560.106,875.89,1.2
846.7200000000001,649.662,875.89,1.2
846.7200000000001,638.248,875.89,1.2
846.7200000000001,558.35,875.89,1.2
846.7200000000001,630.346,875.89,1.2
846.7200000000001,578.5440000000001,875.89,1.2
846.7200000000001,592.592,875.89,1.2
846.7200000000001,587.3240000000001,875.89,1.2
846.7200000000001,571.5200000000001,875.89,1.2
640.0,615.4200000000001,875.89,1.0
640.0,592.592,875.89,1.0
640.0,576.788,875.89,1.0
640.0,554.8380000000001,875.89,1.0
640.0,565.374,875.89,1.0
640.0,546.058,875.89,1.0
640.0,589.08,875.89,1.0
846.7200000000001,557.4720000000001,875.89,1.2
846.7200000000001,582.056,875.89,1.2
846.7200000000001,625.0780000000001,875.89,1.2
846.7200000000001,620.688,875.89,1.2
846.7200000000001,588.202,875.89,1.2
846.7200000000001,586.446,875.89,1.2
846.7200000000001,638.248,510.64,1.2
640.0,603.128,510.64,1.0
640.0,580.3000000000001,510.64,1.0
640.0,551.326,510.64,1.0
640.0,599.616,510.64,1.0
640.0,611.0300000000001,510.64,1.0
640.0,572.398,510.64,1.0
640.0,596.9820000000001,510.64,1.0
640.0,579.422,510.64,1.0
640.0,583.812,510.64,1.0
640.0,523.23,510.64,1.0
640.0,582.9340000000001,510.64,1.0
640.0,614.542,510.64,1.0
640.0,572.398,510.64,1.0
640.0,590.836,510.64,1.0
640.0,568.8860000000001,510.64,1.0
640.0,598.738,510.64,1.0
640.0,583.812,510.64,1.0
640.0,564.4960000000001,510.64,1.0
640.0,624.2,510.64,1.0
640.0,613.664,510.64,1.0
640.0,573.2760000000001,510.64,1.0
640.0,602.25,510.64,1.0
640.0,603.128,510.64,1.0
640.0,605.7620000000001,510.64,1.0
640.0,544.302,510.64,1.0
640.0,615.4200000000001,510.64,1.0
640.0,574.154,510.64,1.0
640.0,579.422,510.64,1.0
640.0,658.442,510.64,1.0
640.0,596.9820000000001,510.64,1.0
640.0,578.5440000000001,510.64,1.0
640.0,531.1320000000001,510.64,1.0
640.0,625.956,510.64,1.0
640.0,553.96,510.64,1.0
640.0,562.74,510.64,1.0
640.0,580.3000000000001,510.64,1.0
640.0,625.956,510.64,1.0
640.0,609.274,510.64,1.0
640.0,584.69,510.64,1.0
640.0,596.9820000000001,510.64,1.0
640.0,573.2760000000001,510.64,1.0
640.0,592.592,510.64,1.0
640.0,590.836,510.64,1.0
640.0,614.542,510.64,1.0
640.0,614.542,510.64,1.0
640.0,602.25,510.64,1.0
640.0,579.422,510.64,1.0
640.0,608.3960000000001,510.64,1.0
640.0,586.446,510.64,1.0
640.0,560.984,510.64,1.0
640.0,578.5440000000001,510.64,1.0
640.0,591.714,510.64,1.0
640.0,612.7860000000001,510.64,1.0
640.0,583.812,510.64,1.0
640.0,557.4720000000001,510.64,1.0
640.0,590.836,510.64,1.0
640.0,591.714,510.64,1.0
640.0,594.3480000000001,510.64,1.0
640.0,613.664,510.64,1.0
640.0,616.298,510.64,1.0
640.0,573.2760000000001,510.64,1.0
640.0,573.2760000000001,510.64,1.0
640.0,561.8620000000001,510.64,1.0
640.0,607.518,510.64,1.0
640.0,626.8340000000001,510.64,1.0
640.0,581.178,510.64,1.0
640.0,582.9340000000001,510.64,1.0
640.0,627.712,510.64,1.0
640.0,602.25,510.64,1.0
640.0,600.494,510.64,1.0
640.0,557.4720000000001,510.64,1.0
640.0,606.64,510.64,1.0
640.0,564.4960000000001,510.64,1.0
640.0,559.2280000000001,510.64,1.0
640.0,580.3000000000001,585.11,1.0
640.0,573.2760000000001,585.11,1.0
640.0,582.9340000000001,585.11,1.0
640.0,551.326,585.11,1.0
640.0,614.542,585.11,1.0
640.0,618.932,585.11,1.0
640.0,538.1560000000001,585.11,1.0
640.0,614.542,585.11,1.0
640.0,568.008,585.11,1.0
640.0,611.908,585.11,1.0
640.0,587.3240000000001,585.11,1.0
640.0,589.9580000000001,585.11,1.0
640.0,583.812,585.11,1.0
640.0,620.688,585.11,1.0
640.0,556.594,585.11,1.0
640.0,604.884,585.11,1.0
640.0,618.0540000000001,585.11,1.0
640.0,607.518,585.11,1.0
640.0,650.5400000000001,585.11,1.0
640.0,575.032,585.11,1.0
640.0,614.542,585.11,1.0
640.0,586.446,585.11,1.0
640.0,621.566,585.11,1.0
640.0,589.08,585.11,1.0
640.0,578.5440000000001,585.11,1.0
640.0,623.322,585.11,1.0
640.0,575.9100000000001,585.11,1.0
640.0,552.2040000000001,585.11,1.0
640.0,575.032,585.11,1.0
640.0,605.7620000000001,585.11,1.0
640.0,625.956,585.11,1.0
640.0,591.714,585.11,1.0
640.0,624.2,585.11,1.0
640.0,553.082,585.11,1.0
640.0,577.666,585.11,1.0
640.0,581.178,585.11,1.0
640.0,586.446,585.11,1.0
640.0,591.714,585.11,1.0
640.0,607.518,585.11,1.0
640.0,577.666,585.11,1.0
640.0,592.592,585.11,1.0
640.0,588.202,585.11,1.0
640.0,564.4960000000001,585.11,1.0
640.0,586.446,585.11,1.0
640.0,585.5680000000001,585.11,1.0
640.0,584.69,585.11,1.0
640.0,589.9580000000001,585.11,1.0
640.0,590.836,585.11,1.0
640.0,577.666,585.11,1.0
640.0,622.4440000000001,585.11,1.0
640.0,558.35,585.11,1.0
640.0,569.764,585.11,1.0
640.0,661.9540000000001,585.11,1.0
640.0,561.8620000000001,585.11,1.0
640.0,553.082,585.11,1.0
640.0,608.3960000000001,585.11,1.0
640.0,534.644,585.11,1.0
640.0,582.9340000000001,585.11,1.0
640.0,645.272,585.11,1.0
640.0,548.692,585.11,1.0
640.0,537.278,585.11,1.0
640.0,549.57,585.11,1.0
640.0,612.7860000000001,585.11,1.0
640.0,618.932,585.11,1.0
640.0,575.9100000000001,585.11,1.0
640.0,606.64,585.11,1.0
640.0,625.956,585.11,1.0
640.0,636.4920000000001,585.11,1.0
640.0,582.9340000000001,585.11,1.0
640.0,528.498,585.11,1.0
640.0,567.13,585.11,1.0
640.0,577.666,585.11,1.0
640.0,582.056,585.11,1.0
640.0,583.812,585.11,1.0
640.0,618.932,585.11,1.0
609.8400000000001,718.4405,800.24,1.4
846.7200000000001,753.0167,800.24,1.2
846.7200000000001,732.9989,800.24,1.2
846.7200000000001,724.8098,800.24,1.2
846.7200000000001,747.5573,800.24,1.2
846.7200000000001,724.8098,800.24,1.2
846.7200000000001,779.4038,800.24,1.2
846.7200000000001,683.8643,800.24,1.2
846.7200000000001,709.3415,800.24,1.2
846.7200000000001,719.3504,800.24,1.2
846.7200000000001,734.8187,800.24,1.2
846.7200000000001,757.5662,800.24,1.2
846.7200000000001,722.0801,800.24,1.2
846.7200000000001,683.8643,800.24,1.2
846.7200000000001,745.7375,800.24,1.2
846.7200000000001,743.9177,800.24,1.2
846.7200000000001,670.2158000000001,800.24,1.2
846.7200000000001,722.99,800.24,1.2
846.7200000000001,679.3148,800.24,1.2
846.7200000000001,704.792,800.24,1.2
846.7200000000001,698.4227,800.24,1.2
846.7200000000001,744.8276,800.24,1.2
846.7200000000001,726.6296,800.24,1.2
846.7200000000001,687.5039,800.24,1.2
846.7200000000001,746.6474000000001,800.24,1.2
846.7200000000001,683.8643,800.24,1.2
846.7200000000001,732.089,800.24,1.2
846.7200000000001,701.1524000000001,800.24,1.2
846.7200000000001,712.9811,800.24,1.2
846.7200000000001,736.6385,800.24,1.2
846.7200000000001,737.5484,800.24,1.2
846.7200000000001,759.386,800.24,1.2
846.7200000000001,721.1702,800.24,1.2
846.7200000000001,731.1791000000001,800.24,1.2
846.7200000000001,711.1613,800.24,1.2
846.7200000000001,727.5395,800.24,1.2
846.7200000000001,734.8187,800.24,1.2
846.7200000000001,720.2603,800.24,1.2
846.7200000000001,673.8554,800.24,1.2
846.7200000000001,732.089,800.24,1.2
846.7200000000001,732.9989,800.24,1.2
846.7200000000001,704.792,800.24,1.2
846.7200000000001,687.5039,800.24,1.2
846.7200000000001,763.0256,800.24,1.2
846.7200000000001,736.6385,800.24,1.2
846.7200000000001,716.6207,800.24,1.2
846.7200000000001,692.0534,800.24,1.2
846.7200000000001,700.2425000000001,800.24,1.2
846.7200000000001,758.4761,800.24,1.2
846.7200000000001,726.6296,800.24,1.2
846.7200000000001,707.5217,800.24,1.2
846.7200000000001,736.6385,800.24,1.2
846.7200000000001,701.1524000000001,800.24,1.2
846.7200000000001,763.9355,800.24,1.2
846.7200000000001,760.2959,800.24,1.2
846.7200000000001,710.2514,800.24,1.2
846.7200000000001,705.7019,800.24,1.2
846.7200000000001,651.1079,800.24,1.2
846.7200000000001,682.9544,800.24,1.2
846.7200000000001,686.594,800.24,1.2
846.7200000000001,726.6296,800.24,1.2
846.7200000000001,713.891,800.24,1.2
846.7200000000001,686.594,800.24,1.2
846.7200000000001,715.7108000000001,800.24,1.2
846.7200000000001,736.6385,800.24,1.2
846.7200000000001,737.5484,800.24,1.2
846.7200000000001,671.1257,800.24,1.2
846.7200000000001,719.3504,800.24,1.2
846.7200000000001,684.7742000000001,800.24,1.2
846.7200000000001,747.5573,800.24,1.2
846.7200000000001,744.8276,800.24,1.2
846.7200000000001,698.4227,800.24,1.2
846.7200000000001,702.0623,800.24,1.2
846.7200000000001,710.2514,800.24,1.2
846.7200000000001,661.1168,974.0,1.2
846.7200000000001,732.089,974.0,1.2
846.7200000000001,715.7108000000001,974.0,1.2
846.7200000000001,749.3771,974.0,1.2
846.7200000000001,692.9633,974.0,1.2
846.7200000000001,705.7019,974.0,1.2
846.7200000000001,682.0445,974.0,1.2
846.7200000000001,695.693,974.0,1.2
846.7200000000001,691.1435,974.0,1.2
846.7200000000001,750.287,974.0,1.2
846.7200000000001,703.8821,974.0,1.2
846.7200000000001,726.6296,974.0,1.2
846.7200000000001,712.9811,974.0,1.2
846.7200000000001,688.4138,974.0,1.2
846.7200000000001,718.4405,974.0,1.2
846.7200000000001,739.3682,974.0,1.2
846.7200000000001,690.2336,974.0,1.2
846.7200000000001,744.8276,974.0,1.2
846.7200000000001,700.2425000000001,974.0,1.2
846.7200000000001,710.2514,974.0,1.2
846.7200000000001,737.5484,974.0,1.2
846.7200000000001,704.792,974.0,1.2
846.7200000000001,723.8999,974.0,1.2
846.7200000000001,714.8009,974.0,1.2
846.7200000000001,726.6296,974.0,1.2
846.7200000000001,658.3871,974.0,1.2
846.7200000000001,672.9455,974.0,1.2
846.7200000000001,739.3682,974.0,1.2
846.7200000000001,751.1969,974.0,1.2
846.7200000000001,698.4227,974.0,1.2
846.7200000000001,716.6207,974.0,1.2
846.7200000000001,731.1791000000001,974.0,1.2
846.7200000000001,742.0979,974.0,1.2
846.7200000000001,667.4861,974.0,1.2
846.7200000000001,698.4227,974.0,1.2
846.7200000000001,713.891,974.0,1.2
846.7200000000001,742.0979,974.0,1.2
846.7200000000001,791.2325,974.0,1.2
846.7200000000001,716.6207,974.0,1.2
846.7200000000001,684.7742000000001,974.0,1.2
846.7200000000001,733.9088,974.0,1.2
846.7200000000001,759.386,974.0,1.2
846.7200000000001,725.7197,974.0,1.2
846.7200000000001,698.4227,974.0,1.2
846.7200000000001,749.3771,974.0,1.2
846.7200000000001,741.188,974.0,1.2
846.7200000000001,694.7831,974.0,1.2
846.7200000000001,732.9989,974.0,1.2
846.7200000000001,750.287,974.0,1.2
846.7200000000001,754.8365,974.0,1.2
846.7200000000001,721.1702,974.0,1.2
846.7200000000001,712.9811,974.0,1.2
846.7200000000001,756.6563,974.0,1.2
846.7200000000001,690.2336,974.0,1.2
846.7200000000001,734.8187,974.0,1.2
846.7200000000001,685.6841000000001,974.0,1.2
846.7200000000001,752.1068,974.0,1.2
846.7200000000001,715.7108000000001,974.0,1.2
846.7200000000001,757.5662,974.0,1.2
846.7200000000001,736.6385,974.0,1.2
846.7200000000001,689.3237,974.0,1.2
846.7200000000001,762.1157000000001,974.0,1.2
846.7200000000001,765.7553,974.0,1.2
846.7200000000001,746.6474000000001,974.0,1.2
846.7200000000001,702.0623,974.0,1.2
846.7200000000001,714.8009,974.0,1.2
846.7200000000001,726.6296,974.0,1.2
846.7200000000001,703.8821,974.0,1.2
846.7200000000001,769.3949,974.0,1.2
846.7200000000001,726.6296,974.0,1.2
846.7200000000001,649.2881,974.0,1.2
846.7200000000001,732.089,974.0,1.2
846.7200000000001,713.891,974.0,1.2
846.7200000000001,721.1702,974.0,1.2
846.7200000000001,712.9811,974.0,1.2
846.7200000000001,744.8276,508.27,1.2
846.7200000000001,753.9266,508.27,1.2
846.7200000000001,730.2692,508.27,1.2
846.7200000000001,713.891,508.27,1.2
846.7200000000001,722.0801,508.27,1.2
846.7200000000001,723.8999,508.27,1.2
846.7200000000001,701.1524000000001,508.27,1.2
640.0,738.4583,508.27,1.0
640.0,735.7286,508.27,1.0
640.0,764.8454,508.27,1.0
846.7200000000001,757.5662,508.27,1.2
846.7200000000001,703.8821,508.27,1.2
846.7200000000001,745.7375,508.27,1.2
846.7200000000001,696.6029,508.27,1.2
846.7200000000001,742.0979,508.27,1.2
846.7200000000001,709.3415,508.27,1.2
846.7200000000001,694.7831,508.27,1.2
846.7200000000001,730.2692,508.27,1.2
846.7200000000001,650.198,508.27,1.2
640.0,674.7653,508.27,1.0
640.0,718.4405,508.27,1.0
846.7200000000001,724.8098,508.27,1.2
846.7200000000001,712.9811,508.27,1.2
846.7200000000001,680.2247,508.27,1.2
846.7200000000001,700.2425000000001,508.27,1.2
846.7200000000001,733.9088,508.27,1.2
846.7200000000001,738.4583,508.27,1.2
846.7200000000001,722.99,508.27,1.2
846.7200000000001,754.8365,508.27,1.2
846.7200000000001,733.9088,508.27,1.2
846.7200000000001,702.9722,508.27,1.2
846.7200000000001,715.7108000000001,508.27,1.2
846.7200000000001,684.7742000000001,508.27,1.2
846.7200000000001,720.2603,508.27,1.2
846.7200000000001,753.0167,508.27,1.2
846.7200000000001,742.0979,508.27,1.2
846.7200000000001,761.2058,508.27,1.2
846.7200000000001,714.8009,508.27,1.2
846.7200000000001,759.386,508.27,1.2
846.7200000000001,717.5306,508.27,1.2
846.7200000000001,763.0256,508.27,1.2
846.7200000000001,722.0801,508.27,1.2
846.7200000000001,742.0979,508.27,1.2
846.7200000000001,763.0256,508.27,1.2
846.7200000000001,717.5306,508.27,1.2
846.7200000000001,729.3593,508.27,1.2
846.7200000000001,758.4761,508.27,1.2
846.7200000000001,719.3504,508.27,1.2
846.7200000000001,686.594,508.27,1.2
846.7200000000001,781.2236,508.27,1.2
846.7200000000001,710.2514,508.27,1.2
846.7200000000001,727.5395,508.27,1.2
846.7200000000001,754.8365,508.27,1.2
846.7200000000001,706.6118,508.27,1.2
846.7200000000001,695.693,508.27,1.2
846.7200000000001,730.2692,508.27,1.2
846.7200000000001,673.8554,508.27,1.2
640.0,714.8009,508.27,1.0
846.7200000000001,729.3593,508.27,1.2
846.7200000000001,715.7108000000001,508.27,1.2
846.7200000000001,681.1346,508.27,1.2
846.7200000000001,766.6652,508.27,1.2
846.7200000000001,725.7197,508.27,1.2
846.7200000000001,762.1157000000001,508.27,1.2
846.7200000000001,715.7108000000001,508.27,1.2
846.7200000000001,699.3326,508.27,1.2
846.7200000000001,730.2692,508.27,1.2
846.7200000000001,717.5306,508.27,1.2
846.7200000000001,691.1435,508.27,1.2
846.7200000000001,763.0256,508.27,1.2
846.7200000000001,705.7019,508.27,1.2
846.7200000000001,672.9455,508.27,1.2
846.7200000000001,759.386,508.27,1.2
846.7200000000001,709.3415,508.27,1.2
846.7200000000001,706.6118,508.27,1.2
609.8400000000001,811.5684,611.11,1.4
640.0,743.6187,611.11,1.0
640.0,774.2334,611.11,1.0
640.0,792.9009,611.11,1.0
640.0,782.4471,611.11,1.0
640.0,771.2466000000001,611.11,1.0
640.0,734.6583,611.11,1.0
640.0,754.8192,611.11,1.0
640.0,777.2202,611.11,1.0
640.0,754.8192,611.11,1.0
640.0,777.2202,611.11,1.0
640.0,787.674,611.11,1.0
640.0,794.3943,611.11,1.0
640.0,745.1121,611.11,1.0
640.0,822.0222,611.11,1.0
640.0,789.9141,611.11,1.0
640.0,772.74,611.11,1.0
640.0,797.3811000000001,611.11,1.0
640.0,825.7557,611.11,1.0
640.0,740.6319,611.11,1.0
640.0,767.5131,611.11,1.0
640.0,719.7243,611.11,1.0
640.0,777.2202,611.11,1.0
640.0,780.9537,611.11,1.0
640.0,771.9933,611.11,1.0
640.0,757.806,611.11,1.0
640.0,727.1913,611.11,1.0
640.0,780.9537,611.11,1.0
640.0,805.5948,611.11,1.0
640.0,759.2994,611.11,1.0
640.0,782.4471,611.11,1.0
640.0,737.6451,611.11,1.0
640.0,783.1938,611.11,1.0
640.0,763.7796,611.11,1.0
640.0,755.5659,611.11,1.0
640.0,755.5659,611.11,1.0
640.0,763.7796,611.11,1.0
640.0,780.9537,611.11,1.0
640.0,743.6187,611.11,1.0
640.0,763.7796,611.11,1.0
640.0,771.9933,611.11,1.0
640.0,748.0989,611.11,1.0
640.0,813.0618000000001,611.11,1.0
640.0,753.3258,611.11,1.0
640.0,757.806,611.11,1.0
640.0,751.0857,611.11,1.0
640.0,813.0618000000001,611.11,1.0
640.0,785.4339,611.11,1.0
640.0,751.8324,611.11,1.0
640.0,797.3811000000001,611.11,1.0
640.0,777.2202,611.11,1.0
640.0,778.7136,611.11,1.0
640.0,765.273,611.11,1.0
640.0,756.3126,611.11,1.0
640.0,780.207,611.11,1.0
640.0,760.7928,611.11,1.0
640.0,813.8085,611.11,1.0
640.0,744.3654,611.11,1.0
640.0,807.0882,611.11,1.0
640.0,770.4999,611.11,1.0
640.0,779.4603,611.11,1.0
640.0,791.4075,611.11,1.0
640.0,758.5527,611.11,1.0
640.0,792.1542000000001,611.11,1.0
640.0,712.2573,611.11,1.0
640.0,756.3126,611.11,1.0
640.0,751.8324,611.11,1.0
640.0,744.3654,611.11,1.0
640.0,768.2598,611.11,1.0
640.0,781.7004000000001,611.11,1.0
640.0,788.4207,611.11,1.0
640.0,777.9669,611.11,1.0
640.0,757.806,611.11,1.0
640.0,780.9537,611.11,1.0
640.0,775.7268,872.34,1.0
846.7200000000001,793.6476,872.34,1.2
846.7200000000001,789.9141,872.34,1.2
846.7200000000001,773.4867,872.34,1.2
846.7200000000001,752.5791,872.34,1.2
846.7200000000001,757.806,872.34,1.2
846.7200000000001,760.7928,872.34,1.2
846.7200000000001,766.0197000000001,872.34,1.2
846.7200000000001,778.7136,872.34,1.2
846.7200000000001,788.4207,872.34,1.2
846.7200000000001,771.2466000000001,872.34,1.2
846.7200000000001,772.74,872.34,1.2
846.7200000000001,775.7268,872.34,1.2
846.7200000000001,761.5395,872.34,1.2
846.7200000000001,751.8324,872.34,1.2
846.7200000000001,733.1649,872.34,1.2
846.7200000000001,757.0593,872.34,1.2
846.7200000000001,783.1938,872.34,1.2
846.7200000000001,757.0593,872.34,1.2
846.7200000000001,767.5131,872.34,1.2
846.7200000000001,783.1938,872.34,1.2
846.7200000000001,784.6872,872.34,1.2
846.7200000000001,748.8456,872.34,1.2
846.7200000000001,795.141,872.34,1.2
846.7200000000001,798.1278,872.34,1.2
846.7200000000001,747.3522,872.34,1.2
846.7200000000001,754.0725,872.34,1.2
846.7200000000001,799.6212,872.34,1.2
846.7200000000001,769.7532,872.34,1.2
846.7200000000001,722.7111,872.34,1.2
846.7200000000001,741.3786,872.34,1.2
846.7200000000001,767.5131,872.34,1.2
846.7200000000001,746.6055,872.34,1.2
846.7200000000001,763.7796,872.34,1.2
846.7200000000001,773.4867,872.34,1.2
846.7200000000001,805.5948,872.34,1.2
846.7200000000001,766.0197000000001,872.34,1.2
846.7200000000001,796.6344,872.34,1.2
846.7200000000001,804.8481,872.34,1.2
846.7200000000001,804.8481,872.34,1.2
846.7200000000001,779.4603,872.34,1.2
846.7200000000001,728.6847,872.34,1.2
846.7200000000001,783.1938,872.34,1.2
846.7200000000001,795.8877,872.34,1.2
846.7200000000001,771.2466000000001,872.34,1.2
846.7200000000001,811.5684,872.34,1.2
846.7200000000001,792.1542000000001,872.34,1.2
846.7200000000001,785.4339,872.34,1.2
846.7200000000001,797.3811000000001,872.34,1.2
846.7200000000001,780.207,872.34,1.2
846.7200000000001,716.7375,872.34,1.2
846.7200000000001,761.5395,872.34,1.2
846.7200000000001,799.6212,872.34,1.2
846.7200000000001,754.8192,872.34,1.2
846.7200000000001,767.5131,872.34,1.2
846.7200000000001,749.5923,872.34,1.2
846.7200000000001,813.0618000000001,872.34,1.2
846.7200000000001,810.075,872.34,1.2
846.7200000000001,752.5791,872.34,1.2
846.7200000000001,775.7268,872.34,1.2
846.7200000000001,757.806,872.34,1.2
846.7200000000001,786.1806,872.34,1.2
846.7200000000001,783.9405,872.34,1.2
846.7200000000001,790.6608,872.34,1.2
846.7200000000001,780.207,872.34,1.2
846.7200000000001,838.4496,872.34,1.2
846.7200000000001,749.5923,872.34,1.2
846.7200000000001,734.6583,872.34,1.2
846.7200000000001,763.7796,872.34,1.2
846.7200000000001,737.6451,872.34,1.2
846.7200000000001,739.1385,872.34,1.2
846.7200000000001,750.339,872.34,1.2
846.7200000000001,751.8324,872.34,1.2
846.7200000000001,751.0857,872.34,1.2
846.7200000000001,784.6872,872.34,1.2
846.7200000000001,761.5395,981.09,1.2
846.7200000000001,769.0065,981.09,1.2
846.7200000000001,792.9009,981.09,1.2
846.7200000000001,755.5659,981.09,1.2
846.7200000000001,766.7664,981.09,1.2
846.7200000000001,780.9537,981.09,1.2
846.7200000000001,729.4314,981.09,1.2
846.7200000000001,718.9776,981.09,1.2
846.7200000000001,780.207,981.09,1.2
846.7200000000001,783.9405,981.09,1.2
846.7200000000001,819.0354,981.09,1.2
846.7200000000001,776.4735000000001,981.09,1.2
846.7200000000001,791.4075,981.09,1.2
846.7200000000001,768.2598,981.09,1.2
846.7200000000001,779.4603,981.09,1.2
846.7200000000001,810.075,981.09,1.2
846.7200000000001,724.9512,981.09,1.2
846.7200000000001,781.7004000000001,981.09,1.2
846.7200000000001,820.5288,981.09,1.2
846.7200000000001,778.7136,981.09,1.2
846.7200000000001,810.075,981.09,1.2
846.7200000000001,758.5527,981.09,1.2
846.7200000000001,771.9933,981.09,1.2
846.7200000000001,773.4867,981.09,1.2
846.7200000000001,722.7111,981.09,1.2
846.7200000000001,746.6055,981.09,1.2
846.7200000000001,748.0989,981.09,1.2
846.7200000000001,791.4075,981.09,1.2
846.7200000000001,792.1542000000001,981.09,1.2
846.7200000000001,780.207,981.09,1.2
846.7200000000001,791.4075,981.09,1.2
846.7200000000001,769.0065,981.09,1.2
846.7200000000001,799.6212,981.09,1.2
846.7200000000001,772.74,981.09,1.2
846.7200000000001,774.2334,981.09,1.2
846.7200000000001,766.7664,981.09,1.2
846.7200000000001,788.4207,981.09,1.2
846.7200000000001,763.0329,981.09,1.2
846.7200000000001,794.3943,981.09,1.2
846.7200000000001,747.3522,981.09,1.2
846.7200000000001,748.0989,981.09,1.2
846.7200000000001,788.4207,981.09,1.2
846.7200000000001,770.4999,981.09,1.2
846.7200000000001,762.2862,981.09,1.2
846.7200000000001,792.9009,981.09,1.2
846.7200000000001,759.2994,981.09,1.2
846.7200000000001,768.2598,981.09,1.2
846.7200000000001,804.1014,981.09,1.2
846.7200000000001,807.0882,981.09,1.2
846.7200000000001,807.8349000000001,981.09,1.2
846.7200000000001,766.7664,981.09,1.2
846.7200000000001,800.3679,981.09,1.2
846.7200000000001,751.8324,981.09,1.2
846.7200000000001,752.5791,981.09,1.2
846.7200000000001,719.7243,981.09,1.2
846.7200000000001,810.075,981.09,1.2
846.7200000000001,753.3258,981.09,1.2
846.7200000000001,769.7532,981.09,1.2
846.7200000000001,752.5791,981.09,1.2
846.7200000000001,788.4207,981.09,1.2
846.7200000000001,764.5263,981.09,1.2
846.7200000000001,743.6187,981.09,1.2
846.7200000000001,782.4471,981.09,1.2
846.7200000000001,740.6319,981.09,1.2
846.7200000000001,754.0725,981.09,1.2
846.7200000000001,725.6979,981.09,1.2
846.7200000000001,740.6319,981.09,1.2
846.7200000000001,776.4735000000001,981.09,1.2
846.7200000000001,728.6847,981.09,1.2
846.7200000000001,739.8852,981.09,1.2
846.7200000000001,772.74,981.09,1.2
846.7200000000001,760.7928,981.09,1.2
846.7200000000001,817.542,981.09,1.2
846.7200000000001,813.8085,981.09,1.2
846.7200000000001,753.3258,981.09,1.2
609.8400000000001,694.1586000000001,518.91,1.4
640.0,674.7066,518.91,1.0
640.0,661.5765,518.91,1.0
640.0,683.46,518.91,1.0
640.0,681.0285,518.91,1.0
640.0,677.1381,518.91,1.0
640.0,689.7819000000001,518.91,1.0
846.7200000000001,672.2751000000001,518.91,1.2
640.0,666.4395000000001,518.91,1.0
640.0,684.9189,518.91,1.0
640.0,689.2956,518.91,1.0
846.7200000000001,666.4395000000001,518.91,1.2
846.7200000000001,697.0764,518.91,1.2
846.7200000000001,657.6861,518.91,1.2
846.7200000000001,675.1929,518.91,1.2
640.0,679.5696,518.91,1.0
640.0,674.2203000000001,518.91,1.0
640.0,675.1929,518.91,1.0
640.0,710.6928,518.91,1.0
640.0,670.8162,518.91,1.0
640.0,718.9599000000001,518.91,1.0
846.7200000000001,689.7819000000001,518.91,1.2
640.0,684.9189,518.91,1.0
640.0,690.2682000000001,518.91,1.0
640.0,720.4188,518.91,1.0
640.0,668.871,518.91,1.0
640.0,666.9258,518.91,1.0
640.0,672.2751000000001,518.91,1.0
640.0,683.9463000000001,518.91,1.0
640.0,658.1724,518.91,1.0
640.0,683.9463000000001,518.91,1.0
640.0,708.2613,518.91,1.0
640.0,685.8915000000001,518.91,1.0
640.0,679.0833,518.91,1.0
640.0,674.2203000000001,518.91,1.0
640.0,696.5901,518.91,1.0
640.0,671.3025,518.91,1.0
640.0,710.2065,518.91,1.0
640.0,711.6654000000001,518.91,1.0
640.0,687.3504,518.91,1.0
640.0,683.46,518.91,1.0
640.0,698.5353,518.91,1.0
640.0,699.5079000000001,518.91,1.0
640.0,671.7888,518.91,1.0
640.0,675.6792,518.91,1.0
640.0,664.008,518.91,1.0
640.0,689.2956,518.91,1.0
640.0,693.186,518.91,1.0
640.0,664.008,518.91,1.0
640.0,676.6518,518.91,1.0
640.0,664.008,518.91,1.0
640.0,670.3299000000001,518.91,1.0
640.0,691.7271000000001,518.91,1.0
640.0,672.7614,518.91,1.0
640.0,679.0833,518.91,1.0
640.0,659.6313,518.91,1.0
640.0,686.3778000000001,518.91,1.0
640.0,682.9737,518.91,1.0
846.7200000000001,672.7614,518.91,1.2
846.7200000000001,680.5422,518.91,1.2
640.0,685.8915000000001,518.91,1.0
640.0,671.7888,518.91,1.0
640.0,662.0628,518.91,1.0
640.0,709.7202000000001,518.91,1.0
640.0,674.2203000000001,518.91,1.0
640.0,682.0011000000001,518.91,1.0
640.0,698.0490000000001,518.91,1.0
640.0,732.09,518.91,1.0
640.0,665.4669,518.91,1.0
640.0,689.7819000000001,518.91,1.0
640.0,673.2477,518.91,1.0
640.0,675.6792,518.91,1.0
640.0,672.7614,518.91,1.0
640.0,666.9258,518.91,1.0
640.0,682.9737,754.14,1.0
640.0,662.0628,754.14,1.0
640.0,697.0764,754.14,1.0
640.0,684.4326000000001,754.14,1.0
640.0,689.7819000000001,754.14,1.0
640.0,676.6518,754.14,1.0
640.0,678.1107000000001,754.14,1.0
640.0,687.8367000000001,754.14,1.0
640.0,666.4395000000001,754.14,1.0
640.0,678.1107000000001,754.14,1.0
640.0,670.8162,754.14,1.0
640.0,670.3299000000001,754.14,1.0
640.0,652.8231000000001,754.14,1.0
640.0,702.912,754.14,1.0
640.0,673.2477,754.14,1.0
640.0,700.4805,754.14,1.0
640.0,699.0216,754.14,1.0
640.0,664.4943000000001,754.14,1.0
640.0,667.4121,754.14,1.0
640.0,720.9051000000001,754.14,1.0
640.0,709.2339000000001,754.14,1.0
640.0,682.9737,754.14,1.0
640.0,687.3504,754.14,1.0
640.0,674.2203000000001,754.14,1.0
640.0,689.7819000000001,754.14,1.0
640.0,672.7614,754.14,1.0
640.0,653.7957,754.14,1.0
640.0,664.008,754.14,1.0
640.0,683.9463000000001,754.14,1.0
640.0,666.9258,754.14,1.0
640.0,682.4874,754.14,1.0
640.0,667.8984,754.14,1.0
640.0,672.2751000000001,754.14,1.0
640.0,696.1038000000001,754.14,1.0
640.0,686.8641,754.14,1.0
640.0,683.46,754.14,1.0
640.0,696.1038000000001,754.14,1.0
640.0,690.2682000000001,754.14,1.0
640.0,704.3709,754.14,1.0
640.0,676.6518,754.14,1.0
640.0,677.1381,754.14,1.0
640.0,664.4943000000001,754.14,1.0
640.0,677.1381,754.14,1.0
640.0,697.5627000000001,754.14,1.0
640.0,702.4257,754.14,1.0
640.0,697.5627000000001,754.14,1.0
640.0,657.1998,754.14,1.0
640.0,699.0216,754.14,1.0
640.0,656.7135000000001,754.14,1.0
640.0,696.5901,754.14,1.0
640.0,678.1107000000001,754.14,1.0
640.0,693.6723000000001,754.14,1.0
640.0,664.008,754.14,1.0
640.0,700.4805,754.14,1.0
640.0,662.0628,754.14,1.0
640.0,673.734,754.14,1.0
640.0,668.871,754.14,1.0
640.0,657.6861,754.14,1.0
640.0,684.9189,754.14,1.0
640.0,709.7202000000001,754.14,1.0
640.0,722.364,754.14,1.0
640.0,684.9189,754.14,1.0
640.0,699.9942000000001,754.14,1.0
640.0,686.8641,754.14,1.0
640.0,690.7545,754.14,1.0
640.0,678.597,754.14,1.0
640.0,686.3778000000001,754.14,1.0
640.0,691.2408,754.14,1.0
640.0,675.1929,754.14,1.0
640.0,682.4874,754.14,1.0
640.0,682.4874,754.14,1.0
640.0,695.6175000000001,754.14,1.0
640.0,667.8984,754.14,1.0
640.0,682.4874,754.14,1.0
640.0,711.1791000000001,754.14,1.0
640.0,700.4805,893.62,1.0
846.7200000000001,702.912,893.62,1.2
846.7200000000001,683.9463000000001,893.62,1.2
846.7200000000001,688.3230000000001,893.62,1.2
846.7200000000001,698.0490000000001,893.62,1.2
846.7200000000001,706.3161,893.62,1.2
846.7200000000001,654.7683000000001,893.62,1.2
846.7200000000001,664.4943000000001,893.62,1.2
846.7200000000001,702.4257,893.62,1.2
846.7200000000001,679.5696,893.62,1.2
846.7200000000001,673.734,893.62,1.2
846.7200000000001,664.9806,893.62,1.2
846.7200000000001,675.1929,893.62,1.2
846.7200000000001,663.0354,893.62,1.2
846.7200000000001,714.0969,893.62,1.2
846.7200000000001,682.9737,893.62,1.2
846.7200000000001,682.4874,893.62,1.2
846.7200000000001,692.2134000000001,893.62,1.2
846.7200000000001,697.5627000000001,893.62,1.2
846.7200000000001,697.0764,893.62,1.2
846.7200000000001,699.0216,893.62,1.2
846.7200000000001,674.2203000000001,893.62,1.2
846.7200000000001,679.0833,893.62,1.2
846.7200000000001,694.6449,893.62,1.2
846.7200000000001,675.6792,893.62,1.2
846.7200000000001,683.46,893.62,1.2
846.7200000000001,689.2956,893.62,1.2
846.7200000000001,695.1312,893.62,1.2
846.7200000000001,657.6861,893.62,1.2
846.7200000000001,693.6723000000001,893.62,1.2
846.7200000000001,680.0559000000001,893.62,1.2
846.7200000000001,693.6723000000001,893.62,1.2
846.7200000000001,694.6449,893.62,1.2
846.7200000000001,706.8024,893.62,1.2
846.7200000000001,703.3983000000001,893.62,1.2
846.7200000000001,702.912,893.62,1.2
846.7200000000001,704.3709,893.62,1.2
846.7200000000001,687.8367000000001,893.62,1.2
846.7200000000001,683.9463000000001,893.62,1.2
846.7200000000001,696.1038000000001,893.62,1.2
846.7200000000001,694.1586000000001,893.62,1.2
846.7200000000001,679.0833,893.62,1.2
846.7200000000001,689.2956,893.62,1.2
846.7200000000001,682.9737,893.62,1.2
846.7200000000001,670.8162,893.62,1.2
846.7200000000001,702.4257,893.62,1.2
846.7200000000001,684.4326000000001,893.62,1.2
846.7200000000001,713.1243000000001,893.62,1.2
846.7200000000001,659.6313,893.62,1.2
846.7200000000001,675.1929,893.62,1.2
846.7200000000001,683.9463000000001,893.62,1.2
846.7200000000001,699.9942000000001,893.62,1.2
846.7200000000001,689.2956,893.62,1.2
846.7200000000001,687.8367000000001,893.62,1.2
846.7200000000001,666.9258,893.62,1.2
846.7200000000001,666.4395000000001,893.62,1.2
846.7200000000001,688.3230000000001,893.62,1.2
846.7200000000001,663.5217,893.62,1.2
846.7200000000001,675.6792,893.62,1.2
846.7200000000001,690.7545,893.62,1.2
846.7200000000001,669.3573,893.62,1.2
846.7200000000001,706.8024,893.62,1.2
846.7200000000001,701.4531000000001,893.62,1.2
846.7200000000001,660.6039000000001,893.62,1.2
846.7200000000001,669.8436,893.62,1.2
846.7200000000001,649.9053,893.62,1.2
846.7200000000001,672.2751000000001,893.62,1.2
846.7200000000001,694.6449,893.62,1.2
846.7200000000001,677.6244,893.62,1.2
846.7200000000001,690.2682000000001,893.62,1.2
846.7200000000001,661.0902,893.62,1.2
846.7200000000001,695.1312,893.62,1.2
846.7200000000001,675.1929,893.62,1.2
846.7200000000001,683.46,893.62,1.2
846.7200000000001,682.0011000000001,893.62,1.2
933.12,654.8069999999999,992.91,1.8
846.7200000000001,687.9462,992.91,1.2
846.7200000000001,679.1436,992.91,1.2
846.7200000000001,689.4996,992.91,1.2
846.7200000000001,678.108,992.91,1.2
846.7200000000001,675.0011999999999,992.91,1.2
846.7200000000001,646.0043999999999,992.91,1.2
846.7200000000001,668.7876,992.91,1.2
846.7200000000001,672.4122,992.91,1.2
846.7200000000001,703.4802,992.91,1.2
846.7200000000001,683.8037999999999,992.91,1.2
846.7200000000001,696.7488,992.91,1.2
846.7200000000001,682.2503999999999,992.91,1.2
846.7200000000001,662.0562,992.91,1.2
846.7200000000001,675.0011999999999,992.91,1.2
846.7200000000001,676.5545999999999,992.91,1.2
846.7200000000001,658.4316,992.91,1.2
846.7200000000001,666.7163999999999,992.91,1.2
846.7200000000001,669.8231999999999,992.91,1.2
846.7200000000001,697.7844,992.91,1.2
846.7200000000001,640.8263999999999,992.91,1.2
846.7200000000001,691.5708,992.91,1.2
846.7200000000001,658.4316,992.91,1.2
846.7200000000001,651.7002,992.91,1.2
846.7200000000001,691.053,992.91,1.2
846.7200000000001,684.3216,992.91,1.2
846.7200000000001,692.6063999999999,992.91,1.2
846.7200000000001,685.3571999999999,992.91,1.2
846.7200000000001,705.0336,992.91,1.2
846.7200000000001,681.7325999999999,992.91,1.2
846.7200000000001,670.3409999999999,992.91,1.2
846.7200000000001,678.108,992.91,1.2
846.7200000000001,692.0885999999999,992.91,1.2
846.7200000000001,661.0206,992.91,1.2
846.7200000000001,662.574,992.91,1.2
846.7200000000001,668.2697999999999,992.91,1.2
846.7200000000001,640.3086,992.91,1.2
846.7200000000001,675.0011999999999,992.91,1.2
846.7200000000001,643.4154,992.91,1.2
846.7200000000001,673.9656,992.91,1.2
846.7200000000001,686.3928,992.91,1.2
846.7200000000001,665.6808,992.91,1.2
846.7200000000001,698.8199999999999,992.91,1.2
846.7200000000001,650.1468,992.91,1.2
846.7200000000001,691.5708,992.91,1.2
846.7200000000001,683.286,992.91,1.2
846.7200000000001,646.5222,992.91,1.2
846.7200000000001,714.8717999999999,992.91,1.2
846.7200000000001,671.8943999999999,992.91,1.2
846.7200000000001,659.4671999999999,992.91,1.2
846.7200000000001,651.1823999999999,992.91,1.2
846.7200000000001,669.3054,992.91,1.2
846.7200000000001,670.8588,992.91,1.2
846.7200000000001,674.4834,992.91,1.2
846.7200000000001,668.2697999999999,992.91,1.2
846.7200000000001,682.7682,992.91,1.2
846.7200000000001,666.7163999999999,992.91,1.2
846.7200000000001,642.8975999999999,992.91,1.2
846.7200000000001,670.8588,992.91,1.2
846.7200000000001,636.1662,992.91,1.2
846.7200000000001,678.6257999999999,992.91,1.2
846.7200000000001,657.9137999999999,992.91,1.2
846.7200000000001,675.519,992.91,1.2
846.7200000000001,693.1242,992.91,1.2
846.7200000000001,658.4316,992.91,1.2
846.7200000000001,689.4996,992.91,1.2
846.7200000000001,666.1985999999999,992.91,1.2
846.7200000000001,700.3734,992.91,1.2
846.7200000000001,667.2342,992.91,1.2
846.7200000000001,659.9849999999999,992.91,1.2
846.7200000000001,683.8037999999999,992.91,1.2
846.7200000000001,666.1985999999999,992.91,1.2
846.7200000000001,659.9849999999999,992.91,1.2
846.7200000000001,665.6808,992.91,1.2
846.7200000000001,672.4122,613.48,1.2
640.0,693.6419999999999,613.48,1.0
640.0,642.8975999999999,613.48,1.0
640.0,673.4477999999999,613.48,1.0
640.0,682.7682,613.48,1.0
640.0,676.0368,613.48,1.0
640.0,693.1242,613.48,1.0
640.0,671.8943999999999,613.48,1.0
640.0,669.8231999999999,613.48,1.0
640.0,682.2503999999999,613.48,1.0
640.0,674.4834,613.48,1.0
640.0,666.7163999999999,613.48,1.0
640.0,680.697,613.48,1.0
640.0,662.574,613.48,1.0
640.0,663.6096,613.48,1.0
640.0,664.6451999999999,613.48,1.0
640.0,694.1597999999999,613.48,1.0
640.0,622.7034,613.48,1.0
640.0,679.1436,613.48,1.0
640.0,673.4477999999999,613.48,1.0
640.0,647.04,613.48,1.0
640.0,677.5902,613.48,1.0
640.0,680.1791999999999,613.48,1.0
640.0,682.2503999999999,613.48,1.0
640.0,631.506,613.48,1.0
640.0,694.1597999999999,613.48,1.0
640.0,661.5383999999999,613.48,1.0
640.0,683.8037999999999,613.48,1.0
640.0,684.3216,613.48,1.0
640.0,659.4671999999999,613.48,1.0
640.0,683.286,613.48,1.0
640.0,666.7163999999999,613.48,1.0
640.0,640.8263999999999,613.48,1.0
640.0,691.053,613.48,1.0
640.0,661.0206,613.48,1.0
640.0,659.4671999999999,613.48,1.0
640.0,666.7163999999999,613.48,1.0
640.0,677.0723999999999,613.48,1.0
640.0,671.8943999999999,613.48,1.0
640.0,681.2148,613.48,1.0
640.0,652.218,613.48,1.0
640.0,661.5383999999999,613.48,1.0
640.0,671.3765999999999,613.48,1.0
640.0,702.4445999999999,613.48,1.0
640.0,671.3765999999999,613.48,1.0
640.0,690.0174,613.48,1.0
640.0,673.4477999999999,613.48,1.0
640.0,665.1629999999999,613.48,1.0
640.0,669.3054,613.48,1.0
640.0,670.3409999999999,613.48,1.0
640.0,682.2503999999999,613.48,1.0
640.0,694.1597999999999,613.48,1.0
640.0,678.6257999999999,613.48,1.0
640.0,691.5708,613.48,1.0
640.0,657.9137999999999,613.48,1.0
640.0,666.7163999999999,613.48,1.0
640.0,661.5383999999999,613.48,1.0
640.0,677.5902,613.48,1.0
640.0,667.2342,613.48,1.0
640.0,684.3216,613.48,1.0
640.0,658.4316,613.48,1.0
640.0,673.4477999999999,613.48,1.0
640.0,683.8037999999999,613.48,1.0
640.0,640.8263999999999,613.48,1.0
640.0,706.0691999999999,613.48,1.0
640.0,668.7876,613.48,1.0
640.0,641.3442,613.48,1.0
640.0,675.519,613.48,1.0
640.0,673.4477999999999,613.48,1.0
640.0,671.8943999999999,613.48,1.0
640.0,688.4639999999999,613.48,1.0
640.0,684.3216,613.48,1.0
640.0,677.5902,613.48,1.0
640.0,680.1791999999999,613.48,1.0
640.0,671.3765999999999,613.48,1.0
640.0,700.3734,760.05,1.0
640.0,650.1468,760.05,1.0
640.0,675.0011999999999,760.05,1.0
640.0,673.9656,760.05,1.0
640.0,685.3571999999999,760.05,1.0
640.0,659.9849999999999,760.05,1.0
640.0,646.0043999999999,760.05,1.0
640.0,675.519,760.05,1.0
640.0,677.0723999999999,760.05,1.0
640.0,696.231,760.05,1.0
640.0,653.2536,760.05,1.0
640.0,691.053,760.05,1.0
640.0,709.6937999999999,760.05,1.0
640.0,667.2342,760.05,1.0
640.0,652.7357999999999,760.05,1.0
640.0,666.7163999999999,760.05,1.0
640.0,672.93,760.05,1.0
640.0,681.7325999999999,760.05,1.0
640.0,663.6096,760.05,1.0
640.0,697.2665999999999,760.05,1.0
640.0,655.8426,760.05,1.0
640.0,646.0043999999999,760.05,1.0
640.0,690.0174,760.05,1.0
640.0,637.7195999999999,760.05,1.0
640.0,669.8231999999999,760.05,1.0
640.0,721.6031999999999,760.05,1.0
640.0,672.93,760.05,1.0
640.0,655.3248,760.05,1.0
640.0,671.8943999999999,760.05,1.0
640.0,671.8943999999999,760.05,1.0
640.0,675.519,760.05,1.0
640.0,683.286,760.05,1.0
640.0,656.8782,760.05,1.0
640.0,699.3377999999999,760.05,1.0
640.0,676.5545999999999,760.05,1.0
640.0,684.3216,760.05,1.0
640.0,663.0917999999999,760.05,1.0
640.0,693.1242,760.05,1.0
640.0,668.7876,760.05,1.0
640.0,677.0723999999999,760.05,1.0
640.0,658.4316,760.05,1.0
640.0,657.396,760.05,1.0
640.0,683.8037999999999,760.05,1.0
640.0,666.1985999999999,760.05,1.0
640.0,659.4671999999999,760.05,1.0
640.0,663.0917999999999,760.05,1.0
640.0,683.8037999999999,760.05,1.0
640.0,663.0917999999999,760.05,1.0
640.0,670.8588,760.05,1.0
640.0,672.93,760.05,1.0
640.0,642.8975999999999,760.05,1.0
640.0,650.1468,760.05,1.0
640.0,678.108,760.05,1.0
640.0,661.5383999999999,760.05,1.0
640.0,689.4996,760.05,1.0
640.0,687.9462,760.05,1.0
640.0,684.3216,760.05,1.0
640.0,701.409,760.05,1.0
640.0,671.8943999999999,760.05,1.0
640.0,682.7682,760.05,1.0
640.0,663.6096,760.05,1.0
640.0,711.2471999999999,760.05,1.0
640.0,703.9979999999999,760.05,1.0
640.0,672.93,760.05,1.0
640.0,679.1436,760.05,1.0
640.0,694.1597999999999,760.05,1.0
640.0,670.8588,760.05,1.0
640.0,662.574,760.05,1.0
640.0,686.3928,760.05,1.0
640.0,673.9656,760.05,1.0
640.0,675.519,760.05,1.0
640.0,659.9849999999999,760.05,1.0
640.0,646.0043999999999,760.05,1.0
640.0,676.5545999999999,760.05,1.0
640.0,686.9105999999999,760.05,1.0
933.12,824.4235,977.54,1.8
846.7200000000001,781.8955,977.54,1.2
846.7200000000001,774.586,977.54,1.2
846.7200000000001,794.5210000000001,977.54,1.2
846.7200000000001,794.5210000000001,977.54,1.2
846.7200000000001,811.1335,977.54,1.2
846.7200000000001,780.5665,977.54,1.2
846.7200000000001,823.0945,977.54,1.2
846.7200000000001,835.0555,977.54,1.2
846.7200000000001,795.1855,977.54,1.2
846.7200000000001,820.4365,977.54,1.2
846.7200000000001,774.586,977.54,1.2
846.7200000000001,817.114,977.54,1.2
846.7200000000001,816.4495000000001,977.54,1.2
846.7200000000001,813.1270000000001,977.54,1.2
846.7200000000001,795.85,977.54,1.2
846.7200000000001,736.7095,977.54,1.2
846.7200000000001,783.2245,977.54,1.2
846.7200000000001,783.2245,977.54,1.2
846.7200000000001,776.5795,977.54,1.2
846.7200000000001,798.508,977.54,1.2
846.7200000000001,787.2115,977.54,1.2
846.7200000000001,779.2375000000001,977.54,1.2
846.7200000000001,774.586,977.54,1.2
846.7200000000001,781.8955,977.54,1.2
846.7200000000001,818.443,977.54,1.2
846.7200000000001,782.5600000000001,977.54,1.2
846.7200000000001,785.8825,977.54,1.2
846.7200000000001,786.547,977.54,1.2
846.7200000000001,802.495,977.54,1.2
846.7200000000001,805.153,977.54,1.2
846.7200000000001,735.3805,977.54,1.2
846.7200000000001,816.4495000000001,977.54,1.2
846.7200000000001,824.4235,977.54,1.2
846.7200000000001,774.586,977.54,1.2
846.7200000000001,776.5795,977.54,1.2
846.7200000000001,786.547,977.54,1.2
846.7200000000001,780.5665,977.54,1.2
846.7200000000001,800.5015000000001,977.54,1.2
846.7200000000001,757.309,977.54,1.2
846.7200000000001,773.2570000000001,977.54,1.2
846.7200000000001,826.417,977.54,1.2
846.7200000000001,777.244,977.54,1.2
846.7200000000001,820.4365,977.54,1.2
846.7200000000001,803.1595,977.54,1.2
846.7200000000001,759.967,977.54,1.2
846.7200000000001,808.4755,977.54,1.2
846.7200000000001,793.192,977.54,1.2
846.7200000000001,786.547,977.54,1.2
846.7200000000001,800.5015000000001,977.54,1.2
846.7200000000001,805.153,977.54,1.2
846.7200000000001,809.8045000000001,977.54,1.2
846.7200000000001,819.1075000000001,977.54,1.2
846.7200000000001,803.8240000000001,977.54,1.2
846.7200000000001,768.6055,977.54,1.2
846.7200000000001,786.547,977.54,1.2
846.7200000000001,854.326,977.54,1.2
846.7200000000001,810.469,977.54,1.2
846.7200000000001,843.0295,977.54,1.2
846.7200000000001,823.759,977.54,1.2
846.7200000000001,800.5015000000001,977.54,1.2
846.7200000000001,801.8305,977.54,1.2
846.7200000000001,795.1855,977.54,1.2
846.7200000000001,761.296,977.54,1.2
846.7200000000001,796.5145,977.54,1.2
846.7200000000001,819.772,977.54,1.2
846.7200000000001,783.889,977.54,1.2
846.7200000000001,803.8240000000001,977.54,1.2
846.7200000000001,813.1270000000001,977.54,1.2
846.7200000000001,777.9085,977.54,1.2
846.7200000000001,786.547,977.54,1.2
846.7200000000001,775.2505,977.54,1.2
846.7200000000001,779.2375000000001,977.54,1.2
846.7200000000001,769.9345000000001,977.54,1.2
846.7200000000001,777.9085,978.72,1.2
846.7200000000001,824.4235,978.72,1.2
846.7200000000001,777.9085,978.72,1.2
846.7200000000001,798.508,978.72,1.2
846.7200000000001,785.8825,978.72,1.2
846.7200000000001,819.1075000000001,978.72,1.2
846.7200000000001,821.7655,978.72,1.2
846.7200000000001,813.1270000000001,978.72,1.2
846.7200000000001,801.8305,978.72,1.2
846.7200000000001,791.1985,978.72,1.2
846.7200000000001,771.928,978.72,1.2
846.7200000000001,834.3910000000001,978.72,1.2
846.7200000000001,780.5665,978.72,1.2
846.7200000000001,809.14,978.72,1.2
846.7200000000001,817.114,978.72,1.2
846.7200000000001,784.5535,978.72,1.2
846.7200000000001,816.4495000000001,978.72,1.2
846.7200000000001,811.1335,978.72,1.2
846.7200000000001,830.404,978.72,1.2
846.7200000000001,786.547,978.72,1.2
846.7200000000001,769.9345000000001,978.72,1.2
846.7200000000001,785.8825,978.72,1.2
846.7200000000001,799.837,978.72,1.2
846.7200000000001,797.179,978.72,1.2
846.7200000000001,787.876,978.72,1.2
846.7200000000001,757.9735000000001,978.72,1.2
846.7200000000001,805.153,978.72,1.2
846.7200000000001,835.0555,978.72,1.2
846.7200000000001,805.153,978.72,1.2
846.7200000000001,807.811,978.72,1.2
846.7200000000001,807.1465000000001,978.72,1.2
846.7200000000001,803.8240000000001,978.72,1.2
846.7200000000001,814.456,978.72,1.2
846.7200000000001,803.8240000000001,978.72,1.2
846.7200000000001,789.8695,978.72,1.2
846.7200000000001,779.902,978.72,1.2
846.7200000000001,791.1985,978.72,1.2
846.7200000000001,801.8305,978.72,1.2
846.7200000000001,789.8695,978.72,1.2
846.7200000000001,801.8305,978.72,1.2
846.7200000000001,804.4885,978.72,1.2
846.7200000000001,812.4625,978.72,1.2
846.7200000000001,821.101,978.72,1.2
846.7200000000001,797.179,978.72,1.2
846.7200000000001,769.9345000000001,978.72,1.2
846.7200000000001,789.205,978.72,1.2
846.7200000000001,796.5145,978.72,1.2
846.7200000000001,759.3025,978.72,1.2
846.7200000000001,823.759,978.72,1.2
846.7200000000001,798.508,978.72,1.2
846.7200000000001,803.1595,978.72,1.2
846.7200000000001,823.0945,978.72,1.2
846.7200000000001,783.2245,978.72,1.2
846.7200000000001,807.1465000000001,978.72,1.2
846.7200000000001,793.8565,978.72,1.2
846.7200000000001,791.863,978.72,1.2
846.7200000000001,780.5665,978.72,1.2
846.7200000000001,829.075,978.72,1.2
846.7200000000001,788.5405000000001,978.72,1.2
846.7200000000001,809.8045000000001,978.72,1.2
846.7200000000001,758.638,978.72,1.2
846.7200000000001,819.1075000000001,978.72,1.2
846.7200000000001,817.114,978.72,1.2
846.7200000000001,797.8435000000001,978.72,1.2
846.7200000000001,791.1985,978.72,1.2
846.7200000000001,803.8240000000001,978.72,1.2
846.7200000000001,841.7005,978.72,1.2
846.7200000000001,760.6315,978.72,1.2
846.7200000000001,811.1335,978.72,1.2
846.7200000000001,777.9085,978.72,1.2
846.7200000000001,795.1855,978.72,1.2
846.7200000000001,791.1985,978.72,1.2
846.7200000000001,787.2115,978.72,1.2
846.7200000000001,795.85,978.72,1.2
846.7200000000001,773.2570000000001,978.72,1.2
846.7200000000001,816.4495000000001,700.95,1.2
846.7200000000001,759.967,700.95,1.2
640.0,806.482,700.95,1.0
846.7200000000001,789.205,700.95,1.2
846.7200000000001,772.5925,700.95,1.2
640.0,799.837,700.95,1.0
640.0,764.6185,700.95,1.0
640.0,796.5145,700.95,1.0
640.0,767.2765,700.95,1.0
640.0,805.153,700.95,1.0
640.0,777.244,700.95,1.0
640.0,786.547,700.95,1.0
640.0,801.8305,700.95,1.0
640.0,780.5665,700.95,1.0
640.0,794.5210000000001,700.95,1.0
640.0,765.9475,700.95,1.0
640.0,808.4755,700.95,1.0
846.7200000000001,831.0685000000001,700.95,1.2
846.7200000000001,851.668,700.95,1.2
846.7200000000001,797.8435000000001,700.95,1.2
846.7200000000001,811.798,700.95,1.2
846.7200000000001,760.6315,700.95,1.2
640.0,825.7525,700.95,1.0
846.7200000000001,811.1335,700.95,1.2
846.7200000000001,785.8825,700.95,1.2
846.7200000000001,820.4365,700.95,1.2
846.7200000000001,790.534,700.95,1.2
846.7200000000001,786.547,700.95,1.2
846.7200000000001,805.153,700.95,1.2
846.7200000000001,774.586,700.95,1.2
640.0,816.4495000000001,700.95,1.0
846.7200000000001,774.586,700.95,1.2
846.7200000000001,774.586,700.95,1.2
846.7200000000001,777.9085,700.95,1.2
846.7200000000001,811.1335,700.95,1.2
846.7200000000001,783.2245,700.95,1.2
640.0,769.27,700.95,1.0
640.0,783.889,700.95,1.0
640.0,795.1855,700.95,1.0
846.7200000000001,772.5925,700.95,1.2
846.7200000000001,772.5925,700.95,1.2
640.0,837.7135000000001,700.95,1.0
846.7200000000001,778.573,700.95,1.2
846.7200000000001,789.205,700.95,1.2
846.7200000000001,788.5405000000001,700.95,1.2
846.7200000000001,787.2115,700.95,1.2
846.7200000000001,808.4755,700.95,1.2
846.7200000000001,814.456,700.95,1.2
846.7200000000001,789.8695,700.95,1.2
846.7200000000001,771.2635,700.95,1.2
640.0,821.101,700.95,1.0
846.7200000000001,793.8565,700.95,1.2
640.0,830.404,700.95,1.0
846.7200000000001,751.3285000000001,700.95,1.2
640.0,799.837,700.95,1.0
640.0,834.3910000000001,700.95,1.0
846.7200000000001,788.5405000000001,700.95,1.2
846.7200000000001,791.1985,700.95,1.2
846.7200000000001,801.8305,700.95,1.2
846.7200000000001,784.5535,700.95,1.2
846.7200000000001,789.8695,700.95,1.2
846.7200000000001,789.205,700.95,1.2
846.7200000000001,783.2245,700.95,1.2
846.7200000000001,820.4365,700.95,1.2
846.7200000000001,805.153,700.95,1.2
846.7200000000001,801.166,700.95,1.2
846.7200000000001,811.798,700.95,1.2
846.7200000000001,790.534,700.95,1.2
640.0,780.5665,700.95,1.0
640.0,783.889,700.95,1.0
846.7200000000001,795.85,700.95,1.2
846.7200000000001,774.586,700.95,1.2
846.7200000000001,785.8825,700.95,1.2
846.7200000000001,785.8825,700.95,1.2
846.7200000000001,838.378,700.95,1.2
609.8400000000001,782.43,812.06,1.4
846.7200000000001,837.948,812.06,1.2
846.7200000000001,791.1959999999999,812.06,1.2
846.7200000000001,809.702,812.06,1.2
846.7200000000001,790.222,812.06,1.2
846.7200000000001,767.8199999999999,812.06,1.2
846.7200000000001,722.0419999999999,812.06,1.2
846.7200000000001,793.144,812.06,1.2
846.7200000000001,764.8979999999999,812.06,1.2
846.7200000000001,763.924,812.06,1.2
846.7200000000001,772.6899999999999,812.06,1.2
846.7200000000001,837.948,812.06,1.2
846.7200000000001,857.428,812.06,1.2
846.7200000000001,794.1179999999999,812.06,1.2
846.7200000000001,773.664,812.06,1.2
846.7200000000001,753.2099999999999,812.06,1.2
846.7200000000001,800.9359999999999,812.06,1.2
846.7200000000001,838.9219999999999,812.06,1.2
846.7200000000001,780.482,812.06,1.2
846.7200000000001,718.146,812.06,1.2
846.7200000000001,806.78,812.06,1.2
846.7200000000001,816.52,812.06,1.2
846.7200000000001,740.548,812.06,1.2
846.7200000000001,792.17,812.06,1.2
846.7200000000001,800.9359999999999,812.06,1.2
846.7200000000001,785.352,812.06,1.2
846.7200000000001,763.924,812.06,1.2
846.7200000000001,816.52,812.06,1.2
846.7200000000001,775.612,812.06,1.2
846.7200000000001,743.4699999999999,812.06,1.2
846.7200000000001,727.886,812.06,1.2
846.7200000000001,824.3119999999999,812.06,1.2
846.7200000000001,804.832,812.06,1.2
846.7200000000001,790.222,812.06,1.2
846.7200000000001,774.6379999999999,812.06,1.2
846.7200000000001,771.716,812.06,1.2
846.7200000000001,756.132,812.06,1.2
846.7200000000001,774.6379999999999,812.06,1.2
846.7200000000001,724.9639999999999,812.06,1.2
846.7200000000001,765.872,812.06,1.2
846.7200000000001,778.534,812.06,1.2
846.7200000000001,804.832,812.06,1.2
846.7200000000001,786.3259999999999,812.06,1.2
846.7200000000001,810.6759999999999,812.06,1.2
846.7200000000001,826.26,812.06,1.2
846.7200000000001,818.468,812.06,1.2
846.7200000000001,800.9359999999999,812.06,1.2
846.7200000000001,787.3,812.06,1.2
846.7200000000001,759.054,812.06,1.2
846.7200000000001,808.728,812.06,1.2
846.7200000000001,836.0,812.06,1.2
846.7200000000001,797.04,812.06,1.2
846.7200000000001,843.7919999999999,812.06,1.2
846.7200000000001,742.496,812.06,1.2
846.7200000000001,753.2099999999999,812.06,1.2
846.7200000000001,812.6239999999999,812.06,1.2
846.7200000000001,795.092,812.06,1.2
846.7200000000001,825.286,812.06,1.2
846.7200000000001,787.3,812.06,1.2
846.7200000000001,761.976,812.06,1.2
846.7200000000001,781.4559999999999,812.06,1.2
846.7200000000001,742.496,812.06,1.2
846.7200000000001,754.184,812.06,1.2
846.7200000000001,815.5459999999999,812.06,1.2
846.7200000000001,812.6239999999999,812.06,1.2
846.7200000000001,798.014,812.06,1.2
846.7200000000001,736.6519999999999,812.06,1.2
846.7200000000001,776.5859999999999,812.06,1.2
846.7200000000001,751.262,812.06,1.2
846.7200000000001,821.39,812.06,1.2
846.7200000000001,769.7679999999999,812.06,1.2
846.7200000000001,755.1579999999999,812.06,1.2
846.7200000000001,788.274,812.06,1.2
846.7200000000001,768.794,812.06,1.2
846.7200000000001,831.13,985.82,1.2
846.7200000000001,765.872,985.82,1.2
846.7200000000001,746.3919999999999,985.82,1.2
846.7200000000001,723.9899999999999,985.82,1.2
846.7200000000001,786.3259999999999,985.82,1.2
846.7200000000001,770.742,985.82,1.2
846.7200000000001,745.4179999999999,985.82,1.2
846.7200000000001,822.3639999999999,985.82,1.2
846.7200000000001,806.78,985.82,1.2
846.7200000000001,786.3259999999999,985.82,1.2
846.7200000000001,827.2339999999999,985.82,1.2
846.7200000000001,806.78,985.82,1.2
846.7200000000001,762.9499999999999,985.82,1.2
846.7200000000001,757.106,985.82,1.2
846.7200000000001,811.65,985.82,1.2
846.7200000000001,798.9879999999999,985.82,1.2
846.7200000000001,792.17,985.82,1.2
846.7200000000001,762.9499999999999,985.82,1.2
846.7200000000001,804.832,985.82,1.2
846.7200000000001,764.8979999999999,985.82,1.2
846.7200000000001,784.3779999999999,985.82,1.2
846.7200000000001,829.182,985.82,1.2
846.7200000000001,767.8199999999999,985.82,1.2
846.7200000000001,741.5219999999999,985.82,1.2
846.7200000000001,756.132,985.82,1.2
846.7200000000001,816.52,985.82,1.2
846.7200000000001,795.092,985.82,1.2
846.7200000000001,783.404,985.82,1.2
846.7200000000001,772.6899999999999,985.82,1.2
846.7200000000001,801.91,985.82,1.2
846.7200000000001,762.9499999999999,985.82,1.2
846.7200000000001,796.0659999999999,985.82,1.2
846.7200000000001,765.872,985.82,1.2
846.7200000000001,761.002,985.82,1.2
846.7200000000001,768.794,985.82,1.2
846.7200000000001,776.5859999999999,985.82,1.2
846.7200000000001,786.3259999999999,985.82,1.2
846.7200000000001,794.1179999999999,985.82,1.2
846.7200000000001,689.9,985.82,1.2
846.7200000000001,763.924,985.82,1.2
846.7200000000001,775.612,985.82,1.2
846.7200000000001,831.13,985.82,1.2
846.7200000000001,756.132,985.82,1.2
846.7200000000001,792.17,985.82,1.2
846.7200000000001,831.13,985.82,1.2
846.7200000000001,749.314,985.82,1.2
846.7200000000001,798.9879999999999,985.82,1.2
846.7200000000001,763.924,985.82,1.2
846.7200000000001,772.6899999999999,985.82,1.2
846.7200000000001,763.924,985.82,1.2
846.7200000000001,765.872,985.82,1.2
846.7200000000001,867.1679999999999,985.82,1.2
846.7200000000001,811.65,985.82,1.2
846.7200000000001,819.442,985.82,1.2
846.7200000000001,801.91,985.82,1.2
846.7200000000001,740.548,985.82,1.2
846.7200000000001,798.9879999999999,985.82,1.2
846.7200000000001,818.468,985.82,1.2
846.7200000000001,761.976,985.82,1.2
846.7200000000001,815.5459999999999,985.82,1.2
846.7200000000001,807.7539999999999,985.82,1.2
846.7200000000001,841.8439999999999,985.82,1.2
846.7200000000001,774.6379999999999,985.82,1.2
846.7200000000001,755.1579999999999,985.82,1.2
846.7200000000001,776.5859999999999,985.82,1.2
846.7200000000001,829.182,985.82,1.2
846.7200000000001,733.7299999999999,985.82,1.2
846.7200000000001,726.9119999999999,985.82,1.2
846.7200000000001,790.222,985.82,1.2
846.7200000000001,774.6379999999999,985.82,1.2
846.7200000000001,787.3,985.82,1.2
846.7200000000001,814.572,985.82,1.2
846.7200000000001,770.742,985.82,1.2
846.7200000000001,732.756,985.82,1.2
846.7200000000001,846.7139999999999,985.82,1.2
846.7200000000001,758.0799999999999,987.0,1.2
846.7200000000001,756.132,987.0,1.2
846.7200000000001,819.442,987.0,1.2
846.7200000000001,775.612,987.0,1.2
846.7200000000001,785.352,987.0,1.2
846.7200000000001,800.9359999999999,987.0,1.2
846.7200000000001,819.442,987.0,1.2
846.7200000000001,777.56,987.0,1.2
846.7200000000001,832.1039999999999,987.0,1.2
846.7200000000001,724.9639999999999,987.0,1.2
846.7200000000001,809.702,987.0,1.2
846.7200000000001,762.9499999999999,987.0,1.2
846.7200000000001,827.2339999999999,987.0,1.2
846.7200000000001,791.1959999999999,987.0,1.2
846.7200000000001,767.8199999999999,987.0,1.2
846.7200000000001,806.78,987.0,1.2
846.7200000000001,813.598,987.0,1.2
846.7200000000001,805.8059999999999,987.0,1.2
846.7200000000001,757.106,987.0,1.2
846.7200000000001,772.6899999999999,987.0,1.2
846.7200000000001,787.3,987.0,1.2
846.7200000000001,786.3259999999999,987.0,1.2
846.7200000000001,808.728,987.0,1.2
846.7200000000001,728.8599999999999,987.0,1.2
846.7200000000001,797.04,987.0,1.2
846.7200000000001,778.534,987.0,1.2
846.7200000000001,762.9499999999999,987.0,1.2
846.7200000000001,765.872,987.0,1.2
846.7200000000001,781.4559999999999,987.0,1.2
846.7200000000001,689.9,987.0,1.2
846.7200000000001,766.846,987.0,1.2
846.7200000000001,761.976,987.0,1.2
846.7200000000001,802.8839999999999,987.0,1.2
846.7200000000001,763.924,987.0,1.2
846.7200000000001,781.4559999999999,987.0,1.2
846.7200000000001,832.1039999999999,987.0,1.2
846.7200000000001,816.52,987.0,1.2
846.7200000000001,813.598,987.0,1.2
846.7200000000001,772.6899999999999,987.0,1.2
846.7200000000001,802.8839999999999,987.0,1.2
846.7200000000001,780.482,987.0,1.2
846.7200000000001,781.4559999999999,987.0,1.2
846.7200000000001,798.9879999999999,987.0,1.2
846.7200000000001,769.7679999999999,987.0,1.2
846.7200000000001,831.13,987.0,1.2
846.7200000000001,782.43,987.0,1.2
846.7200000000001,805.8059999999999,987.0,1.2
846.7200000000001,830.156,987.0,1.2
846.7200000000001,817.4939999999999,987.0,1.2
846.7200000000001,746.3919999999999,987.0,1.2
846.7200000000001,799.962,987.0,1.2
846.7200000000001,812.6239999999999,987.0,1.2
846.7200000000001,813.598,987.0,1.2
846.7200000000001,755.1579999999999,987.0,1.2
846.7200000000001,767.8199999999999,987.0,1.2
846.7200000000001,816.52,987.0,1.2
846.7200000000001,764.8979999999999,987.0,1.2
846.7200000000001,778.534,987.0,1.2
846.7200000000001,833.078,987.0,1.2
846.7200000000001,786.3259999999999,987.0,1.2
846.7200000000001,765.872,987.0,1.2
846.7200000000001,761.976,987.0,1.2
846.7200000000001,797.04,987.0,1.2
846.7200000000001,748.3399999999999,987.0,1.2
846.7200000000001,780.482,987.0,1.2
846.7200000000001,797.04,987.0,1.2
846.7200000000001,825.286,987.0,1.2
846.7200000000001,806.78,987.0,1.2
846.7200000000001,766.846,987.0,1.2
846.7200000000001,821.39,987.0,1.2
846.7200000000001,778.534,987.0,1.2
846.7200000000001,751.262,987.0,1.2
846.7200000000001,782.43,987.0,1.2
846.7200000000001,829.182,987.0,1.2
846.7200000000001,792.17,987.0,1.2
609.8400000000001,783.0725,788.42,1.4
846.7200000000001,684.4025,788.42,1.2
846.7200000000001,688.6925,788.42,1.2
846.7200000000001,679.04,788.42,1.2
846.7200000000001,742.3175,788.42,1.2
846.7200000000001,735.8824999999999,788.42,1.2
846.7200000000001,779.855,788.42,1.2
846.7200000000001,738.0275,788.42,1.2
846.7200000000001,717.65,788.42,1.2
846.7200000000001,730.52,788.42,1.2
846.7200000000001,734.81,788.42,1.2
846.7200000000001,676.895,788.42,1.2
846.7200000000001,817.3924999999999,788.42,1.2
846.7200000000001,747.68,788.42,1.2
846.7200000000001,736.9549999999999,788.42,1.2
846.7200000000001,749.8249999999999,788.42,1.2
846.7200000000001,753.0425,788.42,1.2
846.7200000000001,726.23,788.42,1.2
846.7200000000001,710.1424999999999,788.42,1.2
846.7200000000001,749.8249999999999,788.42,1.2
846.7200000000001,743.39,788.42,1.2
846.7200000000001,704.78,788.42,1.2
846.7200000000001,776.6374999999999,788.42,1.2
846.7200000000001,740.1725,788.42,1.2
846.7200000000001,754.115,788.42,1.2
846.7200000000001,775.5649999999999,788.42,1.2
846.7200000000001,731.5925,788.42,1.2
846.7200000000001,741.245,788.42,1.2
846.7200000000001,756.26,788.42,1.2
846.7200000000001,706.925,788.42,1.2
846.7200000000001,732.665,788.42,1.2
846.7200000000001,734.81,788.42,1.2
846.7200000000001,699.4175,788.42,1.2
846.7200000000001,805.595,788.42,1.2
846.7200000000001,685.475,788.42,1.2
846.7200000000001,688.6925,788.42,1.2
846.7200000000001,772.3475,788.42,1.2
846.7200000000001,753.0425,788.42,1.2
846.7200000000001,697.2725,788.42,1.2
846.7200000000001,749.8249999999999,788.42,1.2
846.7200000000001,777.71,788.42,1.2
846.7200000000001,729.4475,788.42,1.2
846.7200000000001,814.175,788.42,1.2
846.7200000000001,674.75,788.42,1.2
846.7200000000001,753.0425,788.42,1.2
846.7200000000001,768.0575,788.42,1.2
846.7200000000001,759.4775,788.42,1.2
846.7200000000001,724.085,788.42,1.2
846.7200000000001,720.8675,788.42,1.2
846.7200000000001,744.4625,788.42,1.2
846.7200000000001,756.26,788.42,1.2
846.7200000000001,749.8249999999999,788.42,1.2
846.7200000000001,763.7674999999999,788.42,1.2
846.7200000000001,697.2725,788.42,1.2
846.7200000000001,723.0124999999999,788.42,1.2
846.7200000000001,700.49,788.42,1.2
846.7200000000001,717.65,788.42,1.2
846.7200000000001,762.6949999999999,788.42,1.2
846.7200000000001,733.7375,788.42,1.2
846.7200000000001,814.175,788.42,1.2
846.7200000000001,736.9549999999999,788.42,1.2
846.7200000000001,732.665,788.42,1.2
846.7200000000001,733.7375,788.42,1.2
846.7200000000001,710.1424999999999,788.42,1.2
846.7200000000001,728.375,788.42,1.2
846.7200000000001,766.985,788.42,1.2
846.7200000000001,733.7375,788.42,1.2
846.7200000000001,704.78,788.42,1.2
846.7200000000001,700.49,788.42,1.2
846.7200000000001,715.505,788.42,1.2
846.7200000000001,732.665,788.42,1.2
846.7200000000001,769.13,788.42,1.2
846.7200000000001,687.62,788.42,1.2
846.7200000000001,719.795,788.42,1.2
846.7200000000001,734.81,905.44,1.2
846.7200000000001,671.5325,905.44,1.2
846.7200000000001,703.7075,905.44,1.2
846.7200000000001,709.0699999999999,905.44,1.2
846.7200000000001,704.78,905.44,1.2
846.7200000000001,736.9549999999999,905.44,1.2
846.7200000000001,725.1575,905.44,1.2
846.7200000000001,712.2875,905.44,1.2
846.7200000000001,744.4625,905.44,1.2
846.7200000000001,786.29,905.44,1.2
846.7200000000001,783.0725,905.44,1.2
846.7200000000001,668.3149999999999,905.44,1.2
846.7200000000001,748.7524999999999,905.44,1.2
846.7200000000001,725.1575,905.44,1.2
846.7200000000001,735.8824999999999,905.44,1.2
846.7200000000001,717.65,905.44,1.2
846.7200000000001,734.81,905.44,1.2
846.7200000000001,735.8824999999999,905.44,1.2
846.7200000000001,712.2875,905.44,1.2
846.7200000000001,701.5625,905.44,1.2
846.7200000000001,716.5775,905.44,1.2
846.7200000000001,738.0275,905.44,1.2
846.7200000000001,749.8249999999999,905.44,1.2
846.7200000000001,758.405,905.44,1.2
846.7200000000001,714.4325,905.44,1.2
846.7200000000001,740.1725,905.44,1.2
846.7200000000001,761.6225,905.44,1.2
846.7200000000001,768.0575,905.44,1.2
846.7200000000001,728.375,905.44,1.2
846.7200000000001,723.0124999999999,905.44,1.2
846.7200000000001,736.9549999999999,905.44,1.2
846.7200000000001,694.055,905.44,1.2
846.7200000000001,724.085,905.44,1.2
846.7200000000001,754.115,905.44,1.2
846.7200000000001,750.8975,905.44,1.2
846.7200000000001,721.9399999999999,905.44,1.2
846.7200000000001,738.0275,905.44,1.2
846.7200000000001,703.7075,905.44,1.2
846.7200000000001,753.0425,905.44,1.2
846.7200000000001,728.375,905.44,1.2
846.7200000000001,721.9399999999999,905.44,1.2
846.7200000000001,718.7225,905.44,1.2
846.7200000000001,728.375,905.44,1.2
846.7200000000001,716.5775,905.44,1.2
846.7200000000001,751.97,905.44,1.2
846.7200000000001,717.65,905.44,1.2
846.7200000000001,782.0,905.44,1.2
846.7200000000001,777.71,905.44,1.2
846.7200000000001,701.5625,905.44,1.2
846.7200000000001,732.665,905.44,1.2
846.7200000000001,709.0699999999999,905.44,1.2
846.7200000000001,719.795,905.44,1.2
846.7200000000001,794.87,905.44,1.2
846.7200000000001,720.8675,905.44,1.2
846.7200000000001,742.3175,905.44,1.2
846.7200000000001,747.68,905.44,1.2
846.7200000000001,698.345,905.44,1.2
846.7200000000001,702.635,905.44,1.2
846.7200000000001,691.91,905.44,1.2
846.7200000000001,701.5625,905.44,1.2
846.7200000000001,638.285,905.44,1.2
846.7200000000001,747.68,905.44,1.2
846.7200000000001,797.015,905.44,1.2
846.7200000000001,734.81,905.44,1.2
846.7200000000001,685.475,905.44,1.2
846.7200000000001,710.1424999999999,905.44,1.2
846.7200000000001,715.505,905.44,1.2
846.7200000000001,697.2725,905.44,1.2
846.7200000000001,758.405,905.44,1.2
846.7200000000001,756.26,905.44,1.2
846.7200000000001,692.9825,905.44,1.2
846.7200000000001,754.115,905.44,1.2
846.7200000000001,779.855,905.44,1.2
846.7200000000001,791.6524999999999,905.44,1.2
846.7200000000001,822.755,905.44,1.2
846.7200000000001,701.5625,955.08,1.2
846.7200000000001,821.6825,955.08,1.2
846.7200000000001,718.7225,955.08,1.2
846.7200000000001,711.215,955.08,1.2
846.7200000000001,741.245,955.08,1.2
846.7200000000001,712.2875,955.08,1.2
846.7200000000001,743.39,955.08,1.2
846.7200000000001,687.62,955.08,1.2
846.7200000000001,723.0124999999999,955.08,1.2
846.7200000000001,772.3475,955.08,1.2
846.7200000000001,728.375,955.08,1.2
846.7200000000001,734.81,955.08,1.2
846.7200000000001,745.535,955.08,1.2
846.7200000000001,768.0575,955.08,1.2
846.7200000000001,676.895,955.08,1.2
846.7200000000001,749.8249999999999,955.08,1.2
846.7200000000001,721.9399999999999,955.08,1.2
846.7200000000001,735.8824999999999,955.08,1.2
846.7200000000001,764.84,955.08,1.2
846.7200000000001,691.91,955.08,1.2
846.7200000000001,698.345,955.08,1.2
846.7200000000001,668.3149999999999,955.08,1.2
846.7200000000001,713.36,955.08,1.2
846.7200000000001,773.42,955.08,1.2
846.7200000000001,726.23,955.08,1.2
846.7200000000001,687.62,955.08,1.2
846.7200000000001,714.4325,955.08,1.2
846.7200000000001,682.2574999999999,955.08,1.2
846.7200000000001,694.055,955.08,1.2
846.7200000000001,743.39,955.08,1.2
846.7200000000001,692.9825,955.08,1.2
846.7200000000001,765.9125,955.08,1.2
846.7200000000001,728.375,955.08,1.2
846.7200000000001,733.7375,955.08,1.2
846.7200000000001,721.9399999999999,955.08,1.2
846.7200000000001,755.1875,955.08,1.2
846.7200000000001,755.1875,955.08,1.2
846.7200000000001,741.245,955.08,1.2
846.7200000000001,748.7524999999999,955.08,1.2
846.7200000000001,724.085,955.08,1.2
846.7200000000001,747.68,955.08,1.2
846.7200000000001,719.795,955.08,1.2
846.7200000000001,730.52,955.08,1.2
846.7200000000001,721.9399999999999,955.08,1.2
846.7200000000001,715.505,955.08,1.2
846.7200000000001,707.9975,955.08,1.2
846.7200000000001,745.535,955.08,1.2
846.7200000000001,772.3475,955.08,1.2
846.7200000000001,768.0575,955.08,1.2
846.7200000000001,689.765,955.08,1.2
846.7200000000001,772.3475,955.08,1.2
846.7200000000001,719.795,955.08,1.2
846.7200000000001,749.8249999999999,955.08,1.2
846.7200000000001,701.5625,955.08,1.2
846.7200000000001,734.81,955.08,1.2
846.7200000000001,740.1725,955.08,1.2
846.7200000000001,682.2574999999999,955.08,1.2
846.7200000000001,749.8249999999999,955.08,1.2
846.7200000000001,773.42,955.08,1.2
846.7200000000001,725.1575,955.08,1.2
846.7200000000001,774.4925,955.08,1.2
846.7200000000001,724.085,955.08,1.2
846.7200000000001,757.3325,955.08,1.2
846.7200000000001,658.6625,955.08,1.2
846.7200000000001,808.8125,955.08,1.2
846.7200000000001,778.7825,955.08,1.2
846.7200000000001,720.8675,955.08,1.2
846.7200000000001,667.2425,955.08,1.2
846.7200000000001,740.1725,955.08,1.2
846.7200000000001,684.4025,955.08,1.2
846.7200000000001,744.4625,955.08,1.2
846.7200000000001,743.39,955.08,1.2
846.7200000000001,700.49,955.08,1.2
846.7200000000001,766.985,955.08,1.2
846.7200000000001,756.26,955.08,1.2
933.12,957.37,984.63,1.8
846.7200000000001,909.6958,984.63,1.2
846.7200000000001,990.2879,984.63,1.2
846.7200000000001,948.2892,984.63,1.2
846.7200000000001,909.6958,984.63,1.2
846.7200000000001,1003.9091,984.63,1.2
846.7200000000001,1028.8813,984.63,1.2
846.7200000000001,956.2349,984.63,1.2
846.7200000000001,1031.1515,984.63,1.2
846.7200000000001,960.7753,984.63,1.2
846.7200000000001,944.8839,984.63,1.2
846.7200000000001,935.8031,984.63,1.2
846.7200000000001,1012.9899,984.63,1.2
846.7200000000001,931.2627,984.63,1.2
846.7200000000001,982.3422,984.63,1.2
846.7200000000001,938.0733,984.63,1.2
846.7200000000001,941.4786,984.63,1.2
846.7200000000001,992.5581,984.63,1.2
846.7200000000001,944.8839,984.63,1.2
846.7200000000001,943.7488,984.63,1.2
846.7200000000001,995.9634,984.63,1.2
846.7200000000001,1011.8548,984.63,1.2
846.7200000000001,978.9369,984.63,1.2
846.7200000000001,934.668,984.63,1.2
846.7200000000001,940.3435,984.63,1.2
846.7200000000001,959.6402,984.63,1.2
846.7200000000001,968.721,984.63,1.2
846.7200000000001,923.317,984.63,1.2
846.7200000000001,982.3422,984.63,1.2
846.7200000000001,960.7753,984.63,1.2
846.7200000000001,899.4799,984.63,1.2
846.7200000000001,925.5872,984.63,1.2
846.7200000000001,940.3435,984.63,1.2
846.7200000000001,955.0998,984.63,1.2
846.7200000000001,1022.0707,984.63,1.2
846.7200000000001,965.3157,984.63,1.2
846.7200000000001,928.9925,984.63,1.2
846.7200000000001,965.3157,984.63,1.2
846.7200000000001,944.8839,984.63,1.2
846.7200000000001,968.721,984.63,1.2
846.7200000000001,976.6667,984.63,1.2
846.7200000000001,998.2336,984.63,1.2
846.7200000000001,956.2349,984.63,1.2
846.7200000000001,1012.9899,984.63,1.2
846.7200000000001,988.0177,984.63,1.2
846.7200000000001,933.5329,984.63,1.2
846.7200000000001,1032.2866,984.63,1.2
846.7200000000001,968.721,984.63,1.2
846.7200000000001,928.9925,984.63,1.2
846.7200000000001,1014.125,984.63,1.2
846.7200000000001,1027.7462,984.63,1.2
846.7200000000001,956.2349,984.63,1.2
846.7200000000001,940.3435,984.63,1.2
846.7200000000001,951.6945,984.63,1.2
846.7200000000001,981.2071,984.63,1.2
846.7200000000001,1000.5038,984.63,1.2
846.7200000000001,976.6667,984.63,1.2
846.7200000000001,960.7753,984.63,1.2
846.7200000000001,1008.4495,984.63,1.2
846.7200000000001,947.1541,984.63,1.2
846.7200000000001,992.5581,984.63,1.2
846.7200000000001,947.1541,984.63,1.2
846.7200000000001,972.1263,984.63,1.2
846.7200000000001,953.9647,984.63,1.2
846.7200000000001,955.0998,984.63,1.2
846.7200000000001,944.8839,984.63,1.2
846.7200000000001,1002.774,984.63,1.2
846.7200000000001,932.3978,984.63,1.2
846.7200000000001,932.3978,984.63,1.2
846.7200000000001,1030.0164,984.63,1.2
1084.1600000000003,990.2879,984.63,1.4
846.7200000000001,875.6428,984.63,1.2
846.7200000000001,938.0733,984.63,1.2
846.7200000000001,896.0746,984.63,1.2
846.7200000000001,924.4521,966.9,1.2
846.7200000000001,850.6706,966.9,1.2
846.7200000000001,952.8296,966.9,1.2
846.7200000000001,918.7766,966.9,1.2
846.7200000000001,959.6402,966.9,1.2
846.7200000000001,901.7501,966.9,1.2
846.7200000000001,959.6402,966.9,1.2
846.7200000000001,943.7488,966.9,1.2
846.7200000000001,1008.4495,966.9,1.2
846.7200000000001,1005.0442,966.9,1.2
846.7200000000001,984.6124,966.9,1.2
846.7200000000001,946.019,966.9,1.2
846.7200000000001,1025.476,966.9,1.2
846.7200000000001,904.0203,966.9,1.2
846.7200000000001,909.6958,966.9,1.2
846.7200000000001,953.9647,966.9,1.2
846.7200000000001,1034.5568,966.9,1.2
846.7200000000001,950.5594,966.9,1.2
846.7200000000001,951.6945,966.9,1.2
846.7200000000001,908.5607,966.9,1.2
846.7200000000001,989.1528,966.9,1.2
846.7200000000001,990.2879,966.9,1.2
846.7200000000001,984.6124,966.9,1.2
846.7200000000001,935.8031,966.9,1.2
846.7200000000001,933.5329,966.9,1.2
846.7200000000001,913.1011,966.9,1.2
846.7200000000001,960.7753,966.9,1.2
846.7200000000001,921.0468,966.9,1.2
846.7200000000001,917.6415,966.9,1.2
846.7200000000001,942.6137,966.9,1.2
846.7200000000001,940.3435,966.9,1.2
846.7200000000001,939.2084,966.9,1.2
846.7200000000001,973.2614,966.9,1.2
846.7200000000001,959.6402,966.9,1.2
846.7200000000001,947.1541,966.9,1.2
846.7200000000001,963.0455,966.9,1.2
846.7200000000001,923.317,966.9,1.2
846.7200000000001,960.7753,966.9,1.2
846.7200000000001,963.0455,966.9,1.2
846.7200000000001,906.2905,966.9,1.2
846.7200000000001,991.423,966.9,1.2
846.7200000000001,927.8574,966.9,1.2
846.7200000000001,960.7753,966.9,1.2
846.7200000000001,997.0985,966.9,1.2
846.7200000000001,989.1528,966.9,1.2
846.7200000000001,958.5051,966.9,1.2
846.7200000000001,944.8839,966.9,1.2
846.7200000000001,989.1528,966.9,1.2
846.7200000000001,980.072,966.9,1.2
846.7200000000001,935.8031,966.9,1.2
846.7200000000001,930.1276,966.9,1.2
846.7200000000001,886.9938,966.9,1.2
846.7200000000001,963.0455,966.9,1.2
846.7200000000001,955.0998,966.9,1.2
846.7200000000001,995.9634,966.9,1.2
846.7200000000001,969.8561,966.9,1.2
846.7200000000001,1002.774,966.9,1.2
846.7200000000001,933.5329,966.9,1.2
846.7200000000001,995.9634,966.9,1.2
846.7200000000001,939.2084,966.9,1.2
846.7200000000001,983.4773,966.9,1.2
846.7200000000001,907.4256,966.9,1.2
846.7200000000001,965.3157,966.9,1.2
846.7200000000001,889.264,966.9,1.2
846.7200000000001,948.2892,966.9,1.2
846.7200000000001,972.1263,966.9,1.2
846.7200000000001,939.2084,966.9,1.2
846.7200000000001,921.0468,966.9,1.2
846.7200000000001,985.7475,966.9,1.2
846.7200000000001,953.9647,966.9,1.2
846.7200000000001,940.3435,966.9,1.2
846.7200000000001,958.5051,966.9,1.2
846.7200000000001,1047.0429,966.9,1.2
846.7200000000001,997.0985,966.9,1.2
846.7200000000001,997.0985,966.9,1.2
846.7200000000001,972.1263,983.45,1.2
846.7200000000001,963.0455,983.45,1.2
846.7200000000001,875.6428,983.45,1.2
846.7200000000001,934.668,983.45,1.2
846.7200000000001,941.4786,983.45,1.2
846.7200000000001,893.8044,983.45,1.2
846.7200000000001,917.6415,983.45,1.2
846.7200000000001,890.3991,983.45,1.2
846.7200000000001,956.2349,983.45,1.2
846.7200000000001,985.7475,983.45,1.2
846.7200000000001,994.8283,983.45,1.2
846.7200000000001,970.9912,983.45,1.2
846.7200000000001,924.4521,983.45,1.2
846.7200000000001,891.5342,983.45,1.2
846.7200000000001,897.2097,983.45,1.2
846.7200000000001,914.2362,983.45,1.2
846.7200000000001,926.7223,983.45,1.2
846.7200000000001,951.6945,983.45,1.2
846.7200000000001,923.317,983.45,1.2
846.7200000000001,968.721,983.45,1.2
846.7200000000001,949.4243,983.45,1.2
846.7200000000001,957.37,983.45,1.2
846.7200000000001,995.9634,983.45,1.2
846.7200000000001,917.6415,983.45,1.2
846.7200000000001,972.1263,983.45,1.2
846.7200000000001,957.37,983.45,1.2
846.7200000000001,946.019,983.45,1.2
846.7200000000001,988.0177,983.45,1.2
846.7200000000001,986.8826,983.45,1.2
846.7200000000001,925.5872,983.45,1.2
846.7200000000001,951.6945,983.45,1.2
846.7200000000001,966.4508,983.45,1.2
846.7200000000001,948.2892,983.45,1.2
846.7200000000001,977.8018,983.45,1.2
846.7200000000001,966.4508,983.45,1.2
846.7200000000001,1019.8005,983.45,1.2
846.7200000000001,905.1554,983.45,1.2
846.7200000000001,952.8296,983.45,1.2
846.7200000000001,926.7223,983.45,1.2
846.7200000000001,977.8018,983.45,1.2
846.7200000000001,901.7501,983.45,1.2
846.7200000000001,968.721,983.45,1.2
846.7200000000001,935.8031,983.45,1.2
846.7200000000001,932.3978,983.45,1.2
846.7200000000001,908.5607,983.45,1.2
846.7200000000001,941.4786,983.45,1.2
846.7200000000001,994.8283,983.45,1.2
846.7200000000001,956.2349,983.45,1.2
846.7200000000001,978.9369,983.45,1.2
846.7200000000001,1014.125,983.45,1.2
846.7200000000001,966.4508,983.45,1.2
846.7200000000001,938.0733,983.45,1.2
846.7200000000001,973.2614,983.45,1.2
846.7200000000001,939.2084,983.45,1.2
846.7200000000001,940.3435,983.45,1.2
846.7200000000001,905.1554,983.45,1.2
846.7200000000001,989.1528,983.45,1.2
846.7200000000001,943.7488,983.45,1.2
846.7200000000001,963.0455,983.45,1.2
846.7200000000001,922.1819,983.45,1.2
846.7200000000001,972.1263,983.45,1.2
846.7200000000001,931.2627,983.45,1.2
846.7200000000001,952.8296,983.45,1.2
846.7200000000001,986.8826,983.45,1.2
846.7200000000001,984.6124,983.45,1.2
846.7200000000001,956.2349,983.45,1.2
846.7200000000001,897.2097,983.45,1.2
846.7200000000001,1059.529,983.45,1.2
846.7200000000001,1016.3952,983.45,1.2
846.7200000000001,982.3422,983.45,1.2
846.7200000000001,931.2627,983.45,1.2
846.7200000000001,953.9647,983.45,1.2
846.7200000000001,939.2084,983.45,1.2
846.7200000000001,1000.5038,983.45,1.2
846.7200000000001,966.4508,983.45,1.2
933.12,868.6690000000001,963.36,1.8
846.7200000000001,905.221,963.36,1.2
846.7200000000001,915.882,963.36,1.2
846.7200000000001,914.359,963.36,1.2
846.7200000000001,896.8445,963.36,1.2
846.7200000000001,873.238,963.36,1.2
846.7200000000001,805.4645,963.36,1.2
846.7200000000001,886.1835000000001,963.36,1.2
846.7200000000001,879.33,963.36,1.2
846.7200000000001,882.3760000000001,963.36,1.2
846.7200000000001,880.8530000000001,963.36,1.2
846.7200000000001,848.87,963.36,1.2
846.7200000000001,892.2755000000001,963.36,1.2
846.7200000000001,893.7985,963.36,1.2
846.7200000000001,894.5600000000001,963.36,1.2
846.7200000000001,900.652,963.36,1.2
846.7200000000001,893.037,963.36,1.2
846.7200000000001,870.192,963.36,1.2
846.7200000000001,877.807,963.36,1.2
846.7200000000001,881.6145,963.36,1.2
846.7200000000001,881.6145,963.36,1.2
846.7200000000001,902.175,963.36,1.2
846.7200000000001,893.7985,963.36,1.2
846.7200000000001,926.543,963.36,1.2
846.7200000000001,929.589,963.36,1.2
846.7200000000001,880.8530000000001,963.36,1.2
846.7200000000001,803.1800000000001,963.36,1.2
846.7200000000001,907.5055,963.36,1.2
846.7200000000001,867.1460000000001,963.36,1.2
846.7200000000001,861.0540000000001,963.36,1.2
846.7200000000001,870.192,963.36,1.2
846.7200000000001,869.4305,963.36,1.2
846.7200000000001,893.037,963.36,1.2
846.7200000000001,843.5395000000001,963.36,1.2
846.7200000000001,854.962,963.36,1.2
846.7200000000001,886.945,963.36,1.2
846.7200000000001,893.7985,963.36,1.2
846.7200000000001,893.7985,963.36,1.2
846.7200000000001,861.0540000000001,963.36,1.2
846.7200000000001,857.2465000000001,963.36,1.2
846.7200000000001,867.9075,963.36,1.2
846.7200000000001,884.6605000000001,963.36,1.2
846.7200000000001,913.5975,963.36,1.2
846.7200000000001,832.8785,963.36,1.2
846.7200000000001,873.9995,963.36,1.2
846.7200000000001,848.87,963.36,1.2
846.7200000000001,841.255,963.36,1.2
846.7200000000001,901.4135,963.36,1.2
846.7200000000001,891.514,963.36,1.2
846.7200000000001,889.2295,963.36,1.2
846.7200000000001,900.652,963.36,1.2
846.7200000000001,868.6690000000001,963.36,1.2
846.7200000000001,869.4305,963.36,1.2
846.7200000000001,929.589,963.36,1.2
846.7200000000001,873.9995,963.36,1.2
846.7200000000001,896.0830000000001,963.36,1.2
846.7200000000001,879.33,963.36,1.2
846.7200000000001,837.4475,963.36,1.2
846.7200000000001,832.8785,963.36,1.2
846.7200000000001,866.3845,963.36,1.2
846.7200000000001,903.698,963.36,1.2
846.7200000000001,897.606,963.36,1.2
846.7200000000001,899.8905000000001,963.36,1.2
846.7200000000001,856.485,963.36,1.2
846.7200000000001,915.882,963.36,1.2
846.7200000000001,857.2465000000001,963.36,1.2
846.7200000000001,883.899,963.36,1.2
846.7200000000001,879.33,963.36,1.2
846.7200000000001,875.5225,963.36,1.2
846.7200000000001,909.79,963.36,1.2
846.7200000000001,863.3385000000001,963.36,1.2
846.7200000000001,848.87,963.36,1.2
846.7200000000001,880.0915,963.36,1.2
846.7200000000001,870.192,963.36,1.2
846.7200000000001,955.48,969.27,1.2
846.7200000000001,894.5600000000001,969.27,1.2
846.7200000000001,870.192,969.27,1.2
846.7200000000001,854.962,969.27,1.2
846.7200000000001,836.686,969.27,1.2
846.7200000000001,855.7235000000001,969.27,1.2
846.7200000000001,881.6145,969.27,1.2
846.7200000000001,912.0745,969.27,1.2
846.7200000000001,905.221,969.27,1.2
846.7200000000001,884.6605000000001,969.27,1.2
846.7200000000001,871.715,969.27,1.2
846.7200000000001,885.422,969.27,1.2
846.7200000000001,867.1460000000001,969.27,1.2
846.7200000000001,918.928,969.27,1.2
846.7200000000001,874.7610000000001,969.27,1.2
846.7200000000001,877.0455000000001,969.27,1.2
846.7200000000001,829.071,969.27,1.2
846.7200000000001,874.7610000000001,969.27,1.2
846.7200000000001,898.3675000000001,969.27,1.2
846.7200000000001,854.962,969.27,1.2
846.7200000000001,861.8155,969.27,1.2
846.7200000000001,897.606,969.27,1.2
846.7200000000001,845.8240000000001,969.27,1.2
846.7200000000001,903.698,969.27,1.2
846.7200000000001,867.1460000000001,969.27,1.2
846.7200000000001,870.192,969.27,1.2
846.7200000000001,853.4390000000001,969.27,1.2
846.7200000000001,887.7065,969.27,1.2
846.7200000000001,935.681,969.27,1.2
846.7200000000001,896.8445,969.27,1.2
846.7200000000001,859.5310000000001,969.27,1.2
846.7200000000001,905.221,969.27,1.2
846.7200000000001,871.715,969.27,1.2
846.7200000000001,910.5515,969.27,1.2
846.7200000000001,897.606,969.27,1.2
846.7200000000001,812.318,969.27,1.2
846.7200000000001,856.485,969.27,1.2
846.7200000000001,900.652,969.27,1.2
846.7200000000001,883.1375,969.27,1.2
846.7200000000001,855.7235000000001,969.27,1.2
846.7200000000001,864.8615000000001,969.27,1.2
846.7200000000001,835.9245000000001,969.27,1.2
846.7200000000001,877.0455000000001,969.27,1.2
846.7200000000001,929.589,969.27,1.2
846.7200000000001,897.606,969.27,1.2
846.7200000000001,929.589,969.27,1.2
846.7200000000001,899.129,969.27,1.2
846.7200000000001,902.9365,969.27,1.2
846.7200000000001,924.2585,969.27,1.2
846.7200000000001,887.7065,969.27,1.2
846.7200000000001,874.7610000000001,969.27,1.2
846.7200000000001,902.9365,969.27,1.2
846.7200000000001,912.836,969.27,1.2
846.7200000000001,868.6690000000001,969.27,1.2
846.7200000000001,862.577,969.27,1.2
846.7200000000001,882.3760000000001,969.27,1.2
846.7200000000001,898.3675000000001,969.27,1.2
846.7200000000001,897.606,969.27,1.2
846.7200000000001,846.5855,969.27,1.2
846.7200000000001,922.7355,969.27,1.2
846.7200000000001,864.8615000000001,969.27,1.2
846.7200000000001,873.238,969.27,1.2
846.7200000000001,858.7695,969.27,1.2
846.7200000000001,941.0115,969.27,1.2
846.7200000000001,884.6605000000001,969.27,1.2
846.7200000000001,859.5310000000001,969.27,1.2
846.7200000000001,899.129,969.27,1.2
846.7200000000001,896.8445,969.27,1.2
846.7200000000001,874.7610000000001,969.27,1.2
846.7200000000001,898.3675000000001,969.27,1.2
846.7200000000001,860.2925,969.27,1.2
846.7200000000001,867.9075,969.27,1.2
846.7200000000001,833.64,969.27,1.2
846.7200000000001,848.87,969.27,1.2
846.7200000000001,920.451,969.27,1.2
846.7200000000001,916.6435,996.45,1.2
846.7200000000001,880.8530000000001,996.45,1.2
846.7200000000001,917.405,996.45,1.2
846.7200000000001,875.5225,996.45,1.2
846.7200000000001,873.9995,996.45,1.2
846.7200000000001,880.8530000000001,996.45,1.2
846.7200000000001,876.284,996.45,1.2
846.7200000000001,874.7610000000001,996.45,1.2
846.7200000000001,905.221,996.45,1.2
846.7200000000001,883.1375,996.45,1.2
846.7200000000001,895.3215,996.45,1.2
846.7200000000001,902.9365,996.45,1.2
846.7200000000001,888.4680000000001,996.45,1.2
846.7200000000001,857.2465000000001,996.45,1.2
846.7200000000001,848.1085,996.45,1.2
846.7200000000001,882.3760000000001,996.45,1.2
846.7200000000001,875.5225,996.45,1.2
846.7200000000001,881.6145,996.45,1.2
846.7200000000001,879.33,996.45,1.2
846.7200000000001,938.727,996.45,1.2
846.7200000000001,848.87,996.45,1.2
846.7200000000001,833.64,996.45,1.2
846.7200000000001,886.945,996.45,1.2
846.7200000000001,870.9535000000001,996.45,1.2
846.7200000000001,886.1835000000001,996.45,1.2
846.7200000000001,893.037,996.45,1.2
846.7200000000001,909.0285,996.45,1.2
846.7200000000001,845.0625,996.45,1.2
846.7200000000001,866.3845,996.45,1.2
846.7200000000001,889.2295,996.45,1.2
846.7200000000001,896.8445,996.45,1.2
846.7200000000001,929.589,996.45,1.2
846.7200000000001,901.4135,996.45,1.2
846.7200000000001,877.807,996.45,1.2
846.7200000000001,858.7695,996.45,1.2
846.7200000000001,866.3845,996.45,1.2
846.7200000000001,865.623,996.45,1.2
846.7200000000001,894.5600000000001,996.45,1.2
846.7200000000001,885.422,996.45,1.2
846.7200000000001,848.87,996.45,1.2
846.7200000000001,869.4305,996.45,1.2
846.7200000000001,899.129,996.45,1.2
846.7200000000001,887.7065,996.45,1.2
846.7200000000001,892.2755000000001,996.45,1.2
846.7200000000001,887.7065,996.45,1.2
846.7200000000001,916.6435,996.45,1.2
846.7200000000001,884.6605000000001,996.45,1.2
846.7200000000001,870.192,996.45,1.2
846.7200000000001,858.7695,996.45,1.2
846.7200000000001,884.6605000000001,996.45,1.2
846.7200000000001,823.7405,996.45,1.2
846.7200000000001,874.7610000000001,996.45,1.2
846.7200000000001,874.7610000000001,996.45,1.2
846.7200000000001,848.1085,996.45,1.2
846.7200000000001,858.008,996.45,1.2
846.7200000000001,897.606,996.45,1.2
846.7200000000001,884.6605000000001,996.45,1.2
846.7200000000001,881.6145,996.45,1.2
846.7200000000001,886.1835000000001,996.45,1.2
846.7200000000001,881.6145,996.45,1.2
846.7200000000001,907.5055,996.45,1.2
846.7200000000001,882.3760000000001,996.45,1.2
846.7200000000001,845.8240000000001,996.45,1.2
846.7200000000001,916.6435,996.45,1.2
846.7200000000001,887.7065,996.45,1.2
846.7200000000001,865.623,996.45,1.2
846.7200000000001,850.393,996.45,1.2
846.7200000000001,888.4680000000001,996.45,1.2
846.7200000000001,876.284,996.45,1.2
846.7200000000001,915.1205,996.45,1.2
846.7200000000001,871.715,996.45,1.2
846.7200000000001,860.2925,996.45,1.2
846.7200000000001,899.8905000000001,996.45,1.2
846.7200000000001,900.652,996.45,1.2
846.7200000000001,883.1375,996.45,1.2
933.12,822.4654,994.09,1.8
846.7200000000001,832.7422,994.09,1.2
846.7200000000001,868.711,994.09,1.2
846.7200000000001,848.1574,994.09,1.2
846.7200000000001,817.327,994.09,1.2
846.7200000000001,876.4186,994.09,1.2
846.7200000000001,732.5434,994.09,1.2
846.7200000000001,903.3952,994.09,1.2
846.7200000000001,758.2354,994.09,1.2
846.7200000000001,799.3426,994.09,1.2
846.7200000000001,822.4654,994.09,1.2
846.7200000000001,818.6116,994.09,1.2
846.7200000000001,862.288,994.09,1.2
846.7200000000001,782.6428,994.09,1.2
846.7200000000001,834.0268,994.09,1.2
846.7200000000001,801.9118,994.09,1.2
846.7200000000001,835.3114,994.09,1.2
846.7200000000001,821.1808,994.09,1.2
846.7200000000001,827.6038,994.09,1.2
846.7200000000001,803.1964,994.09,1.2
846.7200000000001,804.481,994.09,1.2
846.7200000000001,835.3114,994.09,1.2
846.7200000000001,859.7188,994.09,1.2
846.7200000000001,800.6272,994.09,1.2
846.7200000000001,790.3504,994.09,1.2
846.7200000000001,846.8728,994.09,1.2
846.7200000000001,822.4654,994.09,1.2
846.7200000000001,855.865,994.09,1.2
846.7200000000001,789.0658,994.09,1.2
846.7200000000001,755.6662,994.09,1.2
846.7200000000001,803.1964,994.09,1.2
846.7200000000001,794.2042,994.09,1.2
846.7200000000001,821.1808,994.09,1.2
846.7200000000001,799.3426,994.09,1.2
846.7200000000001,852.0112,994.09,1.2
846.7200000000001,812.1886,994.09,1.2
846.7200000000001,830.173,994.09,1.2
846.7200000000001,830.173,994.09,1.2
846.7200000000001,831.4576,994.09,1.2
846.7200000000001,822.4654,994.09,1.2
846.7200000000001,843.019,994.09,1.2
846.7200000000001,792.9196,994.09,1.2
846.7200000000001,877.7032,994.09,1.2
846.7200000000001,814.7578,994.09,1.2
846.7200000000001,773.6505999999999,994.09,1.2
846.7200000000001,831.4576,994.09,1.2
846.7200000000001,790.3504,994.09,1.2
846.7200000000001,849.442,994.09,1.2
846.7200000000001,908.5336,994.09,1.2
846.7200000000001,792.9196,994.09,1.2
846.7200000000001,836.596,994.09,1.2
846.7200000000001,755.6662,994.09,1.2
846.7200000000001,841.7344,994.09,1.2
846.7200000000001,789.0658,994.09,1.2
846.7200000000001,799.3426,994.09,1.2
846.7200000000001,781.3582,994.09,1.2
846.7200000000001,852.0112,994.09,1.2
846.7200000000001,862.288,994.09,1.2
846.7200000000001,825.0346,994.09,1.2
846.7200000000001,790.3504,994.09,1.2
846.7200000000001,885.4108,994.09,1.2
846.7200000000001,794.2042,994.09,1.2
846.7200000000001,740.251,994.09,1.2
846.7200000000001,841.7344,994.09,1.2
846.7200000000001,781.3582,994.09,1.2
846.7200000000001,862.288,994.09,1.2
846.7200000000001,809.6194,994.09,1.2
846.7200000000001,846.8728,994.09,1.2
846.7200000000001,877.7032,994.09,1.2
846.7200000000001,777.5044,994.09,1.2
846.7200000000001,801.9118,994.09,1.2
846.7200000000001,821.1808,994.09,1.2
846.7200000000001,882.8416,994.09,1.2
846.7200000000001,798.058,994.09,1.2
846.7200000000001,800.6272,885.34,1.2
846.7200000000001,841.7344,885.34,1.2
846.7200000000001,801.9118,885.34,1.2
846.7200000000001,830.173,885.34,1.2
846.7200000000001,763.3738,885.34,1.2
846.7200000000001,908.5336,885.34,1.2
846.7200000000001,772.366,885.34,1.2
846.7200000000001,810.904,885.34,1.2
846.7200000000001,822.4654,885.34,1.2
846.7200000000001,896.9722,885.34,1.2
846.7200000000001,772.366,885.34,1.2
846.7200000000001,900.826,885.34,1.2
846.7200000000001,853.2958,885.34,1.2
846.7200000000001,840.4498,885.34,1.2
846.7200000000001,785.212,885.34,1.2
846.7200000000001,845.5882,885.34,1.2
846.7200000000001,795.4888,885.34,1.2
846.7200000000001,872.5648,885.34,1.2
846.7200000000001,786.4966,885.34,1.2
846.7200000000001,819.8962,885.34,1.2
846.7200000000001,801.9118,885.34,1.2
846.7200000000001,785.212,885.34,1.2
846.7200000000001,852.0112,885.34,1.2
846.7200000000001,844.3036,885.34,1.2
846.7200000000001,869.9956,885.34,1.2
846.7200000000001,755.6662,885.34,1.2
846.7200000000001,864.8572,885.34,1.2
846.7200000000001,920.095,885.34,1.2
846.7200000000001,805.7656,885.34,1.2
846.7200000000001,896.9722,885.34,1.2
846.7200000000001,813.4732,885.34,1.2
846.7200000000001,771.0814,885.34,1.2
846.7200000000001,812.1886,885.34,1.2
846.7200000000001,863.5726,885.34,1.2
846.7200000000001,791.635,885.34,1.2
846.7200000000001,800.6272,885.34,1.2
846.7200000000001,846.8728,885.34,1.2
846.7200000000001,823.75,885.34,1.2
846.7200000000001,846.8728,885.34,1.2
846.7200000000001,832.7422,885.34,1.2
846.7200000000001,841.7344,885.34,1.2
846.7200000000001,807.0502,885.34,1.2
846.7200000000001,832.7422,885.34,1.2
846.7200000000001,787.7812,885.34,1.2
846.7200000000001,873.8494000000001,885.34,1.2
846.7200000000001,799.3426,885.34,1.2
846.7200000000001,867.4264000000001,885.34,1.2
846.7200000000001,814.7578,885.34,1.2
846.7200000000001,831.4576,885.34,1.2
846.7200000000001,804.481,885.34,1.2
846.7200000000001,785.212,885.34,1.2
846.7200000000001,756.9508,885.34,1.2
846.7200000000001,782.6428,885.34,1.2
846.7200000000001,810.904,885.34,1.2
846.7200000000001,831.4576,885.34,1.2
846.7200000000001,862.288,885.34,1.2
846.7200000000001,807.0502,885.34,1.2
846.7200000000001,790.3504,885.34,1.2
846.7200000000001,768.5122,885.34,1.2
846.7200000000001,841.7344,885.34,1.2
846.7200000000001,876.4186,885.34,1.2
846.7200000000001,872.5648,885.34,1.2
846.7200000000001,850.7266,885.34,1.2
846.7200000000001,848.1574,885.34,1.2
846.7200000000001,889.2646,885.34,1.2
846.7200000000001,836.596,885.34,1.2
846.7200000000001,848.1574,885.34,1.2
846.7200000000001,810.904,885.34,1.2
846.7200000000001,771.0814,885.34,1.2
846.7200000000001,796.7734,885.34,1.2
846.7200000000001,823.75,885.34,1.2
846.7200000000001,826.3192,885.34,1.2
846.7200000000001,898.2568,885.34,1.2
846.7200000000001,826.3192,885.34,1.2
846.7200000000001,868.711,885.34,1.2
846.7200000000001,807.0502,769.5,1.2
846.7200000000001,812.1886,769.5,1.2
846.7200000000001,772.366,769.5,1.2
846.7200000000001,795.4888,769.5,1.2
846.7200000000001,844.3036,769.5,1.2
846.7200000000001,823.75,769.5,1.2
846.7200000000001,859.7188,769.5,1.2
846.7200000000001,830.173,769.5,1.2
846.7200000000001,809.6194,769.5,1.2
846.7200000000001,905.9644,769.5,1.2
846.7200000000001,819.8962,769.5,1.2
846.7200000000001,868.711,769.5,1.2
846.7200000000001,808.3348,769.5,1.2
846.7200000000001,850.7266,769.5,1.2
846.7200000000001,859.7188,769.5,1.2
846.7200000000001,831.4576,769.5,1.2
846.7200000000001,732.5434,769.5,1.2
846.7200000000001,825.0346,769.5,1.2
846.7200000000001,871.2802,769.5,1.2
846.7200000000001,844.3036,769.5,1.2
846.7200000000001,840.4498,769.5,1.2
846.7200000000001,756.9508,769.5,1.2
846.7200000000001,795.4888,769.5,1.2
846.7200000000001,839.1652,769.5,1.2
846.7200000000001,839.1652,769.5,1.2
846.7200000000001,869.9956,769.5,1.2
846.7200000000001,818.6116,769.5,1.2
846.7200000000001,839.1652,769.5,1.2
846.7200000000001,823.75,769.5,1.2
846.7200000000001,785.212,769.5,1.2
846.7200000000001,736.3972,769.5,1.2
846.7200000000001,840.4498,769.5,1.2
846.7200000000001,830.173,769.5,1.2
846.7200000000001,799.3426,769.5,1.2
846.7200000000001,760.8046,769.5,1.2
846.7200000000001,848.1574,769.5,1.2
846.7200000000001,813.4732,769.5,1.2
846.7200000000001,845.5882,769.5,1.2
846.7200000000001,895.6876,769.5,1.2
846.7200000000001,741.5355999999999,769.5,1.2
846.7200000000001,796.7734,769.5,1.2
846.7200000000001,816.0424,769.5,1.2
846.7200000000001,880.2724000000001,769.5,1.2
846.7200000000001,760.8046,769.5,1.2
846.7200000000001,898.2568,769.5,1.2
846.7200000000001,828.8884,769.5,1.2
846.7200000000001,819.8962,769.5,1.2
846.7200000000001,816.0424,769.5,1.2
846.7200000000001,807.0502,769.5,1.2
846.7200000000001,863.5726,769.5,1.2
846.7200000000001,782.6428,769.5,1.2
846.7200000000001,836.596,769.5,1.2
846.7200000000001,808.3348,769.5,1.2
846.7200000000001,794.2042,769.5,1.2
846.7200000000001,923.9488,769.5,1.2
846.7200000000001,840.4498,769.5,1.2
846.7200000000001,846.8728,769.5,1.2
846.7200000000001,867.4264000000001,769.5,1.2
846.7200000000001,768.5122,769.5,1.2
846.7200000000001,891.8338,769.5,1.2
846.7200000000001,727.405,769.5,1.2
846.7200000000001,794.2042,769.5,1.2
846.7200000000001,805.7656,769.5,1.2
846.7200000000001,845.5882,769.5,1.2
846.7200000000001,832.7422,769.5,1.2
846.7200000000001,817.327,769.5,1.2
846.7200000000001,823.75,769.5,1.2
846.7200000000001,786.4966,769.5,1.2
846.7200000000001,765.943,769.5,1.2
846.7200000000001,852.0112,769.5,1.2
846.7200000000001,850.7266,769.5,1.2
846.7200000000001,885.4108,769.5,1.2
846.7200000000001,792.9196,769.5,1.2
846.7200000000001,850.7266,769.5,1.2
846.7200000000001,812.1886,769.5,1.2
933.12,911.8969,998.82,1.8
846.7200000000001,881.8994,998.82,1.2
846.7200000000001,862.701,998.82,1.2
846.7200000000001,909.4971,998.82,1.2
846.7200000000001,897.4981,998.82,1.2
846.7200000000001,849.5021,998.82,1.2
846.7200000000001,826.7040000000001,998.82,1.2
846.7200000000001,863.9009000000001,998.82,1.2
846.7200000000001,928.6955,998.82,1.2
846.7200000000001,915.4966,998.82,1.2
846.7200000000001,835.1033,998.82,1.2
846.7200000000001,832.7035000000001,998.82,1.2
846.7200000000001,920.2962,998.82,1.2
846.7200000000001,833.9034,998.82,1.2
846.7200000000001,892.6985000000001,998.82,1.2
846.7200000000001,853.1018,998.82,1.2
846.7200000000001,933.4951,998.82,1.2
846.7200000000001,847.1023,998.82,1.2
846.7200000000001,915.4966,998.82,1.2
846.7200000000001,881.8994,998.82,1.2
846.7200000000001,884.2992,998.82,1.2
846.7200000000001,803.9059000000001,998.82,1.2
846.7200000000001,795.5066,998.82,1.2
846.7200000000001,866.3007,998.82,1.2
846.7200000000001,883.0993000000001,998.82,1.2
846.7200000000001,833.9034,998.82,1.2
846.7200000000001,835.1033,998.82,1.2
846.7200000000001,895.0983,998.82,1.2
846.7200000000001,895.0983,998.82,1.2
846.7200000000001,869.9004,998.82,1.2
846.7200000000001,902.2977,998.82,1.2
846.7200000000001,832.7035000000001,998.82,1.2
846.7200000000001,861.5011000000001,998.82,1.2
846.7200000000001,933.4951,998.82,1.2
846.7200000000001,877.0998000000001,998.82,1.2
846.7200000000001,879.4996000000001,998.82,1.2
846.7200000000001,957.4931,998.82,1.2
846.7200000000001,824.3042,998.82,1.2
846.7200000000001,903.4976,998.82,1.2
846.7200000000001,934.695,998.82,1.2
846.7200000000001,862.701,998.82,1.2
846.7200000000001,905.8974,998.82,1.2
846.7200000000001,839.9029,998.82,1.2
846.7200000000001,849.5021,998.82,1.2
846.7200000000001,889.0988000000001,998.82,1.2
846.7200000000001,903.4976,998.82,1.2
846.7200000000001,915.4966,998.82,1.2
846.7200000000001,931.0953,998.82,1.2
846.7200000000001,872.3002,998.82,1.2
846.7200000000001,917.8964,998.82,1.2
846.7200000000001,862.701,998.82,1.2
846.7200000000001,907.0973,998.82,1.2
846.7200000000001,881.8994,998.82,1.2
846.7200000000001,890.2987,998.82,1.2
846.7200000000001,890.2987,998.82,1.2
846.7200000000001,817.1048000000001,998.82,1.2
846.7200000000001,833.9034,998.82,1.2
846.7200000000001,878.2997,998.82,1.2
846.7200000000001,813.5051000000001,998.82,1.2
846.7200000000001,904.6975,998.82,1.2
846.7200000000001,905.8974,998.82,1.2
846.7200000000001,886.6990000000001,998.82,1.2
846.7200000000001,833.9034,998.82,1.2
846.7200000000001,923.8959,998.82,1.2
846.7200000000001,947.8939,998.82,1.2
846.7200000000001,879.4996000000001,998.82,1.2
846.7200000000001,892.6985000000001,998.82,1.2
846.7200000000001,881.8994,998.82,1.2
846.7200000000001,893.8984,998.82,1.2
846.7200000000001,869.9004,998.82,1.2
846.7200000000001,873.5001000000001,998.82,1.2
846.7200000000001,907.0973,998.82,1.2
846.7200000000001,958.693,998.82,1.2
846.7200000000001,824.3042,998.82,1.2
846.7200000000001,871.1003000000001,995.27,1.2
846.7200000000001,832.7035000000001,995.27,1.2
846.7200000000001,932.2952,995.27,1.2
846.7200000000001,853.1018,995.27,1.2
846.7200000000001,823.1043000000001,995.27,1.2
846.7200000000001,897.4981,995.27,1.2
846.7200000000001,937.0948,995.27,1.2
846.7200000000001,898.6980000000001,995.27,1.2
846.7200000000001,881.8994,995.27,1.2
846.7200000000001,889.0988000000001,995.27,1.2
846.7200000000001,925.0958,995.27,1.2
846.7200000000001,843.5026,995.27,1.2
846.7200000000001,871.1003000000001,995.27,1.2
846.7200000000001,857.9014000000001,995.27,1.2
846.7200000000001,832.7035000000001,995.27,1.2
846.7200000000001,862.701,995.27,1.2
846.7200000000001,914.2967,995.27,1.2
846.7200000000001,895.0983,995.27,1.2
846.7200000000001,897.4981,995.27,1.2
846.7200000000001,879.4996000000001,995.27,1.2
846.7200000000001,893.8984,995.27,1.2
846.7200000000001,845.9024000000001,995.27,1.2
846.7200000000001,863.9009000000001,995.27,1.2
846.7200000000001,881.8994,995.27,1.2
846.7200000000001,884.2992,995.27,1.2
846.7200000000001,886.6990000000001,995.27,1.2
846.7200000000001,869.9004,995.27,1.2
846.7200000000001,861.5011000000001,995.27,1.2
846.7200000000001,988.6905,995.27,1.2
846.7200000000001,907.0973,995.27,1.2
846.7200000000001,889.0988000000001,995.27,1.2
846.7200000000001,866.3007,995.27,1.2
846.7200000000001,857.9014000000001,995.27,1.2
846.7200000000001,869.9004,995.27,1.2
846.7200000000001,885.4991,995.27,1.2
846.7200000000001,807.5056000000001,995.27,1.2
846.7200000000001,818.3047,995.27,1.2
846.7200000000001,851.9019000000001,995.27,1.2
846.7200000000001,881.8994,995.27,1.2
846.7200000000001,866.3007,995.27,1.2
846.7200000000001,927.4956,995.27,1.2
846.7200000000001,821.9044,995.27,1.2
846.7200000000001,847.1023,995.27,1.2
846.7200000000001,929.8954,995.27,1.2
846.7200000000001,879.4996000000001,995.27,1.2
846.7200000000001,907.0973,995.27,1.2
846.7200000000001,949.0938,995.27,1.2
846.7200000000001,849.5021,995.27,1.2
846.7200000000001,871.1003000000001,995.27,1.2
846.7200000000001,865.1008,995.27,1.2
846.7200000000001,803.9059000000001,995.27,1.2
846.7200000000001,863.9009000000001,995.27,1.2
846.7200000000001,905.8974,995.27,1.2
846.7200000000001,893.8984,995.27,1.2
846.7200000000001,897.4981,995.27,1.2
846.7200000000001,861.5011000000001,995.27,1.2
846.7200000000001,850.702,995.27,1.2
846.7200000000001,920.2962,995.27,1.2
846.7200000000001,856.7015,995.27,1.2
846.7200000000001,885.4991,995.27,1.2
846.7200000000001,880.6995000000001,995.27,1.2
846.7200000000001,927.4956,995.27,1.2
846.7200000000001,909.4971,995.27,1.2
846.7200000000001,827.9039,995.27,1.2
846.7200000000001,831.5036,995.27,1.2
846.7200000000001,895.0983,995.27,1.2
846.7200000000001,872.3002,995.27,1.2
846.7200000000001,857.9014000000001,995.27,1.2
846.7200000000001,910.697,995.27,1.2
846.7200000000001,881.8994,995.27,1.2
846.7200000000001,877.0998000000001,995.27,1.2
846.7200000000001,902.2977,995.27,1.2
846.7200000000001,861.5011000000001,995.27,1.2
846.7200000000001,931.0953,995.27,1.2
846.7200000000001,845.9024000000001,995.27,1.2
846.7200000000001,898.6980000000001,913.71,1.2
846.7200000000001,926.2957,913.71,1.2
846.7200000000001,825.5041000000001,913.71,1.2
846.7200000000001,862.701,913.71,1.2
846.7200000000001,915.4966,913.71,1.2
846.7200000000001,916.6965,913.71,1.2
846.7200000000001,868.7005,913.71,1.2
846.7200000000001,848.3022000000001,913.71,1.2
846.7200000000001,909.4971,913.71,1.2
846.7200000000001,917.8964,913.71,1.2
846.7200000000001,832.7035000000001,913.71,1.2
846.7200000000001,831.5036,913.71,1.2
846.7200000000001,883.0993000000001,913.71,1.2
846.7200000000001,897.4981,913.71,1.2
846.7200000000001,863.9009000000001,913.71,1.2
846.7200000000001,898.6980000000001,913.71,1.2
846.7200000000001,849.5021,913.71,1.2
846.7200000000001,799.1063,913.71,1.2
846.7200000000001,859.1013,913.71,1.2
846.7200000000001,877.0998000000001,913.71,1.2
846.7200000000001,865.1008,913.71,1.2
846.7200000000001,832.7035000000001,913.71,1.2
846.7200000000001,809.9054000000001,913.71,1.2
846.7200000000001,856.7015,913.71,1.2
846.7200000000001,907.0973,913.71,1.2
846.7200000000001,920.2962,913.71,1.2
846.7200000000001,917.8964,913.71,1.2
846.7200000000001,845.9024000000001,913.71,1.2
846.7200000000001,832.7035000000001,913.71,1.2
846.7200000000001,892.6985000000001,913.71,1.2
846.7200000000001,897.4981,913.71,1.2
846.7200000000001,889.0988000000001,913.71,1.2
846.7200000000001,802.706,913.71,1.2
846.7200000000001,843.5026,913.71,1.2
846.7200000000001,873.5001000000001,913.71,1.2
846.7200000000001,892.6985000000001,913.71,1.2
846.7200000000001,902.2977,913.71,1.2
846.7200000000001,879.4996000000001,913.71,1.2
846.7200000000001,886.6990000000001,913.71,1.2
846.7200000000001,878.2997,913.71,1.2
846.7200000000001,899.8979,913.71,1.2
846.7200000000001,885.4991,913.71,1.2
846.7200000000001,877.0998000000001,913.71,1.2
846.7200000000001,865.1008,913.71,1.2
846.7200000000001,877.0998000000001,913.71,1.2
846.7200000000001,892.6985000000001,913.71,1.2
846.7200000000001,884.2992,913.71,1.2
846.7200000000001,887.8989,913.71,1.2
846.7200000000001,922.696,913.71,1.2
846.7200000000001,884.2992,913.71,1.2
846.7200000000001,851.9019000000001,913.71,1.2
846.7200000000001,907.0973,913.71,1.2
846.7200000000001,825.5041000000001,913.71,1.2
846.7200000000001,836.3032000000001,913.71,1.2
846.7200000000001,886.6990000000001,913.71,1.2
846.7200000000001,892.6985000000001,913.71,1.2
846.7200000000001,830.3037,913.71,1.2
846.7200000000001,861.5011000000001,913.71,1.2
846.7200000000001,853.1018,913.71,1.2
846.7200000000001,856.7015,913.71,1.2
846.7200000000001,908.2972,913.71,1.2
846.7200000000001,899.8979,913.71,1.2
846.7200000000001,873.5001000000001,913.71,1.2
846.7200000000001,855.5016,913.71,1.2
846.7200000000001,826.7040000000001,913.71,1.2
846.7200000000001,926.2957,913.71,1.2
846.7200000000001,896.2982000000001,913.71,1.2
846.7200000000001,849.5021,913.71,1.2
846.7200000000001,901.0978,913.71,1.2
846.7200000000001,872.3002,913.71,1.2
846.7200000000001,863.9009000000001,913.71,1.2
846.7200000000001,890.2987,913.71,1.2
846.7200000000001,848.3022000000001,913.71,1.2
846.7200000000001,862.701,913.71,1.2
846.7200000000001,879.4996000000001,913.71,1.2
609.8400000000001,850.962,627.66,1.4
640.0,884.1035999999999,627.66,1.0
640.0,811.3761999999999,627.66,1.0
640.0,786.52,627.66,1.0
640.0,777.314,627.66,1.0
640.0,827.947,627.66,1.0
640.0,814.1379999999999,627.66,1.0
640.0,838.0735999999999,627.66,1.0
846.7200000000001,836.2324,627.66,1.2
846.7200000000001,788.3611999999999,627.66,1.2
640.0,782.8376,627.66,1.0
640.0,840.8353999999999,627.66,1.0
640.0,836.2324,627.66,1.0
640.0,820.5822,627.66,1.0
640.0,786.52,627.66,1.0
640.0,845.4384,627.66,1.0
640.0,867.5328,627.66,1.0
640.0,839.9147999999999,627.66,1.0
640.0,809.535,627.66,1.0
640.0,833.4706,627.66,1.0
640.0,794.8054,627.66,1.0
640.0,862.0092,627.66,1.0
640.0,834.3911999999999,627.66,1.0
640.0,783.7582,627.66,1.0
640.0,824.2646,627.66,1.0
640.0,845.4384,627.66,1.0
640.0,823.3439999999999,627.66,1.0
640.0,825.1852,627.66,1.0
640.0,798.4878,627.66,1.0
640.0,848.2002,627.66,1.0
640.0,815.0586,627.66,1.0
640.0,772.7109999999999,627.66,1.0
640.0,822.4233999999999,627.66,1.0
640.0,859.2474,627.66,1.0
640.0,821.5028,627.66,1.0
640.0,880.4212,627.66,1.0
640.0,844.5178,627.66,1.0
640.0,841.756,627.66,1.0
640.0,828.8675999999999,627.66,1.0
640.0,830.7088,627.66,1.0
640.0,825.1852,627.66,1.0
640.0,824.2646,627.66,1.0
640.0,847.2796,627.66,1.0
640.0,806.7732,627.66,1.0
640.0,803.0908,627.66,1.0
640.0,801.2496,627.66,1.0
640.0,888.7066,627.66,1.0
846.7200000000001,847.2796,627.66,1.2
640.0,840.8353999999999,627.66,1.0
640.0,803.0908,627.66,1.0
640.0,850.0414,627.66,1.0
640.0,829.7882,627.66,1.0
640.0,838.0735999999999,627.66,1.0
640.0,805.8525999999999,627.66,1.0
640.0,837.1529999999999,627.66,1.0
640.0,820.5822,627.66,1.0
640.0,811.3761999999999,627.66,1.0
640.0,852.8032,627.66,1.0
640.0,790.2023999999999,627.66,1.0
640.0,848.2002,627.66,1.0
640.0,851.8825999999999,627.66,1.0
640.0,808.6143999999999,627.66,1.0
640.0,809.535,627.66,1.0
640.0,826.1057999999999,627.66,1.0
640.0,839.9147999999999,627.66,1.0
640.0,827.947,627.66,1.0
640.0,844.5178,627.66,1.0
640.0,881.3417999999999,627.66,1.0
640.0,818.741,627.66,1.0
640.0,785.5994,627.66,1.0
640.0,855.5649999999999,627.66,1.0
640.0,878.5799999999999,627.66,1.0
640.0,843.5971999999999,627.66,1.0
640.0,802.1701999999999,627.66,1.0
640.0,828.8675999999999,1000.0,1.0
846.7200000000001,801.2496,1000.0,1.2
846.7200000000001,850.0414,1000.0,1.2
846.7200000000001,794.8054,1000.0,1.2
846.7200000000001,824.2646,1000.0,1.2
846.7200000000001,804.9319999999999,1000.0,1.2
846.7200000000001,836.2324,1000.0,1.2
846.7200000000001,822.4233999999999,1000.0,1.2
846.7200000000001,837.1529999999999,1000.0,1.2
846.7200000000001,833.4706,1000.0,1.2
846.7200000000001,804.9319999999999,1000.0,1.2
846.7200000000001,850.0414,1000.0,1.2
846.7200000000001,831.6293999999999,1000.0,1.2
846.7200000000001,804.9319999999999,1000.0,1.2
846.7200000000001,894.2302,1000.0,1.2
846.7200000000001,845.4384,1000.0,1.2
846.7200000000001,827.947,1000.0,1.2
846.7200000000001,871.2152,1000.0,1.2
846.7200000000001,883.183,1000.0,1.2
846.7200000000001,828.8675999999999,1000.0,1.2
846.7200000000001,841.756,1000.0,1.2
846.7200000000001,804.9319999999999,1000.0,1.2
846.7200000000001,828.8675999999999,1000.0,1.2
846.7200000000001,827.0264,1000.0,1.2
846.7200000000001,838.0735999999999,1000.0,1.2
846.7200000000001,841.756,1000.0,1.2
846.7200000000001,848.2002,1000.0,1.2
846.7200000000001,838.9942,1000.0,1.2
846.7200000000001,799.4083999999999,1000.0,1.2
846.7200000000001,806.7732,1000.0,1.2
846.7200000000001,817.8204,1000.0,1.2
846.7200000000001,825.1852,1000.0,1.2
846.7200000000001,862.0092,1000.0,1.2
846.7200000000001,800.329,1000.0,1.2
846.7200000000001,822.4233999999999,1000.0,1.2
846.7200000000001,859.2474,1000.0,1.2
846.7200000000001,824.2646,1000.0,1.2
846.7200000000001,845.4384,1000.0,1.2
846.7200000000001,828.8675999999999,1000.0,1.2
846.7200000000001,839.9147999999999,1000.0,1.2
846.7200000000001,826.1057999999999,1000.0,1.2
846.7200000000001,850.962,1000.0,1.2
846.7200000000001,790.2023999999999,1000.0,1.2
846.7200000000001,822.4233999999999,1000.0,1.2
846.7200000000001,840.8353999999999,1000.0,1.2
846.7200000000001,847.2796,1000.0,1.2
846.7200000000001,873.977,1000.0,1.2
846.7200000000001,821.5028,1000.0,1.2
846.7200000000001,873.0563999999999,1000.0,1.2
846.7200000000001,814.1379999999999,1000.0,1.2
846.7200000000001,869.3739999999999,1000.0,1.2
846.7200000000001,855.5649999999999,1000.0,1.2
846.7200000000001,807.6938,1000.0,1.2
846.7200000000001,840.8353999999999,1000.0,1.2
846.7200000000001,830.7088,1000.0,1.2
846.7200000000001,850.0414,1000.0,1.2
846.7200000000001,826.1057999999999,1000.0,1.2
846.7200000000001,824.2646,1000.0,1.2
846.7200000000001,870.2946,1000.0,1.2
846.7200000000001,829.7882,1000.0,1.2
846.7200000000001,855.5649999999999,1000.0,1.2
846.7200000000001,826.1057999999999,1000.0,1.2
846.7200000000001,878.5799999999999,1000.0,1.2
846.7200000000001,814.1379999999999,1000.0,1.2
846.7200000000001,815.9792,1000.0,1.2
846.7200000000001,874.8976,1000.0,1.2
846.7200000000001,820.5822,1000.0,1.2
846.7200000000001,876.7388,1000.0,1.2
846.7200000000001,857.4061999999999,1000.0,1.2
846.7200000000001,827.947,1000.0,1.2
846.7200000000001,782.8376,1000.0,1.2
846.7200000000001,831.6293999999999,1000.0,1.2
846.7200000000001,835.3118,1000.0,1.2
846.7200000000001,864.771,1000.0,1.2
846.7200000000001,876.7388,1000.0,1.2
846.7200000000001,813.2174,991.73,1.2
846.7200000000001,854.6443999999999,991.73,1.2
846.7200000000001,853.7238,991.73,1.2
846.7200000000001,862.0092,991.73,1.2
846.7200000000001,846.3589999999999,991.73,1.2
846.7200000000001,779.1551999999999,991.73,1.2
846.7200000000001,827.947,991.73,1.2
846.7200000000001,800.329,991.73,1.2
846.7200000000001,827.0264,991.73,1.2
846.7200000000001,859.2474,991.73,1.2
846.7200000000001,840.8353999999999,991.73,1.2
846.7200000000001,863.8503999999999,991.73,1.2
846.7200000000001,841.756,991.73,1.2
846.7200000000001,796.6465999999999,991.73,1.2
846.7200000000001,762.5844,991.73,1.2
846.7200000000001,836.2324,991.73,1.2
846.7200000000001,827.0264,991.73,1.2
846.7200000000001,805.8525999999999,991.73,1.2
846.7200000000001,785.5994,991.73,1.2
846.7200000000001,812.2968,991.73,1.2
846.7200000000001,827.0264,991.73,1.2
846.7200000000001,850.962,991.73,1.2
846.7200000000001,838.0735999999999,991.73,1.2
846.7200000000001,876.7388,991.73,1.2
846.7200000000001,804.0114,991.73,1.2
846.7200000000001,856.4856,991.73,1.2
846.7200000000001,833.4706,991.73,1.2
846.7200000000001,851.8825999999999,991.73,1.2
846.7200000000001,820.5822,991.73,1.2
846.7200000000001,862.0092,991.73,1.2
846.7200000000001,840.8353999999999,991.73,1.2
846.7200000000001,814.1379999999999,991.73,1.2
846.7200000000001,832.55,991.73,1.2
846.7200000000001,826.1057999999999,991.73,1.2
846.7200000000001,846.3589999999999,991.73,1.2
846.7200000000001,800.329,991.73,1.2
846.7200000000001,831.6293999999999,991.73,1.2
846.7200000000001,843.5971999999999,991.73,1.2
846.7200000000001,833.4706,991.73,1.2
846.7200000000001,869.3739999999999,991.73,1.2
846.7200000000001,853.7238,991.73,1.2
846.7200000000001,832.55,991.73,1.2
846.7200000000001,838.9942,991.73,1.2
846.7200000000001,840.8353999999999,991.73,1.2
846.7200000000001,843.5971999999999,991.73,1.2
846.7200000000001,781.9169999999999,991.73,1.2
846.7200000000001,824.2646,991.73,1.2
846.7200000000001,791.1229999999999,991.73,1.2
846.7200000000001,867.5328,991.73,1.2
846.7200000000001,830.7088,991.73,1.2
846.7200000000001,827.0264,991.73,1.2
846.7200000000001,857.4061999999999,991.73,1.2
846.7200000000001,844.5178,991.73,1.2
846.7200000000001,801.2496,991.73,1.2
846.7200000000001,830.7088,991.73,1.2
846.7200000000001,823.3439999999999,991.73,1.2
846.7200000000001,784.6787999999999,991.73,1.2
846.7200000000001,813.2174,991.73,1.2
846.7200000000001,827.0264,991.73,1.2
846.7200000000001,829.7882,991.73,1.2
846.7200000000001,792.0436,991.73,1.2
846.7200000000001,864.771,991.73,1.2
846.7200000000001,829.7882,991.73,1.2
846.7200000000001,833.4706,991.73,1.2
846.7200000000001,843.5971999999999,991.73,1.2
846.7200000000001,810.4556,991.73,1.2
846.7200000000001,845.4384,991.73,1.2
846.7200000000001,822.4233999999999,991.73,1.2
846.7200000000001,807.6938,991.73,1.2
846.7200000000001,848.2002,991.73,1.2
846.7200000000001,873.977,991.73,1.2
846.7200000000001,852.8032,991.73,1.2
846.7200000000001,858.3267999999999,991.73,1.2
846.7200000000001,817.8204,991.73,1.2
846.7200000000001,788.3611999999999,991.73,1.2
609.8400000000001,691.715,647.75,1.4
640.0,678.875,647.75,1.0
640.0,633.9350000000001,647.75,1.0
640.0,613.8725000000001,647.75,1.0
640.0,616.2800000000001,647.75,1.0
640.0,601.0325,647.75,1.0
640.0,639.5525,647.75,1.0
640.0,680.48,647.75,1.0
640.0,638.75,647.75,1.0
640.0,649.1825,647.75,1.0
640.0,674.8625000000001,647.75,1.0
640.0,632.33,647.75,1.0
640.0,690.9125,647.75,1.0
640.0,690.11,647.75,1.0
640.0,638.75,647.75,1.0
640.0,628.3175,647.75,1.0
640.0,658.8125,647.75,1.0
640.0,633.9350000000001,647.75,1.0
640.0,613.8725000000001,647.75,1.0
640.0,672.455,647.75,1.0
640.0,670.85,647.75,1.0
640.0,645.9725000000001,647.75,1.0
640.0,611.465,647.75,1.0
640.0,612.2675,647.75,1.0
640.0,644.3675000000001,647.75,1.0
640.0,629.9225,647.75,1.0
640.0,633.9350000000001,647.75,1.0
640.0,666.8375000000001,647.75,1.0
640.0,659.615,647.75,1.0
640.0,674.8625000000001,647.75,1.0
640.0,617.885,647.75,1.0
640.0,633.9350000000001,647.75,1.0
640.0,660.4175,647.75,1.0
640.0,652.3925,647.75,1.0
640.0,678.875,647.75,1.0
640.0,652.3925,647.75,1.0
640.0,686.0975000000001,647.75,1.0
640.0,654.8000000000001,647.75,1.0
640.0,667.64,647.75,1.0
640.0,633.9350000000001,647.75,1.0
640.0,641.96,647.75,1.0
640.0,663.6275,647.75,1.0
640.0,680.48,647.75,1.0
640.0,659.615,647.75,1.0
640.0,640.355,647.75,1.0
640.0,674.8625000000001,647.75,1.0
640.0,588.995,647.75,1.0
640.0,607.4525,647.75,1.0
640.0,658.01,647.75,1.0
640.0,641.96,647.75,1.0
640.0,656.4050000000001,647.75,1.0
640.0,643.565,647.75,1.0
640.0,655.6025000000001,647.75,1.0
640.0,622.7,647.75,1.0
640.0,655.6025000000001,647.75,1.0
640.0,666.0350000000001,647.75,1.0
640.0,671.6525,647.75,1.0
640.0,690.11,647.75,1.0
640.0,647.5775,647.75,1.0
640.0,648.38,647.75,1.0
640.0,605.0450000000001,647.75,1.0
640.0,629.12,647.75,1.0
640.0,637.145,647.75,1.0
640.0,667.64,647.75,1.0
640.0,627.515,647.75,1.0
640.0,661.22,647.75,1.0
640.0,641.96,647.75,1.0
640.0,637.9475,647.75,1.0
640.0,647.5775,647.75,1.0
640.0,632.33,647.75,1.0
640.0,631.5275,647.75,1.0
640.0,601.0325,647.75,1.0
640.0,636.3425000000001,647.75,1.0
640.0,630.725,647.75,1.0
640.0,629.9225,520.09,1.0
640.0,652.3925,520.09,1.0
640.0,658.01,520.09,1.0
640.0,647.5775,520.09,1.0
640.0,666.0350000000001,520.09,1.0
640.0,655.6025000000001,520.09,1.0
640.0,634.7375000000001,520.09,1.0
640.0,630.725,520.09,1.0
640.0,649.1825,520.09,1.0
640.0,655.6025000000001,520.09,1.0
640.0,675.6650000000001,520.09,1.0
640.0,670.85,520.09,1.0
640.0,629.12,520.09,1.0
640.0,639.5525,520.09,1.0
640.0,658.01,520.09,1.0
640.0,667.64,520.09,1.0
640.0,664.4300000000001,520.09,1.0
640.0,640.355,520.09,1.0
640.0,611.465,520.09,1.0
640.0,617.885,520.09,1.0
640.0,648.38,520.09,1.0
640.0,649.985,520.09,1.0
640.0,615.4775000000001,520.09,1.0
640.0,642.7625,520.09,1.0
640.0,657.2075,520.09,1.0
640.0,613.8725000000001,520.09,1.0
640.0,668.4425,520.09,1.0
640.0,633.1325,520.09,1.0
640.0,672.455,520.09,1.0
640.0,629.12,520.09,1.0
640.0,617.0825,520.09,1.0
640.0,630.725,520.09,1.0
640.0,639.5525,520.09,1.0
640.0,632.33,520.09,1.0
640.0,637.145,520.09,1.0
640.0,649.985,520.09,1.0
640.0,637.9475,520.09,1.0
640.0,640.355,520.09,1.0
640.0,601.0325,520.09,1.0
640.0,651.59,520.09,1.0
640.0,639.5525,520.09,1.0
640.0,680.48,520.09,1.0
640.0,619.49,520.09,1.0
640.0,598.625,520.09,1.0
640.0,657.2075,520.09,1.0
640.0,649.985,520.09,1.0
640.0,617.885,520.09,1.0
640.0,605.0450000000001,520.09,1.0
640.0,678.875,520.09,1.0
640.0,675.6650000000001,520.09,1.0
640.0,581.7725,520.09,1.0
640.0,630.725,520.09,1.0
640.0,682.085,520.09,1.0
640.0,630.725,520.09,1.0
640.0,629.9225,520.09,1.0
640.0,635.5400000000001,520.09,1.0
640.0,614.6750000000001,520.09,1.0
640.0,601.0325,520.09,1.0
640.0,667.64,520.09,1.0
640.0,597.8225,520.09,1.0
640.0,647.5775,520.09,1.0
640.0,663.6275,520.09,1.0
640.0,606.6500000000001,520.09,1.0
640.0,619.49,520.09,1.0
640.0,670.85,520.09,1.0
640.0,654.8000000000001,520.09,1.0
640.0,626.7125000000001,520.09,1.0
640.0,670.85,520.09,1.0
640.0,670.85,520.09,1.0
640.0,648.38,520.09,1.0
640.0,620.2925,520.09,1.0
640.0,632.33,520.09,1.0
640.0,649.1825,520.09,1.0
640.0,637.145,520.09,1.0
640.0,664.4300000000001,520.09,1.0
640.0,605.0450000000001,997.64,1.0
1084.1600000000003,605.8475000000001,997.64,1.4
1084.1600000000003,645.9725000000001,997.64,1.4
1084.1600000000003,629.9225,997.64,1.4
1084.1600000000003,626.7125000000001,997.64,1.4
1084.1600000000003,599.4275,997.64,1.4
1084.1600000000003,642.7625,997.64,1.4
1084.1600000000003,640.355,997.64,1.4
1084.1600000000003,658.01,997.64,1.4
1084.1600000000003,643.565,997.64,1.4
1084.1600000000003,638.75,997.64,1.4
1084.1600000000003,670.0475,997.64,1.4
1084.1600000000003,610.6625,997.64,1.4
846.7200000000001,654.8000000000001,997.64,1.2
1084.1600000000003,601.835,997.64,1.4
846.7200000000001,621.8975,997.64,1.2
1084.1600000000003,613.07,997.64,1.4
846.7200000000001,660.4175,997.64,1.2
1084.1600000000003,640.355,997.64,1.4
846.7200000000001,641.96,997.64,1.2
1084.1600000000003,615.4775000000001,997.64,1.4
846.7200000000001,634.7375000000001,997.64,1.2
1084.1600000000003,623.5025,997.64,1.4
846.7200000000001,651.59,997.64,1.2
1084.1600000000003,617.885,997.64,1.4
846.7200000000001,674.0600000000001,997.64,1.2
1084.1600000000003,601.835,997.64,1.4
846.7200000000001,622.7,997.64,1.2
1084.1600000000003,682.085,997.64,1.4
846.7200000000001,631.5275,997.64,1.2
1084.1600000000003,610.6625,997.64,1.4
846.7200000000001,647.5775,997.64,1.2
1084.1600000000003,630.725,997.64,1.4
846.7200000000001,621.8975,997.64,1.2
846.7200000000001,615.4775000000001,997.64,1.2
846.7200000000001,708.5675,997.64,1.2
1084.1600000000003,635.5400000000001,997.64,1.4
846.7200000000001,595.4150000000001,997.64,1.2
846.7200000000001,678.0725,997.64,1.2
1084.1600000000003,656.4050000000001,997.64,1.4
846.7200000000001,623.5025,997.64,1.2
846.7200000000001,619.49,997.64,1.2
846.7200000000001,658.01,997.64,1.2
846.7200000000001,636.3425000000001,997.64,1.2
846.7200000000001,595.4150000000001,997.64,1.2
846.7200000000001,685.2950000000001,997.64,1.2
846.7200000000001,631.5275,997.64,1.2
846.7200000000001,678.0725,997.64,1.2
846.7200000000001,672.455,997.64,1.2
846.7200000000001,617.885,997.64,1.2
846.7200000000001,666.8375000000001,997.64,1.2
846.7200000000001,625.9100000000001,997.64,1.2
846.7200000000001,597.02,997.64,1.2
846.7200000000001,631.5275,997.64,1.2
846.7200000000001,651.59,997.64,1.2
846.7200000000001,630.725,997.64,1.2
846.7200000000001,634.7375000000001,997.64,1.2
846.7200000000001,669.245,997.64,1.2
846.7200000000001,644.3675000000001,997.64,1.2
846.7200000000001,621.8975,997.64,1.2
846.7200000000001,658.8125,997.64,1.2
846.7200000000001,646.7750000000001,997.64,1.2
846.7200000000001,580.97,997.64,1.2
846.7200000000001,652.3925,997.64,1.2
846.7200000000001,651.59,997.64,1.2
846.7200000000001,642.7625,997.64,1.2
846.7200000000001,663.6275,997.64,1.2
846.7200000000001,625.9100000000001,997.64,1.2
846.7200000000001,649.985,997.64,1.2
846.7200000000001,604.2425000000001,997.64,1.2
846.7200000000001,651.59,997.64,1.2
846.7200000000001,689.3075,997.64,1.2
846.7200000000001,617.885,997.64,1.2
846.7200000000001,623.5025,997.64,1.2
846.7200000000001,625.1075000000001,997.64,1.2
609.8400000000001,581.1972000000001,832.15,1.4
640.0,608.1027,832.15,1.0
640.0,615.2775,832.15,1.0
640.0,609.8964000000001,832.15,1.0
640.0,568.6413,832.15,1.0
640.0,618.267,832.15,1.0
640.0,617.0712000000001,832.15,1.0
640.0,615.2775,832.15,1.0
640.0,606.9069000000001,832.15,1.0
640.0,604.5153,832.15,1.0
640.0,618.8649,832.15,1.0
640.0,635.0082,832.15,1.0
640.0,582.9909,832.15,1.0
640.0,619.4628,832.15,1.0
640.0,598.5363000000001,832.15,1.0
640.0,597.9384,832.15,1.0
640.0,572.8266000000001,832.15,1.0
640.0,594.9489000000001,832.15,1.0
640.0,582.393,832.15,1.0
640.0,591.9594000000001,832.15,1.0
640.0,580.5993000000001,832.15,1.0
640.0,592.5573,832.15,1.0
640.0,593.1552,832.15,1.0
640.0,602.1237,832.15,1.0
640.0,571.6308,832.15,1.0
640.0,574.6203,832.15,1.0
640.0,606.9069000000001,832.15,1.0
640.0,585.9804,832.15,1.0
640.0,619.4628,832.15,1.0
640.0,604.5153,832.15,1.0
640.0,611.0922,832.15,1.0
640.0,625.4418000000001,832.15,1.0
640.0,594.9489000000001,832.15,1.0
640.0,590.1657,832.15,1.0
640.0,615.8754,832.15,1.0
640.0,609.2985,832.15,1.0
640.0,596.7426,832.15,1.0
640.0,625.4418000000001,832.15,1.0
640.0,596.7426,832.15,1.0
640.0,600.9279,832.15,1.0
640.0,600.9279,832.15,1.0
640.0,583.5888,832.15,1.0
640.0,601.5258,832.15,1.0
640.0,625.4418000000001,832.15,1.0
640.0,608.1027,832.15,1.0
640.0,600.9279,832.15,1.0
640.0,597.3405,832.15,1.0
640.0,606.3090000000001,832.15,1.0
640.0,613.4838000000001,832.15,1.0
640.0,611.0922,832.15,1.0
640.0,594.351,832.15,1.0
640.0,606.3090000000001,832.15,1.0
640.0,608.7006,832.15,1.0
640.0,582.393,832.15,1.0
640.0,603.3195000000001,832.15,1.0
640.0,561.4665,832.15,1.0
640.0,608.7006,832.15,1.0
640.0,612.288,832.15,1.0
640.0,613.4838000000001,832.15,1.0
640.0,593.1552,832.15,1.0
640.0,605.7111,832.15,1.0
640.0,626.0397,832.15,1.0
640.0,625.4418000000001,832.15,1.0
640.0,599.7321000000001,832.15,1.0
640.0,602.7216000000001,832.15,1.0
640.0,620.0607,832.15,1.0
640.0,573.4245000000001,832.15,1.0
640.0,594.351,832.15,1.0
640.0,624.2460000000001,832.15,1.0
640.0,617.6691000000001,832.15,1.0
640.0,606.9069000000001,832.15,1.0
640.0,573.4245000000001,832.15,1.0
640.0,599.7321000000001,832.15,1.0
640.0,589.5678,832.15,1.0
640.0,606.3090000000001,561.47,1.0
640.0,585.9804,561.47,1.0
640.0,581.7951,561.47,1.0
640.0,563.2602,561.47,1.0
640.0,622.4523,561.47,1.0
640.0,593.1552,561.47,1.0
640.0,603.3195000000001,561.47,1.0
640.0,600.33,561.47,1.0
640.0,581.1972000000001,561.47,1.0
640.0,577.6098000000001,561.47,1.0
640.0,582.393,561.47,1.0
640.0,587.1762,561.47,1.0
640.0,606.9069000000001,561.47,1.0
640.0,585.9804,561.47,1.0
640.0,631.4208000000001,561.47,1.0
640.0,618.8649,561.47,1.0
640.0,614.6796,561.47,1.0
640.0,597.9384,561.47,1.0
640.0,627.2355,561.47,1.0
640.0,596.1447000000001,561.47,1.0
640.0,599.7321000000001,561.47,1.0
640.0,603.3195000000001,561.47,1.0
640.0,612.8859,561.47,1.0
640.0,611.6901,561.47,1.0
640.0,591.9594000000001,561.47,1.0
640.0,590.7636,561.47,1.0
640.0,611.6901,561.47,1.0
640.0,612.8859,561.47,1.0
640.0,593.1552,561.47,1.0
640.0,571.6308,561.47,1.0
640.0,596.7426,561.47,1.0
640.0,611.6901,561.47,1.0
640.0,632.6166000000001,561.47,1.0
640.0,578.8056,561.47,1.0
640.0,592.5573,561.47,1.0
640.0,593.1552,561.47,1.0
640.0,624.8439000000001,561.47,1.0
640.0,599.7321000000001,561.47,1.0
640.0,584.1867000000001,561.47,1.0
640.0,610.4943000000001,561.47,1.0
640.0,593.1552,561.47,1.0
640.0,578.2077,561.47,1.0
640.0,584.1867000000001,561.47,1.0
640.0,631.4208000000001,561.47,1.0
640.0,607.5048,561.47,1.0
640.0,602.1237,561.47,1.0
640.0,596.1447000000001,561.47,1.0
640.0,605.7111,561.47,1.0
640.0,605.1132,561.47,1.0
640.0,605.7111,561.47,1.0
640.0,602.1237,561.47,1.0
640.0,615.8754,561.47,1.0
640.0,600.9279,561.47,1.0
640.0,582.9909,561.47,1.0
640.0,589.5678,561.47,1.0
640.0,565.0539,561.47,1.0
640.0,636.8019,561.47,1.0
640.0,615.8754,561.47,1.0
640.0,585.3825,561.47,1.0
640.0,595.5468000000001,561.47,1.0
640.0,588.9699,561.47,1.0
640.0,627.8334,561.47,1.0
640.0,574.6203,561.47,1.0
640.0,602.1237,561.47,1.0
640.0,598.5363000000001,561.47,1.0
640.0,615.2775,561.47,1.0
640.0,598.5363000000001,561.47,1.0
640.0,568.6413,561.47,1.0
640.0,595.5468000000001,561.47,1.0
640.0,582.9909,561.47,1.0
640.0,601.5258,561.47,1.0
640.0,626.0397,561.47,1.0
640.0,569.2392,561.47,1.0
640.0,585.9804,561.47,1.0
640.0,590.1657,561.47,1.0
640.0,593.7531,556.74,1.0
640.0,613.4838000000001,556.74,1.0
640.0,597.3405,556.74,1.0
640.0,607.5048,556.74,1.0
640.0,588.9699,556.74,1.0
640.0,604.5153,556.74,1.0
640.0,614.0817000000001,556.74,1.0
640.0,587.1762,556.74,1.0
640.0,614.0817000000001,556.74,1.0
640.0,601.5258,556.74,1.0
640.0,618.8649,556.74,1.0
640.0,596.7426,556.74,1.0
640.0,606.9069000000001,556.74,1.0
640.0,599.7321000000001,556.74,1.0
640.0,598.5363000000001,556.74,1.0
640.0,605.1132,556.74,1.0
640.0,609.8964000000001,556.74,1.0
640.0,578.2077,556.74,1.0
640.0,626.0397,556.74,1.0
640.0,566.8476,556.74,1.0
640.0,587.7741000000001,556.74,1.0
640.0,598.5363000000001,556.74,1.0
640.0,607.5048,556.74,1.0
640.0,628.4313000000001,556.74,1.0
640.0,566.8476,556.74,1.0
640.0,591.3615000000001,556.74,1.0
640.0,562.0644000000001,556.74,1.0
640.0,600.9279,556.74,1.0
640.0,605.1132,556.74,1.0
640.0,629.0292000000001,556.74,1.0
640.0,602.7216000000001,556.74,1.0
640.0,618.8649,556.74,1.0
640.0,611.0922,556.74,1.0
640.0,592.5573,556.74,1.0
640.0,575.2182,556.74,1.0
640.0,605.1132,556.74,1.0
640.0,573.4245000000001,556.74,1.0
640.0,623.6481,556.74,1.0
640.0,597.3405,556.74,1.0
640.0,621.8544,556.74,1.0
640.0,591.9594000000001,556.74,1.0
640.0,605.1132,556.74,1.0
640.0,603.9174,556.74,1.0
640.0,599.7321000000001,556.74,1.0
640.0,592.5573,556.74,1.0
640.0,607.5048,556.74,1.0
640.0,583.5888,556.74,1.0
640.0,578.8056,556.74,1.0
640.0,622.4523,556.74,1.0
640.0,613.4838000000001,556.74,1.0
640.0,601.5258,556.74,1.0
640.0,630.225,556.74,1.0
640.0,595.5468000000001,556.74,1.0
640.0,624.2460000000001,556.74,1.0
640.0,603.3195000000001,556.74,1.0
640.0,581.7951,556.74,1.0
640.0,633.2145,556.74,1.0
640.0,618.267,556.74,1.0
640.0,597.9384,556.74,1.0
640.0,613.4838000000001,556.74,1.0
640.0,593.1552,556.74,1.0
640.0,615.2775,556.74,1.0
640.0,557.2812,556.74,1.0
640.0,581.7951,556.74,1.0
640.0,617.6691000000001,556.74,1.0
640.0,596.1447000000001,556.74,1.0
640.0,603.9174,556.74,1.0
640.0,576.414,556.74,1.0
640.0,633.2145,556.74,1.0
640.0,621.8544,556.74,1.0
640.0,596.7426,556.74,1.0
640.0,593.1552,556.74,1.0
640.0,618.8649,556.74,1.0
640.0,635.6061000000001,556.74,1.0
640.0,617.6691000000001,556.74,1.0
609.8400000000001,650.9552,749.41,1.4
640.0,652.5725,749.41,1.0
640.0,646.6424,749.41,1.0
640.0,673.0582999999999,749.41,1.0
640.0,668.7455,749.41,1.0
640.0,663.3544999999999,749.41,1.0
640.0,678.9884,749.41,1.0
640.0,685.9966999999999,749.41,1.0
640.0,641.2514,749.41,1.0
640.0,656.3462,749.41,1.0
640.0,679.5274999999999,749.41,1.0
640.0,658.5025999999999,749.41,1.0
640.0,653.1116,749.41,1.0
640.0,682.7620999999999,749.41,1.0
640.0,645.0251,749.41,1.0
640.0,661.1981,749.41,1.0
640.0,671.4409999999999,749.41,1.0
640.0,656.8852999999999,749.41,1.0
640.0,678.4493,749.41,1.0
640.0,656.8852999999999,749.41,1.0
640.0,688.6922,749.41,1.0
640.0,663.8936,749.41,1.0
640.0,676.832,749.41,1.0
640.0,677.9101999999999,749.41,1.0
640.0,655.8071,749.41,1.0
640.0,632.6257999999999,749.41,1.0
640.0,671.9801,749.41,1.0
640.0,667.1282,749.41,1.0
640.0,675.2147,749.41,1.0
640.0,662.2763,749.41,1.0
640.0,659.0417,749.41,1.0
640.0,698.396,749.41,1.0
640.0,642.3295999999999,749.41,1.0
640.0,677.9101999999999,749.41,1.0
640.0,656.8852999999999,749.41,1.0
640.0,660.659,749.41,1.0
640.0,660.659,749.41,1.0
640.0,653.1116,749.41,1.0
640.0,675.2147,749.41,1.0
640.0,688.6922,749.41,1.0
640.0,673.5974,749.41,1.0
640.0,667.6673,749.41,1.0
640.0,649.877,749.41,1.0
640.0,674.6755999999999,749.41,1.0
640.0,701.0915,749.41,1.0
640.0,660.1198999999999,749.41,1.0
640.0,660.1198999999999,749.41,1.0
640.0,656.8852999999999,749.41,1.0
640.0,657.9635,749.41,1.0
640.0,621.8438,749.41,1.0
640.0,672.5192,749.41,1.0
640.0,652.5725,749.41,1.0
640.0,640.1732,749.41,1.0
640.0,678.4493,749.41,1.0
640.0,648.7987999999999,749.41,1.0
640.0,660.659,749.41,1.0
640.0,689.7704,749.41,1.0
640.0,643.4078,749.41,1.0
640.0,641.2514,749.41,1.0
640.0,670.3628,749.41,1.0
640.0,684.3793999999999,749.41,1.0
640.0,640.7122999999999,749.41,1.0
640.0,672.5192,749.41,1.0
640.0,675.2147,749.41,1.0
640.0,632.6257999999999,749.41,1.0
640.0,678.9884,749.41,1.0
640.0,680.0666,749.41,1.0
640.0,661.1981,749.41,1.0
640.0,686.5358,749.41,1.0
640.0,684.3793999999999,749.41,1.0
640.0,667.6673,749.41,1.0
640.0,658.5025999999999,749.41,1.0
640.0,650.4160999999999,749.41,1.0
640.0,665.5109,749.41,1.0
640.0,675.2147,700.95,1.0
640.0,660.659,700.95,1.0
640.0,630.4694,700.95,1.0
640.0,686.5358,700.95,1.0
640.0,669.2846,700.95,1.0
640.0,660.1198999999999,700.95,1.0
640.0,680.0666,700.95,1.0
640.0,690.8485999999999,700.95,1.0
640.0,620.7656,700.95,1.0
640.0,673.0582999999999,700.95,1.0
640.0,642.8687,700.95,1.0
640.0,674.1365,700.95,1.0
640.0,668.2063999999999,700.95,1.0
640.0,676.2928999999999,700.95,1.0
640.0,657.9635,700.95,1.0
640.0,635.8603999999999,700.95,1.0
640.0,658.5025999999999,700.95,1.0
640.0,672.5192,700.95,1.0
640.0,682.223,700.95,1.0
640.0,647.1814999999999,700.95,1.0
640.0,682.7620999999999,700.95,1.0
640.0,655.8071,700.95,1.0
640.0,671.9801,700.95,1.0
640.0,657.9635,700.95,1.0
640.0,668.7455,700.95,1.0
640.0,680.6057,700.95,1.0
640.0,646.1033,700.95,1.0
640.0,655.2679999999999,700.95,1.0
640.0,669.2846,700.95,1.0
640.0,704.8652,700.95,1.0
640.0,652.0333999999999,700.95,1.0
640.0,698.9350999999999,700.95,1.0
640.0,698.396,700.95,1.0
640.0,664.4327,700.95,1.0
640.0,661.1981,700.95,1.0
640.0,654.7289,700.95,1.0
640.0,664.9717999999999,700.95,1.0
640.0,643.4078,700.95,1.0
640.0,664.9717999999999,700.95,1.0
640.0,690.3095,700.95,1.0
640.0,656.3462,700.95,1.0
640.0,662.2763,700.95,1.0
640.0,638.5559,700.95,1.0
640.0,671.9801,700.95,1.0
640.0,670.3628,700.95,1.0
640.0,667.1282,700.95,1.0
640.0,662.2763,700.95,1.0
640.0,661.1981,700.95,1.0
640.0,674.1365,700.95,1.0
640.0,665.5109,700.95,1.0
640.0,670.9019,700.95,1.0
640.0,669.2846,700.95,1.0
640.0,684.3793999999999,700.95,1.0
640.0,676.832,700.95,1.0
640.0,669.2846,700.95,1.0
640.0,690.8485999999999,700.95,1.0
640.0,673.0582999999999,700.95,1.0
640.0,687.0749,700.95,1.0
640.0,675.7538,700.95,1.0
640.0,636.3995,700.95,1.0
640.0,687.0749,700.95,1.0
640.0,668.2063999999999,700.95,1.0
640.0,664.9717999999999,700.95,1.0
640.0,670.3628,700.95,1.0
640.0,660.659,700.95,1.0
640.0,669.8236999999999,700.95,1.0
640.0,656.3462,700.95,1.0
640.0,686.5358,700.95,1.0
640.0,664.4327,700.95,1.0
640.0,660.1198999999999,700.95,1.0
640.0,650.9552,700.95,1.0
640.0,670.3628,700.95,1.0
640.0,669.2846,700.95,1.0
640.0,672.5192,700.95,1.0
640.0,649.3379,700.95,1.0
640.0,640.1732,712.77,1.0
640.0,676.2928999999999,712.77,1.0
640.0,690.3095,712.77,1.0
640.0,649.3379,712.77,1.0
640.0,691.9268,712.77,1.0
640.0,670.9019,712.77,1.0
640.0,666.05,712.77,1.0
640.0,659.5808,712.77,1.0
640.0,643.4078,712.77,1.0
640.0,682.223,712.77,1.0
640.0,653.6506999999999,712.77,1.0
640.0,653.6506999999999,712.77,1.0
640.0,682.223,712.77,1.0
640.0,635.8603999999999,712.77,1.0
640.0,641.2514,712.77,1.0
640.0,665.5109,712.77,1.0
640.0,670.9019,712.77,1.0
640.0,674.1365,712.77,1.0
640.0,661.1981,712.77,1.0
640.0,707.0215999999999,712.77,1.0
640.0,662.2763,712.77,1.0
640.0,662.2763,712.77,1.0
640.0,653.1116,712.77,1.0
640.0,668.2063999999999,712.77,1.0
640.0,675.7538,712.77,1.0
640.0,685.4576,712.77,1.0
640.0,641.7905,712.77,1.0
640.0,662.2763,712.77,1.0
640.0,673.0582999999999,712.77,1.0
640.0,675.7538,712.77,1.0
640.0,666.05,712.77,1.0
640.0,674.6755999999999,712.77,1.0
640.0,653.1116,712.77,1.0
640.0,691.3877,712.77,1.0
640.0,682.223,712.77,1.0
640.0,644.486,712.77,1.0
640.0,648.7987999999999,712.77,1.0
640.0,649.3379,712.77,1.0
640.0,676.832,712.77,1.0
640.0,645.0251,712.77,1.0
640.0,660.659,712.77,1.0
640.0,673.5974,712.77,1.0
640.0,664.9717999999999,712.77,1.0
640.0,670.3628,712.77,1.0
640.0,648.7987999999999,712.77,1.0
640.0,675.7538,712.77,1.0
640.0,656.3462,712.77,1.0
640.0,660.659,712.77,1.0
640.0,669.8236999999999,712.77,1.0
640.0,667.6673,712.77,1.0
640.0,666.5890999999999,712.77,1.0
640.0,653.6506999999999,712.77,1.0
640.0,661.1981,712.77,1.0
640.0,666.05,712.77,1.0
640.0,643.9468999999999,712.77,1.0
640.0,658.5025999999999,712.77,1.0
640.0,672.5192,712.77,1.0
640.0,645.5641999999999,712.77,1.0
640.0,684.9185,712.77,1.0
640.0,686.5358,712.77,1.0
640.0,646.1033,712.77,1.0
640.0,688.1531,712.77,1.0
640.0,663.8936,712.77,1.0
640.0,673.0582999999999,712.77,1.0
640.0,657.9635,712.77,1.0
640.0,681.1447999999999,712.77,1.0
640.0,672.5192,712.77,1.0
640.0,653.1116,712.77,1.0
640.0,647.1814999999999,712.77,1.0
640.0,642.3295999999999,712.77,1.0
640.0,669.2846,712.77,1.0
640.0,675.2147,712.77,1.0
640.0,676.832,712.77,1.0
640.0,663.8936,712.77,1.0
640.0,647.1814999999999,712.77,1.0
609.8400000000001,605.9920000000001,635.93,1.4
640.0,576.6320000000001,635.93,1.0
640.0,587.7888,635.93,1.0
640.0,566.6496000000001,635.93,1.0
640.0,591.312,635.93,1.0
640.0,577.2192,635.93,1.0
640.0,603.6432000000001,635.93,1.0
640.0,598.9456,635.93,1.0
640.0,576.6320000000001,635.93,1.0
640.0,583.0912000000001,635.93,1.0
640.0,575.4576000000001,635.93,1.0
640.0,560.1904000000001,635.93,1.0
640.0,570.1728,635.93,1.0
640.0,588.9632,635.93,1.0
640.0,591.312,635.93,1.0
640.0,587.7888,635.93,1.0
640.0,580.1552,635.93,1.0
640.0,601.8816,635.93,1.0
640.0,586.6144,635.93,1.0
640.0,597.7712,635.93,1.0
640.0,554.3184000000001,635.93,1.0
640.0,526.72,635.93,1.0
640.0,590.7248000000001,635.93,1.0
640.0,560.1904000000001,635.93,1.0
640.0,581.9168000000001,635.93,1.0
640.0,580.1552,635.93,1.0
640.0,613.6256000000001,635.93,1.0
640.0,592.4864,635.93,1.0
640.0,588.3760000000001,635.93,1.0
640.0,600.12,635.93,1.0
640.0,591.8992000000001,635.93,1.0
640.0,577.2192,635.93,1.0
640.0,604.2304,635.93,1.0
640.0,566.0624,635.93,1.0
640.0,591.312,635.93,1.0
640.0,558.4288,635.93,1.0
640.0,588.9632,635.93,1.0
640.0,588.9632,635.93,1.0
640.0,614.8000000000001,635.93,1.0
640.0,557.8416000000001,635.93,1.0
640.0,574.8704,635.93,1.0
640.0,600.12,635.93,1.0
640.0,591.312,635.93,1.0
640.0,588.3760000000001,635.93,1.0
640.0,568.4112,635.93,1.0
640.0,574.8704,635.93,1.0
640.0,607.1664000000001,635.93,1.0
640.0,584.2656000000001,635.93,1.0
640.0,591.8992000000001,635.93,1.0
640.0,583.6784,635.93,1.0
640.0,564.888,635.93,1.0
640.0,601.8816,635.93,1.0
640.0,594.248,635.93,1.0
640.0,625.9568,635.93,1.0
640.0,567.8240000000001,635.93,1.0
640.0,600.12,635.93,1.0
640.0,562.5392,635.93,1.0
640.0,588.3760000000001,635.93,1.0
640.0,602.4688000000001,635.93,1.0
640.0,549.0336000000001,635.93,1.0
640.0,581.9168000000001,635.93,1.0
640.0,575.4576000000001,635.93,1.0
640.0,573.1088000000001,635.93,1.0
640.0,592.4864,635.93,1.0
640.0,605.4048,635.93,1.0
640.0,583.0912000000001,635.93,1.0
640.0,588.9632,635.93,1.0
640.0,587.2016000000001,635.93,1.0
640.0,585.44,635.93,1.0
640.0,566.0624,635.93,1.0
640.0,604.8176000000001,635.93,1.0
640.0,590.7248000000001,635.93,1.0
640.0,592.4864,635.93,1.0
640.0,571.3472,635.93,1.0
640.0,577.2192,700.95,1.0
640.0,582.504,700.95,1.0
640.0,558.4288,700.95,1.0
640.0,555.4928000000001,700.95,1.0
640.0,574.8704,700.95,1.0
640.0,594.8352000000001,700.95,1.0
640.0,573.696,700.95,1.0
640.0,567.2368,700.95,1.0
640.0,571.3472,700.95,1.0
640.0,577.2192,700.95,1.0
640.0,578.9808,700.95,1.0
640.0,623.6080000000001,700.95,1.0
640.0,604.2304,700.95,1.0
640.0,603.6432000000001,700.95,1.0
640.0,605.9920000000001,700.95,1.0
640.0,567.8240000000001,700.95,1.0
640.0,563.7136,700.95,1.0
640.0,566.0624,700.95,1.0
640.0,608.9280000000001,700.95,1.0
640.0,576.0448,700.95,1.0
640.0,563.1264000000001,700.95,1.0
640.0,577.8064,700.95,1.0
640.0,581.3296,700.95,1.0
640.0,590.1376,700.95,1.0
640.0,590.1376,700.95,1.0
640.0,570.7600000000001,700.95,1.0
640.0,597.7712,700.95,1.0
640.0,574.2832000000001,700.95,1.0
640.0,582.504,700.95,1.0
640.0,597.7712,700.95,1.0
640.0,574.2832000000001,700.95,1.0
640.0,575.4576000000001,700.95,1.0
640.0,596.0096000000001,700.95,1.0
640.0,570.1728,700.95,1.0
640.0,578.3936000000001,700.95,1.0
640.0,595.4224,700.95,1.0
640.0,621.8464,700.95,1.0
640.0,596.0096000000001,700.95,1.0
640.0,593.6608000000001,700.95,1.0
640.0,594.8352000000001,700.95,1.0
640.0,566.6496000000001,700.95,1.0
640.0,587.2016000000001,700.95,1.0
640.0,584.8528,700.95,1.0
640.0,591.312,700.95,1.0
640.0,587.2016000000001,700.95,1.0
640.0,591.8992000000001,700.95,1.0
640.0,580.1552,700.95,1.0
640.0,586.6144,700.95,1.0
640.0,563.7136,700.95,1.0
640.0,579.5680000000001,700.95,1.0
640.0,610.1024000000001,700.95,1.0
640.0,591.312,700.95,1.0
640.0,584.8528,700.95,1.0
640.0,618.9104000000001,700.95,1.0
640.0,561.3648000000001,700.95,1.0
640.0,566.0624,700.95,1.0
640.0,615.3872,700.95,1.0
640.0,586.0272000000001,700.95,1.0
640.0,581.3296,700.95,1.0
640.0,564.3008000000001,700.95,1.0
640.0,593.0736,700.95,1.0
640.0,594.8352000000001,700.95,1.0
640.0,566.0624,700.95,1.0
640.0,583.0912000000001,700.95,1.0
640.0,579.5680000000001,700.95,1.0
640.0,590.1376,700.95,1.0
640.0,565.4752000000001,700.95,1.0
640.0,607.7536,700.95,1.0
640.0,601.2944000000001,700.95,1.0
640.0,578.9808,700.95,1.0
640.0,581.9168000000001,700.95,1.0
640.0,583.0912000000001,700.95,1.0
640.0,571.9344000000001,700.95,1.0
640.0,577.8064,700.95,1.0
640.0,580.7424000000001,700.95,1.0
640.0,613.6256000000001,721.04,1.0
640.0,601.8816,721.04,1.0
640.0,601.8816,721.04,1.0
640.0,591.8992000000001,721.04,1.0
640.0,565.4752000000001,721.04,1.0
640.0,584.8528,721.04,1.0
640.0,602.4688000000001,721.04,1.0
640.0,563.1264000000001,721.04,1.0
640.0,596.5968,721.04,1.0
640.0,626.5440000000001,721.04,1.0
640.0,604.2304,721.04,1.0
640.0,610.1024000000001,721.04,1.0
640.0,589.5504000000001,721.04,1.0
640.0,602.4688000000001,721.04,1.0
640.0,572.5216,721.04,1.0
640.0,599.5328000000001,721.04,1.0
640.0,597.1840000000001,721.04,1.0
640.0,590.7248000000001,721.04,1.0
640.0,608.3408000000001,721.04,1.0
640.0,576.0448,721.04,1.0
640.0,581.9168000000001,721.04,1.0
640.0,587.2016000000001,721.04,1.0
640.0,567.2368,721.04,1.0
640.0,589.5504000000001,721.04,1.0
640.0,554.9056,721.04,1.0
640.0,603.6432000000001,721.04,1.0
640.0,586.0272000000001,721.04,1.0
640.0,576.0448,721.04,1.0
640.0,570.7600000000001,721.04,1.0
640.0,581.3296,721.04,1.0
640.0,597.7712,721.04,1.0
640.0,594.8352000000001,721.04,1.0
640.0,573.1088000000001,721.04,1.0
640.0,570.7600000000001,721.04,1.0
640.0,597.1840000000001,721.04,1.0
640.0,572.5216,721.04,1.0
640.0,586.6144,721.04,1.0
640.0,587.7888,721.04,1.0
640.0,590.7248000000001,721.04,1.0
640.0,600.7072000000001,721.04,1.0
640.0,563.1264000000001,721.04,1.0
640.0,551.9696,721.04,1.0
640.0,575.4576000000001,721.04,1.0
640.0,617.1488,721.04,1.0
640.0,621.2592000000001,721.04,1.0
640.0,617.7360000000001,721.04,1.0
640.0,581.9168000000001,721.04,1.0
640.0,554.3184000000001,721.04,1.0
640.0,544.336,721.04,1.0
640.0,574.8704,721.04,1.0
640.0,581.9168000000001,721.04,1.0
640.0,608.3408000000001,721.04,1.0
640.0,600.7072000000001,721.04,1.0
640.0,589.5504000000001,721.04,1.0
640.0,569.5856,721.04,1.0
640.0,568.4112,721.04,1.0
640.0,590.1376,721.04,1.0
640.0,597.7712,721.04,1.0
640.0,592.4864,721.04,1.0
640.0,567.2368,721.04,1.0
640.0,597.1840000000001,721.04,1.0
640.0,593.0736,721.04,1.0
640.0,566.6496000000001,721.04,1.0
640.0,571.3472,721.04,1.0
640.0,597.7712,721.04,1.0
640.0,581.3296,721.04,1.0
640.0,613.6256000000001,721.04,1.0
640.0,594.248,721.04,1.0
640.0,576.6320000000001,721.04,1.0
640.0,585.44,721.04,1.0
640.0,586.6144,721.04,1.0
640.0,572.5216,721.04,1.0
640.0,569.5856,721.04,1.0
640.0,597.7712,721.04,1.0
640.0,600.12,721.04,1.0
609.8400000000001,618.313,622.93,1.4
640.0,569.6715999999999,622.93,1.0
640.0,622.3,622.93,1.0
640.0,560.9001999999999,622.93,1.0
640.0,558.5079999999999,622.93,1.0
640.0,540.1677999999999,622.93,1.0
640.0,572.0637999999999,622.93,1.0
640.0,570.4689999999999,622.93,1.0
640.0,595.1884,622.93,1.0
640.0,588.0118,622.93,1.0
640.0,553.7235999999999,622.93,1.0
640.0,572.8611999999999,622.93,1.0
640.0,573.6586,622.93,1.0
640.0,540.1677999999999,622.93,1.0
640.0,559.3054,622.93,1.0
640.0,564.0898,622.93,1.0
640.0,616.7181999999999,622.93,1.0
640.0,587.2144,622.93,1.0
640.0,598.3779999999999,622.93,1.0
640.0,546.5469999999999,622.93,1.0
640.0,611.1364,622.93,1.0
640.0,613.5286,622.93,1.0
640.0,534.586,622.93,1.0
640.0,565.6845999999999,622.93,1.0
640.0,594.391,622.93,1.0
640.0,597.5806,622.93,1.0
640.0,566.482,622.93,1.0
640.0,575.2533999999999,622.93,1.0
640.0,568.0767999999999,622.93,1.0
640.0,584.8222,622.93,1.0
640.0,611.1364,622.93,1.0
640.0,564.0898,622.93,1.0
640.0,606.352,622.93,1.0
640.0,564.0898,622.93,1.0
640.0,562.495,622.93,1.0
640.0,602.3649999999999,622.93,1.0
640.0,604.7571999999999,622.93,1.0
640.0,603.1623999999999,622.93,1.0
640.0,551.3313999999999,622.93,1.0
640.0,571.2664,622.93,1.0
640.0,602.3649999999999,622.93,1.0
640.0,583.2274,622.93,1.0
640.0,556.9132,622.93,1.0
640.0,593.5935999999999,622.93,1.0
640.0,565.6845999999999,622.93,1.0
640.0,625.4896,622.93,1.0
640.0,619.1103999999999,622.93,1.0
640.0,596.7832,622.93,1.0
640.0,615.1234,622.93,1.0
640.0,584.0247999999999,622.93,1.0
640.0,600.7701999999999,622.93,1.0
640.0,617.5156,622.93,1.0
640.0,588.0118,622.93,1.0
640.0,576.0508,622.93,1.0
640.0,541.7625999999999,622.93,1.0
640.0,580.8352,622.93,1.0
640.0,602.3649999999999,622.93,1.0
640.0,604.7571999999999,622.93,1.0
640.0,594.391,622.93,1.0
640.0,569.6715999999999,622.93,1.0
640.0,535.3833999999999,622.93,1.0
640.0,570.4689999999999,622.93,1.0
640.0,575.2533999999999,622.93,1.0
640.0,575.2533999999999,622.93,1.0
640.0,597.5806,622.93,1.0
640.0,630.2739999999999,622.93,1.0
640.0,585.6196,622.93,1.0
640.0,576.8481999999999,622.93,1.0
640.0,576.0508,622.93,1.0
640.0,585.6196,622.93,1.0
640.0,562.495,622.93,1.0
640.0,585.6196,622.93,1.0
640.0,593.5935999999999,622.93,1.0
640.0,587.2144,622.93,1.0
640.0,593.5935999999999,606.38,1.0
640.0,592.7962,606.38,1.0
640.0,540.1677999999999,606.38,1.0
640.0,597.5806,606.38,1.0
640.0,566.482,606.38,1.0
640.0,556.1157999999999,606.38,1.0
640.0,556.1157999999999,606.38,1.0
640.0,592.7962,606.38,1.0
640.0,576.8481999999999,606.38,1.0
640.0,542.56,606.38,1.0
640.0,593.5935999999999,606.38,1.0
640.0,548.1418,606.38,1.0
640.0,585.6196,606.38,1.0
640.0,588.0118,606.38,1.0
640.0,603.9598,606.38,1.0
640.0,624.6922,606.38,1.0
640.0,549.7366,606.38,1.0
640.0,580.8352,606.38,1.0
640.0,576.0508,606.38,1.0
640.0,592.7962,606.38,1.0
640.0,587.2144,606.38,1.0
640.0,573.6586,606.38,1.0
640.0,572.0637999999999,606.38,1.0
640.0,556.1157999999999,606.38,1.0
640.0,606.352,606.38,1.0
640.0,593.5935999999999,606.38,1.0
640.0,604.7571999999999,606.38,1.0
640.0,575.2533999999999,606.38,1.0
640.0,566.482,606.38,1.0
640.0,556.9132,606.38,1.0
640.0,591.2013999999999,606.38,1.0
640.0,557.7106,606.38,1.0
640.0,626.2869999999999,606.38,1.0
640.0,551.3313999999999,606.38,1.0
640.0,588.8091999999999,606.38,1.0
640.0,619.9078,606.38,1.0
640.0,596.7832,606.38,1.0
640.0,586.4169999999999,606.38,1.0
640.0,559.3054,606.38,1.0
640.0,549.7366,606.38,1.0
640.0,600.7701999999999,606.38,1.0
640.0,618.313,606.38,1.0
640.0,572.0637999999999,606.38,1.0
640.0,555.3184,606.38,1.0
640.0,523.4223999999999,606.38,1.0
640.0,559.3054,606.38,1.0
640.0,580.0378,606.38,1.0
640.0,620.7052,606.38,1.0
640.0,598.3779999999999,606.38,1.0
640.0,589.6066,606.38,1.0
640.0,572.8611999999999,606.38,1.0
640.0,568.8742,606.38,1.0
640.0,615.9208,606.38,1.0
640.0,587.2144,606.38,1.0
640.0,532.1938,606.38,1.0
640.0,566.482,606.38,1.0
640.0,561.6976,606.38,1.0
640.0,569.6715999999999,606.38,1.0
640.0,595.9857999999999,606.38,1.0
640.0,580.0378,606.38,1.0
640.0,580.8352,606.38,1.0
640.0,613.5286,606.38,1.0
640.0,565.6845999999999,606.38,1.0
640.0,627.0844,606.38,1.0
640.0,566.482,606.38,1.0
640.0,584.8222,606.38,1.0
640.0,576.0508,606.38,1.0
640.0,585.6196,606.38,1.0
640.0,592.7962,606.38,1.0
640.0,592.7962,606.38,1.0
640.0,564.0898,606.38,1.0
640.0,555.3184,606.38,1.0
640.0,642.2349999999999,606.38,1.0
640.0,570.4689999999999,606.38,1.0
640.0,599.1754,606.38,1.0
640.0,544.1547999999999,672.58,1.0
640.0,576.0508,672.58,1.0
640.0,579.2403999999999,672.58,1.0
640.0,593.5935999999999,672.58,1.0
640.0,517.0432,672.58,1.0
640.0,586.4169999999999,672.58,1.0
640.0,555.3184,672.58,1.0
640.0,590.404,672.58,1.0
640.0,557.7106,672.58,1.0
640.0,561.6976,672.58,1.0
640.0,576.0508,672.58,1.0
640.0,556.9132,672.58,1.0
640.0,571.2664,672.58,1.0
640.0,553.7235999999999,672.58,1.0
640.0,538.573,672.58,1.0
640.0,607.1493999999999,672.58,1.0
640.0,551.3313999999999,672.58,1.0
640.0,578.443,672.58,1.0
640.0,600.7701999999999,672.58,1.0
640.0,568.0767999999999,672.58,1.0
640.0,562.495,672.58,1.0
640.0,588.0118,672.58,1.0
640.0,609.5415999999999,672.58,1.0
640.0,554.521,672.58,1.0
640.0,578.443,672.58,1.0
640.0,540.9652,672.58,1.0
640.0,572.8611999999999,672.58,1.0
640.0,583.2274,672.58,1.0
640.0,561.6976,672.58,1.0
640.0,571.2664,672.58,1.0
640.0,548.9391999999999,672.58,1.0
640.0,584.0247999999999,672.58,1.0
640.0,607.9467999999999,672.58,1.0
640.0,556.1157999999999,672.58,1.0
640.0,567.2793999999999,672.58,1.0
640.0,594.391,672.58,1.0
640.0,611.1364,672.58,1.0
640.0,546.5469999999999,672.58,1.0
640.0,578.443,672.58,1.0
640.0,588.8091999999999,672.58,1.0
640.0,580.0378,672.58,1.0
640.0,523.4223999999999,672.58,1.0
640.0,594.391,672.58,1.0
640.0,619.1103999999999,672.58,1.0
640.0,584.8222,672.58,1.0
640.0,557.7106,672.58,1.0
640.0,570.4689999999999,672.58,1.0
640.0,624.6922,672.58,1.0
640.0,603.9598,672.58,1.0
640.0,597.5806,672.58,1.0
640.0,591.2013999999999,672.58,1.0
640.0,566.482,672.58,1.0
640.0,577.6456,672.58,1.0
640.0,580.8352,672.58,1.0
640.0,595.1884,672.58,1.0
640.0,618.313,672.58,1.0
640.0,609.5415999999999,672.58,1.0
640.0,548.1418,672.58,1.0
640.0,588.0118,672.58,1.0
640.0,599.9728,672.58,1.0
640.0,597.5806,672.58,1.0
640.0,567.2793999999999,672.58,1.0
640.0,651.8037999999999,672.58,1.0
640.0,552.1288,672.58,1.0
640.0,556.9132,672.58,1.0
640.0,588.0118,672.58,1.0
640.0,633.4635999999999,672.58,1.0
640.0,562.495,672.58,1.0
640.0,576.0508,672.58,1.0
640.0,607.9467999999999,672.58,1.0
640.0,581.6325999999999,672.58,1.0
640.0,574.4559999999999,672.58,1.0
640.0,595.9857999999999,672.58,1.0
640.0,588.8091999999999,672.58,1.0
640.0,607.1493999999999,672.58,1.0
609.8400000000001,606.5879,682.03,1.4
640.0,606.5879,682.03,1.0
640.0,605.5586,682.03,1.0
640.0,608.6465,682.03,1.0
640.0,604.1862,682.03,1.0
640.0,603.5,682.03,1.0
640.0,615.8516,682.03,1.0
640.0,618.9395,682.03,1.0
640.0,588.0605,682.03,1.0
640.0,603.5,682.03,1.0
640.0,596.2949,682.03,1.0
640.0,600.4121,682.03,1.0
640.0,607.6172,682.03,1.0
640.0,610.362,682.03,1.0
640.0,602.4707,682.03,1.0
640.0,583.9433,682.03,1.0
640.0,593.5501,682.03,1.0
640.0,612.7637,682.03,1.0
640.0,575.3658,682.03,1.0
640.0,615.8516,682.03,1.0
640.0,608.9896,682.03,1.0
640.0,616.8809,682.03,1.0
640.0,601.4414,682.03,1.0
640.0,582.2278,682.03,1.0
640.0,607.9603,682.03,1.0
640.0,616.5378,682.03,1.0
640.0,613.1068,682.03,1.0
640.0,596.638,682.03,1.0
640.0,604.5293,682.03,1.0
640.0,598.0104,682.03,1.0
640.0,594.9225,682.03,1.0
640.0,613.4499,682.03,1.0
640.0,591.1484,682.03,1.0
640.0,594.2363,682.03,1.0
640.0,592.1777,682.03,1.0
640.0,588.0605,682.03,1.0
640.0,604.8724,682.03,1.0
640.0,615.5085,682.03,1.0
640.0,601.4414,682.03,1.0
640.0,588.0605,682.03,1.0
640.0,612.0775,682.03,1.0
640.0,620.9981,682.03,1.0
640.0,596.9811,682.03,1.0
640.0,598.6966,682.03,1.0
640.0,608.6465,682.03,1.0
640.0,620.3119,682.03,1.0
640.0,598.0104,682.03,1.0
640.0,589.776,682.03,1.0
640.0,610.0189,682.03,1.0
640.0,611.7344,682.03,1.0
640.0,603.5,682.03,1.0
640.0,597.6673,682.03,1.0
640.0,613.793,682.03,1.0
640.0,608.9896,682.03,1.0
640.0,595.6087,682.03,1.0
640.0,603.8431,682.03,1.0
640.0,589.4329,682.03,1.0
640.0,610.7051,682.03,1.0
640.0,600.7552,682.03,1.0
640.0,599.0397,682.03,1.0
640.0,603.1569,682.03,1.0
640.0,603.8431,682.03,1.0
640.0,612.7637,682.03,1.0
640.0,609.6758,682.03,1.0
640.0,601.7845,682.03,1.0
640.0,611.3913,682.03,1.0
640.0,607.6172,682.03,1.0
640.0,599.0397,682.03,1.0
640.0,602.1276,682.03,1.0
640.0,602.1276,682.03,1.0
640.0,608.6465,682.03,1.0
640.0,599.7259,682.03,1.0
640.0,599.3828,682.03,1.0
640.0,623.7429,682.03,1.0
640.0,613.1068,676.12,1.0
640.0,595.6087,676.12,1.0
640.0,609.3327,676.12,1.0
640.0,604.8724,676.12,1.0
640.0,607.6172,676.12,1.0
640.0,604.8724,676.12,1.0
640.0,615.8516,676.12,1.0
640.0,606.931,676.12,1.0
640.0,602.8138,676.12,1.0
640.0,614.1361,676.12,1.0
640.0,605.9017,676.12,1.0
640.0,604.8724,676.12,1.0
640.0,606.5879,676.12,1.0
640.0,602.4707,676.12,1.0
640.0,603.5,676.12,1.0
640.0,597.3242,676.12,1.0
640.0,595.6087,676.12,1.0
640.0,593.207,676.12,1.0
640.0,589.0898,676.12,1.0
640.0,594.5794,676.12,1.0
640.0,601.7845,676.12,1.0
640.0,604.5293,676.12,1.0
640.0,600.7552,676.12,1.0
640.0,579.1399,676.12,1.0
640.0,619.6257,676.12,1.0
640.0,614.8223,676.12,1.0
640.0,607.9603,676.12,1.0
640.0,623.0567,676.12,1.0
640.0,593.5501,676.12,1.0
640.0,623.0567,676.12,1.0
640.0,593.5501,676.12,1.0
640.0,605.9017,676.12,1.0
640.0,590.4622,676.12,1.0
640.0,603.5,676.12,1.0
640.0,607.6172,676.12,1.0
640.0,601.7845,676.12,1.0
640.0,610.7051,676.12,1.0
640.0,604.5293,676.12,1.0
640.0,598.0104,676.12,1.0
640.0,597.6673,676.12,1.0
640.0,611.7344,676.12,1.0
640.0,596.638,676.12,1.0
640.0,612.7637,676.12,1.0
640.0,616.1947,676.12,1.0
640.0,586.345,676.12,1.0
640.0,615.1654,676.12,1.0
640.0,624.7722,676.12,1.0
640.0,606.2448,676.12,1.0
640.0,609.6758,676.12,1.0
640.0,614.1361,676.12,1.0
640.0,600.7552,676.12,1.0
640.0,605.2155,676.12,1.0
640.0,590.1191,676.12,1.0
640.0,604.8724,676.12,1.0
640.0,608.6465,676.12,1.0
640.0,608.6465,676.12,1.0
640.0,614.4792,676.12,1.0
640.0,595.6087,676.12,1.0
640.0,598.0104,676.12,1.0
640.0,623.0567,676.12,1.0
640.0,601.7845,676.12,1.0
640.0,605.5586,676.12,1.0
640.0,602.8138,676.12,1.0
640.0,594.9225,676.12,1.0
640.0,620.3119,676.12,1.0
640.0,598.0104,676.12,1.0
640.0,591.8346,676.12,1.0
640.0,598.6966,676.12,1.0
640.0,582.914,676.12,1.0
640.0,596.638,676.12,1.0
640.0,593.5501,676.12,1.0
640.0,610.0189,676.12,1.0
640.0,596.638,676.12,1.0
640.0,612.7637,676.12,1.0
640.0,617.9102,676.12,1.0
640.0,611.3913,643.03,1.0
640.0,601.4414,643.03,1.0
640.0,604.8724,643.03,1.0
640.0,587.7174,643.03,1.0
640.0,602.1276,643.03,1.0
640.0,594.5794,643.03,1.0
640.0,610.7051,643.03,1.0
640.0,629.9187,643.03,1.0
640.0,608.6465,643.03,1.0
640.0,582.914,643.03,1.0
640.0,599.7259,643.03,1.0
640.0,604.8724,643.03,1.0
640.0,604.5293,643.03,1.0
640.0,595.9518,643.03,1.0
640.0,605.9017,643.03,1.0
640.0,590.8053,643.03,1.0
640.0,593.8932,643.03,1.0
640.0,610.0189,643.03,1.0
640.0,593.207,643.03,1.0
640.0,608.9896,643.03,1.0
640.0,589.4329,643.03,1.0
640.0,621.6843,643.03,1.0
640.0,595.6087,643.03,1.0
640.0,601.0983,643.03,1.0
640.0,606.931,643.03,1.0
640.0,597.6673,643.03,1.0
640.0,604.8724,643.03,1.0
640.0,609.3327,643.03,1.0
640.0,613.4499,643.03,1.0
640.0,611.7344,643.03,1.0
640.0,601.7845,643.03,1.0
640.0,602.1276,643.03,1.0
640.0,627.517,643.03,1.0
640.0,613.1068,643.03,1.0
640.0,593.8932,643.03,1.0
640.0,604.5293,643.03,1.0
640.0,600.069,643.03,1.0
640.0,602.1276,643.03,1.0
640.0,590.8053,643.03,1.0
640.0,599.3828,643.03,1.0
640.0,622.0274000000001,643.03,1.0
640.0,609.3327,643.03,1.0
640.0,577.7675,643.03,1.0
640.0,616.1947,643.03,1.0
640.0,614.8223,643.03,1.0
640.0,599.7259,643.03,1.0
640.0,611.0482,643.03,1.0
640.0,594.5794,643.03,1.0
640.0,598.6966,643.03,1.0
640.0,618.9395,643.03,1.0
640.0,600.7552,643.03,1.0
640.0,584.2864,643.03,1.0
640.0,602.8138,643.03,1.0
640.0,602.8138,643.03,1.0
640.0,615.8516,643.03,1.0
640.0,603.5,643.03,1.0
640.0,599.0397,643.03,1.0
640.0,614.1361,643.03,1.0
640.0,604.8724,643.03,1.0
640.0,595.6087,643.03,1.0
640.0,615.5085,643.03,1.0
640.0,605.5586,643.03,1.0
640.0,603.5,643.03,1.0
640.0,605.2155,643.03,1.0
640.0,592.5208,643.03,1.0
640.0,598.0104,643.03,1.0
640.0,603.5,643.03,1.0
640.0,601.4414,643.03,1.0
640.0,616.5378,643.03,1.0
640.0,605.9017,643.03,1.0
640.0,612.4206,643.03,1.0
640.0,603.5,643.03,1.0
640.0,614.4792,643.03,1.0
640.0,607.6172,643.03,1.0
640.0,603.5,643.03,1.0
609.8400000000001,547.989,718.68,1.4
640.0,565.985,718.68,1.0
640.0,559.441,718.68,1.0
640.0,553.715,718.68,1.0
640.0,573.347,718.68,1.0
640.0,544.308,718.68,1.0
640.0,554.533,718.68,1.0
640.0,572.529,718.68,1.0
640.0,563.5310000000001,718.68,1.0
640.0,559.441,718.68,1.0
640.0,563.1220000000001,718.68,1.0
640.0,561.895,718.68,1.0
640.0,541.445,718.68,1.0
640.0,555.76,718.68,1.0
640.0,579.482,718.68,1.0
640.0,551.6700000000001,718.68,1.0
640.0,555.76,718.68,1.0
640.0,553.306,718.68,1.0
640.0,558.623,718.68,1.0
640.0,552.897,718.68,1.0
640.0,565.985,718.68,1.0
640.0,562.304,718.68,1.0
640.0,569.2570000000001,718.68,1.0
640.0,546.7620000000001,718.68,1.0
640.0,555.76,718.68,1.0
640.0,556.987,718.68,1.0
640.0,565.576,718.68,1.0
640.0,550.034,718.68,1.0
640.0,570.893,718.68,1.0
640.0,574.5740000000001,718.68,1.0
640.0,547.58,718.68,1.0
640.0,553.715,718.68,1.0
640.0,553.306,718.68,1.0
640.0,592.1610000000001,718.68,1.0
640.0,554.533,718.68,1.0
640.0,580.3000000000001,718.68,1.0
640.0,544.308,718.68,1.0
640.0,547.58,718.68,1.0
640.0,551.261,718.68,1.0
640.0,549.625,718.68,1.0
640.0,556.578,718.68,1.0
640.0,551.261,718.68,1.0
640.0,549.625,718.68,1.0
640.0,574.165,718.68,1.0
640.0,574.9830000000001,718.68,1.0
640.0,571.302,718.68,1.0
640.0,566.394,718.68,1.0
640.0,561.077,718.68,1.0
640.0,553.715,718.68,1.0
640.0,547.989,718.68,1.0
640.0,564.349,718.68,1.0
640.0,545.5350000000001,718.68,1.0
640.0,547.58,718.68,1.0
640.0,574.165,718.68,1.0
640.0,583.163,718.68,1.0
640.0,564.758,718.68,1.0
640.0,573.347,718.68,1.0
640.0,556.987,718.68,1.0
640.0,543.49,718.68,1.0
640.0,567.212,718.68,1.0
640.0,566.803,718.68,1.0
640.0,560.668,718.68,1.0
640.0,556.987,718.68,1.0
640.0,571.711,718.68,1.0
640.0,547.58,718.68,1.0
640.0,550.443,718.68,1.0
640.0,547.58,718.68,1.0
640.0,561.077,718.68,1.0
640.0,546.3530000000001,718.68,1.0
640.0,551.261,718.68,1.0
640.0,551.261,718.68,1.0
640.0,556.578,718.68,1.0
640.0,541.445,718.68,1.0
640.0,561.077,718.68,1.0
640.0,574.9830000000001,723.4,1.0
640.0,561.486,723.4,1.0
640.0,578.664,723.4,1.0
640.0,576.21,723.4,1.0
640.0,569.2570000000001,723.4,1.0
640.0,560.668,723.4,1.0
640.0,560.259,723.4,1.0
640.0,569.2570000000001,723.4,1.0
640.0,554.942,723.4,1.0
640.0,536.946,723.4,1.0
640.0,565.985,723.4,1.0
640.0,545.9440000000001,723.4,1.0
640.0,547.989,723.4,1.0
640.0,559.85,723.4,1.0
640.0,558.623,723.4,1.0
640.0,542.672,723.4,1.0
640.0,561.895,723.4,1.0
640.0,571.711,723.4,1.0
640.0,545.9440000000001,723.4,1.0
640.0,575.392,723.4,1.0
640.0,540.6270000000001,723.4,1.0
640.0,586.0260000000001,723.4,1.0
640.0,554.942,723.4,1.0
640.0,561.486,723.4,1.0
640.0,536.537,723.4,1.0
640.0,559.032,723.4,1.0
640.0,562.7130000000001,723.4,1.0
640.0,558.623,723.4,1.0
640.0,552.897,723.4,1.0
640.0,548.398,723.4,1.0
640.0,573.756,723.4,1.0
640.0,560.259,723.4,1.0
640.0,578.664,723.4,1.0
640.0,553.306,723.4,1.0
640.0,554.533,723.4,1.0
640.0,569.666,723.4,1.0
640.0,539.809,723.4,1.0
640.0,545.126,723.4,1.0
640.0,573.347,723.4,1.0
640.0,545.5350000000001,723.4,1.0
640.0,537.355,723.4,1.0
640.0,582.754,723.4,1.0
640.0,542.672,723.4,1.0
640.0,562.304,723.4,1.0
640.0,560.668,723.4,1.0
640.0,525.494,723.4,1.0
640.0,556.578,723.4,1.0
640.0,565.167,723.4,1.0
640.0,564.349,723.4,1.0
640.0,570.893,723.4,1.0
640.0,554.942,723.4,1.0
640.0,568.4390000000001,723.4,1.0
640.0,551.261,723.4,1.0
640.0,542.672,723.4,1.0
640.0,543.899,723.4,1.0
640.0,541.854,723.4,1.0
640.0,572.12,723.4,1.0
640.0,541.445,723.4,1.0
640.0,563.1220000000001,723.4,1.0
640.0,556.578,723.4,1.0
640.0,558.623,723.4,1.0
640.0,576.619,723.4,1.0
640.0,554.533,723.4,1.0
640.0,567.212,723.4,1.0
640.0,560.259,723.4,1.0
640.0,557.8050000000001,723.4,1.0
640.0,588.071,723.4,1.0
640.0,542.263,723.4,1.0
640.0,575.801,723.4,1.0
640.0,568.03,723.4,1.0
640.0,554.124,723.4,1.0
640.0,579.8910000000001,723.4,1.0
640.0,537.355,723.4,1.0
640.0,553.306,723.4,1.0
640.0,545.126,723.4,1.0
640.0,564.758,549.65,1.0
640.0,546.3530000000001,549.65,1.0
640.0,565.167,549.65,1.0
640.0,557.3960000000001,549.65,1.0
640.0,554.124,549.65,1.0
640.0,564.758,549.65,1.0
640.0,556.578,549.65,1.0
640.0,546.3530000000001,549.65,1.0
640.0,594.206,549.65,1.0
640.0,553.715,549.65,1.0
640.0,532.447,549.65,1.0
640.0,549.625,549.65,1.0
640.0,544.308,549.65,1.0
640.0,570.075,549.65,1.0
640.0,563.94,549.65,1.0
640.0,564.758,549.65,1.0
640.0,555.351,549.65,1.0
640.0,556.578,549.65,1.0
640.0,555.351,549.65,1.0
640.0,559.032,549.65,1.0
640.0,570.075,549.65,1.0
640.0,563.94,549.65,1.0
640.0,565.985,549.65,1.0
640.0,565.985,549.65,1.0
640.0,570.893,549.65,1.0
640.0,563.5310000000001,549.65,1.0
640.0,564.349,549.65,1.0
640.0,574.5740000000001,549.65,1.0
640.0,551.6700000000001,549.65,1.0
640.0,549.216,549.65,1.0
640.0,545.126,549.65,1.0
640.0,561.895,549.65,1.0
640.0,536.946,549.65,1.0
640.0,565.576,549.65,1.0
640.0,558.623,549.65,1.0
640.0,573.756,549.65,1.0
640.0,551.6700000000001,549.65,1.0
640.0,557.3960000000001,549.65,1.0
640.0,573.756,549.65,1.0
640.0,576.619,549.65,1.0
640.0,551.6700000000001,549.65,1.0
640.0,561.895,549.65,1.0
640.0,563.5310000000001,549.65,1.0
640.0,564.349,549.65,1.0
640.0,556.578,549.65,1.0
640.0,575.392,549.65,1.0
640.0,536.537,549.65,1.0
640.0,554.533,549.65,1.0
640.0,565.167,549.65,1.0
640.0,565.576,549.65,1.0
640.0,576.619,549.65,1.0
640.0,574.5740000000001,549.65,1.0
640.0,556.169,549.65,1.0
640.0,575.801,549.65,1.0
640.0,551.261,549.65,1.0
640.0,571.302,549.65,1.0
640.0,581.936,549.65,1.0
640.0,574.5740000000001,549.65,1.0
640.0,561.077,549.65,1.0
640.0,555.76,549.65,1.0
640.0,541.0360000000001,549.65,1.0
640.0,563.5310000000001,549.65,1.0
640.0,546.3530000000001,549.65,1.0
640.0,550.034,549.65,1.0
640.0,545.126,549.65,1.0
640.0,554.124,549.65,1.0
640.0,559.441,549.65,1.0
640.0,563.1220000000001,549.65,1.0
640.0,552.488,549.65,1.0
640.0,572.938,549.65,1.0
640.0,557.3960000000001,549.65,1.0
640.0,550.034,549.65,1.0
640.0,562.7130000000001,549.65,1.0
640.0,583.981,549.65,1.0
640.0,563.94,549.65,1.0
609.8400000000001,539.4008,576.83,1.4
640.0,551.4986,576.83,1.0
640.0,555.8413999999999,576.83,1.0
640.0,549.9476,576.83,1.0
640.0,538.16,576.83,1.0
640.0,545.6048,576.83,1.0
640.0,567.3188,576.83,1.0
640.0,567.0086,576.83,1.0
640.0,545.2946,576.83,1.0
640.0,559.8739999999999,576.83,1.0
640.0,542.813,576.83,1.0
640.0,566.6984,576.83,1.0
640.0,555.8413999999999,576.83,1.0
640.0,562.3556,576.83,1.0
640.0,537.8498,576.83,1.0
640.0,559.8739999999999,576.83,1.0
640.0,553.67,576.83,1.0
640.0,561.7352,576.83,1.0
640.0,562.0454,576.83,1.0
640.0,554.2904,576.83,1.0
640.0,548.0863999999999,576.83,1.0
640.0,560.8045999999999,576.83,1.0
640.0,553.0495999999999,576.83,1.0
640.0,545.6048,576.83,1.0
640.0,544.9843999999999,576.83,1.0
640.0,540.0211999999999,576.83,1.0
640.0,549.0169999999999,576.83,1.0
640.0,563.9065999999999,576.83,1.0
640.0,555.221,576.83,1.0
640.0,548.7067999999999,576.83,1.0
640.0,561.1148,576.83,1.0
640.0,545.915,576.83,1.0
640.0,554.6006,576.83,1.0
640.0,552.1189999999999,576.83,1.0
640.0,560.8045999999999,576.83,1.0
640.0,539.0906,576.83,1.0
640.0,545.6048,576.83,1.0
640.0,538.4702,576.83,1.0
640.0,551.1884,576.83,1.0
640.0,564.8371999999999,576.83,1.0
640.0,549.0169999999999,576.83,1.0
640.0,549.0169999999999,576.83,1.0
640.0,561.7352,576.83,1.0
640.0,563.5963999999999,576.83,1.0
640.0,552.7393999999999,576.83,1.0
640.0,560.1841999999999,576.83,1.0
640.0,543.7436,576.83,1.0
640.0,566.3882,576.83,1.0
640.0,573.5228,576.83,1.0
640.0,558.6332,576.83,1.0
640.0,534.1274,576.83,1.0
640.0,548.3965999999999,576.83,1.0
640.0,559.2536,576.83,1.0
640.0,549.6374,576.83,1.0
640.0,565.4576,576.83,1.0
640.0,559.2536,576.83,1.0
640.0,547.1558,576.83,1.0
640.0,553.9802,576.83,1.0
640.0,545.2946,576.83,1.0
640.0,552.1189999999999,576.83,1.0
640.0,548.3965999999999,576.83,1.0
640.0,564.5269999999999,576.83,1.0
640.0,573.2126,576.83,1.0
640.0,540.3313999999999,576.83,1.0
640.0,535.6784,576.83,1.0
640.0,551.4986,576.83,1.0
640.0,539.4008,576.83,1.0
640.0,553.9802,576.83,1.0
640.0,560.4943999999999,576.83,1.0
640.0,567.6289999999999,576.83,1.0
640.0,555.5312,576.83,1.0
640.0,551.8087999999999,576.83,1.0
640.0,535.3682,576.83,1.0
640.0,553.9802,576.83,1.0
640.0,554.2904,533.1,1.0
640.0,559.5638,533.1,1.0
640.0,547.1558,533.1,1.0
640.0,549.6374,533.1,1.0
640.0,540.0211999999999,533.1,1.0
640.0,532.2661999999999,533.1,1.0
640.0,543.4334,533.1,1.0
640.0,539.0906,533.1,1.0
640.0,556.7719999999999,533.1,1.0
640.0,548.7067999999999,533.1,1.0
640.0,548.7067999999999,533.1,1.0
640.0,544.3639999999999,533.1,1.0
640.0,523.5806,533.1,1.0
640.0,567.6289999999999,533.1,1.0
640.0,544.3639999999999,533.1,1.0
640.0,549.9476,533.1,1.0
640.0,540.0211999999999,533.1,1.0
640.0,562.6658,533.1,1.0
640.0,554.9108,533.1,1.0
640.0,545.915,533.1,1.0
640.0,549.9476,533.1,1.0
640.0,569.18,533.1,1.0
640.0,553.0495999999999,533.1,1.0
640.0,552.1189999999999,533.1,1.0
640.0,544.9843999999999,533.1,1.0
640.0,535.9885999999999,533.1,1.0
640.0,552.1189999999999,533.1,1.0
640.0,556.7719999999999,533.1,1.0
640.0,563.9065999999999,533.1,1.0
640.0,532.8865999999999,533.1,1.0
640.0,543.1232,533.1,1.0
640.0,548.3965999999999,533.1,1.0
640.0,553.67,533.1,1.0
640.0,552.4291999999999,533.1,1.0
640.0,552.4291999999999,533.1,1.0
640.0,557.3924,533.1,1.0
640.0,545.2946,533.1,1.0
640.0,562.3556,533.1,1.0
640.0,557.7026,533.1,1.0
640.0,550.568,533.1,1.0
640.0,568.5595999999999,533.1,1.0
640.0,568.2493999999999,533.1,1.0
640.0,562.3556,533.1,1.0
640.0,525.4418,533.1,1.0
640.0,568.2493999999999,533.1,1.0
640.0,561.1148,533.1,1.0
640.0,572.2819999999999,533.1,1.0
640.0,565.1474,533.1,1.0
640.0,568.2493999999999,533.1,1.0
640.0,561.7352,533.1,1.0
640.0,566.078,533.1,1.0
640.0,572.2819999999999,533.1,1.0
640.0,555.5312,533.1,1.0
640.0,539.0906,533.1,1.0
640.0,550.8782,533.1,1.0
640.0,557.3924,533.1,1.0
640.0,554.2904,533.1,1.0
640.0,542.1926,533.1,1.0
640.0,538.4702,533.1,1.0
640.0,546.8456,533.1,1.0
640.0,561.1148,533.1,1.0
640.0,568.2493999999999,533.1,1.0
640.0,562.0454,533.1,1.0
640.0,563.5963999999999,533.1,1.0
640.0,553.0495999999999,533.1,1.0
640.0,537.5396,533.1,1.0
640.0,549.3272,533.1,1.0
640.0,551.1884,533.1,1.0
640.0,549.0169999999999,533.1,1.0
640.0,554.2904,533.1,1.0
640.0,557.7026,533.1,1.0
640.0,561.7352,533.1,1.0
640.0,551.1884,533.1,1.0
640.0,535.9885999999999,533.1,1.0
640.0,549.3272,533.1,1.0
640.0,553.9802,594.56,1.0
640.0,565.1474,594.56,1.0
640.0,548.3965999999999,594.56,1.0
640.0,558.323,594.56,1.0
640.0,556.4617999999999,594.56,1.0
640.0,553.9802,594.56,1.0
640.0,562.3556,594.56,1.0
640.0,547.466,594.56,1.0
640.0,548.3965999999999,594.56,1.0
640.0,553.67,594.56,1.0
640.0,547.7761999999999,594.56,1.0
640.0,558.323,594.56,1.0
640.0,547.1558,594.56,1.0
640.0,555.8413999999999,594.56,1.0
640.0,552.7393999999999,594.56,1.0
640.0,555.5312,594.56,1.0
640.0,549.3272,594.56,1.0
640.0,550.568,594.56,1.0
640.0,554.6006,594.56,1.0
640.0,555.5312,594.56,1.0
640.0,553.67,594.56,1.0
640.0,569.4902,594.56,1.0
640.0,544.3639999999999,594.56,1.0
640.0,553.0495999999999,594.56,1.0
640.0,539.0906,594.56,1.0
640.0,557.0822,594.56,1.0
640.0,543.4334,594.56,1.0
640.0,551.1884,594.56,1.0
640.0,550.2578,594.56,1.0
640.0,556.1515999999999,594.56,1.0
640.0,548.3965999999999,594.56,1.0
640.0,548.0863999999999,594.56,1.0
640.0,567.0086,594.56,1.0
640.0,556.4617999999999,594.56,1.0
640.0,548.3965999999999,594.56,1.0
640.0,551.1884,594.56,1.0
640.0,568.8697999999999,594.56,1.0
640.0,551.4986,594.56,1.0
640.0,547.1558,594.56,1.0
640.0,547.1558,594.56,1.0
640.0,548.7067999999999,594.56,1.0
640.0,548.0863999999999,594.56,1.0
640.0,541.8824,594.56,1.0
640.0,543.1232,594.56,1.0
640.0,545.915,594.56,1.0
640.0,559.2536,594.56,1.0
640.0,550.2578,594.56,1.0
640.0,551.8087999999999,594.56,1.0
640.0,565.4576,594.56,1.0
640.0,565.7678,594.56,1.0
640.0,551.1884,594.56,1.0
640.0,547.7761999999999,594.56,1.0
640.0,545.6048,594.56,1.0
640.0,560.1841999999999,594.56,1.0
640.0,551.8087999999999,594.56,1.0
640.0,549.9476,594.56,1.0
640.0,546.2252,594.56,1.0
640.0,546.5354,594.56,1.0
640.0,556.7719999999999,594.56,1.0
640.0,541.5722,594.56,1.0
640.0,562.976,594.56,1.0
640.0,548.7067999999999,594.56,1.0
640.0,552.4291999999999,594.56,1.0
640.0,541.262,594.56,1.0
640.0,553.67,594.56,1.0
640.0,550.568,594.56,1.0
640.0,553.0495999999999,594.56,1.0
640.0,567.3188,594.56,1.0
640.0,555.221,594.56,1.0
640.0,546.2252,594.56,1.0
640.0,547.1558,594.56,1.0
640.0,559.2536,594.56,1.0
640.0,565.7678,594.56,1.0
640.0,556.1515999999999,594.56,1.0
640.0,560.1841999999999,594.56,1.0
609.8400000000001,589.5232,690.31,1.4
640.0,553.9308,690.31,1.0
640.0,581.418,690.31,1.0
640.0,584.942,690.31,1.0
640.0,560.274,690.31,1.0
640.0,564.8552,690.31,1.0
640.0,565.2076,690.31,1.0
640.0,566.6172,690.31,1.0
640.0,569.4364,690.31,1.0
640.0,576.8368,690.31,1.0
640.0,583.5324,690.31,1.0
640.0,585.6468,690.31,1.0
640.0,565.5600000000001,690.31,1.0
640.0,565.5600000000001,690.31,1.0
640.0,588.1136,690.31,1.0
640.0,581.0656,690.31,1.0
640.0,575.0748,690.31,1.0
640.0,579.3036,690.31,1.0
640.0,574.0176,690.31,1.0
640.0,580.0084,690.31,1.0
640.0,570.846,690.31,1.0
640.0,577.1892,690.31,1.0
640.0,558.5120000000001,690.31,1.0
640.0,566.9696,690.31,1.0
640.0,567.322,690.31,1.0
640.0,570.4936,690.31,1.0
640.0,564.5028,690.31,1.0
640.0,568.7316,690.31,1.0
640.0,558.5120000000001,690.31,1.0
640.0,580.0084,690.31,1.0
640.0,573.6652,690.31,1.0
640.0,556.3976,690.31,1.0
640.0,565.5600000000001,690.31,1.0
640.0,577.894,690.31,1.0
640.0,568.7316,690.31,1.0
640.0,566.9696,690.31,1.0
640.0,573.6652,690.31,1.0
640.0,577.894,690.31,1.0
640.0,559.2168,690.31,1.0
640.0,580.3608,690.31,1.0
640.0,565.9124,690.31,1.0
640.0,574.0176,690.31,1.0
640.0,574.0176,690.31,1.0
640.0,568.7316,690.31,1.0
640.0,563.4456,690.31,1.0
640.0,571.1984,690.31,1.0
640.0,591.6376,690.31,1.0
640.0,559.9216,690.31,1.0
640.0,592.3424,690.31,1.0
640.0,571.5508,690.31,1.0
640.0,574.7224,690.31,1.0
640.0,562.7408,690.31,1.0
640.0,566.2648,690.31,1.0
640.0,569.0840000000001,690.31,1.0
640.0,563.4456,690.31,1.0
640.0,572.2556,690.31,1.0
640.0,570.1412,690.31,1.0
640.0,594.1044,690.31,1.0
640.0,562.0360000000001,690.31,1.0
640.0,575.4272,690.31,1.0
640.0,576.8368,690.31,1.0
640.0,563.0932,690.31,1.0
640.0,581.7704,690.31,1.0
640.0,570.1412,690.31,1.0
640.0,547.94,690.31,1.0
640.0,581.418,690.31,1.0
640.0,562.3884,690.31,1.0
640.0,563.4456,690.31,1.0
640.0,581.7704,690.31,1.0
640.0,570.846,690.31,1.0
640.0,584.2372,690.31,1.0
640.0,587.0564,690.31,1.0
640.0,567.6744,690.31,1.0
640.0,582.8276,690.31,1.0
640.0,566.2648,700.95,1.0
640.0,597.9808,700.95,1.0
640.0,566.9696,700.95,1.0
640.0,585.2944,700.95,1.0
640.0,583.18,700.95,1.0
640.0,577.5416,700.95,1.0
640.0,567.322,700.95,1.0
640.0,572.6080000000001,700.95,1.0
640.0,551.464,700.95,1.0
640.0,576.8368,700.95,1.0
640.0,577.894,700.95,1.0
640.0,575.7796,700.95,1.0
640.0,543.0064,700.95,1.0
640.0,560.9788,700.95,1.0
640.0,566.6172,700.95,1.0
640.0,577.5416,700.95,1.0
640.0,577.5416,700.95,1.0
640.0,572.6080000000001,700.95,1.0
640.0,581.0656,700.95,1.0
640.0,563.4456,700.95,1.0
640.0,580.7132,700.95,1.0
640.0,579.3036,700.95,1.0
640.0,578.2464,700.95,1.0
640.0,572.6080000000001,700.95,1.0
640.0,593.752,700.95,1.0
640.0,579.656,700.95,1.0
640.0,564.1504,700.95,1.0
640.0,576.8368,700.95,1.0
640.0,582.4752,700.95,1.0
640.0,568.0268,700.95,1.0
640.0,585.9992,700.95,1.0
640.0,578.2464,700.95,1.0
640.0,549.702,700.95,1.0
640.0,577.5416,700.95,1.0
640.0,570.1412,700.95,1.0
640.0,580.0084,700.95,1.0
640.0,584.2372,700.95,1.0
640.0,576.4844,700.95,1.0
640.0,591.99,700.95,1.0
640.0,572.6080000000001,700.95,1.0
640.0,581.0656,700.95,1.0
640.0,582.8276,700.95,1.0
640.0,573.3128,700.95,1.0
640.0,582.4752,700.95,1.0
640.0,568.0268,700.95,1.0
640.0,569.7888,700.95,1.0
640.0,560.6264,700.95,1.0
640.0,576.8368,700.95,1.0
640.0,577.894,700.95,1.0
640.0,586.704,700.95,1.0
640.0,582.8276,700.95,1.0
640.0,571.1984,700.95,1.0
640.0,562.0360000000001,700.95,1.0
640.0,578.9512,700.95,1.0
640.0,585.9992,700.95,1.0
640.0,582.4752,700.95,1.0
640.0,585.9992,700.95,1.0
640.0,572.2556,700.95,1.0
640.0,569.4364,700.95,1.0
640.0,566.6172,700.95,1.0
640.0,573.6652,700.95,1.0
640.0,573.6652,700.95,1.0
640.0,576.4844,700.95,1.0
640.0,572.9604,700.95,1.0
640.0,572.9604,700.95,1.0
640.0,566.2648,700.95,1.0
640.0,584.2372,700.95,1.0
640.0,575.0748,700.95,1.0
640.0,572.6080000000001,700.95,1.0
640.0,566.6172,700.95,1.0
640.0,560.274,700.95,1.0
640.0,588.1136,700.95,1.0
640.0,580.3608,700.95,1.0
640.0,557.1024,700.95,1.0
640.0,582.4752,700.95,1.0
640.0,584.2372,563.83,1.0
640.0,575.7796,563.83,1.0
640.0,591.2852,563.83,1.0
640.0,576.8368,563.83,1.0
640.0,559.2168,563.83,1.0
640.0,578.2464,563.83,1.0
640.0,576.8368,563.83,1.0
640.0,568.0268,563.83,1.0
640.0,580.3608,563.83,1.0
640.0,556.75,563.83,1.0
640.0,584.942,563.83,1.0
640.0,565.2076,563.83,1.0
640.0,563.798,563.83,1.0
640.0,573.3128,563.83,1.0
640.0,578.9512,563.83,1.0
640.0,576.132,563.83,1.0
640.0,566.6172,563.83,1.0
640.0,569.0840000000001,563.83,1.0
640.0,562.3884,563.83,1.0
640.0,571.9032,563.83,1.0
640.0,585.6468,563.83,1.0
640.0,574.37,563.83,1.0
640.0,583.5324,563.83,1.0
640.0,589.8756,563.83,1.0
640.0,568.0268,563.83,1.0
640.0,572.2556,563.83,1.0
640.0,597.276,563.83,1.0
640.0,589.5232,563.83,1.0
640.0,556.75,563.83,1.0
640.0,578.5988,563.83,1.0
640.0,574.37,563.83,1.0
640.0,583.18,563.83,1.0
640.0,566.6172,563.83,1.0
640.0,565.5600000000001,563.83,1.0
640.0,567.322,563.83,1.0
640.0,568.3792,563.83,1.0
640.0,582.8276,563.83,1.0
640.0,562.0360000000001,563.83,1.0
640.0,567.6744,563.83,1.0
640.0,555.3404,563.83,1.0
640.0,584.942,563.83,1.0
640.0,587.7612,563.83,1.0
640.0,570.846,563.83,1.0
640.0,571.1984,563.83,1.0
640.0,579.3036,563.83,1.0
640.0,589.8756,563.83,1.0
640.0,578.5988,563.83,1.0
640.0,566.9696,563.83,1.0
640.0,557.1024,563.83,1.0
640.0,562.7408,563.83,1.0
640.0,575.0748,563.83,1.0
640.0,567.322,563.83,1.0
640.0,576.4844,563.83,1.0
640.0,568.3792,563.83,1.0
640.0,563.0932,563.83,1.0
640.0,562.0360000000001,563.83,1.0
640.0,590.9328,563.83,1.0
640.0,583.8848,563.83,1.0
640.0,592.6948,563.83,1.0
640.0,580.0084,563.83,1.0
640.0,569.7888,563.83,1.0
640.0,588.466,563.83,1.0
640.0,574.0176,563.83,1.0
640.0,576.8368,563.83,1.0
640.0,574.0176,563.83,1.0
640.0,543.3588,563.83,1.0
640.0,591.2852,563.83,1.0
640.0,579.656,563.83,1.0
640.0,577.894,563.83,1.0
640.0,573.6652,563.83,1.0
640.0,576.132,563.83,1.0
640.0,568.0268,563.83,1.0
640.0,580.7132,563.83,1.0
640.0,560.6264,563.83,1.0
640.0,576.4844,563.83,1.0
609.8400000000001,618.8108,566.19,1.4
640.0,633.9102,566.19,1.0
640.0,597.494,566.19,1.0
640.0,598.3822,566.19,1.0
640.0,630.3574,566.19,1.0
640.0,641.904,566.19,1.0
640.0,574.4008,566.19,1.0
640.0,638.3512,566.19,1.0
640.0,609.9288,566.19,1.0
640.0,618.8108,566.19,1.0
640.0,588.612,566.19,1.0
640.0,601.0468,566.19,1.0
640.0,649.8978,566.19,1.0
640.0,625.0282,566.19,1.0
640.0,614.3697999999999,566.19,1.0
640.0,621.4754,566.19,1.0
640.0,637.463,566.19,1.0
640.0,635.6866,566.19,1.0
640.0,622.3636,566.19,1.0
640.0,653.4506,566.19,1.0
640.0,649.8978,566.19,1.0
640.0,634.7984,566.19,1.0
640.0,625.9164,566.19,1.0
640.0,641.904,566.19,1.0
640.0,632.1338,566.19,1.0
640.0,652.5624,566.19,1.0
640.0,648.1214,566.19,1.0
640.0,596.6058,566.19,1.0
640.0,594.8294,566.19,1.0
640.0,605.4878,566.19,1.0
640.0,649.8978,566.19,1.0
640.0,582.3946,566.19,1.0
640.0,634.7984,566.19,1.0
640.0,633.9102,566.19,1.0
640.0,655.227,566.19,1.0
640.0,628.581,566.19,1.0
640.0,588.612,566.19,1.0
640.0,598.3822,566.19,1.0
640.0,593.053,566.19,1.0
640.0,609.9288,566.19,1.0
640.0,619.699,566.19,1.0
640.0,593.053,566.19,1.0
640.0,663.2207999999999,566.19,1.0
640.0,588.612,566.19,1.0
640.0,659.668,566.19,1.0
640.0,656.1152,566.19,1.0
640.0,648.1214,566.19,1.0
640.0,605.4878,566.19,1.0
640.0,633.0219999999999,566.19,1.0
640.0,590.3884,566.19,1.0
640.0,648.1214,566.19,1.0
640.0,622.3636,566.19,1.0
640.0,613.4816,566.19,1.0
640.0,591.2766,566.19,1.0
640.0,558.4132,566.19,1.0
640.0,596.6058,566.19,1.0
640.0,653.4506,566.19,1.0
640.0,613.4816,566.19,1.0
640.0,619.699,566.19,1.0
640.0,641.904,566.19,1.0
640.0,672.1028,566.19,1.0
640.0,659.668,566.19,1.0
640.0,598.3822,566.19,1.0
640.0,572.6244,566.19,1.0
640.0,687.2022,566.19,1.0
640.0,684.5376,566.19,1.0
640.0,629.4692,566.19,1.0
640.0,590.3884,566.19,1.0
640.0,649.8978,566.19,1.0
640.0,621.4754,566.19,1.0
640.0,621.4754,566.19,1.0
640.0,648.1214,566.19,1.0
640.0,633.0219999999999,566.19,1.0
640.0,592.1648,566.19,1.0
640.0,615.258,667.85,1.0
640.0,641.904,667.85,1.0
640.0,637.463,667.85,1.0
640.0,631.2456,667.85,1.0
640.0,649.0096,667.85,1.0
640.0,614.3697999999999,667.85,1.0
640.0,628.581,667.85,1.0
640.0,535.3199999999999,667.85,1.0
640.0,612.5934,667.85,1.0
640.0,644.5686,667.85,1.0
640.0,613.4816,667.85,1.0
640.0,611.7052,667.85,1.0
640.0,596.6058,667.85,1.0
640.0,650.786,667.85,1.0
640.0,638.3512,667.85,1.0
640.0,646.345,667.85,1.0
640.0,577.9535999999999,667.85,1.0
640.0,619.699,667.85,1.0
640.0,617.0344,667.85,1.0
640.0,617.0344,667.85,1.0
640.0,608.1524,667.85,1.0
640.0,615.258,667.85,1.0
640.0,646.345,667.85,1.0
640.0,573.5126,667.85,1.0
640.0,671.2146,667.85,1.0
640.0,637.463,667.85,1.0
640.0,623.2518,667.85,1.0
640.0,648.1214,667.85,1.0
640.0,585.0592,667.85,1.0
640.0,606.376,667.85,1.0
640.0,620.5871999999999,667.85,1.0
640.0,660.5562,667.85,1.0
640.0,623.2518,667.85,1.0
640.0,636.5748,667.85,1.0
640.0,608.1524,667.85,1.0
640.0,637.463,667.85,1.0
640.0,668.55,667.85,1.0
640.0,650.786,667.85,1.0
640.0,622.3636,667.85,1.0
640.0,641.904,667.85,1.0
640.0,639.2393999999999,667.85,1.0
640.0,637.463,667.85,1.0
640.0,653.4506,667.85,1.0
640.0,653.4506,667.85,1.0
640.0,620.5871999999999,667.85,1.0
640.0,641.0158,667.85,1.0
640.0,614.3697999999999,667.85,1.0
640.0,599.2704,667.85,1.0
640.0,617.0344,667.85,1.0
640.0,622.3636,667.85,1.0
640.0,579.73,667.85,1.0
640.0,647.2332,667.85,1.0
640.0,550.4194,667.85,1.0
640.0,696.0842,667.85,1.0
640.0,664.109,667.85,1.0
640.0,617.0344,667.85,1.0
640.0,624.14,667.85,1.0
640.0,632.1338,667.85,1.0
640.0,608.1524,667.85,1.0
640.0,629.4692,667.85,1.0
640.0,620.5871999999999,667.85,1.0
640.0,621.4754,667.85,1.0
640.0,628.581,667.85,1.0
640.0,589.5002,667.85,1.0
640.0,625.0282,667.85,1.0
640.0,628.581,667.85,1.0
640.0,627.6928,667.85,1.0
640.0,618.8108,667.85,1.0
640.0,654.3388,667.85,1.0
640.0,614.3697999999999,667.85,1.0
640.0,630.3574,667.85,1.0
640.0,658.7798,667.85,1.0
640.0,622.3636,667.85,1.0
640.0,629.4692,667.85,1.0
640.0,621.4754,667.85,1.0
640.0,657.0033999999999,731.68,1.0
640.0,617.0344,731.68,1.0
640.0,658.7798,731.68,1.0
640.0,621.4754,731.68,1.0
640.0,601.0468,731.68,1.0
640.0,641.904,731.68,1.0
640.0,616.1462,731.68,1.0
640.0,641.0158,731.68,1.0
640.0,551.3076,731.68,1.0
640.0,624.14,731.68,1.0
640.0,611.7052,731.68,1.0
640.0,595.7176,731.68,1.0
640.0,609.0406,731.68,1.0
640.0,609.0406,731.68,1.0
640.0,623.2518,731.68,1.0
640.0,587.7238,731.68,1.0
640.0,632.1338,731.68,1.0
640.0,660.5562,731.68,1.0
640.0,631.2456,731.68,1.0
640.0,645.4567999999999,731.68,1.0
640.0,653.4506,731.68,1.0
640.0,657.0033999999999,731.68,1.0
640.0,673.8792,731.68,1.0
640.0,610.817,731.68,1.0
640.0,604.5996,731.68,1.0
640.0,645.4567999999999,731.68,1.0
640.0,642.7922,731.68,1.0
640.0,644.5686,731.68,1.0
640.0,674.7674,731.68,1.0
640.0,624.14,731.68,1.0
640.0,635.6866,731.68,1.0
640.0,598.3822,731.68,1.0
640.0,680.9848,731.68,1.0
640.0,615.258,731.68,1.0
640.0,616.1462,731.68,1.0
640.0,615.258,731.68,1.0
640.0,607.2642,731.68,1.0
640.0,604.5996,731.68,1.0
640.0,609.9288,731.68,1.0
640.0,587.7238,731.68,1.0
640.0,602.8232,731.68,1.0
640.0,675.6555999999999,731.68,1.0
640.0,643.6804,731.68,1.0
640.0,649.0096,731.68,1.0
640.0,655.227,731.68,1.0
640.0,672.991,731.68,1.0
640.0,577.0654,731.68,1.0
640.0,591.2766,731.68,1.0
640.0,602.8232,731.68,1.0
640.0,611.7052,731.68,1.0
640.0,616.1462,731.68,1.0
640.0,612.5934,731.68,1.0
640.0,630.3574,731.68,1.0
640.0,625.0282,731.68,1.0
640.0,604.5996,731.68,1.0
640.0,566.407,731.68,1.0
640.0,597.494,731.68,1.0
640.0,609.9288,731.68,1.0
640.0,617.9226,731.68,1.0
640.0,593.9412,731.68,1.0
640.0,610.817,731.68,1.0
640.0,593.9412,731.68,1.0
640.0,620.5871999999999,731.68,1.0
640.0,595.7176,731.68,1.0
640.0,601.935,731.68,1.0
640.0,589.5002,731.68,1.0
640.0,619.699,731.68,1.0
640.0,601.0468,731.68,1.0
640.0,648.1214,731.68,1.0
640.0,634.7984,731.68,1.0
640.0,622.3636,731.68,1.0
640.0,602.8232,731.68,1.0
640.0,633.9102,731.68,1.0
640.0,642.7922,731.68,1.0
640.0,627.6928,731.68,1.0
609.8400000000001,629.7891999999999,607.57,1.4
640.0,639.7706,607.57,1.0
640.0,622.1111999999999,607.57,1.0
640.0,634.396,607.57,1.0
640.0,600.6128,607.57,1.0
640.0,608.2908,607.57,1.0
640.0,626.718,607.57,1.0
640.0,626.718,607.57,1.0
640.0,630.557,607.57,1.0
640.0,644.3774,607.57,1.0
640.0,586.0246,607.57,1.0
640.0,596.7737999999999,607.57,1.0
640.0,624.4146,607.57,1.0
640.0,602.1483999999999,607.57,1.0
640.0,695.8199999999999,607.57,1.0
640.0,630.557,607.57,1.0
640.0,617.5043999999999,607.57,1.0
640.0,607.5229999999999,607.57,1.0
640.0,608.2908,607.57,1.0
640.0,619.8077999999999,607.57,1.0
640.0,621.3434,607.57,1.0
640.0,608.2908,607.57,1.0
640.0,612.8976,607.57,1.0
640.0,649.752,607.57,1.0
640.0,651.2876,607.57,1.0
640.0,625.1823999999999,607.57,1.0
640.0,588.328,607.57,1.0
640.0,631.3248,607.57,1.0
640.0,655.1265999999999,607.57,1.0
640.0,650.5197999999999,607.57,1.0
640.0,635.9316,607.57,1.0
640.0,652.0554,607.57,1.0
640.0,620.5756,607.57,1.0
640.0,633.6282,607.57,1.0
640.0,603.684,607.57,1.0
640.0,625.9502,607.57,1.0
640.0,649.752,607.57,1.0
640.0,605.2196,607.57,1.0
640.0,599.0772,607.57,1.0
640.0,621.3434,607.57,1.0
640.0,613.6654,607.57,1.0
640.0,633.6282,607.57,1.0
640.0,608.2908,607.57,1.0
640.0,658.9656,607.57,1.0
640.0,589.0957999999999,607.57,1.0
640.0,648.2164,607.57,1.0
640.0,601.3806,607.57,1.0
640.0,577.5788,607.57,1.0
640.0,624.4146,607.57,1.0
640.0,612.8976,607.57,1.0
640.0,593.7026,607.57,1.0
640.0,580.65,607.57,1.0
640.0,619.04,607.57,1.0
640.0,641.3062,607.57,1.0
640.0,632.8603999999999,607.57,1.0
640.0,620.5756,607.57,1.0
640.0,629.7891999999999,607.57,1.0
640.0,618.2722,607.57,1.0
640.0,586.0246,607.57,1.0
640.0,586.0246,607.57,1.0
640.0,614.4331999999999,607.57,1.0
640.0,615.2009999999999,607.57,1.0
640.0,639.0028,607.57,1.0
640.0,636.6994,607.57,1.0
640.0,632.8603999999999,607.57,1.0
640.0,612.8976,607.57,1.0
640.0,587.5602,607.57,1.0
640.0,628.2536,607.57,1.0
640.0,631.3248,607.57,1.0
640.0,563.7583999999999,607.57,1.0
640.0,599.8449999999999,607.57,1.0
640.0,602.9162,607.57,1.0
640.0,622.1111999999999,607.57,1.0
640.0,600.6128,607.57,1.0
640.0,618.2722,615.84,1.0
640.0,614.4331999999999,615.84,1.0
640.0,615.2009999999999,615.84,1.0
640.0,602.9162,615.84,1.0
640.0,604.4517999999999,615.84,1.0
640.0,594.4703999999999,615.84,1.0
640.0,627.4857999999999,615.84,1.0
640.0,632.0926,615.84,1.0
640.0,601.3806,615.84,1.0
640.0,654.3588,615.84,1.0
640.0,612.1297999999999,615.84,1.0
640.0,654.3588,615.84,1.0
640.0,604.4517999999999,615.84,1.0
640.0,572.2042,615.84,1.0
640.0,628.2536,615.84,1.0
640.0,624.4146,615.84,1.0
640.0,619.8077999999999,615.84,1.0
640.0,604.4517999999999,615.84,1.0
640.0,618.2722,615.84,1.0
640.0,607.5229999999999,615.84,1.0
640.0,612.1297999999999,615.84,1.0
640.0,638.235,615.84,1.0
640.0,623.6468,615.84,1.0
640.0,632.8603999999999,615.84,1.0
640.0,613.6654,615.84,1.0
640.0,611.362,615.84,1.0
640.0,592.1669999999999,615.84,1.0
640.0,610.5942,615.84,1.0
640.0,542.26,615.84,1.0
640.0,605.2196,615.84,1.0
640.0,617.5043999999999,615.84,1.0
640.0,632.0926,615.84,1.0
640.0,612.8976,615.84,1.0
640.0,626.718,615.84,1.0
640.0,569.1329999999999,615.84,1.0
640.0,617.5043999999999,615.84,1.0
640.0,580.65,615.84,1.0
640.0,591.3992,615.84,1.0
640.0,614.4331999999999,615.84,1.0
640.0,648.2164,615.84,1.0
640.0,627.4857999999999,615.84,1.0
640.0,619.8077999999999,615.84,1.0
640.0,618.2722,615.84,1.0
640.0,602.9162,615.84,1.0
640.0,606.7552,615.84,1.0
640.0,629.0214,615.84,1.0
640.0,586.7923999999999,615.84,1.0
640.0,632.8603999999999,615.84,1.0
640.0,609.8263999999999,615.84,1.0
640.0,638.235,615.84,1.0
640.0,641.3062,615.84,1.0
640.0,580.65,615.84,1.0
640.0,605.9874,615.84,1.0
640.0,599.0772,615.84,1.0
640.0,577.5788,615.84,1.0
640.0,595.2382,615.84,1.0
640.0,675.0894,615.84,1.0
640.0,632.8603999999999,615.84,1.0
640.0,663.5724,615.84,1.0
640.0,638.235,615.84,1.0
640.0,602.1483999999999,615.84,1.0
640.0,610.5942,615.84,1.0
640.0,632.8603999999999,615.84,1.0
640.0,629.0214,615.84,1.0
640.0,605.9874,615.84,1.0
640.0,584.4889999999999,615.84,1.0
640.0,695.0522,615.84,1.0
640.0,615.9688,615.84,1.0
640.0,611.362,615.84,1.0
640.0,621.3434,615.84,1.0
640.0,613.6654,615.84,1.0
640.0,622.1111999999999,615.84,1.0
640.0,648.9842,615.84,1.0
640.0,615.9688,615.84,1.0
640.0,592.1669999999999,615.84,1.0
640.0,615.2009999999999,690.31,1.0
640.0,608.2908,690.31,1.0
640.0,652.0554,690.31,1.0
640.0,645.913,690.31,1.0
640.0,621.3434,690.31,1.0
640.0,589.8635999999999,690.31,1.0
640.0,590.6314,690.31,1.0
640.0,619.04,690.31,1.0
640.0,626.718,690.31,1.0
640.0,610.5942,690.31,1.0
640.0,608.2908,690.31,1.0
640.0,605.2196,690.31,1.0
640.0,618.2722,690.31,1.0
640.0,564.5262,690.31,1.0
640.0,593.7026,690.31,1.0
640.0,604.4517999999999,690.31,1.0
640.0,646.6808,690.31,1.0
640.0,600.6128,690.31,1.0
640.0,622.879,690.31,1.0
640.0,624.4146,690.31,1.0
640.0,648.9842,690.31,1.0
640.0,648.2164,690.31,1.0
640.0,617.5043999999999,690.31,1.0
640.0,608.2908,690.31,1.0
640.0,603.684,690.31,1.0
640.0,613.6654,690.31,1.0
640.0,609.0586,690.31,1.0
640.0,632.0926,690.31,1.0
640.0,629.0214,690.31,1.0
640.0,632.8603999999999,690.31,1.0
640.0,648.2164,690.31,1.0
640.0,662.0368,690.31,1.0
640.0,622.1111999999999,690.31,1.0
640.0,644.3774,690.31,1.0
640.0,610.5942,690.31,1.0
640.0,646.6808,690.31,1.0
640.0,643.6096,690.31,1.0
640.0,642.074,690.31,1.0
640.0,621.3434,690.31,1.0
640.0,603.684,690.31,1.0
640.0,586.7923999999999,690.31,1.0
640.0,618.2722,690.31,1.0
640.0,654.3588,690.31,1.0
640.0,612.1297999999999,690.31,1.0
640.0,637.4671999999999,690.31,1.0
640.0,638.235,690.31,1.0
640.0,612.1297999999999,690.31,1.0
640.0,648.9842,690.31,1.0
640.0,552.2414,690.31,1.0
640.0,590.6314,690.31,1.0
640.0,598.3094,690.31,1.0
640.0,599.8449999999999,690.31,1.0
640.0,626.718,690.31,1.0
640.0,625.9502,690.31,1.0
640.0,628.2536,690.31,1.0
640.0,632.8603999999999,690.31,1.0
640.0,596.7737999999999,690.31,1.0
640.0,590.6314,690.31,1.0
640.0,628.2536,690.31,1.0
640.0,604.4517999999999,690.31,1.0
640.0,582.9534,690.31,1.0
640.0,641.3062,690.31,1.0
640.0,651.2876,690.31,1.0
640.0,655.1265999999999,690.31,1.0
640.0,623.6468,690.31,1.0
640.0,633.6282,690.31,1.0
640.0,650.5197999999999,690.31,1.0
640.0,604.4517999999999,690.31,1.0
640.0,644.3774,690.31,1.0
640.0,625.1823999999999,690.31,1.0
640.0,639.7706,690.31,1.0
640.0,623.6468,690.31,1.0
640.0,648.9842,690.31,1.0
640.0,624.4146,690.31,1.0
640.0,584.4889999999999,690.31,1.0
609.8400000000001,667.928,679.67,1.4
640.0,712.7420000000001,679.67,1.0
640.0,684.903,679.67,1.0
640.0,710.705,679.67,1.0
640.0,710.0260000000001,679.67,1.0
640.0,695.767,679.67,1.0
640.0,697.125,679.67,1.0
640.0,695.767,679.67,1.0
640.0,646.2,679.67,1.0
640.0,689.6560000000001,679.67,1.0
640.0,664.533,679.67,1.0
640.0,690.335,679.67,1.0
640.0,663.854,679.67,1.0
640.0,662.4960000000001,679.67,1.0
640.0,719.532,679.67,1.0
640.0,708.668,679.67,1.0
640.0,686.94,679.67,1.0
640.0,691.014,679.67,1.0
640.0,682.187,679.67,1.0
640.0,698.4830000000001,679.67,1.0
640.0,673.36,679.67,1.0
640.0,707.3100000000001,679.67,1.0
640.0,681.508,679.67,1.0
640.0,678.113,679.67,1.0
640.0,687.619,679.67,1.0
640.0,674.7180000000001,679.67,1.0
640.0,693.73,679.67,1.0
640.0,676.076,679.67,1.0
640.0,696.446,679.67,1.0
640.0,711.384,679.67,1.0
640.0,672.0020000000001,679.67,1.0
640.0,684.224,679.67,1.0
640.0,696.446,679.67,1.0
640.0,678.113,679.67,1.0
640.0,696.446,679.67,1.0
640.0,698.4830000000001,679.67,1.0
640.0,708.668,679.67,1.0
640.0,674.7180000000001,679.67,1.0
640.0,667.928,679.67,1.0
640.0,680.8290000000001,679.67,1.0
640.0,667.249,679.67,1.0
640.0,698.4830000000001,679.67,1.0
640.0,663.1750000000001,679.67,1.0
640.0,734.47,679.67,1.0
640.0,713.421,679.67,1.0
640.0,686.94,679.67,1.0
640.0,704.594,679.67,1.0
640.0,653.6690000000001,679.67,1.0
640.0,738.5440000000001,679.67,1.0
640.0,674.7180000000001,679.67,1.0
640.0,684.224,679.67,1.0
640.0,648.916,679.67,1.0
640.0,697.125,679.67,1.0
640.0,664.533,679.67,1.0
640.0,688.9770000000001,679.67,1.0
640.0,676.076,679.67,1.0
640.0,665.2120000000001,679.67,1.0
640.0,670.644,679.67,1.0
640.0,691.6930000000001,679.67,1.0
640.0,661.138,679.67,1.0
640.0,672.0020000000001,679.67,1.0
640.0,700.5200000000001,679.67,1.0
640.0,739.902,679.67,1.0
640.0,696.446,679.67,1.0
640.0,667.928,679.67,1.0
640.0,679.471,679.67,1.0
640.0,687.619,679.67,1.0
640.0,680.1500000000001,679.67,1.0
640.0,705.273,679.67,1.0
640.0,691.6930000000001,679.67,1.0
640.0,705.273,679.67,1.0
640.0,680.8290000000001,679.67,1.0
640.0,714.1,679.67,1.0
640.0,683.5450000000001,679.67,1.0
640.0,667.249,731.68,1.0
640.0,731.075,731.68,1.0
640.0,649.595,731.68,1.0
640.0,672.0020000000001,731.68,1.0
640.0,674.0390000000001,731.68,1.0
640.0,737.865,731.68,1.0
640.0,723.6060000000001,731.68,1.0
640.0,717.495,731.68,1.0
640.0,680.1500000000001,731.68,1.0
640.0,736.5070000000001,731.68,1.0
640.0,694.4090000000001,731.68,1.0
640.0,706.6310000000001,731.68,1.0
640.0,690.335,731.68,1.0
640.0,686.2610000000001,731.68,1.0
640.0,681.508,731.68,1.0
640.0,682.8660000000001,731.68,1.0
640.0,699.162,731.68,1.0
640.0,694.4090000000001,731.68,1.0
640.0,686.2610000000001,731.68,1.0
640.0,717.495,731.68,1.0
640.0,626.509,731.68,1.0
640.0,697.125,731.68,1.0
640.0,701.878,731.68,1.0
640.0,710.0260000000001,731.68,1.0
640.0,685.5820000000001,731.68,1.0
640.0,691.014,731.68,1.0
640.0,707.3100000000001,731.68,1.0
640.0,717.495,731.68,1.0
640.0,680.8290000000001,731.68,1.0
640.0,692.3720000000001,731.68,1.0
640.0,720.8900000000001,731.68,1.0
640.0,643.484,731.68,1.0
640.0,672.681,731.68,1.0
640.0,716.816,731.68,1.0
640.0,709.3470000000001,731.68,1.0
640.0,697.8040000000001,731.68,1.0
640.0,678.113,731.68,1.0
640.0,669.2860000000001,731.68,1.0
640.0,674.7180000000001,731.68,1.0
640.0,718.1740000000001,731.68,1.0
640.0,674.0390000000001,731.68,1.0
640.0,688.9770000000001,731.68,1.0
640.0,671.3230000000001,731.68,1.0
640.0,703.9150000000001,731.68,1.0
640.0,676.076,731.68,1.0
640.0,684.903,731.68,1.0
640.0,652.311,731.68,1.0
640.0,654.3480000000001,731.68,1.0
640.0,686.94,731.68,1.0
640.0,659.7800000000001,731.68,1.0
640.0,729.7170000000001,731.68,1.0
640.0,644.8420000000001,731.68,1.0
640.0,670.644,731.68,1.0
640.0,687.619,731.68,1.0
640.0,679.471,731.68,1.0
640.0,664.533,731.68,1.0
640.0,667.249,731.68,1.0
640.0,666.57,731.68,1.0
640.0,680.8290000000001,731.68,1.0
640.0,727.0010000000001,731.68,1.0
640.0,688.298,731.68,1.0
640.0,710.705,731.68,1.0
640.0,697.125,731.68,1.0
640.0,709.3470000000001,731.68,1.0
640.0,629.904,731.68,1.0
640.0,680.8290000000001,731.68,1.0
640.0,713.421,731.68,1.0
640.0,675.397,731.68,1.0
640.0,722.927,731.68,1.0
640.0,717.495,731.68,1.0
640.0,677.4340000000001,731.68,1.0
640.0,676.7550000000001,731.68,1.0
640.0,666.57,731.68,1.0
640.0,674.0390000000001,731.68,1.0
640.0,661.817,731.68,1.0
640.0,695.767,679.67,1.0
640.0,657.0640000000001,679.67,1.0
640.0,699.162,679.67,1.0
640.0,699.841,679.67,1.0
640.0,652.99,679.67,1.0
640.0,718.1740000000001,679.67,1.0
640.0,697.125,679.67,1.0
640.0,701.878,679.67,1.0
640.0,671.3230000000001,679.67,1.0
640.0,699.841,679.67,1.0
640.0,710.0260000000001,679.67,1.0
640.0,684.903,679.67,1.0
640.0,727.6800000000001,679.67,1.0
640.0,687.619,679.67,1.0
640.0,710.0260000000001,679.67,1.0
640.0,693.051,679.67,1.0
640.0,699.162,679.67,1.0
640.0,652.99,679.67,1.0
640.0,694.4090000000001,679.67,1.0
640.0,672.0020000000001,679.67,1.0
640.0,669.965,679.67,1.0
640.0,722.248,679.67,1.0
640.0,682.8660000000001,679.67,1.0
640.0,666.57,679.67,1.0
640.0,679.471,679.67,1.0
640.0,660.4590000000001,679.67,1.0
640.0,716.1370000000001,679.67,1.0
640.0,672.681,679.67,1.0
640.0,697.8040000000001,679.67,1.0
640.0,714.7790000000001,679.67,1.0
640.0,676.7550000000001,679.67,1.0
640.0,697.8040000000001,679.67,1.0
640.0,665.8910000000001,679.67,1.0
640.0,736.5070000000001,679.67,1.0
640.0,705.9520000000001,679.67,1.0
640.0,682.8660000000001,679.67,1.0
640.0,671.3230000000001,679.67,1.0
640.0,684.903,679.67,1.0
640.0,680.1500000000001,679.67,1.0
640.0,727.0010000000001,679.67,1.0
640.0,661.817,679.67,1.0
640.0,689.6560000000001,679.67,1.0
640.0,686.2610000000001,679.67,1.0
640.0,684.224,679.67,1.0
640.0,684.903,679.67,1.0
640.0,684.903,679.67,1.0
640.0,704.594,679.67,1.0
640.0,699.162,679.67,1.0
640.0,695.767,679.67,1.0
640.0,625.1510000000001,679.67,1.0
640.0,693.051,679.67,1.0
640.0,652.99,679.67,1.0
640.0,699.841,679.67,1.0
640.0,716.816,679.67,1.0
640.0,667.928,679.67,1.0
640.0,681.508,679.67,1.0
640.0,674.7180000000001,679.67,1.0
640.0,712.0630000000001,679.67,1.0
640.0,688.9770000000001,679.67,1.0
640.0,722.248,679.67,1.0
640.0,695.0880000000001,679.67,1.0
640.0,691.6930000000001,679.67,1.0
640.0,688.298,679.67,1.0
640.0,703.9150000000001,679.67,1.0
640.0,651.6320000000001,679.67,1.0
640.0,688.9770000000001,679.67,1.0
640.0,685.5820000000001,679.67,1.0
640.0,701.878,679.67,1.0
640.0,682.8660000000001,679.67,1.0
640.0,665.8910000000001,679.67,1.0
640.0,686.94,679.67,1.0
640.0,665.2120000000001,679.67,1.0
640.0,647.5580000000001,679.67,1.0
640.0,701.878,679.67,1.0
640.0,698.4830000000001,679.67,1.0
609.8400000000001,637.9752,647.75,1.4
640.0,613.974,647.75,1.0
640.0,604.6176,647.75,1.0
640.0,621.2964000000001,647.75,1.0
640.0,618.042,647.75,1.0
640.0,611.94,647.75,1.0
640.0,621.2964000000001,647.75,1.0
640.0,614.7876,647.75,1.0
640.0,599.736,647.75,1.0
640.0,616.8216,647.75,1.0
640.0,608.2788,647.75,1.0
640.0,624.9576000000001,647.75,1.0
640.0,613.974,647.75,1.0
640.0,635.5344,647.75,1.0
640.0,641.6364,647.75,1.0
640.0,630.246,647.75,1.0
640.0,602.9904,647.75,1.0
640.0,640.416,647.75,1.0
640.0,641.2296,647.75,1.0
640.0,622.5168,647.75,1.0
640.0,638.3820000000001,647.75,1.0
640.0,615.1944,647.75,1.0
640.0,599.3292,647.75,1.0
640.0,612.7536,647.75,1.0
640.0,643.2636,647.75,1.0
640.0,603.804,647.75,1.0
640.0,622.11,647.75,1.0
640.0,622.5168,647.75,1.0
640.0,616.008,647.75,1.0
640.0,616.8216,647.75,1.0
640.0,622.9236,647.75,1.0
640.0,615.1944,647.75,1.0
640.0,604.6176,647.75,1.0
640.0,624.5508,647.75,1.0
640.0,635.1276,647.75,1.0
640.0,632.6868000000001,647.75,1.0
640.0,612.3468,647.75,1.0
640.0,606.6516,647.75,1.0
640.0,618.4488,647.75,1.0
640.0,641.2296,647.75,1.0
640.0,629.8392,647.75,1.0
640.0,630.6528000000001,647.75,1.0
640.0,633.0936,647.75,1.0
640.0,627.3984,647.75,1.0
640.0,623.7372,647.75,1.0
640.0,630.246,647.75,1.0
640.0,615.6012000000001,647.75,1.0
640.0,605.0244,647.75,1.0
640.0,631.0596,647.75,1.0
640.0,637.1616,647.75,1.0
640.0,608.2788,647.75,1.0
640.0,632.28,647.75,1.0
640.0,642.45,647.75,1.0
640.0,622.11,647.75,1.0
640.0,611.94,647.75,1.0
640.0,623.7372,647.75,1.0
640.0,615.1944,647.75,1.0
640.0,614.3808,647.75,1.0
640.0,627.3984,647.75,1.0
640.0,602.5836,647.75,1.0
640.0,604.6176,647.75,1.0
640.0,622.5168,647.75,1.0
640.0,621.7032,647.75,1.0
640.0,626.178,647.75,1.0
640.0,644.8908,647.75,1.0
640.0,623.3304,647.75,1.0
640.0,629.4324,647.75,1.0
640.0,610.3128,647.75,1.0
640.0,631.4664,647.75,1.0
640.0,615.6012000000001,647.75,1.0
640.0,622.9236,647.75,1.0
640.0,620.8896,647.75,1.0
640.0,634.7208,647.75,1.0
640.0,606.2448,647.75,1.0
640.0,594.4476,550.83,1.0
640.0,619.6692,550.83,1.0
640.0,627.8052,550.83,1.0
640.0,624.144,550.83,1.0
640.0,637.1616,550.83,1.0
640.0,627.3984,550.83,1.0
640.0,615.1944,550.83,1.0
640.0,593.634,550.83,1.0
640.0,619.2624,550.83,1.0
640.0,634.7208,550.83,1.0
640.0,617.2284,550.83,1.0
640.0,622.5168,550.83,1.0
640.0,627.3984,550.83,1.0
640.0,609.9060000000001,550.83,1.0
640.0,629.8392,550.83,1.0
640.0,642.0432000000001,550.83,1.0
640.0,620.076,550.83,1.0
640.0,608.2788,550.83,1.0
640.0,621.2964000000001,550.83,1.0
640.0,594.8544,550.83,1.0
640.0,626.178,550.83,1.0
640.0,627.8052,550.83,1.0
640.0,642.45,550.83,1.0
640.0,619.6692,550.83,1.0
640.0,626.9916000000001,550.83,1.0
640.0,611.5332,550.83,1.0
640.0,617.6352,550.83,1.0
640.0,603.3972,550.83,1.0
640.0,619.6692,550.83,1.0
640.0,618.4488,550.83,1.0
640.0,625.7712,550.83,1.0
640.0,614.3808,550.83,1.0
640.0,623.3304,550.83,1.0
640.0,618.042,550.83,1.0
640.0,618.042,550.83,1.0
640.0,622.9236,550.83,1.0
640.0,622.5168,550.83,1.0
640.0,631.4664,550.83,1.0
640.0,620.4828,550.83,1.0
640.0,618.042,550.83,1.0
640.0,620.076,550.83,1.0
640.0,613.5672,550.83,1.0
640.0,617.6352,550.83,1.0
640.0,646.9248,550.83,1.0
640.0,611.1264,550.83,1.0
640.0,618.8556,550.83,1.0
640.0,617.2284,550.83,1.0
640.0,619.2624,550.83,1.0
640.0,618.042,550.83,1.0
640.0,625.3644,550.83,1.0
640.0,601.3632,550.83,1.0
640.0,634.7208,550.83,1.0
640.0,629.8392,550.83,1.0
640.0,607.0584,550.83,1.0
640.0,594.4476,550.83,1.0
640.0,610.3128,550.83,1.0
640.0,619.2624,550.83,1.0
640.0,653.4336000000001,550.83,1.0
640.0,628.6188,550.83,1.0
640.0,600.1428,550.83,1.0
640.0,613.5672,550.83,1.0
640.0,621.2964000000001,550.83,1.0
640.0,625.3644,550.83,1.0
640.0,606.2448,550.83,1.0
640.0,620.4828,550.83,1.0
640.0,613.1604,550.83,1.0
640.0,608.6856,550.83,1.0
640.0,625.3644,550.83,1.0
640.0,631.4664,550.83,1.0
640.0,632.28,550.83,1.0
640.0,629.0256,550.83,1.0
640.0,616.008,550.83,1.0
640.0,630.6528000000001,550.83,1.0
640.0,625.7712,550.83,1.0
640.0,623.7372,550.83,1.0
640.0,614.7876,842.79,1.0
640.0,616.008,842.79,1.0
640.0,622.9236,842.79,1.0
640.0,651.8064,842.79,1.0
846.7200000000001,625.7712,842.79,1.2
846.7200000000001,614.7876,842.79,1.2
640.0,611.94,842.79,1.0
640.0,616.008,842.79,1.0
640.0,648.552,842.79,1.0
846.7200000000001,617.2284,842.79,1.2
640.0,633.0936,842.79,1.0
640.0,617.6352,842.79,1.0
640.0,625.3644,842.79,1.0
640.0,631.8732,842.79,1.0
640.0,615.1944,842.79,1.0
640.0,614.3808,842.79,1.0
640.0,642.45,842.79,1.0
846.7200000000001,634.314,842.79,1.2
846.7200000000001,631.8732,842.79,1.2
846.7200000000001,631.8732,842.79,1.2
846.7200000000001,627.8052,842.79,1.2
846.7200000000001,646.9248,842.79,1.2
846.7200000000001,622.5168,842.79,1.2
846.7200000000001,629.0256,842.79,1.2
846.7200000000001,604.2108000000001,842.79,1.2
640.0,611.94,842.79,1.0
640.0,607.4652,842.79,1.0
640.0,637.5684,842.79,1.0
640.0,590.7864,842.79,1.0
640.0,617.2284,842.79,1.0
640.0,585.498,842.79,1.0
640.0,611.94,842.79,1.0
640.0,616.008,842.79,1.0
640.0,639.1956,842.79,1.0
846.7200000000001,626.9916000000001,842.79,1.2
846.7200000000001,611.94,842.79,1.2
640.0,635.1276,842.79,1.0
846.7200000000001,622.5168,842.79,1.2
846.7200000000001,622.5168,842.79,1.2
846.7200000000001,607.4652,842.79,1.2
846.7200000000001,609.9060000000001,842.79,1.2
846.7200000000001,611.94,842.79,1.2
846.7200000000001,622.5168,842.79,1.2
846.7200000000001,622.9236,842.79,1.2
846.7200000000001,640.8228,842.79,1.2
846.7200000000001,626.9916000000001,842.79,1.2
846.7200000000001,589.1592,842.79,1.2
640.0,625.3644,842.79,1.0
640.0,604.2108000000001,842.79,1.0
640.0,610.3128,842.79,1.0
640.0,612.3468,842.79,1.0
640.0,613.974,842.79,1.0
640.0,605.4312,842.79,1.0
640.0,624.5508,842.79,1.0
846.7200000000001,605.0244,842.79,1.2
640.0,626.5848,842.79,1.0
640.0,649.3656,842.79,1.0
846.7200000000001,605.838,842.79,1.2
640.0,618.4488,842.79,1.0
640.0,591.1932,842.79,1.0
640.0,618.4488,842.79,1.0
640.0,629.8392,842.79,1.0
640.0,631.0596,842.79,1.0
640.0,622.9236,842.79,1.0
640.0,633.0936,842.79,1.0
846.7200000000001,653.0268,842.79,1.2
846.7200000000001,642.8568,842.79,1.2
846.7200000000001,615.6012000000001,842.79,1.2
640.0,604.2108000000001,842.79,1.0
640.0,617.2284,842.79,1.0
640.0,610.7196,842.79,1.0
640.0,627.8052,842.79,1.0
640.0,607.8720000000001,842.79,1.0
640.0,621.2964000000001,842.79,1.0
640.0,632.28,842.79,1.0
609.8400000000001,439.1492,679.67,1.4
640.0,474.4985,679.67,1.0
640.0,423.4384,679.67,1.0
640.0,449.249,679.67,1.0
640.0,454.2989,679.67,1.0
640.0,454.86,679.67,1.0
640.0,457.6655,679.67,1.0
640.0,464.9598,679.67,1.0
640.0,454.2989,679.67,1.0
640.0,448.6879,679.67,1.0
640.0,448.1268,679.67,1.0
640.0,444.7602,679.67,1.0
640.0,468.3264,679.67,1.0
640.0,444.1991,679.67,1.0
640.0,468.8875,679.67,1.0
640.0,455.4211,679.67,1.0
640.0,445.8824,679.67,1.0
640.0,465.5209,679.67,1.0
640.0,442.5158,679.67,1.0
640.0,465.5209,679.67,1.0
640.0,458.2266,679.67,1.0
640.0,444.7602,679.67,1.0
640.0,463.8376,679.67,1.0
640.0,463.8376,679.67,1.0
640.0,474.4985,679.67,1.0
640.0,471.1319,679.67,1.0
640.0,463.2765,679.67,1.0
640.0,435.7826,679.67,1.0
640.0,495.8203,679.67,1.0
640.0,431.2938,679.67,1.0
640.0,470.5708,679.67,1.0
640.0,462.1543,679.67,1.0
640.0,435.2215,679.67,1.0
640.0,452.6156,679.67,1.0
640.0,453.7378,679.67,1.0
640.0,476.7429,679.67,1.0
640.0,443.0769,679.67,1.0
640.0,450.3712,679.67,1.0
640.0,415.583,679.67,1.0
640.0,484.0372,679.67,1.0
640.0,436.9048,679.67,1.0
640.0,460.471,679.67,1.0
640.0,453.1767,679.67,1.0
640.0,453.1767,679.67,1.0
640.0,468.3264,679.67,1.0
640.0,482.915,679.67,1.0
640.0,459.3488,679.67,1.0
640.0,466.082,679.67,1.0
640.0,460.471,679.67,1.0
640.0,472.2541,679.67,1.0
640.0,447.0046,679.67,1.0
640.0,472.8152,679.67,1.0
640.0,473.3763,679.67,1.0
640.0,472.8152,679.67,1.0
640.0,443.638,679.67,1.0
640.0,452.0545,679.67,1.0
640.0,458.7877,679.67,1.0
640.0,431.8549,679.67,1.0
640.0,481.7928,679.67,1.0
640.0,454.86,679.67,1.0
640.0,459.9099,679.67,1.0
640.0,445.3213,679.67,1.0
640.0,432.416,679.67,1.0
640.0,444.7602,679.67,1.0
640.0,458.7877,679.67,1.0
640.0,466.082,679.67,1.0
640.0,457.6655,679.67,1.0
640.0,460.471,679.67,1.0
640.0,449.249,679.67,1.0
640.0,463.2765,679.67,1.0
640.0,479.5484,679.67,1.0
640.0,466.6431,679.67,1.0
640.0,468.3264,679.67,1.0
640.0,459.9099,679.67,1.0
640.0,429.6105,516.55,1.0
414.72,437.4659,516.55,0.8
414.72,462.7154,516.55,0.8
414.72,454.86,516.55,0.8
414.72,462.1543,516.55,0.8
414.72,482.915,516.55,0.8
414.72,467.2042,516.55,0.8
414.72,476.1818,516.55,0.8
414.72,456.5433,516.55,0.8
414.72,441.3936,516.55,0.8
414.72,453.7378,516.55,0.8
414.72,441.3936,516.55,0.8
414.72,481.2317,516.55,0.8
414.72,468.3264,516.55,0.8
414.72,463.8376,516.55,0.8
414.72,475.6207,516.55,0.8
414.72,420.6329,516.55,0.8
414.72,464.9598,516.55,0.8
414.72,432.9771,516.55,0.8
414.72,454.86,516.55,0.8
414.72,449.8101,516.55,0.8
414.72,466.082,516.55,0.8
414.72,458.7877,516.55,0.8
414.72,477.304,516.55,0.8
414.72,444.7602,516.55,0.8
414.72,466.6431,516.55,0.8
414.72,457.6655,516.55,0.8
414.72,427.3661,516.55,0.8
414.72,439.1492,516.55,0.8
414.72,452.6156,516.55,0.8
414.72,473.3763,516.55,0.8
414.72,462.7154,516.55,0.8
414.72,435.2215,516.55,0.8
414.72,452.6156,516.55,0.8
414.72,489.0871,516.55,0.8
414.72,456.5433,516.55,0.8
414.72,449.249,516.55,0.8
414.72,463.2765,516.55,0.8
414.72,467.7653,516.55,0.8
414.72,447.0046,516.55,0.8
414.72,463.2765,516.55,0.8
414.72,449.249,516.55,0.8
414.72,467.2042,516.55,0.8
414.72,457.6655,516.55,0.8
414.72,462.7154,516.55,0.8
414.72,441.9547,516.55,0.8
414.72,440.8325,516.55,0.8
414.72,470.5708,516.55,0.8
414.72,453.7378,516.55,0.8
414.72,459.9099,516.55,0.8
414.72,449.8101,516.55,0.8
414.72,470.0097,516.55,0.8
414.72,444.7602,516.55,0.8
414.72,452.6156,516.55,0.8
414.72,468.3264,516.55,0.8
414.72,474.4985,516.55,0.8
414.72,445.8824,516.55,0.8
414.72,487.9649,516.55,0.8
414.72,459.9099,516.55,0.8
414.72,437.4659,516.55,0.8
414.72,461.0321,516.55,0.8
414.72,448.6879,516.55,0.8
414.72,462.1543,516.55,0.8
414.72,454.2989,516.55,0.8
414.72,455.9822,516.55,0.8
414.72,439.7103,516.55,0.8
414.72,471.693,516.55,0.8
414.72,435.2215,516.55,0.8
414.72,436.3437,516.55,0.8
414.72,461.0321,516.55,0.8
414.72,481.7928,516.55,0.8
414.72,448.6879,516.55,0.8
414.72,466.6431,516.55,0.8
414.72,472.8152,516.55,0.8
414.72,468.3264,516.55,0.8
414.72,449.8101,501.18,0.8
414.72,436.3437,501.18,0.8
414.72,417.8274,501.18,0.8
414.72,450.3712,501.18,0.8
414.72,474.4985,501.18,0.8
414.72,435.7826,501.18,0.8
414.72,466.6431,501.18,0.8
414.72,438.5881,501.18,0.8
414.72,456.5433,501.18,0.8
414.72,466.6431,501.18,0.8
414.72,443.638,501.18,0.8
414.72,457.6655,501.18,0.8
414.72,448.1268,501.18,0.8
414.72,466.6431,501.18,0.8
414.72,458.7877,501.18,0.8
414.72,455.9822,501.18,0.8
414.72,481.2317,501.18,0.8
414.72,466.082,501.18,0.8
414.72,443.0769,501.18,0.8
414.72,453.1767,501.18,0.8
414.72,453.7378,501.18,0.8
414.72,455.9822,501.18,0.8
414.72,497.5036,501.18,0.8
414.72,461.0321,501.18,0.8
414.72,420.6329,501.18,0.8
414.72,445.8824,501.18,0.8
414.72,422.3162,501.18,0.8
414.72,449.249,501.18,0.8
414.72,421.194,501.18,0.8
414.72,440.2714,501.18,0.8
414.72,429.0494,501.18,0.8
414.72,461.5932,501.18,0.8
414.72,454.86,501.18,0.8
414.72,459.9099,501.18,0.8
414.72,453.1767,501.18,0.8
414.72,431.2938,501.18,0.8
414.72,463.2765,501.18,0.8
414.72,487.4038,501.18,0.8
414.72,461.5932,501.18,0.8
414.72,447.5657,501.18,0.8
414.72,430.7327,501.18,0.8
414.72,439.7103,501.18,0.8
414.72,462.7154,501.18,0.8
414.72,472.8152,501.18,0.8
414.72,459.3488,501.18,0.8
414.72,468.3264,501.18,0.8
414.72,466.6431,501.18,0.8
414.72,463.2765,501.18,0.8
414.72,443.638,501.18,0.8
414.72,457.6655,501.18,0.8
414.72,440.8325,501.18,0.8
414.72,455.4211,501.18,0.8
414.72,460.471,501.18,0.8
414.72,482.915,501.18,0.8
414.72,432.9771,501.18,0.8
414.72,462.7154,501.18,0.8
414.72,479.5484,501.18,0.8
414.72,467.7653,501.18,0.8
414.72,468.8875,501.18,0.8
414.72,464.9598,501.18,0.8
414.72,476.7429,501.18,0.8
414.72,436.3437,501.18,0.8
414.72,431.2938,501.18,0.8
414.72,454.86,501.18,0.8
414.72,418.3885,501.18,0.8
414.72,475.6207,501.18,0.8
640.0,475.6207,501.18,1.0
414.72,447.5657,501.18,0.8
640.0,448.6879,501.18,1.0
414.72,453.7378,501.18,0.8
640.0,455.9822,501.18,1.0
414.72,457.1044,501.18,0.8
640.0,464.3987,501.18,1.0
414.72,452.0545,501.18,0.8
640.0,470.5708,501.18,1.0
609.8400000000001,521.7324,560.28,1.4
640.0,552.078,560.28,1.0
640.0,509.6988,560.28,1.0
640.0,529.5803999999999,560.28,1.0
640.0,546.3228,560.28,1.0
640.0,519.6396,560.28,1.0
640.0,535.8588,560.28,1.0
640.0,539.5212,560.28,1.0
640.0,517.5468,560.28,1.0
640.0,530.1036,560.28,1.0
640.0,528.534,560.28,1.0
640.0,522.2556,560.28,1.0
640.0,567.2508,560.28,1.0
640.0,519.1164,560.28,1.0
640.0,546.846,560.28,1.0
640.0,524.8716,560.28,1.0
640.0,513.8844,560.28,1.0
640.0,532.7196,560.28,1.0
640.0,541.0908,560.28,1.0
640.0,545.7995999999999,560.28,1.0
640.0,555.7404,560.28,1.0
640.0,577.1916,560.28,1.0
640.0,535.3356,560.28,1.0
640.0,520.6859999999999,560.28,1.0
640.0,538.4748,560.28,1.0
640.0,526.9644,560.28,1.0
640.0,545.7995999999999,560.28,1.0
640.0,510.7452,560.28,1.0
640.0,568.2972,560.28,1.0
640.0,544.7532,560.28,1.0
640.0,504.4668,560.28,1.0
640.0,520.1628,560.28,1.0
640.0,543.7067999999999,560.28,1.0
640.0,549.462,560.28,1.0
640.0,511.2684,560.28,1.0
640.0,542.1372,560.28,1.0
640.0,500.8044,560.28,1.0
640.0,529.5803999999999,560.28,1.0
640.0,548.4155999999999,560.28,1.0
640.0,522.2556,560.28,1.0
640.0,507.606,560.28,1.0
640.0,533.2428,560.28,1.0
640.0,521.7324,560.28,1.0
640.0,541.0908,560.28,1.0
640.0,517.0236,560.28,1.0
640.0,519.1164,560.28,1.0
640.0,499.2348,560.28,1.0
640.0,533.766,560.28,1.0
640.0,528.534,560.28,1.0
640.0,512.3148,560.28,1.0
640.0,534.2891999999999,560.28,1.0
640.0,547.3692,560.28,1.0
640.0,528.0108,560.28,1.0
640.0,535.3356,560.28,1.0
640.0,535.3356,560.28,1.0
640.0,512.3148,560.28,1.0
640.0,563.5884,560.28,1.0
640.0,523.8252,560.28,1.0
640.0,541.614,560.28,1.0
640.0,543.1836,560.28,1.0
640.0,529.0572,560.28,1.0
640.0,540.5676,560.28,1.0
640.0,534.8124,560.28,1.0
640.0,508.6524,560.28,1.0
640.0,525.918,560.28,1.0
640.0,521.7324,560.28,1.0
640.0,523.8252,560.28,1.0
640.0,510.7452,560.28,1.0
640.0,548.9388,560.28,1.0
640.0,556.2636,560.28,1.0
640.0,546.3228,560.28,1.0
640.0,551.0316,560.28,1.0
640.0,525.918,560.28,1.0
640.0,521.2092,560.28,1.0
640.0,519.1164,536.64,1.0
640.0,541.0908,536.64,1.0
640.0,534.8124,536.64,1.0
640.0,530.1036,536.64,1.0
640.0,551.5548,536.64,1.0
640.0,537.4284,536.64,1.0
640.0,518.0699999999999,536.64,1.0
640.0,520.6859999999999,536.64,1.0
640.0,541.614,536.64,1.0
640.0,547.3692,536.64,1.0
640.0,540.0444,536.64,1.0
640.0,560.9724,536.64,1.0
640.0,556.7868,536.64,1.0
640.0,537.9516,536.64,1.0
640.0,518.0699999999999,536.64,1.0
640.0,510.7452,536.64,1.0
640.0,524.8716,536.64,1.0
640.0,543.1836,536.64,1.0
640.0,559.9259999999999,536.64,1.0
640.0,537.9516,536.64,1.0
640.0,549.462,536.64,1.0
640.0,527.4875999999999,536.64,1.0
640.0,541.0908,536.64,1.0
640.0,544.23,536.64,1.0
640.0,500.2812,536.64,1.0
640.0,524.8716,536.64,1.0
640.0,545.7995999999999,536.64,1.0
640.0,535.3356,536.64,1.0
640.0,512.3148,536.64,1.0
640.0,492.9564,536.64,1.0
640.0,525.3948,536.64,1.0
640.0,530.1036,536.64,1.0
640.0,517.0236,536.64,1.0
640.0,533.2428,536.64,1.0
640.0,538.9979999999999,536.64,1.0
640.0,541.614,536.64,1.0
640.0,494.0028,536.64,1.0
640.0,510.7452,536.64,1.0
640.0,526.4412,536.64,1.0
640.0,540.0444,536.64,1.0
640.0,538.9979999999999,536.64,1.0
640.0,538.4748,536.64,1.0
640.0,524.8716,536.64,1.0
640.0,525.918,536.64,1.0
640.0,519.6396,536.64,1.0
640.0,543.1836,536.64,1.0
640.0,516.5004,536.64,1.0
640.0,544.7532,536.64,1.0
640.0,534.2891999999999,536.64,1.0
640.0,530.6268,536.64,1.0
640.0,520.6859999999999,536.64,1.0
640.0,509.6988,536.64,1.0
640.0,521.2092,536.64,1.0
640.0,525.918,536.64,1.0
640.0,494.0028,536.64,1.0
640.0,528.0108,536.64,1.0
640.0,545.7995999999999,536.64,1.0
640.0,540.0444,536.64,1.0
640.0,523.302,536.64,1.0
640.0,531.6732,536.64,1.0
640.0,522.2556,536.64,1.0
640.0,533.2428,536.64,1.0
640.0,555.2171999999999,536.64,1.0
640.0,546.3228,536.64,1.0
640.0,539.5212,536.64,1.0
640.0,523.302,536.64,1.0
640.0,542.6604,536.64,1.0
640.0,504.4668,536.64,1.0
640.0,526.9644,536.64,1.0
640.0,540.5676,536.64,1.0
640.0,542.6604,536.64,1.0
640.0,541.614,536.64,1.0
640.0,535.8588,536.64,1.0
640.0,528.0108,536.64,1.0
640.0,539.5212,536.64,1.0
640.0,515.9771999999999,515.37,1.0
640.0,518.0699999999999,515.37,1.0
640.0,532.1963999999999,515.37,1.0
640.0,533.766,515.37,1.0
640.0,502.374,515.37,1.0
640.0,538.4748,515.37,1.0
640.0,543.1836,515.37,1.0
640.0,530.1036,515.37,1.0
640.0,568.2972,515.37,1.0
640.0,520.6859999999999,515.37,1.0
640.0,525.3948,515.37,1.0
640.0,524.8716,515.37,1.0
640.0,530.1036,515.37,1.0
640.0,525.918,515.37,1.0
640.0,509.1756,515.37,1.0
640.0,522.7787999999999,515.37,1.0
640.0,529.5803999999999,515.37,1.0
640.0,550.5083999999999,515.37,1.0
640.0,565.6812,515.37,1.0
640.0,552.078,515.37,1.0
640.0,519.1164,515.37,1.0
640.0,520.1628,515.37,1.0
640.0,528.534,515.37,1.0
640.0,559.4028,515.37,1.0
640.0,528.534,515.37,1.0
640.0,510.222,515.37,1.0
640.0,523.302,515.37,1.0
640.0,543.1836,515.37,1.0
640.0,542.1372,515.37,1.0
640.0,528.0108,515.37,1.0
640.0,542.1372,515.37,1.0
640.0,495.5724,515.37,1.0
640.0,532.7196,515.37,1.0
640.0,544.7532,515.37,1.0
640.0,518.0699999999999,515.37,1.0
640.0,518.0699999999999,515.37,1.0
640.0,501.8508,515.37,1.0
414.72,556.2636,515.37,0.8
640.0,519.6396,515.37,1.0
414.72,534.8124,515.37,0.8
640.0,540.5676,515.37,1.0
640.0,554.694,515.37,1.0
640.0,528.534,515.37,1.0
640.0,522.7787999999999,515.37,1.0
640.0,533.766,515.37,1.0
640.0,551.5548,515.37,1.0
640.0,528.534,515.37,1.0
640.0,515.9771999999999,515.37,1.0
640.0,507.0828,515.37,1.0
640.0,511.7916,515.37,1.0
640.0,544.7532,515.37,1.0
640.0,525.918,515.37,1.0
640.0,521.7324,515.37,1.0
640.0,520.1628,515.37,1.0
640.0,532.7196,515.37,1.0
640.0,527.4875999999999,515.37,1.0
640.0,526.9644,515.37,1.0
640.0,552.078,515.37,1.0
640.0,555.2171999999999,515.37,1.0
640.0,506.0364,515.37,1.0
640.0,536.382,515.37,1.0
640.0,519.1164,515.37,1.0
640.0,527.4875999999999,515.37,1.0
640.0,535.8588,515.37,1.0
640.0,528.0108,515.37,1.0
640.0,534.8124,515.37,1.0
640.0,541.614,515.37,1.0
640.0,535.8588,515.37,1.0
640.0,521.2092,515.37,1.0
640.0,521.2092,515.37,1.0
640.0,508.6524,515.37,1.0
640.0,517.5468,515.37,1.0
640.0,562.0187999999999,515.37,1.0
640.0,518.5932,515.37,1.0
640.0,512.3148,515.37,1.0
609.8400000000001,474.3945,510.64,1.4
640.0,473.349,510.64,1.0
640.0,490.077,510.64,1.0
640.0,481.016,510.64,1.0
640.0,469.864,510.64,1.0
414.72,470.9095,510.64,0.8
414.72,470.2125,510.64,0.8
414.72,484.501,510.64,0.8
414.72,472.3035,510.64,0.8
414.72,456.621,510.64,0.8
414.72,475.0915,510.64,0.8
414.72,459.409,510.64,0.8
414.72,498.441,510.64,0.8
640.0,465.3335,510.64,1.0
414.72,473.6975,510.64,0.8
414.72,478.228,510.64,0.8
640.0,472.3035,510.64,1.0
414.72,472.3035,510.64,0.8
414.72,479.9705,510.64,0.8
640.0,491.471,510.64,1.0
414.72,483.4555,510.64,0.8
640.0,490.774,510.64,1.0
414.72,464.6365,510.64,0.8
414.72,478.925,510.64,0.8
414.72,477.1825,510.64,0.8
640.0,479.2735,510.64,1.0
414.72,489.7285,510.64,0.8
640.0,473.0005,510.64,1.0
414.72,471.258,510.64,0.8
414.72,481.016,510.64,0.8
640.0,456.9695,510.64,1.0
414.72,473.0005,510.64,0.8
640.0,474.046,510.64,1.0
414.72,465.682,510.64,0.8
414.72,486.592,510.64,0.8
640.0,464.288,510.64,1.0
414.72,474.046,510.64,0.8
640.0,478.5765,510.64,1.0
414.72,489.7285,510.64,0.8
640.0,475.44,510.64,1.0
414.72,485.198,510.64,0.8
640.0,482.7585,510.64,1.0
414.72,476.834,510.64,0.8
414.72,463.9395,510.64,0.8
414.72,460.4545,510.64,0.8
414.72,476.4855,510.64,0.8
414.72,469.864,510.64,0.8
414.72,485.198,510.64,0.8
414.72,483.107,510.64,0.8
414.72,473.349,510.64,0.8
414.72,463.2425,510.64,0.8
414.72,480.6675,510.64,0.8
414.72,464.6365,510.64,0.8
414.72,467.4245,510.64,0.8
414.72,465.3335,510.64,0.8
414.72,474.046,510.64,0.8
414.72,487.6375,510.64,0.8
414.72,475.44,510.64,0.8
414.72,470.9095,510.64,0.8
414.72,459.409,510.64,0.8
414.72,481.3645,510.64,0.8
414.72,467.4245,510.64,0.8
414.72,476.834,510.64,0.8
414.72,471.6065,510.64,0.8
414.72,484.1525,510.64,0.8
414.72,473.6975,510.64,0.8
414.72,474.743,510.64,0.8
414.72,480.6675,510.64,0.8
414.72,497.3955,510.64,0.8
640.0,484.8495,510.64,1.0
414.72,474.3945,510.64,0.8
640.0,475.44,510.64,1.0
414.72,469.864,510.64,0.8
414.72,465.682,510.64,0.8
414.72,469.5155,511.82,0.8
414.72,467.4245,511.82,0.8
414.72,482.41,511.82,0.8
414.72,464.288,511.82,0.8
414.72,489.38,511.82,0.8
414.72,483.4555,511.82,0.8
414.72,475.7885,511.82,0.8
414.72,475.44,511.82,0.8
414.72,469.5155,511.82,0.8
414.72,478.228,511.82,0.8
414.72,486.9405,511.82,0.8
414.72,468.1215,511.82,0.8
640.0,459.409,511.82,1.0
414.72,482.7585,511.82,0.8
640.0,478.925,511.82,1.0
414.72,463.591,511.82,0.8
640.0,467.773,511.82,1.0
414.72,466.379,511.82,0.8
640.0,467.773,511.82,1.0
414.72,471.955,511.82,0.8
640.0,472.652,511.82,1.0
414.72,468.47,511.82,0.8
414.72,467.4245,511.82,0.8
414.72,473.0005,511.82,0.8
414.72,477.1825,511.82,0.8
414.72,472.3035,511.82,0.8
414.72,487.6375,511.82,0.8
414.72,480.6675,511.82,0.8
414.72,458.712,511.82,0.8
414.72,481.016,511.82,0.8
414.72,481.713,511.82,0.8
414.72,470.9095,511.82,0.8
414.72,459.7575,511.82,0.8
414.72,475.44,511.82,0.8
414.72,475.44,511.82,0.8
640.0,463.591,511.82,1.0
414.72,460.106,511.82,0.8
414.72,474.3945,511.82,0.8
414.72,473.0005,511.82,0.8
414.72,470.9095,511.82,0.8
414.72,474.3945,511.82,0.8
414.72,463.9395,511.82,0.8
414.72,470.9095,511.82,0.8
414.72,481.016,511.82,0.8
640.0,471.955,511.82,1.0
414.72,458.015,511.82,0.8
640.0,470.561,511.82,1.0
414.72,464.288,511.82,0.8
414.72,478.228,511.82,0.8
640.0,478.925,511.82,1.0
414.72,458.015,511.82,0.8
414.72,483.4555,511.82,0.8
414.72,463.9395,511.82,0.8
414.72,491.8195,511.82,0.8
414.72,475.0915,511.82,0.8
414.72,462.5455,511.82,0.8
414.72,463.591,511.82,0.8
414.72,478.925,511.82,0.8
414.72,471.258,511.82,0.8
414.72,474.3945,511.82,0.8
414.72,492.168,511.82,0.8
414.72,468.1215,511.82,0.8
414.72,476.137,511.82,0.8
414.72,490.4255,511.82,0.8
414.72,478.228,511.82,0.8
414.72,458.712,511.82,0.8
414.72,480.6675,511.82,0.8
414.72,463.2425,511.82,0.8
414.72,490.077,511.82,0.8
414.72,466.7275,511.82,0.8
414.72,506.4565,511.82,0.8
640.0,490.774,511.82,1.0
414.72,467.076,511.82,0.8
414.72,475.7885,511.82,0.8
414.72,483.4555,511.82,0.8
414.72,483.804,530.73,0.8
414.72,479.9705,530.73,0.8
414.72,488.683,530.73,0.8
414.72,474.046,530.73,0.8
414.72,471.6065,530.73,0.8
414.72,471.955,530.73,0.8
414.72,484.501,530.73,0.8
414.72,479.2735,530.73,0.8
414.72,478.5765,530.73,0.8
414.72,483.804,530.73,0.8
640.0,453.833,530.73,1.0
414.72,478.5765,530.73,0.8
414.72,477.8795,530.73,0.8
414.72,492.865,530.73,0.8
640.0,459.409,530.73,1.0
414.72,491.8195,530.73,0.8
640.0,476.137,530.73,1.0
640.0,480.6675,530.73,1.0
640.0,492.865,530.73,1.0
414.72,481.3645,530.73,0.8
640.0,479.622,530.73,1.0
414.72,477.8795,530.73,0.8
640.0,470.2125,530.73,1.0
414.72,475.0915,530.73,0.8
414.72,468.1215,530.73,0.8
414.72,475.0915,530.73,0.8
414.72,451.045,530.73,0.8
414.72,479.9705,530.73,0.8
640.0,474.046,530.73,1.0
414.72,471.955,530.73,0.8
414.72,477.8795,530.73,0.8
640.0,460.4545,530.73,1.0
414.72,495.653,530.73,0.8
414.72,474.3945,530.73,0.8
414.72,474.046,530.73,0.8
414.72,465.3335,530.73,0.8
414.72,475.7885,530.73,0.8
414.72,490.077,530.73,0.8
640.0,486.2435,530.73,1.0
414.72,484.501,530.73,0.8
414.72,481.016,530.73,0.8
414.72,471.6065,530.73,0.8
640.0,460.106,530.73,1.0
414.72,473.349,530.73,0.8
414.72,473.0005,530.73,0.8
414.72,486.2435,530.73,0.8
414.72,478.5765,530.73,0.8
640.0,492.168,530.73,1.0
414.72,487.986,530.73,0.8
640.0,470.561,530.73,1.0
414.72,456.621,530.73,0.8
640.0,490.077,530.73,1.0
640.0,489.7285,530.73,1.0
640.0,461.1515,530.73,1.0
640.0,491.1225,530.73,1.0
640.0,479.2735,530.73,1.0
640.0,477.1825,530.73,1.0
640.0,492.168,530.73,1.0
640.0,489.38,530.73,1.0
640.0,482.41,530.73,1.0
640.0,480.319,530.73,1.0
640.0,481.713,530.73,1.0
640.0,471.258,530.73,1.0
640.0,474.743,530.73,1.0
640.0,466.0305,530.73,1.0
640.0,471.955,530.73,1.0
640.0,471.6065,530.73,1.0
640.0,468.8185,530.73,1.0
640.0,476.834,530.73,1.0
640.0,471.955,530.73,1.0
640.0,480.6675,530.73,1.0
640.0,458.3635,530.73,1.0
640.0,474.3945,530.73,1.0
640.0,476.834,530.73,1.0
640.0,472.3035,530.73,1.0
609.8400000000001,519.3256,535.46,1.4
640.0,549.2858,535.46,1.0
640.0,553.3482,535.46,1.0
640.0,551.317,535.46,1.0
640.0,559.4418000000001,535.46,1.0
640.0,546.7468,535.46,1.0
640.0,550.8092,535.46,1.0
640.0,546.239,535.46,1.0
640.0,554.3638000000001,535.46,1.0
640.0,519.8334000000001,535.46,1.0
640.0,529.9894,535.46,1.0
640.0,568.0744000000001,535.46,1.0
640.0,506.1228,535.46,1.0
640.0,541.6688,535.46,1.0
640.0,561.4730000000001,535.46,1.0
640.0,542.1766,535.46,1.0
640.0,537.6064,535.46,1.0
640.0,545.7312000000001,535.46,1.0
640.0,538.1142000000001,535.46,1.0
640.0,544.2078,535.46,1.0
640.0,533.0362,535.46,1.0
640.0,560.4574,535.46,1.0
640.0,565.5354000000001,535.46,1.0
640.0,541.6688,535.46,1.0
640.0,522.3724000000001,535.46,1.0
640.0,535.5752,535.46,1.0
640.0,540.6532000000001,535.46,1.0
640.0,551.317,535.46,1.0
640.0,528.466,535.46,1.0
640.0,532.0206000000001,535.46,1.0
640.0,551.317,535.46,1.0
640.0,557.9184,535.46,1.0
640.0,534.0518000000001,535.46,1.0
640.0,523.388,535.46,1.0
640.0,593.9722,535.46,1.0
640.0,555.3794,535.46,1.0
640.0,539.6376,535.46,1.0
640.0,556.9028000000001,535.46,1.0
640.0,541.6688,535.46,1.0
640.0,556.9028000000001,535.46,1.0
640.0,546.239,535.46,1.0
640.0,545.2234000000001,535.46,1.0
640.0,542.1766,535.46,1.0
640.0,521.8646,535.46,1.0
640.0,573.1524000000001,535.46,1.0
640.0,529.4816000000001,535.46,1.0
640.0,522.8802000000001,535.46,1.0
640.0,540.6532000000001,535.46,1.0
640.0,528.9738000000001,535.46,1.0
640.0,542.6844000000001,535.46,1.0
640.0,554.3638000000001,535.46,1.0
640.0,558.9340000000001,535.46,1.0
640.0,555.8872,535.46,1.0
640.0,539.1298,535.46,1.0
640.0,544.2078,535.46,1.0
640.0,549.7936000000001,535.46,1.0
640.0,516.7866,535.46,1.0
640.0,552.3326000000001,535.46,1.0
640.0,521.3568,535.46,1.0
640.0,574.6758000000001,535.46,1.0
640.0,537.6064,535.46,1.0
640.0,540.6532000000001,535.46,1.0
640.0,532.0206000000001,535.46,1.0
640.0,534.0518000000001,535.46,1.0
640.0,578.2304,535.46,1.0
640.0,557.9184,535.46,1.0
640.0,520.3412000000001,535.46,1.0
640.0,566.551,535.46,1.0
640.0,561.9808,535.46,1.0
640.0,539.6376,535.46,1.0
640.0,548.2702,535.46,1.0
640.0,543.7,535.46,1.0
640.0,573.6602,535.46,1.0
640.0,531.5128000000001,535.46,1.0
640.0,545.7312000000001,588.65,1.0
640.0,537.0986,588.65,1.0
640.0,521.8646,588.65,1.0
640.0,577.2148000000001,588.65,1.0
640.0,525.927,588.65,1.0
640.0,547.2546000000001,588.65,1.0
640.0,517.2944,588.65,1.0
640.0,537.6064,588.65,1.0
640.0,550.3014000000001,588.65,1.0
640.0,531.005,588.65,1.0
640.0,552.8404,588.65,1.0
640.0,539.6376,588.65,1.0
640.0,561.4730000000001,588.65,1.0
640.0,564.5198,588.65,1.0
640.0,534.5596,588.65,1.0
640.0,544.7156,588.65,1.0
640.0,546.7468,588.65,1.0
640.0,553.3482,588.65,1.0
640.0,543.7,588.65,1.0
640.0,546.7468,588.65,1.0
640.0,540.1454,588.65,1.0
640.0,545.2234000000001,588.65,1.0
640.0,563.5042000000001,588.65,1.0
640.0,553.3482,588.65,1.0
640.0,554.3638000000001,588.65,1.0
640.0,554.8716000000001,588.65,1.0
640.0,541.1610000000001,588.65,1.0
640.0,548.778,588.65,1.0
640.0,526.9426000000001,588.65,1.0
640.0,562.9964,588.65,1.0
640.0,501.5526,588.65,1.0
640.0,542.1766,588.65,1.0
640.0,560.9652000000001,588.65,1.0
640.0,522.8802000000001,588.65,1.0
640.0,549.7936000000001,588.65,1.0
640.0,533.5440000000001,588.65,1.0
640.0,538.1142000000001,588.65,1.0
640.0,557.9184,588.65,1.0
640.0,546.7468,588.65,1.0
640.0,512.7242,588.65,1.0
640.0,528.9738000000001,588.65,1.0
640.0,558.4262,588.65,1.0
640.0,550.3014000000001,588.65,1.0
640.0,570.1056000000001,588.65,1.0
640.0,569.09,588.65,1.0
640.0,538.6220000000001,588.65,1.0
640.0,581.7850000000001,588.65,1.0
640.0,544.2078,588.65,1.0
640.0,528.9738000000001,588.65,1.0
640.0,534.0518000000001,588.65,1.0
640.0,509.16960000000006,588.65,1.0
640.0,568.0744000000001,588.65,1.0
640.0,568.0744000000001,588.65,1.0
640.0,528.466,588.65,1.0
640.0,540.1454,588.65,1.0
640.0,545.2234000000001,588.65,1.0
640.0,528.9738000000001,588.65,1.0
640.0,516.7866,588.65,1.0
640.0,540.6532000000001,588.65,1.0
640.0,538.6220000000001,588.65,1.0
640.0,537.6064,588.65,1.0
640.0,547.2546000000001,588.65,1.0
640.0,565.5354000000001,588.65,1.0
640.0,539.1298,588.65,1.0
640.0,546.239,588.65,1.0
640.0,554.8716000000001,588.65,1.0
640.0,552.3326000000001,588.65,1.0
640.0,534.5596,588.65,1.0
640.0,545.2234000000001,588.65,1.0
640.0,551.8248000000001,588.65,1.0
640.0,526.4348,588.65,1.0
640.0,562.9964,588.65,1.0
640.0,565.5354000000001,588.65,1.0
640.0,532.5284,588.65,1.0
640.0,546.7468,588.65,1.0
640.0,553.3482,507.09,1.0
640.0,535.5752,507.09,1.0
640.0,550.8092,507.09,1.0
640.0,546.239,507.09,1.0
640.0,521.3568,507.09,1.0
640.0,550.8092,507.09,1.0
640.0,526.9426000000001,507.09,1.0
640.0,557.9184,507.09,1.0
640.0,533.5440000000001,507.09,1.0
640.0,541.1610000000001,507.09,1.0
640.0,564.5198,507.09,1.0
640.0,551.317,507.09,1.0
640.0,527.4504000000001,507.09,1.0
640.0,528.466,507.09,1.0
640.0,534.5596,507.09,1.0
640.0,549.7936000000001,507.09,1.0
640.0,549.2858,507.09,1.0
640.0,531.005,507.09,1.0
640.0,525.927,507.09,1.0
640.0,547.7624000000001,507.09,1.0
640.0,541.1610000000001,507.09,1.0
640.0,576.7070000000001,507.09,1.0
640.0,544.2078,507.09,1.0
640.0,571.1212,507.09,1.0
640.0,525.927,507.09,1.0
640.0,519.8334000000001,507.09,1.0
640.0,526.4348,507.09,1.0
640.0,561.9808,507.09,1.0
640.0,570.6134000000001,507.09,1.0
640.0,532.0206000000001,507.09,1.0
640.0,536.5908000000001,507.09,1.0
640.0,525.927,507.09,1.0
640.0,516.2788,507.09,1.0
640.0,554.8716000000001,507.09,1.0
640.0,547.2546000000001,507.09,1.0
640.0,543.7,507.09,1.0
640.0,522.3724000000001,507.09,1.0
640.0,568.5822000000001,507.09,1.0
640.0,536.0830000000001,507.09,1.0
640.0,551.8248000000001,507.09,1.0
640.0,521.3568,507.09,1.0
640.0,540.6532000000001,507.09,1.0
640.0,548.2702,507.09,1.0
640.0,548.778,507.09,1.0
640.0,546.239,507.09,1.0
640.0,551.317,507.09,1.0
640.0,526.4348,507.09,1.0
640.0,546.7468,507.09,1.0
640.0,545.2234000000001,507.09,1.0
640.0,547.2546000000001,507.09,1.0
640.0,544.7156,507.09,1.0
640.0,524.4036000000001,507.09,1.0
640.0,523.388,507.09,1.0
640.0,510.18520000000007,507.09,1.0
640.0,556.3950000000001,507.09,1.0
640.0,556.3950000000001,507.09,1.0
640.0,556.3950000000001,507.09,1.0
640.0,548.2702,507.09,1.0
640.0,511.2008000000001,507.09,1.0
640.0,527.9582,507.09,1.0
640.0,546.239,507.09,1.0
640.0,545.7312000000001,507.09,1.0
640.0,540.1454,507.09,1.0
640.0,549.2858,507.09,1.0
640.0,543.7,507.09,1.0
640.0,545.7312000000001,507.09,1.0
640.0,534.0518000000001,507.09,1.0
640.0,558.4262,507.09,1.0
640.0,537.0986,507.09,1.0
640.0,523.388,507.09,1.0
640.0,532.0206000000001,507.09,1.0
640.0,538.6220000000001,507.09,1.0
640.0,558.9340000000001,507.09,1.0
640.0,543.1922000000001,507.09,1.0
640.0,540.6532000000001,507.09,1.0
609.8400000000001,682.966,527.19,1.4
640.0,656.61,527.19,1.0
640.0,666.793,527.19,1.0
640.0,694.946,527.19,1.0
640.0,677.575,527.19,1.0
640.0,639.239,527.19,1.0
640.0,636.8430000000001,527.19,1.0
640.0,667.392,527.19,1.0
640.0,647.0260000000001,527.19,1.0
640.0,679.971,527.19,1.0
640.0,669.1890000000001,527.19,1.0
640.0,671.585,527.19,1.0
640.0,656.0110000000001,527.19,1.0
640.0,699.738,527.19,1.0
640.0,719.505,527.19,1.0
640.0,663.798,527.19,1.0
640.0,675.1790000000001,527.19,1.0
640.0,670.3870000000001,527.19,1.0
640.0,663.798,527.19,1.0
640.0,653.615,527.19,1.0
640.0,648.823,527.19,1.0
640.0,648.224,527.19,1.0
640.0,675.778,527.19,1.0
640.0,659.0060000000001,527.19,1.0
640.0,622.467,527.19,1.0
640.0,676.3770000000001,527.19,1.0
640.0,667.991,527.19,1.0
640.0,692.5500000000001,527.19,1.0
640.0,675.1790000000001,527.19,1.0
640.0,642.234,527.19,1.0
640.0,628.457,527.19,1.0
640.0,655.412,527.19,1.0
640.0,657.2090000000001,527.19,1.0
640.0,685.3620000000001,527.19,1.0
640.0,668.59,527.19,1.0
640.0,688.956,527.19,1.0
640.0,644.63,527.19,1.0
640.0,685.961,527.19,1.0
640.0,681.768,527.19,1.0
640.0,632.051,527.19,1.0
640.0,692.5500000000001,527.19,1.0
640.0,670.3870000000001,527.19,1.0
640.0,675.778,527.19,1.0
640.0,653.0160000000001,527.19,1.0
640.0,691.3520000000001,527.19,1.0
640.0,647.0260000000001,527.19,1.0
640.0,683.565,527.19,1.0
640.0,683.565,527.19,1.0
640.0,651.219,527.19,1.0
640.0,704.53,527.19,1.0
640.0,672.783,527.19,1.0
640.0,680.57,527.19,1.0
640.0,641.0360000000001,527.19,1.0
640.0,706.926,527.19,1.0
640.0,646.427,527.19,1.0
640.0,687.159,527.19,1.0
640.0,650.62,527.19,1.0
640.0,657.2090000000001,527.19,1.0
640.0,682.966,527.19,1.0
640.0,687.159,527.19,1.0
640.0,645.828,527.19,1.0
640.0,688.3570000000001,527.19,1.0
640.0,687.159,527.19,1.0
640.0,651.818,527.19,1.0
640.0,697.342,527.19,1.0
640.0,642.234,527.19,1.0
640.0,657.2090000000001,527.19,1.0
640.0,676.976,527.19,1.0
640.0,653.0160000000001,527.19,1.0
640.0,673.3820000000001,527.19,1.0
640.0,672.783,527.19,1.0
640.0,664.996,527.19,1.0
640.0,683.565,527.19,1.0
640.0,664.397,527.19,1.0
640.0,672.783,695.04,1.0
640.0,688.956,695.04,1.0
640.0,682.966,695.04,1.0
640.0,682.966,695.04,1.0
640.0,648.224,695.04,1.0
640.0,678.174,695.04,1.0
640.0,653.0160000000001,695.04,1.0
640.0,645.828,695.04,1.0
640.0,667.392,695.04,1.0
640.0,652.417,695.04,1.0
640.0,682.966,695.04,1.0
640.0,682.966,695.04,1.0
640.0,634.447,695.04,1.0
640.0,653.615,695.04,1.0
640.0,642.234,695.04,1.0
640.0,660.2040000000001,695.04,1.0
640.0,676.976,695.04,1.0
640.0,664.397,695.04,1.0
640.0,657.808,695.04,1.0
640.0,691.951,695.04,1.0
640.0,627.259,695.04,1.0
640.0,690.753,695.04,1.0
640.0,659.0060000000001,695.04,1.0
640.0,667.392,695.04,1.0
640.0,659.0060000000001,695.04,1.0
640.0,696.144,695.04,1.0
640.0,646.427,695.04,1.0
640.0,668.59,695.04,1.0
640.0,678.174,695.04,1.0
640.0,639.8380000000001,695.04,1.0
640.0,651.818,695.04,1.0
640.0,666.1940000000001,695.04,1.0
640.0,652.417,695.04,1.0
640.0,654.214,695.04,1.0
640.0,662.6,695.04,1.0
640.0,679.971,695.04,1.0
640.0,662.6,695.04,1.0
640.0,687.758,695.04,1.0
640.0,650.62,695.04,1.0
640.0,645.828,695.04,1.0
640.0,703.332,695.04,1.0
640.0,656.61,695.04,1.0
640.0,645.229,695.04,1.0
640.0,637.442,695.04,1.0
640.0,687.758,695.04,1.0
640.0,662.6,695.04,1.0
640.0,663.798,695.04,1.0
640.0,665.595,695.04,1.0
640.0,686.5600000000001,695.04,1.0
640.0,665.595,695.04,1.0
640.0,710.52,695.04,1.0
640.0,670.986,695.04,1.0
640.0,687.758,695.04,1.0
640.0,682.966,695.04,1.0
640.0,667.991,695.04,1.0
640.0,657.808,695.04,1.0
640.0,674.58,695.04,1.0
640.0,677.575,695.04,1.0
640.0,658.407,695.04,1.0
640.0,671.585,695.04,1.0
640.0,690.753,695.04,1.0
640.0,705.7280000000001,695.04,1.0
640.0,684.164,695.04,1.0
640.0,702.134,695.04,1.0
640.0,657.2090000000001,695.04,1.0
640.0,681.169,695.04,1.0
640.0,692.5500000000001,695.04,1.0
640.0,652.417,695.04,1.0
640.0,659.605,695.04,1.0
640.0,699.738,695.04,1.0
640.0,651.219,695.04,1.0
640.0,644.63,695.04,1.0
640.0,696.144,695.04,1.0
640.0,690.154,695.04,1.0
640.0,676.3770000000001,695.04,1.0
640.0,667.991,777.78,1.0
640.0,660.803,777.78,1.0
640.0,673.3820000000001,777.78,1.0
640.0,696.743,777.78,1.0
640.0,672.783,777.78,1.0
640.0,707.5250000000001,777.78,1.0
640.0,652.417,777.78,1.0
640.0,667.991,777.78,1.0
640.0,662.001,777.78,1.0
640.0,648.823,777.78,1.0
640.0,665.595,777.78,1.0
640.0,676.3770000000001,777.78,1.0
640.0,678.174,777.78,1.0
640.0,707.5250000000001,777.78,1.0
640.0,676.976,777.78,1.0
640.0,689.5550000000001,777.78,1.0
640.0,669.788,777.78,1.0
640.0,698.5400000000001,777.78,1.0
640.0,711.7180000000001,777.78,1.0
640.0,678.174,777.78,1.0
640.0,650.62,777.78,1.0
640.0,659.0060000000001,777.78,1.0
640.0,673.3820000000001,777.78,1.0
640.0,676.976,777.78,1.0
640.0,681.169,777.78,1.0
640.0,676.976,777.78,1.0
640.0,668.59,777.78,1.0
640.0,657.2090000000001,777.78,1.0
640.0,675.778,777.78,1.0
640.0,702.134,777.78,1.0
640.0,687.159,777.78,1.0
640.0,678.174,777.78,1.0
640.0,687.159,777.78,1.0
640.0,662.001,777.78,1.0
640.0,659.605,777.78,1.0
640.0,655.412,777.78,1.0
640.0,666.1940000000001,777.78,1.0
640.0,660.803,777.78,1.0
640.0,690.154,777.78,1.0
640.0,660.2040000000001,777.78,1.0
640.0,654.214,777.78,1.0
640.0,703.332,777.78,1.0
640.0,660.2040000000001,777.78,1.0
640.0,671.585,777.78,1.0
640.0,676.976,777.78,1.0
640.0,648.224,777.78,1.0
640.0,690.753,777.78,1.0
640.0,679.971,777.78,1.0
640.0,696.743,777.78,1.0
640.0,656.61,777.78,1.0
640.0,670.3870000000001,777.78,1.0
640.0,669.1890000000001,777.78,1.0
640.0,673.3820000000001,777.78,1.0
640.0,642.234,777.78,1.0
640.0,670.3870000000001,777.78,1.0
640.0,642.8330000000001,777.78,1.0
640.0,675.1790000000001,777.78,1.0
640.0,630.254,777.78,1.0
640.0,635.046,777.78,1.0
640.0,683.565,777.78,1.0
640.0,659.0060000000001,777.78,1.0
640.0,650.62,777.78,1.0
640.0,691.3520000000001,777.78,1.0
846.7200000000001,674.58,777.78,1.2
846.7200000000001,684.164,777.78,1.2
846.7200000000001,665.595,777.78,1.2
846.7200000000001,716.51,777.78,1.2
846.7200000000001,657.808,777.78,1.2
640.0,699.738,777.78,1.0
846.7200000000001,667.392,777.78,1.2
846.7200000000001,638.64,777.78,1.2
640.0,676.976,777.78,1.0
640.0,673.981,777.78,1.0
640.0,649.422,777.78,1.0
640.0,651.818,777.78,1.0
609.8400000000001,618.878,500.0,1.4
640.0,559.0868,500.0,1.0
640.0,634.5376,500.0,1.0
640.0,601.083,500.0,1.0
640.0,583.288,500.0,1.0
640.0,631.6904,500.0,1.0
640.0,611.0482,500.0,1.0
640.0,637.3848,500.0,1.0
640.0,621.0134,500.0,1.0
640.0,611.76,500.0,1.0
640.0,608.201,500.0,1.0
640.0,621.7252,500.0,1.0
640.0,603.2184,500.0,1.0
640.0,593.2532,500.0,1.0
640.0,624.5724,500.0,1.0
640.0,608.9128,500.0,1.0
640.0,612.4718,500.0,1.0
640.0,635.2494,500.0,1.0
640.0,609.6246,500.0,1.0
640.0,611.76,500.0,1.0
640.0,598.9476,500.0,1.0
640.0,621.0134,500.0,1.0
640.0,618.878,500.0,1.0
640.0,630.9786,500.0,1.0
640.0,599.6594,500.0,1.0
640.0,601.7948,500.0,1.0
640.0,628.8432,500.0,1.0
640.0,617.4544,500.0,1.0
640.0,592.5414,500.0,1.0
640.0,639.5202,500.0,1.0
640.0,575.4582,500.0,1.0
640.0,628.8432,500.0,1.0
640.0,584.7116,500.0,1.0
640.0,652.3326,500.0,1.0
640.0,579.0172,500.0,1.0
640.0,636.673,500.0,1.0
640.0,610.3364,500.0,1.0
640.0,603.9302,500.0,1.0
640.0,616.0308,500.0,1.0
640.0,625.2841999999999,500.0,1.0
640.0,592.5414,500.0,1.0
640.0,594.6768,500.0,1.0
640.0,625.2841999999999,500.0,1.0
640.0,575.4582,500.0,1.0
640.0,598.9476,500.0,1.0
640.0,676.5338,500.0,1.0
640.0,591.1178,500.0,1.0
640.0,635.9612,500.0,1.0
640.0,598.9476,500.0,1.0
640.0,622.437,500.0,1.0
640.0,625.996,500.0,1.0
640.0,635.9612,500.0,1.0
640.0,607.4892,500.0,1.0
640.0,654.468,500.0,1.0
640.0,598.9476,500.0,1.0
640.0,616.7426,500.0,1.0
640.0,616.7426,500.0,1.0
640.0,587.5588,500.0,1.0
640.0,605.3538,500.0,1.0
640.0,615.319,500.0,1.0
640.0,602.5065999999999,500.0,1.0
640.0,663.7214,500.0,1.0
640.0,593.965,500.0,1.0
640.0,636.673,500.0,1.0
640.0,630.2668,500.0,1.0
640.0,611.76,500.0,1.0
640.0,593.2532,500.0,1.0
640.0,595.3886,500.0,1.0
640.0,600.3712,500.0,1.0
640.0,573.3228,500.0,1.0
640.0,590.406,500.0,1.0
640.0,580.4408,500.0,1.0
640.0,640.232,500.0,1.0
640.0,625.2841999999999,500.0,1.0
640.0,628.8432,553.19,1.0
640.0,624.5724,553.19,1.0
640.0,615.319,553.19,1.0
640.0,643.0792,553.19,1.0
640.0,598.9476,553.19,1.0
640.0,613.8954,553.19,1.0
640.0,627.4196,553.19,1.0
640.0,583.288,553.19,1.0
640.0,677.9574,553.19,1.0
640.0,612.4718,553.19,1.0
640.0,614.6072,553.19,1.0
640.0,638.8084,553.19,1.0
640.0,630.9786,553.19,1.0
640.0,612.4718,553.19,1.0
640.0,614.6072,553.19,1.0
640.0,579.729,553.19,1.0
640.0,599.6594,553.19,1.0
640.0,623.1487999999999,553.19,1.0
640.0,621.0134,553.19,1.0
640.0,638.0966,553.19,1.0
640.0,608.9128,553.19,1.0
640.0,581.8643999999999,553.19,1.0
640.0,634.5376,553.19,1.0
640.0,642.3674,553.19,1.0
640.0,630.9786,553.19,1.0
640.0,608.201,553.19,1.0
640.0,633.8258,553.19,1.0
640.0,682.94,553.19,1.0
640.0,613.8954,553.19,1.0
640.0,583.9997999999999,553.19,1.0
640.0,598.9476,553.19,1.0
640.0,625.2841999999999,553.19,1.0
640.0,577.5936,553.19,1.0
640.0,615.319,553.19,1.0
640.0,619.5898,553.19,1.0
640.0,644.5028,553.19,1.0
640.0,639.5202,553.19,1.0
640.0,630.2668,553.19,1.0
640.0,565.4929999999999,553.19,1.0
640.0,631.6904,553.19,1.0
640.0,626.7078,553.19,1.0
640.0,617.4544,553.19,1.0
640.0,574.7464,553.19,1.0
640.0,595.3886,553.19,1.0
640.0,586.847,553.19,1.0
640.0,569.052,553.19,1.0
640.0,611.76,553.19,1.0
640.0,594.6768,553.19,1.0
640.0,667.9922,553.19,1.0
640.0,608.201,553.19,1.0
640.0,639.5202,553.19,1.0
640.0,578.3054,553.19,1.0
640.0,600.3712,553.19,1.0
640.0,613.8954,553.19,1.0
640.0,592.5414,553.19,1.0
640.0,602.5065999999999,553.19,1.0
640.0,606.7774,553.19,1.0
640.0,606.7774,553.19,1.0
640.0,651.6208,553.19,1.0
640.0,619.5898,553.19,1.0
640.0,621.7252,553.19,1.0
640.0,623.1487999999999,553.19,1.0
640.0,624.5724,553.19,1.0
640.0,610.3364,553.19,1.0
640.0,604.6419999999999,553.19,1.0
640.0,615.319,553.19,1.0
640.0,636.673,553.19,1.0
640.0,635.9612,553.19,1.0
640.0,606.7774,553.19,1.0
640.0,628.1314,553.19,1.0
640.0,607.4892,553.19,1.0
640.0,612.4718,553.19,1.0
640.0,601.7948,553.19,1.0
640.0,608.201,553.19,1.0
640.0,640.232,553.19,1.0
640.0,613.8954,860.52,1.0
640.0,614.6072,860.52,1.0
640.0,581.1526,860.52,1.0
640.0,605.3538,860.52,1.0
640.0,606.7774,860.52,1.0
640.0,593.965,860.52,1.0
640.0,612.4718,860.52,1.0
640.0,602.5065999999999,860.52,1.0
640.0,613.1836,860.52,1.0
640.0,614.6072,860.52,1.0
640.0,591.1178,860.52,1.0
640.0,603.2184,860.52,1.0
640.0,613.1836,860.52,1.0
846.7200000000001,637.3848,860.52,1.2
846.7200000000001,617.4544,860.52,1.2
846.7200000000001,597.524,860.52,1.2
846.7200000000001,620.3016,860.52,1.2
846.7200000000001,648.0618,860.52,1.2
846.7200000000001,631.6904,860.52,1.2
846.7200000000001,623.1487999999999,860.52,1.2
846.7200000000001,627.4196,860.52,1.2
846.7200000000001,642.3674,860.52,1.2
846.7200000000001,634.5376,860.52,1.2
846.7200000000001,623.8606,860.52,1.2
846.7200000000001,634.5376,860.52,1.2
846.7200000000001,588.9824,860.52,1.2
846.7200000000001,579.729,860.52,1.2
846.7200000000001,615.319,860.52,1.2
846.7200000000001,613.1836,860.52,1.2
846.7200000000001,600.3712,860.52,1.2
846.7200000000001,629.555,860.52,1.2
846.7200000000001,571.8992,860.52,1.2
846.7200000000001,600.3712,860.52,1.2
846.7200000000001,601.083,860.52,1.2
846.7200000000001,576.8818,860.52,1.2
846.7200000000001,643.7909999999999,860.52,1.2
846.7200000000001,582.5762,860.52,1.2
846.7200000000001,598.9476,860.52,1.2
846.7200000000001,630.9786,860.52,1.2
846.7200000000001,625.2841999999999,860.52,1.2
846.7200000000001,588.2706,860.52,1.2
846.7200000000001,625.996,860.52,1.2
846.7200000000001,618.1662,860.52,1.2
846.7200000000001,661.586,860.52,1.2
846.7200000000001,620.3016,860.52,1.2
846.7200000000001,608.9128,860.52,1.2
846.7200000000001,593.2532,860.52,1.2
846.7200000000001,596.1004,860.52,1.2
846.7200000000001,593.965,860.52,1.2
846.7200000000001,640.9438,860.52,1.2
846.7200000000001,612.4718,860.52,1.2
846.7200000000001,623.8606,860.52,1.2
846.7200000000001,643.7909999999999,860.52,1.2
846.7200000000001,561.2221999999999,860.52,1.2
846.7200000000001,638.8084,860.52,1.2
846.7200000000001,613.1836,860.52,1.2
846.7200000000001,621.0134,860.52,1.2
846.7200000000001,593.965,860.52,1.2
846.7200000000001,595.3886,860.52,1.2
846.7200000000001,622.437,860.52,1.2
846.7200000000001,663.0096,860.52,1.2
846.7200000000001,633.114,860.52,1.2
846.7200000000001,638.8084,860.52,1.2
846.7200000000001,607.4892,860.52,1.2
846.7200000000001,598.9476,860.52,1.2
846.7200000000001,595.3886,860.52,1.2
846.7200000000001,601.083,860.52,1.2
846.7200000000001,567.6283999999999,860.52,1.2
846.7200000000001,596.1004,860.52,1.2
846.7200000000001,599.6594,860.52,1.2
846.7200000000001,608.201,860.52,1.2
846.7200000000001,614.6072,860.52,1.2
846.7200000000001,619.5898,860.52,1.2
846.7200000000001,611.76,860.52,1.2
846.7200000000001,599.6594,860.52,1.2
933.12,561.4645,910.17,1.8
640.0,552.2065,910.17,1.0
640.0,585.3810000000001,910.17,1.0
640.0,595.4105000000001,910.17,1.0
640.0,596.182,910.17,1.0
640.0,592.3245000000001,910.17,1.0
640.0,571.494,910.17,1.0
640.0,562.236,910.17,1.0
640.0,557.6070000000001,910.17,1.0
640.0,539.8625000000001,910.17,1.0
640.0,597.725,910.17,1.0
846.7200000000001,570.7225000000001,910.17,1.2
846.7200000000001,546.0345000000001,910.17,1.2
846.7200000000001,555.2925,910.17,1.2
846.7200000000001,554.5210000000001,910.17,1.2
846.7200000000001,575.3515,910.17,1.2
846.7200000000001,599.268,910.17,1.2
846.7200000000001,566.865,910.17,1.2
846.7200000000001,522.118,910.17,1.2
846.7200000000001,569.951,910.17,1.2
846.7200000000001,570.7225000000001,910.17,1.2
846.7200000000001,569.1795000000001,910.17,1.2
846.7200000000001,559.9215,910.17,1.2
846.7200000000001,579.9805,910.17,1.2
846.7200000000001,576.123,910.17,1.2
846.7200000000001,573.8085000000001,910.17,1.2
846.7200000000001,583.8380000000001,910.17,1.2
846.7200000000001,564.5505,910.17,1.2
846.7200000000001,563.0075,910.17,1.2
846.7200000000001,606.2115,910.17,1.2
846.7200000000001,587.6955,910.17,1.2
846.7200000000001,593.8675000000001,910.17,1.2
846.7200000000001,603.1255,910.17,1.2
846.7200000000001,586.9240000000001,910.17,1.2
846.7200000000001,596.182,910.17,1.2
846.7200000000001,538.3195000000001,910.17,1.2
846.7200000000001,579.2090000000001,910.17,1.2
846.7200000000001,570.7225000000001,910.17,1.2
846.7200000000001,613.1550000000001,910.17,1.2
846.7200000000001,596.182,910.17,1.2
846.7200000000001,559.9215,910.17,1.2
846.7200000000001,583.0665,910.17,1.2
846.7200000000001,578.4375,910.17,1.2
846.7200000000001,585.3810000000001,910.17,1.2
846.7200000000001,550.6635,910.17,1.2
846.7200000000001,583.0665,910.17,1.2
846.7200000000001,569.1795000000001,910.17,1.2
846.7200000000001,580.7520000000001,910.17,1.2
846.7200000000001,557.6070000000001,910.17,1.2
846.7200000000001,560.693,910.17,1.2
846.7200000000001,601.5825000000001,910.17,1.2
846.7200000000001,549.892,910.17,1.2
846.7200000000001,552.2065,910.17,1.2
846.7200000000001,573.037,910.17,1.2
846.7200000000001,556.8355,910.17,1.2
846.7200000000001,553.7495,910.17,1.2
846.7200000000001,576.8945,910.17,1.2
846.7200000000001,539.8625000000001,910.17,1.2
414.72,551.4350000000001,910.17,0.8
640.0,622.413,910.17,1.0
846.7200000000001,585.3810000000001,910.17,1.2
846.7200000000001,557.6070000000001,910.17,1.2
846.7200000000001,584.6095,910.17,1.2
846.7200000000001,587.6955,910.17,1.2
846.7200000000001,597.725,910.17,1.2
846.7200000000001,571.494,910.17,1.2
846.7200000000001,596.9535000000001,910.17,1.2
846.7200000000001,527.5185,910.17,1.2
414.72,549.892,910.17,0.8
640.0,578.4375,910.17,1.0
846.7200000000001,582.2950000000001,910.17,1.2
846.7200000000001,553.7495,910.17,1.2
414.72,580.7520000000001,910.17,0.8
846.7200000000001,559.9215,910.17,1.2
414.72,568.408,548.46,0.8
640.0,598.4965000000001,548.46,1.0
640.0,595.4105000000001,548.46,1.0
640.0,551.4350000000001,548.46,1.0
640.0,549.892,548.46,1.0
640.0,565.322,548.46,1.0
640.0,573.8085000000001,548.46,1.0
640.0,559.1500000000001,548.46,1.0
640.0,598.4965000000001,548.46,1.0
640.0,582.2950000000001,548.46,1.0
640.0,583.8380000000001,548.46,1.0
640.0,545.263,548.46,1.0
640.0,601.5825000000001,548.46,1.0
640.0,509.00250000000005,548.46,1.0
640.0,593.8675000000001,548.46,1.0
640.0,596.182,548.46,1.0
640.0,564.5505,548.46,1.0
640.0,603.897,548.46,1.0
640.0,573.037,548.46,1.0
640.0,576.123,548.46,1.0
640.0,582.2950000000001,548.46,1.0
640.0,648.644,548.46,1.0
640.0,605.44,548.46,1.0
640.0,590.7815,548.46,1.0
640.0,553.7495,548.46,1.0
640.0,577.666,548.46,1.0
640.0,556.0640000000001,548.46,1.0
640.0,593.8675000000001,548.46,1.0
640.0,577.666,548.46,1.0
640.0,548.349,548.46,1.0
640.0,576.123,548.46,1.0
640.0,555.2925,548.46,1.0
640.0,578.4375,548.46,1.0
640.0,554.5210000000001,548.46,1.0
640.0,575.3515,548.46,1.0
640.0,592.3245000000001,548.46,1.0
640.0,573.037,548.46,1.0
640.0,565.322,548.46,1.0
640.0,579.2090000000001,548.46,1.0
640.0,590.7815,548.46,1.0
640.0,549.1205,548.46,1.0
640.0,580.7520000000001,548.46,1.0
640.0,605.44,548.46,1.0
640.0,587.6955,548.46,1.0
640.0,576.123,548.46,1.0
640.0,589.2385,548.46,1.0
640.0,585.3810000000001,548.46,1.0
640.0,592.3245000000001,548.46,1.0
640.0,527.5185,548.46,1.0
640.0,538.3195000000001,548.46,1.0
640.0,597.725,548.46,1.0
640.0,539.8625000000001,548.46,1.0
640.0,583.8380000000001,548.46,1.0
640.0,566.0935000000001,548.46,1.0
640.0,551.4350000000001,548.46,1.0
640.0,582.2950000000001,548.46,1.0
640.0,579.2090000000001,548.46,1.0
640.0,623.1845000000001,548.46,1.0
640.0,559.9215,548.46,1.0
640.0,607.7545,548.46,1.0
640.0,583.0665,548.46,1.0
640.0,559.1500000000001,548.46,1.0
640.0,593.096,548.46,1.0
640.0,587.6955,548.46,1.0
640.0,575.3515,548.46,1.0
640.0,580.7520000000001,548.46,1.0
640.0,560.693,548.46,1.0
640.0,555.2925,548.46,1.0
640.0,592.3245000000001,548.46,1.0
640.0,569.1795000000001,548.46,1.0
640.0,573.037,548.46,1.0
640.0,580.7520000000001,548.46,1.0
640.0,580.7520000000001,548.46,1.0
640.0,541.4055000000001,548.46,1.0
640.0,604.6685,548.46,1.0
640.0,577.666,580.38,1.0
640.0,569.951,580.38,1.0
640.0,584.6095,580.38,1.0
640.0,579.9805,580.38,1.0
640.0,592.3245000000001,580.38,1.0
640.0,586.9240000000001,580.38,1.0
640.0,591.553,580.38,1.0
640.0,606.2115,580.38,1.0
640.0,595.4105000000001,580.38,1.0
640.0,570.7225000000001,580.38,1.0
640.0,548.349,580.38,1.0
640.0,613.1550000000001,580.38,1.0
640.0,569.1795000000001,580.38,1.0
640.0,563.779,580.38,1.0
640.0,534.462,580.38,1.0
640.0,582.2950000000001,580.38,1.0
640.0,577.666,580.38,1.0
640.0,539.8625000000001,580.38,1.0
640.0,585.3810000000001,580.38,1.0
640.0,563.0075,580.38,1.0
640.0,637.0715,580.38,1.0
640.0,561.4645,580.38,1.0
640.0,564.5505,580.38,1.0
640.0,554.5210000000001,580.38,1.0
640.0,603.897,580.38,1.0
640.0,566.0935000000001,580.38,1.0
640.0,557.6070000000001,580.38,1.0
640.0,590.7815,580.38,1.0
640.0,542.9485000000001,580.38,1.0
640.0,589.2385,580.38,1.0
640.0,615.4695,580.38,1.0
640.0,587.6955,580.38,1.0
640.0,589.2385,580.38,1.0
640.0,594.639,580.38,1.0
640.0,613.9265,580.38,1.0
640.0,602.354,580.38,1.0
640.0,584.6095,580.38,1.0
640.0,595.4105000000001,580.38,1.0
640.0,553.7495,580.38,1.0
640.0,592.3245000000001,580.38,1.0
640.0,551.4350000000001,580.38,1.0
640.0,566.0935000000001,580.38,1.0
640.0,503.602,580.38,1.0
640.0,583.8380000000001,580.38,1.0
640.0,559.9215,580.38,1.0
640.0,600.0395000000001,580.38,1.0
640.0,583.8380000000001,580.38,1.0
640.0,600.811,580.38,1.0
640.0,549.1205,580.38,1.0
640.0,598.4965000000001,580.38,1.0
640.0,623.1845000000001,580.38,1.0
640.0,592.3245000000001,580.38,1.0
640.0,593.096,580.38,1.0
640.0,578.4375,580.38,1.0
640.0,562.236,580.38,1.0
640.0,592.3245000000001,580.38,1.0
640.0,539.8625000000001,580.38,1.0
640.0,564.5505,580.38,1.0
640.0,533.6905,580.38,1.0
640.0,558.3785,580.38,1.0
640.0,589.2385,580.38,1.0
640.0,586.1525,580.38,1.0
640.0,576.123,580.38,1.0
640.0,578.4375,580.38,1.0
640.0,530.6045,580.38,1.0
640.0,566.0935000000001,580.38,1.0
640.0,559.1500000000001,580.38,1.0
640.0,559.1500000000001,580.38,1.0
640.0,588.4670000000001,580.38,1.0
640.0,554.5210000000001,580.38,1.0
640.0,560.693,580.38,1.0
640.0,525.9755,580.38,1.0
640.0,567.6365000000001,580.38,1.0
640.0,549.1205,580.38,1.0
640.0,576.123,580.38,1.0
609.8400000000001,730.413,899.53,1.4
846.7200000000001,727.396,899.53,1.2
640.0,750.67,899.53,1.0
846.7200000000001,735.585,899.53,1.2
846.7200000000001,705.415,899.53,1.2
846.7200000000001,712.742,899.53,1.2
846.7200000000001,729.982,899.53,1.2
846.7200000000001,717.052,899.53,1.2
846.7200000000001,690.761,899.53,1.2
846.7200000000001,746.36,899.53,1.2
846.7200000000001,738.602,899.53,1.2
846.7200000000001,736.016,899.53,1.2
846.7200000000001,721.362,899.53,1.2
846.7200000000001,734.723,899.53,1.2
846.7200000000001,720.069,899.53,1.2
846.7200000000001,731.706,899.53,1.2
846.7200000000001,717.052,899.53,1.2
846.7200000000001,748.515,899.53,1.2
846.7200000000001,708.863,899.53,1.2
846.7200000000001,745.067,899.53,1.2
846.7200000000001,729.551,899.53,1.2
846.7200000000001,722.655,899.53,1.2
846.7200000000001,731.275,899.53,1.2
846.7200000000001,738.602,899.53,1.2
846.7200000000001,746.791,899.53,1.2
846.7200000000001,732.999,899.53,1.2
846.7200000000001,717.483,899.53,1.2
846.7200000000001,729.982,899.53,1.2
846.7200000000001,752.825,899.53,1.2
846.7200000000001,746.36,899.53,1.2
846.7200000000001,740.7570000000001,899.53,1.2
846.7200000000001,739.464,899.53,1.2
846.7200000000001,738.171,899.53,1.2
846.7200000000001,744.205,899.53,1.2
846.7200000000001,723.086,899.53,1.2
846.7200000000001,711.449,899.53,1.2
846.7200000000001,729.982,899.53,1.2
846.7200000000001,718.345,899.53,1.2
846.7200000000001,715.328,899.53,1.2
846.7200000000001,719.638,899.53,1.2
846.7200000000001,761.445,899.53,1.2
846.7200000000001,730.844,899.53,1.2
846.7200000000001,733.861,899.53,1.2
846.7200000000001,713.173,899.53,1.2
846.7200000000001,705.415,899.53,1.2
846.7200000000001,718.345,899.53,1.2
846.7200000000001,747.653,899.53,1.2
846.7200000000001,733.43,899.53,1.2
846.7200000000001,736.878,899.53,1.2
846.7200000000001,738.602,899.53,1.2
846.7200000000001,721.362,899.53,1.2
846.7200000000001,747.222,899.53,1.2
846.7200000000001,720.931,899.53,1.2
846.7200000000001,747.222,899.53,1.2
846.7200000000001,734.723,899.53,1.2
846.7200000000001,705.846,899.53,1.2
846.7200000000001,719.638,899.53,1.2
846.7200000000001,705.846,899.53,1.2
846.7200000000001,744.205,899.53,1.2
846.7200000000001,728.689,899.53,1.2
846.7200000000001,700.243,899.53,1.2
846.7200000000001,733.861,899.53,1.2
846.7200000000001,722.224,899.53,1.2
846.7200000000001,709.725,899.53,1.2
846.7200000000001,750.67,899.53,1.2
846.7200000000001,730.413,899.53,1.2
846.7200000000001,725.241,899.53,1.2
846.7200000000001,723.948,899.53,1.2
846.7200000000001,709.725,899.53,1.2
846.7200000000001,712.311,899.53,1.2
846.7200000000001,745.929,899.53,1.2
846.7200000000001,723.086,899.53,1.2
846.7200000000001,729.551,899.53,1.2
846.7200000000001,702.829,899.53,1.2
846.7200000000001,711.88,947.99,1.2
846.7200000000001,736.878,947.99,1.2
846.7200000000001,733.861,947.99,1.2
846.7200000000001,751.963,947.99,1.2
846.7200000000001,746.36,947.99,1.2
846.7200000000001,726.103,947.99,1.2
846.7200000000001,735.154,947.99,1.2
846.7200000000001,725.241,947.99,1.2
846.7200000000001,755.842,947.99,1.2
846.7200000000001,743.774,947.99,1.2
846.7200000000001,731.275,947.99,1.2
846.7200000000001,731.706,947.99,1.2
846.7200000000001,747.653,947.99,1.2
846.7200000000001,736.447,947.99,1.2
846.7200000000001,749.377,947.99,1.2
846.7200000000001,700.674,947.99,1.2
846.7200000000001,735.154,947.99,1.2
846.7200000000001,722.655,947.99,1.2
846.7200000000001,751.963,947.99,1.2
846.7200000000001,748.946,947.99,1.2
846.7200000000001,729.551,947.99,1.2
846.7200000000001,748.946,947.99,1.2
846.7200000000001,751.963,947.99,1.2
846.7200000000001,729.982,947.99,1.2
846.7200000000001,761.014,947.99,1.2
846.7200000000001,728.689,947.99,1.2
846.7200000000001,726.534,947.99,1.2
846.7200000000001,740.326,947.99,1.2
846.7200000000001,724.379,947.99,1.2
846.7200000000001,730.413,947.99,1.2
846.7200000000001,747.222,947.99,1.2
846.7200000000001,729.551,947.99,1.2
846.7200000000001,707.139,947.99,1.2
846.7200000000001,733.861,947.99,1.2
846.7200000000001,720.069,947.99,1.2
846.7200000000001,740.326,947.99,1.2
846.7200000000001,738.171,947.99,1.2
846.7200000000001,748.0840000000001,947.99,1.2
846.7200000000001,740.7570000000001,947.99,1.2
846.7200000000001,743.343,947.99,1.2
846.7200000000001,720.5,947.99,1.2
846.7200000000001,739.464,947.99,1.2
846.7200000000001,754.549,947.99,1.2
846.7200000000001,720.069,947.99,1.2
846.7200000000001,752.394,947.99,1.2
846.7200000000001,722.224,947.99,1.2
846.7200000000001,717.914,947.99,1.2
846.7200000000001,732.999,947.99,1.2
846.7200000000001,738.171,947.99,1.2
846.7200000000001,740.7570000000001,947.99,1.2
846.7200000000001,716.621,947.99,1.2
846.7200000000001,734.723,947.99,1.2
846.7200000000001,720.069,947.99,1.2
846.7200000000001,709.725,947.99,1.2
846.7200000000001,717.052,947.99,1.2
846.7200000000001,719.207,947.99,1.2
846.7200000000001,736.016,947.99,1.2
846.7200000000001,744.205,947.99,1.2
846.7200000000001,710.156,947.99,1.2
846.7200000000001,733.861,947.99,1.2
846.7200000000001,714.035,947.99,1.2
846.7200000000001,737.309,947.99,1.2
846.7200000000001,720.931,947.99,1.2
846.7200000000001,715.328,947.99,1.2
846.7200000000001,739.464,947.99,1.2
846.7200000000001,721.362,947.99,1.2
846.7200000000001,725.241,947.99,1.2
846.7200000000001,700.243,947.99,1.2
846.7200000000001,741.188,947.99,1.2
846.7200000000001,739.895,947.99,1.2
846.7200000000001,729.12,947.99,1.2
846.7200000000001,709.294,947.99,1.2
846.7200000000001,744.636,947.99,1.2
846.7200000000001,720.5,947.99,1.2
846.7200000000001,723.086,947.99,1.2
846.7200000000001,758.859,523.64,1.2
846.7200000000001,720.069,523.64,1.2
640.0,738.602,523.64,1.0
640.0,736.447,523.64,1.0
640.0,734.292,523.64,1.0
640.0,732.568,523.64,1.0
640.0,733.861,523.64,1.0
846.7200000000001,732.568,523.64,1.2
846.7200000000001,728.258,523.64,1.2
846.7200000000001,748.515,523.64,1.2
846.7200000000001,712.311,523.64,1.2
640.0,742.481,523.64,1.0
846.7200000000001,739.895,523.64,1.2
846.7200000000001,738.171,523.64,1.2
846.7200000000001,743.774,523.64,1.2
846.7200000000001,727.827,523.64,1.2
640.0,704.984,523.64,1.0
640.0,728.258,523.64,1.0
640.0,716.19,523.64,1.0
640.0,719.638,523.64,1.0
640.0,713.173,523.64,1.0
846.7200000000001,723.086,523.64,1.2
846.7200000000001,721.362,523.64,1.2
846.7200000000001,698.519,523.64,1.2
640.0,738.171,523.64,1.0
640.0,757.997,523.64,1.0
640.0,736.878,523.64,1.0
846.7200000000001,726.534,523.64,1.2
846.7200000000001,728.258,523.64,1.2
846.7200000000001,723.517,523.64,1.2
640.0,730.413,523.64,1.0
640.0,728.689,523.64,1.0
640.0,718.345,523.64,1.0
640.0,750.67,523.64,1.0
846.7200000000001,709.725,523.64,1.2
846.7200000000001,738.602,523.64,1.2
846.7200000000001,727.827,523.64,1.2
640.0,753.687,523.64,1.0
640.0,733.43,523.64,1.0
640.0,724.379,523.64,1.0
640.0,726.103,523.64,1.0
640.0,729.551,523.64,1.0
640.0,714.466,523.64,1.0
640.0,719.207,523.64,1.0
640.0,705.846,523.64,1.0
640.0,717.052,523.64,1.0
640.0,730.413,523.64,1.0
640.0,732.999,523.64,1.0
640.0,703.691,523.64,1.0
640.0,727.396,523.64,1.0
640.0,736.447,523.64,1.0
640.0,726.965,523.64,1.0
640.0,720.931,523.64,1.0
640.0,723.948,523.64,1.0
640.0,722.224,523.64,1.0
640.0,720.931,523.64,1.0
640.0,731.275,523.64,1.0
846.7200000000001,758.859,523.64,1.2
846.7200000000001,719.638,523.64,1.2
846.7200000000001,724.8100000000001,523.64,1.2
640.0,728.258,523.64,1.0
640.0,720.069,523.64,1.0
640.0,743.343,523.64,1.0
846.7200000000001,698.519,523.64,1.2
846.7200000000001,722.224,523.64,1.2
846.7200000000001,739.895,523.64,1.2
640.0,725.241,523.64,1.0
640.0,718.345,523.64,1.0
640.0,734.723,523.64,1.0
640.0,740.7570000000001,523.64,1.0
640.0,731.706,523.64,1.0
640.0,718.776,523.64,1.0
640.0,735.154,523.64,1.0
640.0,723.948,523.64,1.0
640.0,738.602,523.64,1.0
609.8400000000001,754.5552,569.74,1.4
640.0,813.0048,569.74,1.0
640.0,773.3168000000001,569.74,1.0
640.0,863.5168,569.74,1.0
640.0,800.7376,569.74,1.0
640.0,826.7152,569.74,1.0
846.7200000000001,810.1184000000001,569.74,1.2
846.7200000000001,793.5216,569.74,1.2
846.7200000000001,790.6352,569.74,1.2
846.7200000000001,845.4768,569.74,1.2
846.7200000000001,831.7664,569.74,1.2
846.7200000000001,852.6928,569.74,1.2
846.7200000000001,812.2832000000001,569.74,1.2
846.7200000000001,817.3344000000001,569.74,1.2
846.7200000000001,805.0672000000001,569.74,1.2
846.7200000000001,804.3456,569.74,1.2
846.7200000000001,788.4704,569.74,1.2
640.0,813.0048,569.74,1.0
640.0,793.5216,569.74,1.0
640.0,820.2208,569.74,1.0
846.7200000000001,814.448,569.74,1.2
846.7200000000001,817.3344000000001,569.74,1.2
846.7200000000001,846.9200000000001,569.74,1.2
846.7200000000001,810.1184000000001,569.74,1.2
846.7200000000001,827.4368000000001,569.74,1.2
846.7200000000001,855.5792,569.74,1.2
846.7200000000001,838.9824,569.74,1.2
846.7200000000001,836.096,569.74,1.2
846.7200000000001,804.3456,569.74,1.2
846.7200000000001,815.8912,569.74,1.2
640.0,781.976,569.74,1.0
640.0,821.664,569.74,1.0
846.7200000000001,816.6128,569.74,1.2
846.7200000000001,811.5616,569.74,1.2
846.7200000000001,833.2096,569.74,1.2
846.7200000000001,784.8624,569.74,1.2
640.0,846.1984,569.74,1.0
640.0,830.3232,569.74,1.0
640.0,809.3968,569.74,1.0
640.0,807.9536,569.74,1.0
846.7200000000001,820.9424,569.74,1.2
846.7200000000001,844.0336,569.74,1.2
846.7200000000001,813.0048,569.74,1.2
846.7200000000001,813.7264,569.74,1.2
846.7200000000001,811.5616,569.74,1.2
846.7200000000001,849.0848000000001,569.74,1.2
846.7200000000001,802.9024000000001,569.74,1.2
846.7200000000001,810.1184000000001,569.74,1.2
640.0,842.5904,569.74,1.0
640.0,813.7264,569.74,1.0
846.7200000000001,835.3744,569.74,1.2
846.7200000000001,791.3568,569.74,1.2
846.7200000000001,806.5104,569.74,1.2
846.7200000000001,843.312,569.74,1.2
846.7200000000001,796.408,569.74,1.2
846.7200000000001,807.2320000000001,569.74,1.2
640.0,816.6128,569.74,1.0
640.0,789.192,569.74,1.0
640.0,802.1808000000001,569.74,1.0
846.7200000000001,813.0048,569.74,1.2
846.7200000000001,811.5616,569.74,1.2
640.0,838.2608,569.74,1.0
640.0,844.0336,569.74,1.0
846.7200000000001,792.0784,569.74,1.2
846.7200000000001,813.0048,569.74,1.2
640.0,825.272,569.74,1.0
640.0,843.312,569.74,1.0
640.0,826.7152,569.74,1.0
640.0,817.3344000000001,569.74,1.0
846.7200000000001,825.272,569.74,1.2
846.7200000000001,825.272,569.74,1.2
846.7200000000001,790.6352,569.74,1.2
640.0,815.1696000000001,569.74,1.0
640.0,842.5904,569.74,1.0
846.7200000000001,806.5104,916.08,1.2
846.7200000000001,813.7264,916.08,1.2
846.7200000000001,805.7888,916.08,1.2
846.7200000000001,761.0496,916.08,1.2
846.7200000000001,811.5616,916.08,1.2
846.7200000000001,817.3344000000001,916.08,1.2
846.7200000000001,800.0160000000001,916.08,1.2
846.7200000000001,785.5840000000001,916.08,1.2
846.7200000000001,792.0784,916.08,1.2
846.7200000000001,827.4368000000001,916.08,1.2
846.7200000000001,853.4144,916.08,1.2
846.7200000000001,840.4256,916.08,1.2
846.7200000000001,781.976,916.08,1.2
846.7200000000001,829.6016000000001,916.08,1.2
846.7200000000001,796.408,916.08,1.2
846.7200000000001,798.5728,916.08,1.2
846.7200000000001,800.7376,916.08,1.2
846.7200000000001,825.9936,916.08,1.2
846.7200000000001,831.7664,916.08,1.2
846.7200000000001,808.6752,916.08,1.2
846.7200000000001,809.3968,916.08,1.2
846.7200000000001,820.9424,916.08,1.2
846.7200000000001,823.1072,916.08,1.2
846.7200000000001,836.096,916.08,1.2
846.7200000000001,782.6976000000001,916.08,1.2
846.7200000000001,811.5616,916.08,1.2
846.7200000000001,787.7488000000001,916.08,1.2
846.7200000000001,809.3968,916.08,1.2
846.7200000000001,805.7888,916.08,1.2
846.7200000000001,810.1184000000001,916.08,1.2
846.7200000000001,793.5216,916.08,1.2
846.7200000000001,778.368,916.08,1.2
846.7200000000001,765.3792000000001,916.08,1.2
846.7200000000001,807.9536,916.08,1.2
846.7200000000001,801.4592,916.08,1.2
846.7200000000001,796.408,916.08,1.2
846.7200000000001,839.7040000000001,916.08,1.2
846.7200000000001,792.0784,916.08,1.2
846.7200000000001,841.8688000000001,916.08,1.2
846.7200000000001,846.1984,916.08,1.2
846.7200000000001,768.2656000000001,916.08,1.2
846.7200000000001,813.0048,916.08,1.2
846.7200000000001,802.1808000000001,916.08,1.2
846.7200000000001,748.0608000000001,916.08,1.2
846.7200000000001,779.8112,916.08,1.2
846.7200000000001,827.4368000000001,916.08,1.2
846.7200000000001,854.8576,916.08,1.2
846.7200000000001,830.3232,916.08,1.2
846.7200000000001,818.056,916.08,1.2
846.7200000000001,810.1184000000001,916.08,1.2
846.7200000000001,846.9200000000001,916.08,1.2
846.7200000000001,857.0224000000001,916.08,1.2
846.7200000000001,797.8512000000001,916.08,1.2
846.7200000000001,767.544,916.08,1.2
846.7200000000001,765.3792000000001,916.08,1.2
846.7200000000001,839.7040000000001,916.08,1.2
846.7200000000001,810.1184000000001,916.08,1.2
846.7200000000001,814.448,916.08,1.2
846.7200000000001,771.8736,916.08,1.2
846.7200000000001,794.2432,916.08,1.2
846.7200000000001,804.3456,916.08,1.2
846.7200000000001,815.1696000000001,916.08,1.2
846.7200000000001,802.1808000000001,916.08,1.2
846.7200000000001,788.4704,916.08,1.2
846.7200000000001,793.5216,916.08,1.2
846.7200000000001,836.8176000000001,916.08,1.2
846.7200000000001,815.8912,916.08,1.2
846.7200000000001,823.8288,916.08,1.2
846.7200000000001,791.3568,916.08,1.2
846.7200000000001,746.6176,916.08,1.2
846.7200000000001,799.2944,916.08,1.2
846.7200000000001,792.0784,916.08,1.2
846.7200000000001,818.056,916.08,1.2
846.7200000000001,882.2784,916.08,1.2
846.7200000000001,825.9936,916.08,1.2
846.7200000000001,870.0112,989.36,1.2
846.7200000000001,823.1072,989.36,1.2
846.7200000000001,797.1296,989.36,1.2
846.7200000000001,818.056,989.36,1.2
846.7200000000001,849.0848000000001,989.36,1.2
846.7200000000001,850.528,989.36,1.2
846.7200000000001,798.5728,989.36,1.2
846.7200000000001,816.6128,989.36,1.2
846.7200000000001,779.8112,989.36,1.2
846.7200000000001,828.88,989.36,1.2
846.7200000000001,844.7552000000001,989.36,1.2
846.7200000000001,811.5616,989.36,1.2
846.7200000000001,796.408,989.36,1.2
846.7200000000001,818.7776,989.36,1.2
846.7200000000001,820.2208,989.36,1.2
846.7200000000001,812.2832000000001,989.36,1.2
846.7200000000001,814.448,989.36,1.2
846.7200000000001,807.2320000000001,989.36,1.2
846.7200000000001,832.488,989.36,1.2
846.7200000000001,826.7152,989.36,1.2
846.7200000000001,789.9136000000001,989.36,1.2
846.7200000000001,789.192,989.36,1.2
846.7200000000001,805.0672000000001,989.36,1.2
846.7200000000001,826.7152,989.36,1.2
846.7200000000001,813.7264,989.36,1.2
846.7200000000001,797.1296,989.36,1.2
846.7200000000001,816.6128,989.36,1.2
846.7200000000001,803.624,989.36,1.2
846.7200000000001,829.6016000000001,989.36,1.2
846.7200000000001,818.056,989.36,1.2
846.7200000000001,804.3456,989.36,1.2
846.7200000000001,815.8912,989.36,1.2
846.7200000000001,838.9824,989.36,1.2
846.7200000000001,798.5728,989.36,1.2
846.7200000000001,819.4992,989.36,1.2
846.7200000000001,809.3968,989.36,1.2
846.7200000000001,820.2208,989.36,1.2
846.7200000000001,796.408,989.36,1.2
846.7200000000001,813.0048,989.36,1.2
846.7200000000001,834.6528000000001,989.36,1.2
846.7200000000001,790.6352,989.36,1.2
846.7200000000001,781.976,989.36,1.2
846.7200000000001,782.6976000000001,989.36,1.2
846.7200000000001,785.5840000000001,989.36,1.2
846.7200000000001,823.8288,989.36,1.2
846.7200000000001,780.5328000000001,989.36,1.2
846.7200000000001,804.3456,989.36,1.2
846.7200000000001,824.5504000000001,989.36,1.2
846.7200000000001,819.4992,989.36,1.2
846.7200000000001,802.1808000000001,989.36,1.2
846.7200000000001,815.1696000000001,989.36,1.2
846.7200000000001,813.0048,989.36,1.2
846.7200000000001,805.7888,989.36,1.2
846.7200000000001,806.5104,989.36,1.2
846.7200000000001,859.1872000000001,989.36,1.2
846.7200000000001,828.1584,989.36,1.2
846.7200000000001,864.2384000000001,989.36,1.2
846.7200000000001,800.0160000000001,989.36,1.2
846.7200000000001,808.6752,989.36,1.2
846.7200000000001,781.976,989.36,1.2
846.7200000000001,793.5216,989.36,1.2
846.7200000000001,851.9712000000001,989.36,1.2
846.7200000000001,799.2944,989.36,1.2
846.7200000000001,852.6928,989.36,1.2
846.7200000000001,784.1408,989.36,1.2
846.7200000000001,787.7488000000001,989.36,1.2
846.7200000000001,803.624,989.36,1.2
846.7200000000001,809.3968,989.36,1.2
846.7200000000001,831.0448,989.36,1.2
846.7200000000001,820.9424,989.36,1.2
846.7200000000001,802.1808000000001,989.36,1.2
846.7200000000001,807.9536,989.36,1.2
846.7200000000001,803.624,989.36,1.2
846.7200000000001,791.3568,989.36,1.2
846.7200000000001,791.3568,989.36,1.2
609.8400000000001,583.7294999999999,554.37,1.4
640.0,670.3719,554.37,1.0
640.0,621.2189999999999,554.37,1.0
640.0,610.3887,554.37,1.0
640.0,647.8782,554.37,1.0
640.0,667.0395,554.37,1.0
640.0,657.8753999999999,554.37,1.0
640.0,642.0464999999999,554.37,1.0
640.0,657.0423,554.37,1.0
640.0,587.0618999999999,554.37,1.0
640.0,616.2203999999999,554.37,1.0
640.0,607.0563,554.37,1.0
640.0,660.3747,554.37,1.0
640.0,619.5527999999999,554.37,1.0
640.0,650.3774999999999,554.37,1.0
640.0,642.8796,554.37,1.0
640.0,607.8893999999999,554.37,1.0
640.0,614.5541999999999,554.37,1.0
640.0,662.0409,554.37,1.0
640.0,610.3887,554.37,1.0
640.0,632.8824,554.37,1.0
640.0,610.3887,554.37,1.0
640.0,622.0521,554.37,1.0
640.0,628.7169,554.37,1.0
640.0,610.3887,554.37,1.0
640.0,605.3901,554.37,1.0
640.0,637.0478999999999,554.37,1.0
640.0,608.7225,554.37,1.0
640.0,609.5555999999999,554.37,1.0
640.0,606.2231999999999,554.37,1.0
640.0,627.8838,554.37,1.0
640.0,652.8768,554.37,1.0
640.0,667.0395,554.37,1.0
640.0,611.2217999999999,554.37,1.0
640.0,683.7015,554.37,1.0
640.0,604.5569999999999,554.37,1.0
640.0,657.0423,554.37,1.0
640.0,611.2217999999999,554.37,1.0
640.0,607.8893999999999,554.37,1.0
640.0,611.2217999999999,554.37,1.0
640.0,627.8838,554.37,1.0
640.0,643.7126999999999,554.37,1.0
640.0,646.212,554.37,1.0
640.0,606.2231999999999,554.37,1.0
640.0,604.5569999999999,554.37,1.0
640.0,607.0563,554.37,1.0
640.0,627.0507,554.37,1.0
640.0,624.5514,554.37,1.0
640.0,605.3901,554.37,1.0
640.0,636.2148,554.37,1.0
640.0,686.2008,554.37,1.0
640.0,617.0535,554.37,1.0
640.0,618.7197,554.37,1.0
640.0,643.7126999999999,554.37,1.0
640.0,615.3873,554.37,1.0
640.0,646.212,554.37,1.0
640.0,611.2217999999999,554.37,1.0
640.0,675.3705,554.37,1.0
640.0,637.881,554.37,1.0
640.0,613.7211,554.37,1.0
640.0,614.5541999999999,554.37,1.0
640.0,617.0535,554.37,1.0
640.0,663.7071,554.37,1.0
640.0,597.8922,554.37,1.0
640.0,612.8879999999999,554.37,1.0
640.0,615.3873,554.37,1.0
640.0,629.55,554.37,1.0
640.0,622.8851999999999,554.37,1.0
640.0,592.0604999999999,554.37,1.0
640.0,619.5527999999999,554.37,1.0
640.0,627.0507,554.37,1.0
640.0,613.7211,554.37,1.0
640.0,647.0450999999999,554.37,1.0
640.0,652.8768,554.37,1.0
640.0,627.8838,715.13,1.0
640.0,635.3816999999999,715.13,1.0
640.0,575.3984999999999,715.13,1.0
640.0,618.7197,715.13,1.0
640.0,654.543,715.13,1.0
640.0,618.7197,715.13,1.0
640.0,611.2217999999999,715.13,1.0
640.0,686.2008,715.13,1.0
640.0,675.3705,715.13,1.0
640.0,641.2134,715.13,1.0
640.0,657.8753999999999,715.13,1.0
640.0,573.7322999999999,715.13,1.0
640.0,609.5555999999999,715.13,1.0
640.0,617.8865999999999,715.13,1.0
640.0,623.7183,715.13,1.0
640.0,617.0535,715.13,1.0
640.0,565.4013,715.13,1.0
640.0,639.5472,715.13,1.0
640.0,642.8796,715.13,1.0
640.0,669.5387999999999,715.13,1.0
640.0,609.5555999999999,715.13,1.0
640.0,607.8893999999999,715.13,1.0
640.0,562.9019999999999,715.13,1.0
640.0,622.0521,715.13,1.0
640.0,652.0437,715.13,1.0
640.0,614.5541999999999,715.13,1.0
640.0,682.8684,715.13,1.0
640.0,622.8851999999999,715.13,1.0
640.0,632.8824,715.13,1.0
640.0,595.3928999999999,715.13,1.0
640.0,637.0478999999999,715.13,1.0
640.0,580.3970999999999,715.13,1.0
640.0,647.0450999999999,715.13,1.0
640.0,647.8782,715.13,1.0
640.0,663.7071,715.13,1.0
640.0,603.7239,715.13,1.0
640.0,633.7154999999999,715.13,1.0
640.0,643.7126999999999,715.13,1.0
640.0,640.3802999999999,715.13,1.0
640.0,607.8893999999999,715.13,1.0
640.0,569.5668,715.13,1.0
640.0,637.881,715.13,1.0
640.0,625.3845,715.13,1.0
640.0,615.3873,715.13,1.0
640.0,648.7112999999999,715.13,1.0
640.0,628.7169,715.13,1.0
640.0,596.226,715.13,1.0
640.0,581.2302,715.13,1.0
640.0,601.2246,715.13,1.0
640.0,689.5332,715.13,1.0
640.0,647.8782,715.13,1.0
640.0,634.5486,715.13,1.0
640.0,625.3845,715.13,1.0
640.0,623.7183,715.13,1.0
640.0,658.7085,715.13,1.0
640.0,617.0535,715.13,1.0
640.0,643.7126999999999,715.13,1.0
640.0,621.2189999999999,715.13,1.0
640.0,677.8697999999999,715.13,1.0
640.0,647.8782,715.13,1.0
640.0,660.3747,715.13,1.0
640.0,614.5541999999999,715.13,1.0
640.0,656.2092,715.13,1.0
640.0,622.0521,715.13,1.0
640.0,632.0492999999999,715.13,1.0
640.0,670.3719,715.13,1.0
640.0,603.7239,715.13,1.0
640.0,634.5486,715.13,1.0
640.0,640.3802999999999,715.13,1.0
640.0,642.8796,715.13,1.0
640.0,617.8865999999999,715.13,1.0
640.0,682.0353,715.13,1.0
640.0,597.0591,715.13,1.0
640.0,666.2063999999999,715.13,1.0
640.0,659.5415999999999,715.13,1.0
640.0,677.0367,950.35,1.0
1084.1600000000003,589.5612,950.35,1.4
846.7200000000001,607.8893999999999,950.35,1.2
846.7200000000001,667.0395,950.35,1.2
846.7200000000001,582.8964,950.35,1.2
846.7200000000001,589.5612,950.35,1.2
846.7200000000001,617.0535,950.35,1.2
846.7200000000001,634.5486,950.35,1.2
846.7200000000001,669.5387999999999,950.35,1.2
846.7200000000001,624.5514,950.35,1.2
846.7200000000001,614.5541999999999,950.35,1.2
846.7200000000001,637.0478999999999,950.35,1.2
846.7200000000001,641.2134,950.35,1.2
846.7200000000001,640.3802999999999,950.35,1.2
846.7200000000001,625.3845,950.35,1.2
846.7200000000001,580.3970999999999,950.35,1.2
846.7200000000001,606.2231999999999,950.35,1.2
846.7200000000001,665.3733,950.35,1.2
846.7200000000001,634.5486,950.35,1.2
846.7200000000001,621.2189999999999,950.35,1.2
846.7200000000001,657.8753999999999,950.35,1.2
846.7200000000001,601.2246,950.35,1.2
846.7200000000001,623.7183,950.35,1.2
846.7200000000001,632.8824,950.35,1.2
846.7200000000001,618.7197,950.35,1.2
846.7200000000001,632.0492999999999,950.35,1.2
846.7200000000001,624.5514,950.35,1.2
846.7200000000001,594.5598,950.35,1.2
846.7200000000001,633.7154999999999,950.35,1.2
846.7200000000001,596.226,950.35,1.2
846.7200000000001,633.7154999999999,950.35,1.2
846.7200000000001,663.7071,950.35,1.2
846.7200000000001,622.8851999999999,950.35,1.2
846.7200000000001,600.3915,950.35,1.2
846.7200000000001,626.2176,950.35,1.2
846.7200000000001,608.7225,950.35,1.2
846.7200000000001,644.5458,950.35,1.2
846.7200000000001,626.2176,950.35,1.2
846.7200000000001,672.0381,950.35,1.2
846.7200000000001,658.7085,950.35,1.2
846.7200000000001,625.3845,950.35,1.2
846.7200000000001,647.0450999999999,950.35,1.2
846.7200000000001,619.5527999999999,950.35,1.2
846.7200000000001,630.3830999999999,950.35,1.2
846.7200000000001,620.3859,950.35,1.2
846.7200000000001,648.7112999999999,950.35,1.2
846.7200000000001,665.3733,950.35,1.2
846.7200000000001,649.5444,950.35,1.2
846.7200000000001,652.8768,950.35,1.2
846.7200000000001,652.8768,950.35,1.2
846.7200000000001,643.7126999999999,950.35,1.2
846.7200000000001,601.2246,950.35,1.2
846.7200000000001,672.0381,950.35,1.2
846.7200000000001,674.5373999999999,950.35,1.2
846.7200000000001,623.7183,950.35,1.2
846.7200000000001,620.3859,950.35,1.2
846.7200000000001,644.5458,950.35,1.2
846.7200000000001,643.7126999999999,950.35,1.2
846.7200000000001,624.5514,950.35,1.2
846.7200000000001,597.8922,950.35,1.2
846.7200000000001,637.0478999999999,950.35,1.2
846.7200000000001,643.7126999999999,950.35,1.2
846.7200000000001,647.8782,950.35,1.2
846.7200000000001,637.881,950.35,1.2
846.7200000000001,622.8851999999999,950.35,1.2
846.7200000000001,654.543,950.35,1.2
846.7200000000001,631.2162,950.35,1.2
846.7200000000001,617.8865999999999,950.35,1.2
846.7200000000001,625.3845,950.35,1.2
846.7200000000001,586.2288,950.35,1.2
846.7200000000001,625.3845,950.35,1.2
846.7200000000001,647.0450999999999,950.35,1.2
846.7200000000001,637.881,950.35,1.2
846.7200000000001,667.8725999999999,950.35,1.2
846.7200000000001,622.8851999999999,950.35,1.2
933.12,751.556,979.91,1.8
846.7200000000001,791.99,979.91,1.2
846.7200000000001,733.976,979.91,1.2
846.7200000000001,703.211,979.91,1.2
846.7200000000001,752.4350000000001,979.91,1.2
846.7200000000001,779.6840000000001,979.91,1.2
846.7200000000001,721.6700000000001,979.91,1.2
846.7200000000001,752.4350000000001,979.91,1.2
846.7200000000001,762.9830000000001,979.91,1.2
846.7200000000001,757.7090000000001,979.91,1.2
846.7200000000001,733.976,979.91,1.2
846.7200000000001,712.0010000000001,979.91,1.2
846.7200000000001,728.702,979.91,1.2
846.7200000000001,742.7660000000001,979.91,1.2
846.7200000000001,754.193,979.91,1.2
846.7200000000001,739.25,979.91,1.2
846.7200000000001,720.791,979.91,1.2
846.7200000000001,745.403,979.91,1.2
846.7200000000001,753.3140000000001,979.91,1.2
846.7200000000001,740.129,979.91,1.2
846.7200000000001,708.485,979.91,1.2
846.7200000000001,726.065,979.91,1.2
846.7200000000001,755.072,979.91,1.2
846.7200000000001,694.421,979.91,1.2
846.7200000000001,675.0830000000001,979.91,1.2
846.7200000000001,770.0150000000001,979.91,1.2
846.7200000000001,743.645,979.91,1.2
846.7200000000001,746.282,979.91,1.2
846.7200000000001,702.332,979.91,1.2
846.7200000000001,749.798,979.91,1.2
846.7200000000001,737.4920000000001,979.91,1.2
846.7200000000001,688.268,979.91,1.2
846.7200000000001,768.2570000000001,979.91,1.2
846.7200000000001,734.855,979.91,1.2
846.7200000000001,719.912,979.91,1.2
846.7200000000001,720.791,979.91,1.2
846.7200000000001,677.72,979.91,1.2
846.7200000000001,746.282,979.91,1.2
846.7200000000001,737.4920000000001,979.91,1.2
846.7200000000001,725.186,979.91,1.2
846.7200000000001,763.8620000000001,979.91,1.2
846.7200000000001,693.542,979.91,1.2
846.7200000000001,714.638,979.91,1.2
846.7200000000001,707.606,979.91,1.2
846.7200000000001,723.428,979.91,1.2
846.7200000000001,732.2180000000001,979.91,1.2
846.7200000000001,741.8870000000001,979.91,1.2
846.7200000000001,721.6700000000001,979.91,1.2
846.7200000000001,707.606,979.91,1.2
846.7200000000001,775.289,979.91,1.2
846.7200000000001,793.748,979.91,1.2
846.7200000000001,733.976,979.91,1.2
846.7200000000001,710.243,979.91,1.2
846.7200000000001,769.1360000000001,979.91,1.2
846.7200000000001,692.663,979.91,1.2
846.7200000000001,721.6700000000001,979.91,1.2
846.7200000000001,712.0010000000001,979.91,1.2
846.7200000000001,699.695,979.91,1.2
846.7200000000001,723.428,979.91,1.2
846.7200000000001,707.606,979.91,1.2
846.7200000000001,730.46,979.91,1.2
846.7200000000001,731.339,979.91,1.2
846.7200000000001,713.759,979.91,1.2
846.7200000000001,720.791,979.91,1.2
846.7200000000001,724.307,979.91,1.2
846.7200000000001,751.556,979.91,1.2
846.7200000000001,726.9440000000001,979.91,1.2
846.7200000000001,752.4350000000001,979.91,1.2
846.7200000000001,746.282,979.91,1.2
846.7200000000001,745.403,979.91,1.2
846.7200000000001,767.378,979.91,1.2
846.7200000000001,700.5740000000001,979.91,1.2
846.7200000000001,718.154,979.91,1.2
846.7200000000001,777.047,979.91,1.2
846.7200000000001,723.428,756.5,1.2
640.0,656.624,756.5,1.0
640.0,725.186,756.5,1.0
640.0,733.976,756.5,1.0
640.0,661.019,756.5,1.0
640.0,765.62,756.5,1.0
640.0,712.0010000000001,756.5,1.0
640.0,739.25,756.5,1.0
640.0,724.307,756.5,1.0
640.0,696.1790000000001,756.5,1.0
640.0,702.332,756.5,1.0
640.0,705.8480000000001,756.5,1.0
640.0,759.4670000000001,756.5,1.0
640.0,726.9440000000001,756.5,1.0
640.0,716.3960000000001,756.5,1.0
640.0,705.8480000000001,756.5,1.0
640.0,762.104,756.5,1.0
640.0,769.1360000000001,756.5,1.0
846.7200000000001,762.104,756.5,1.2
846.7200000000001,743.645,756.5,1.2
846.7200000000001,738.371,756.5,1.2
846.7200000000001,698.816,756.5,1.2
846.7200000000001,724.307,756.5,1.2
846.7200000000001,712.0010000000001,756.5,1.2
846.7200000000001,682.115,756.5,1.2
846.7200000000001,758.5880000000001,756.5,1.2
846.7200000000001,712.0010000000001,756.5,1.2
846.7200000000001,762.104,756.5,1.2
846.7200000000001,753.3140000000001,756.5,1.2
846.7200000000001,745.403,756.5,1.2
846.7200000000001,746.282,756.5,1.2
846.7200000000001,714.638,756.5,1.2
640.0,779.6840000000001,756.5,1.0
846.7200000000001,731.339,756.5,1.2
846.7200000000001,738.371,756.5,1.2
846.7200000000001,713.759,756.5,1.2
846.7200000000001,705.8480000000001,756.5,1.2
846.7200000000001,742.7660000000001,756.5,1.2
846.7200000000001,736.613,756.5,1.2
846.7200000000001,709.364,756.5,1.2
846.7200000000001,692.663,756.5,1.2
846.7200000000001,697.058,756.5,1.2
640.0,762.104,756.5,1.0
846.7200000000001,714.638,756.5,1.2
846.7200000000001,721.6700000000001,756.5,1.2
846.7200000000001,769.1360000000001,756.5,1.2
846.7200000000001,700.5740000000001,756.5,1.2
846.7200000000001,711.1220000000001,756.5,1.2
846.7200000000001,710.243,756.5,1.2
846.7200000000001,773.5310000000001,756.5,1.2
846.7200000000001,783.2,756.5,1.2
846.7200000000001,750.677,756.5,1.2
846.7200000000001,751.556,756.5,1.2
846.7200000000001,715.517,756.5,1.2
846.7200000000001,781.442,756.5,1.2
846.7200000000001,737.4920000000001,756.5,1.2
846.7200000000001,753.3140000000001,756.5,1.2
846.7200000000001,727.8230000000001,756.5,1.2
846.7200000000001,723.428,756.5,1.2
846.7200000000001,774.4100000000001,756.5,1.2
846.7200000000001,744.524,756.5,1.2
846.7200000000001,769.1360000000001,756.5,1.2
846.7200000000001,737.4920000000001,756.5,1.2
846.7200000000001,708.485,756.5,1.2
846.7200000000001,714.638,756.5,1.2
846.7200000000001,733.097,756.5,1.2
846.7200000000001,713.759,756.5,1.2
846.7200000000001,701.453,756.5,1.2
846.7200000000001,762.104,756.5,1.2
846.7200000000001,716.3960000000001,756.5,1.2
846.7200000000001,733.976,756.5,1.2
846.7200000000001,738.371,756.5,1.2
846.7200000000001,714.638,756.5,1.2
846.7200000000001,769.1360000000001,756.5,1.2
846.7200000000001,700.5740000000001,756.5,1.2
846.7200000000001,737.4920000000001,892.43,1.2
846.7200000000001,736.613,892.43,1.2
846.7200000000001,728.702,892.43,1.2
846.7200000000001,696.1790000000001,892.43,1.2
846.7200000000001,753.3140000000001,892.43,1.2
846.7200000000001,749.798,892.43,1.2
846.7200000000001,712.88,892.43,1.2
846.7200000000001,748.919,892.43,1.2
846.7200000000001,740.129,892.43,1.2
846.7200000000001,697.058,892.43,1.2
846.7200000000001,707.606,892.43,1.2
846.7200000000001,760.346,892.43,1.2
846.7200000000001,738.371,892.43,1.2
846.7200000000001,715.517,892.43,1.2
846.7200000000001,707.606,892.43,1.2
846.7200000000001,717.2750000000001,892.43,1.2
846.7200000000001,719.033,892.43,1.2
846.7200000000001,708.485,892.43,1.2
846.7200000000001,684.7520000000001,892.43,1.2
846.7200000000001,760.346,892.43,1.2
846.7200000000001,755.951,892.43,1.2
846.7200000000001,697.058,892.43,1.2
846.7200000000001,733.976,892.43,1.2
846.7200000000001,706.7270000000001,892.43,1.2
846.7200000000001,723.428,892.43,1.2
846.7200000000001,721.6700000000001,892.43,1.2
846.7200000000001,719.033,892.43,1.2
846.7200000000001,783.2,892.43,1.2
846.7200000000001,719.033,892.43,1.2
846.7200000000001,709.364,892.43,1.2
846.7200000000001,710.243,892.43,1.2
846.7200000000001,757.7090000000001,892.43,1.2
846.7200000000001,686.51,892.43,1.2
846.7200000000001,710.243,892.43,1.2
846.7200000000001,768.2570000000001,892.43,1.2
846.7200000000001,736.613,892.43,1.2
846.7200000000001,735.734,892.43,1.2
846.7200000000001,786.716,892.43,1.2
846.7200000000001,736.613,892.43,1.2
846.7200000000001,712.0010000000001,892.43,1.2
846.7200000000001,723.428,892.43,1.2
846.7200000000001,700.5740000000001,892.43,1.2
846.7200000000001,763.8620000000001,892.43,1.2
846.7200000000001,745.403,892.43,1.2
846.7200000000001,760.346,892.43,1.2
846.7200000000001,762.104,892.43,1.2
846.7200000000001,719.912,892.43,1.2
846.7200000000001,705.8480000000001,892.43,1.2
846.7200000000001,728.702,892.43,1.2
846.7200000000001,707.606,892.43,1.2
846.7200000000001,734.855,892.43,1.2
846.7200000000001,760.346,892.43,1.2
846.7200000000001,726.065,892.43,1.2
846.7200000000001,733.976,892.43,1.2
846.7200000000001,727.8230000000001,892.43,1.2
846.7200000000001,751.556,892.43,1.2
846.7200000000001,712.88,892.43,1.2
846.7200000000001,672.446,892.43,1.2
846.7200000000001,742.7660000000001,892.43,1.2
846.7200000000001,756.83,892.43,1.2
846.7200000000001,741.8870000000001,892.43,1.2
846.7200000000001,713.759,892.43,1.2
846.7200000000001,700.5740000000001,892.43,1.2
846.7200000000001,743.645,892.43,1.2
846.7200000000001,733.976,892.43,1.2
846.7200000000001,726.9440000000001,892.43,1.2
846.7200000000001,778.8050000000001,892.43,1.2
846.7200000000001,705.8480000000001,892.43,1.2
846.7200000000001,777.047,892.43,1.2
846.7200000000001,731.339,892.43,1.2
846.7200000000001,682.115,892.43,1.2
846.7200000000001,726.065,892.43,1.2
846.7200000000001,755.951,892.43,1.2
846.7200000000001,720.791,892.43,1.2
846.7200000000001,691.784,892.43,1.2
609.8400000000001,776.8586,949.17,1.4
846.7200000000001,828.2685,949.17,1.2
846.7200000000001,838.2997,949.17,1.2
846.7200000000001,769.3352,949.17,1.2
846.7200000000001,783.1281,949.17,1.2
846.7200000000001,838.2997,949.17,1.2
846.7200000000001,776.8586,949.17,1.2
846.7200000000001,769.3352,949.17,1.2
846.7200000000001,765.5735000000001,949.17,1.2
846.7200000000001,823.2529000000001,949.17,1.2
846.7200000000001,820.7451000000001,949.17,1.2
846.7200000000001,783.1281,949.17,1.2
846.7200000000001,809.46,949.17,1.2
846.7200000000001,867.1394,949.17,1.2
846.7200000000001,773.0969,949.17,1.2
846.7200000000001,735.4799,949.17,1.2
846.7200000000001,827.0146000000001,949.17,1.2
846.7200000000001,805.6983,949.17,1.2
846.7200000000001,783.1281,949.17,1.2
846.7200000000001,834.538,949.17,1.2
846.7200000000001,840.8075,949.17,1.2
846.7200000000001,726.7026000000001,949.17,1.2
846.7200000000001,784.3820000000001,949.17,1.2
846.7200000000001,897.2330000000001,949.17,1.2
846.7200000000001,832.0302,949.17,1.2
846.7200000000001,834.538,949.17,1.2
846.7200000000001,853.3465,949.17,1.2
846.7200000000001,810.7139000000001,949.17,1.2
846.7200000000001,839.5536000000001,949.17,1.2
846.7200000000001,837.0458,949.17,1.2
846.7200000000001,829.5224000000001,949.17,1.2
846.7200000000001,796.921,949.17,1.2
846.7200000000001,815.7295,949.17,1.2
846.7200000000001,786.8898,949.17,1.2
846.7200000000001,809.46,949.17,1.2
846.7200000000001,765.5735000000001,949.17,1.2
846.7200000000001,779.3664,949.17,1.2
846.7200000000001,799.4288,949.17,1.2
846.7200000000001,774.3508,949.17,1.2
846.7200000000001,790.6515,949.17,1.2
846.7200000000001,803.1905,949.17,1.2
846.7200000000001,824.5068,949.17,1.2
846.7200000000001,844.5692,949.17,1.2
846.7200000000001,791.9054,949.17,1.2
846.7200000000001,859.616,949.17,1.2
846.7200000000001,844.5692,949.17,1.2
846.7200000000001,828.2685,949.17,1.2
846.7200000000001,815.7295,949.17,1.2
846.7200000000001,821.999,949.17,1.2
846.7200000000001,854.6004,949.17,1.2
846.7200000000001,855.8543000000001,949.17,1.2
846.7200000000001,859.616,949.17,1.2
846.7200000000001,810.7139000000001,949.17,1.2
846.7200000000001,830.7763,949.17,1.2
846.7200000000001,859.616,949.17,1.2
846.7200000000001,785.6359,949.17,1.2
846.7200000000001,796.921,949.17,1.2
846.7200000000001,809.46,949.17,1.2
846.7200000000001,843.3153,949.17,1.2
846.7200000000001,843.3153,949.17,1.2
846.7200000000001,800.6827000000001,949.17,1.2
846.7200000000001,753.0345,949.17,1.2
846.7200000000001,818.2373,949.17,1.2
846.7200000000001,774.3508,949.17,1.2
846.7200000000001,753.0345,949.17,1.2
846.7200000000001,761.8118000000001,949.17,1.2
846.7200000000001,821.999,949.17,1.2
846.7200000000001,860.8699,949.17,1.2
846.7200000000001,810.7139000000001,949.17,1.2
846.7200000000001,816.9834000000001,949.17,1.2
846.7200000000001,853.3465,949.17,1.2
846.7200000000001,751.7806,949.17,1.2
846.7200000000001,829.5224000000001,949.17,1.2
846.7200000000001,809.46,949.17,1.2
846.7200000000001,830.7763,988.18,1.2
846.7200000000001,790.6515,988.18,1.2
846.7200000000001,778.1125000000001,988.18,1.2
846.7200000000001,814.4756,988.18,1.2
846.7200000000001,870.9011,988.18,1.2
846.7200000000001,842.0614,988.18,1.2
846.7200000000001,790.6515,988.18,1.2
846.7200000000001,759.3040000000001,988.18,1.2
846.7200000000001,746.765,988.18,1.2
846.7200000000001,858.3621,988.18,1.2
846.7200000000001,773.0969,988.18,1.2
846.7200000000001,796.921,988.18,1.2
846.7200000000001,859.616,988.18,1.2
846.7200000000001,749.2728000000001,988.18,1.2
846.7200000000001,865.8855000000001,988.18,1.2
846.7200000000001,799.4288,988.18,1.2
846.7200000000001,766.8274,988.18,1.2
846.7200000000001,800.6827000000001,988.18,1.2
846.7200000000001,781.8742000000001,988.18,1.2
846.7200000000001,825.7607,988.18,1.2
846.7200000000001,785.6359,988.18,1.2
846.7200000000001,737.9877,988.18,1.2
846.7200000000001,800.6827000000001,988.18,1.2
846.7200000000001,758.0501,988.18,1.2
846.7200000000001,816.9834000000001,988.18,1.2
846.7200000000001,764.3196,988.18,1.2
846.7200000000001,790.6515,988.18,1.2
846.7200000000001,815.7295,988.18,1.2
846.7200000000001,801.9366,988.18,1.2
846.7200000000001,819.4912,988.18,1.2
846.7200000000001,834.538,988.18,1.2
846.7200000000001,765.5735000000001,988.18,1.2
846.7200000000001,806.9522000000001,988.18,1.2
846.7200000000001,684.07,988.18,1.2
846.7200000000001,818.2373,988.18,1.2
846.7200000000001,798.1749,988.18,1.2
846.7200000000001,771.8430000000001,988.18,1.2
846.7200000000001,820.7451000000001,988.18,1.2
846.7200000000001,853.3465,988.18,1.2
846.7200000000001,791.9054,988.18,1.2
846.7200000000001,774.3508,988.18,1.2
846.7200000000001,815.7295,988.18,1.2
846.7200000000001,759.3040000000001,988.18,1.2
846.7200000000001,784.3820000000001,988.18,1.2
846.7200000000001,855.8543000000001,988.18,1.2
846.7200000000001,811.9678,988.18,1.2
846.7200000000001,739.2416000000001,988.18,1.2
846.7200000000001,741.7494,988.18,1.2
846.7200000000001,815.7295,988.18,1.2
846.7200000000001,842.0614,988.18,1.2
846.7200000000001,748.0189,988.18,1.2
846.7200000000001,825.7607,988.18,1.2
846.7200000000001,859.616,988.18,1.2
846.7200000000001,880.9323,988.18,1.2
846.7200000000001,821.999,988.18,1.2
846.7200000000001,828.2685,988.18,1.2
846.7200000000001,729.2104,988.18,1.2
846.7200000000001,888.4557,988.18,1.2
846.7200000000001,788.1437000000001,988.18,1.2
846.7200000000001,774.3508,988.18,1.2
846.7200000000001,799.4288,988.18,1.2
846.7200000000001,865.8855000000001,988.18,1.2
846.7200000000001,892.2174,988.18,1.2
846.7200000000001,814.4756,988.18,1.2
846.7200000000001,847.077,988.18,1.2
846.7200000000001,810.7139000000001,988.18,1.2
846.7200000000001,770.5891,988.18,1.2
846.7200000000001,864.6316,988.18,1.2
846.7200000000001,785.6359,988.18,1.2
846.7200000000001,867.1394,988.18,1.2
846.7200000000001,858.3621,988.18,1.2
846.7200000000001,832.0302,988.18,1.2
846.7200000000001,878.4245000000001,988.18,1.2
846.7200000000001,893.4713,988.18,1.2
846.7200000000001,803.1905,988.18,1.2
846.7200000000001,779.3664,835.7,1.2
846.7200000000001,739.2416000000001,835.7,1.2
846.7200000000001,893.4713,835.7,1.2
846.7200000000001,793.1593,835.7,1.2
846.7200000000001,852.0926000000001,835.7,1.2
846.7200000000001,781.8742000000001,835.7,1.2
846.7200000000001,867.1394,835.7,1.2
846.7200000000001,783.1281,835.7,1.2
846.7200000000001,764.3196,835.7,1.2
846.7200000000001,801.9366,835.7,1.2
846.7200000000001,789.3976,835.7,1.2
846.7200000000001,832.0302,835.7,1.2
846.7200000000001,806.9522000000001,835.7,1.2
846.7200000000001,833.2841000000001,835.7,1.2
846.7200000000001,798.1749,835.7,1.2
846.7200000000001,784.3820000000001,835.7,1.2
846.7200000000001,786.8898,835.7,1.2
846.7200000000001,885.9479,835.7,1.2
846.7200000000001,818.2373,835.7,1.2
846.7200000000001,734.226,835.7,1.2
846.7200000000001,789.3976,835.7,1.2
846.7200000000001,813.2217,835.7,1.2
846.7200000000001,878.4245000000001,835.7,1.2
846.7200000000001,848.3309,835.7,1.2
846.7200000000001,774.3508,835.7,1.2
846.7200000000001,900.9947,835.7,1.2
846.7200000000001,808.2061,835.7,1.2
846.7200000000001,855.8543000000001,835.7,1.2
846.7200000000001,765.5735000000001,835.7,1.2
846.7200000000001,719.1792,835.7,1.2
846.7200000000001,756.7962,835.7,1.2
846.7200000000001,686.5778,835.7,1.2
846.7200000000001,888.4557,835.7,1.2
846.7200000000001,816.9834000000001,835.7,1.2
846.7200000000001,774.3508,835.7,1.2
846.7200000000001,827.0146000000001,835.7,1.2
846.7200000000001,816.9834000000001,835.7,1.2
846.7200000000001,833.2841000000001,835.7,1.2
846.7200000000001,854.6004,835.7,1.2
846.7200000000001,798.1749,835.7,1.2
846.7200000000001,776.8586,835.7,1.2
846.7200000000001,840.8075,835.7,1.2
846.7200000000001,839.5536000000001,835.7,1.2
846.7200000000001,813.2217,835.7,1.2
846.7200000000001,890.9635000000001,835.7,1.2
846.7200000000001,793.1593,835.7,1.2
846.7200000000001,775.6047000000001,835.7,1.2
846.7200000000001,825.7607,835.7,1.2
846.7200000000001,784.3820000000001,835.7,1.2
846.7200000000001,828.2685,835.7,1.2
846.7200000000001,778.1125000000001,835.7,1.2
846.7200000000001,794.4132000000001,835.7,1.2
846.7200000000001,880.9323,835.7,1.2
846.7200000000001,794.4132000000001,835.7,1.2
846.7200000000001,779.3664,835.7,1.2
846.7200000000001,853.3465,835.7,1.2
846.7200000000001,769.3352,835.7,1.2
846.7200000000001,783.1281,835.7,1.2
846.7200000000001,830.7763,835.7,1.2
846.7200000000001,844.5692,835.7,1.2
846.7200000000001,855.8543000000001,835.7,1.2
846.7200000000001,781.8742000000001,835.7,1.2
846.7200000000001,832.0302,835.7,1.2
846.7200000000001,791.9054,835.7,1.2
846.7200000000001,786.8898,835.7,1.2
846.7200000000001,854.6004,835.7,1.2
846.7200000000001,789.3976,835.7,1.2
846.7200000000001,819.4912,835.7,1.2
846.7200000000001,815.7295,835.7,1.2
846.7200000000001,769.3352,835.7,1.2
846.7200000000001,845.8231000000001,835.7,1.2
846.7200000000001,830.7763,835.7,1.2
846.7200000000001,734.226,835.7,1.2
846.7200000000001,819.4912,835.7,1.2
846.7200000000001,780.6203,835.7,1.2
933.12,887.4005999999999,923.17,1.8
846.7200000000001,923.1062,923.17,1.2
846.7200000000001,947.6538,923.17,1.2
846.7200000000001,937.6116,923.17,1.2
846.7200000000001,961.0434,923.17,1.2
846.7200000000001,884.0532,923.17,1.2
846.7200000000001,991.17,923.17,1.2
846.7200000000001,953.2328,923.17,1.2
846.7200000000001,981.1278,923.17,1.2
846.7200000000001,964.3908,923.17,1.2
846.7200000000001,935.38,923.17,1.2
846.7200000000001,891.8638,923.17,1.2
846.7200000000001,916.4114,923.17,1.2
846.7200000000001,988.9384,923.17,1.2
846.7200000000001,982.2436,923.17,1.2
846.7200000000001,914.1798,923.17,1.2
846.7200000000001,840.537,923.17,1.2
846.7200000000001,928.6852,923.17,1.2
846.7200000000001,925.3378,923.17,1.2
846.7200000000001,927.5694,923.17,1.2
846.7200000000001,953.2328,923.17,1.2
846.7200000000001,964.3908,923.17,1.2
846.7200000000001,968.854,923.17,1.2
846.7200000000001,949.8854,923.17,1.2
846.7200000000001,875.1268,923.17,1.2
846.7200000000001,924.222,923.17,1.2
846.7200000000001,1012.3702,923.17,1.2
846.7200000000001,947.6538,923.17,1.2
846.7200000000001,947.6538,923.17,1.2
846.7200000000001,947.6538,923.17,1.2
846.7200000000001,948.7696,923.17,1.2
846.7200000000001,856.1582,923.17,1.2
846.7200000000001,927.5694,923.17,1.2
846.7200000000001,934.2642,923.17,1.2
846.7200000000001,977.7804,923.17,1.2
846.7200000000001,936.4958,923.17,1.2
846.7200000000001,880.7058,923.17,1.2
846.7200000000001,949.8854,923.17,1.2
846.7200000000001,908.6008,923.17,1.2
846.7200000000001,894.0954,923.17,1.2
846.7200000000001,907.485,923.17,1.2
846.7200000000001,953.2328,923.17,1.2
846.7200000000001,977.7804,923.17,1.2
846.7200000000001,951.0012,923.17,1.2
846.7200000000001,956.5802,923.17,1.2
846.7200000000001,951.0012,923.17,1.2
846.7200000000001,938.7274,923.17,1.2
846.7200000000001,958.8118,923.17,1.2
846.7200000000001,853.9266,923.17,1.2
846.7200000000001,938.7274,923.17,1.2
846.7200000000001,900.7902,923.17,1.2
846.7200000000001,974.433,923.17,1.2
846.7200000000001,930.9168,923.17,1.2
846.7200000000001,936.4958,923.17,1.2
846.7200000000001,885.169,923.17,1.2
846.7200000000001,969.9698,923.17,1.2
846.7200000000001,956.5802,923.17,1.2
846.7200000000001,954.3486,923.17,1.2
846.7200000000001,908.6008,923.17,1.2
846.7200000000001,909.7166,923.17,1.2
846.7200000000001,943.1906,923.17,1.2
846.7200000000001,911.9482,923.17,1.2
846.7200000000001,949.8854,923.17,1.2
846.7200000000001,862.853,923.17,1.2
846.7200000000001,918.643,923.17,1.2
846.7200000000001,995.6332,923.17,1.2
846.7200000000001,949.8854,923.17,1.2
846.7200000000001,940.959,923.17,1.2
846.7200000000001,1002.328,923.17,1.2
846.7200000000001,857.274,923.17,1.2
846.7200000000001,908.6008,923.17,1.2
846.7200000000001,921.9904,923.17,1.2
846.7200000000001,964.3908,923.17,1.2
846.7200000000001,964.3908,923.17,1.2
846.7200000000001,906.3692,975.18,1.2
846.7200000000001,968.854,975.18,1.2
846.7200000000001,921.9904,975.18,1.2
846.7200000000001,975.5488,975.18,1.2
846.7200000000001,900.7902,975.18,1.2
846.7200000000001,930.9168,975.18,1.2
846.7200000000001,918.643,975.18,1.2
846.7200000000001,971.0856,975.18,1.2
846.7200000000001,917.5272,975.18,1.2
846.7200000000001,934.2642,975.18,1.2
846.7200000000001,952.117,975.18,1.2
846.7200000000001,953.2328,975.18,1.2
846.7200000000001,965.5066,975.18,1.2
846.7200000000001,942.0748,975.18,1.2
846.7200000000001,920.8746,975.18,1.2
846.7200000000001,924.222,975.18,1.2
846.7200000000001,936.4958,975.18,1.2
846.7200000000001,943.1906,975.18,1.2
846.7200000000001,930.9168,975.18,1.2
846.7200000000001,936.4958,975.18,1.2
846.7200000000001,884.0532,975.18,1.2
846.7200000000001,957.696,975.18,1.2
846.7200000000001,940.959,975.18,1.2
846.7200000000001,968.854,975.18,1.2
846.7200000000001,935.38,975.18,1.2
846.7200000000001,877.3584,975.18,1.2
846.7200000000001,923.1062,975.18,1.2
846.7200000000001,928.6852,975.18,1.2
846.7200000000001,959.9276,975.18,1.2
846.7200000000001,866.2004,975.18,1.2
846.7200000000001,936.4958,975.18,1.2
846.7200000000001,952.117,975.18,1.2
846.7200000000001,913.064,975.18,1.2
846.7200000000001,937.6116,975.18,1.2
846.7200000000001,914.1798,975.18,1.2
846.7200000000001,910.8324,975.18,1.2
846.7200000000001,921.9904,975.18,1.2
846.7200000000001,911.9482,975.18,1.2
846.7200000000001,958.8118,975.18,1.2
846.7200000000001,910.8324,975.18,1.2
846.7200000000001,905.2534,975.18,1.2
846.7200000000001,994.5174,975.18,1.2
846.7200000000001,967.7382,975.18,1.2
846.7200000000001,872.8951999999999,975.18,1.2
846.7200000000001,909.7166,975.18,1.2
846.7200000000001,943.1906,975.18,1.2
846.7200000000001,946.538,975.18,1.2
846.7200000000001,885.169,975.18,1.2
846.7200000000001,974.433,975.18,1.2
846.7200000000001,963.275,975.18,1.2
846.7200000000001,951.0012,975.18,1.2
846.7200000000001,981.1278,975.18,1.2
846.7200000000001,951.0012,975.18,1.2
846.7200000000001,949.8854,975.18,1.2
846.7200000000001,987.8226,975.18,1.2
846.7200000000001,972.2014,975.18,1.2
846.7200000000001,907.485,975.18,1.2
846.7200000000001,956.5802,975.18,1.2
846.7200000000001,913.064,975.18,1.2
846.7200000000001,952.117,975.18,1.2
846.7200000000001,951.0012,975.18,1.2
846.7200000000001,888.5164,975.18,1.2
846.7200000000001,930.9168,975.18,1.2
846.7200000000001,944.3064,975.18,1.2
846.7200000000001,920.8746,975.18,1.2
846.7200000000001,945.4222,975.18,1.2
846.7200000000001,962.1592,975.18,1.2
846.7200000000001,934.2642,975.18,1.2
846.7200000000001,943.1906,975.18,1.2
846.7200000000001,982.2436,975.18,1.2
846.7200000000001,951.0012,975.18,1.2
846.7200000000001,942.0748,975.18,1.2
846.7200000000001,903.0218,975.18,1.2
846.7200000000001,957.696,975.18,1.2
846.7200000000001,946.538,975.18,1.2
846.7200000000001,978.8962,990.54,1.2
846.7200000000001,936.4958,990.54,1.2
846.7200000000001,875.1268,990.54,1.2
846.7200000000001,878.4742,990.54,1.2
846.7200000000001,959.9276,990.54,1.2
846.7200000000001,916.4114,990.54,1.2
846.7200000000001,949.8854,990.54,1.2
846.7200000000001,938.7274,990.54,1.2
846.7200000000001,929.801,990.54,1.2
846.7200000000001,932.0326,990.54,1.2
846.7200000000001,906.3692,990.54,1.2
846.7200000000001,935.38,990.54,1.2
846.7200000000001,915.2956,990.54,1.2
846.7200000000001,923.1062,990.54,1.2
846.7200000000001,924.222,990.54,1.2
846.7200000000001,927.5694,990.54,1.2
846.7200000000001,966.6224,990.54,1.2
846.7200000000001,930.9168,990.54,1.2
846.7200000000001,969.9698,990.54,1.2
846.7200000000001,986.7068,990.54,1.2
846.7200000000001,964.3908,990.54,1.2
846.7200000000001,953.2328,990.54,1.2
846.7200000000001,946.538,990.54,1.2
846.7200000000001,964.3908,990.54,1.2
846.7200000000001,938.7274,990.54,1.2
846.7200000000001,968.854,990.54,1.2
846.7200000000001,955.4644,990.54,1.2
846.7200000000001,923.1062,990.54,1.2
846.7200000000001,965.5066,990.54,1.2
846.7200000000001,938.7274,990.54,1.2
846.7200000000001,932.0326,990.54,1.2
846.7200000000001,919.7588,990.54,1.2
846.7200000000001,940.959,990.54,1.2
846.7200000000001,968.854,990.54,1.2
846.7200000000001,965.5066,990.54,1.2
846.7200000000001,947.6538,990.54,1.2
846.7200000000001,955.4644,990.54,1.2
846.7200000000001,977.7804,990.54,1.2
846.7200000000001,930.9168,990.54,1.2
846.7200000000001,898.5586,990.54,1.2
846.7200000000001,978.8962,990.54,1.2
846.7200000000001,917.5272,990.54,1.2
846.7200000000001,911.9482,990.54,1.2
846.7200000000001,875.1268,990.54,1.2
846.7200000000001,954.3486,990.54,1.2
846.7200000000001,880.7058,990.54,1.2
846.7200000000001,909.7166,990.54,1.2
846.7200000000001,955.4644,990.54,1.2
846.7200000000001,959.9276,990.54,1.2
846.7200000000001,913.064,990.54,1.2
846.7200000000001,930.9168,990.54,1.2
846.7200000000001,906.3692,990.54,1.2
846.7200000000001,917.5272,990.54,1.2
846.7200000000001,944.3064,990.54,1.2
846.7200000000001,918.643,990.54,1.2
846.7200000000001,927.5694,990.54,1.2
846.7200000000001,886.2848,990.54,1.2
846.7200000000001,973.3172,990.54,1.2
846.7200000000001,952.117,990.54,1.2
846.7200000000001,962.1592,990.54,1.2
846.7200000000001,978.8962,990.54,1.2
846.7200000000001,907.485,990.54,1.2
846.7200000000001,923.1062,990.54,1.2
846.7200000000001,871.7794,990.54,1.2
846.7200000000001,1040.2652,990.54,1.2
846.7200000000001,930.9168,990.54,1.2
846.7200000000001,969.9698,990.54,1.2
846.7200000000001,894.0954,990.54,1.2
846.7200000000001,968.854,990.54,1.2
846.7200000000001,997.8648,990.54,1.2
846.7200000000001,933.1484,990.54,1.2
846.7200000000001,901.906,990.54,1.2
846.7200000000001,930.9168,990.54,1.2
846.7200000000001,860.6214,990.54,1.2
846.7200000000001,934.2642,990.54,1.2
933.12,918.6136,926.71,1.8
846.7200000000001,913.6024,926.71,1.2
846.7200000000001,929.2624,926.71,1.2
846.7200000000001,930.5152,926.71,1.2
846.7200000000001,887.92,926.71,1.2
846.7200000000001,921.1192,926.71,1.2
846.7200000000001,964.9672,926.71,1.2
846.7200000000001,894.184,926.71,1.2
846.7200000000001,917.3608,926.71,1.2
846.7200000000001,955.5712,926.71,1.2
846.7200000000001,939.9112,926.71,1.2
846.7200000000001,909.844,926.71,1.2
846.7200000000001,922.9984,926.71,1.2
846.7200000000001,919.24,926.71,1.2
846.7200000000001,905.4592,926.71,1.2
846.7200000000001,917.9872,926.71,1.2
846.7200000000001,914.2288,926.71,1.2
846.7200000000001,921.1192,926.71,1.2
846.7200000000001,905.4592,926.71,1.2
846.7200000000001,895.4368000000001,926.71,1.2
846.7200000000001,918.6136,926.71,1.2
846.7200000000001,951.1864,926.71,1.2
846.7200000000001,920.4928,926.71,1.2
846.7200000000001,912.976,926.71,1.2
846.7200000000001,933.6472,926.71,1.2
846.7200000000001,916.108,926.71,1.2
846.7200000000001,954.3184,926.71,1.2
846.7200000000001,919.24,926.71,1.2
846.7200000000001,932.3944,926.71,1.2
846.7200000000001,904.8328,926.71,1.2
846.7200000000001,928.636,926.71,1.2
846.7200000000001,924.2512,926.71,1.2
846.7200000000001,917.9872,926.71,1.2
846.7200000000001,909.844,926.71,1.2
846.7200000000001,907.3384,926.71,1.2
846.7200000000001,924.2512,926.71,1.2
846.7200000000001,931.1416,926.71,1.2
846.7200000000001,916.7344,926.71,1.2
846.7200000000001,924.8776,926.71,1.2
846.7200000000001,918.6136,926.71,1.2
846.7200000000001,921.1192,926.71,1.2
846.7200000000001,915.4816,926.71,1.2
846.7200000000001,919.8664,926.71,1.2
846.7200000000001,969.9784,926.71,1.2
846.7200000000001,924.8776,926.71,1.2
846.7200000000001,931.1416,926.71,1.2
846.7200000000001,927.3832,926.71,1.2
846.7200000000001,914.2288,926.71,1.2
846.7200000000001,943.6696,926.71,1.2
846.7200000000001,913.6024,926.71,1.2
846.7200000000001,939.2848,926.71,1.2
846.7200000000001,912.976,926.71,1.2
846.7200000000001,901.0744,926.71,1.2
846.7200000000001,926.1304,926.71,1.2
846.7200000000001,898.5688,926.71,1.2
846.7200000000001,929.2624,926.71,1.2
846.7200000000001,896.6896,926.71,1.2
846.7200000000001,912.976,926.71,1.2
846.7200000000001,892.3048,926.71,1.2
846.7200000000001,972.484,926.71,1.2
846.7200000000001,887.92,926.71,1.2
846.7200000000001,919.24,926.71,1.2
846.7200000000001,940.5376,926.71,1.2
846.7200000000001,938.6584,926.71,1.2
846.7200000000001,935.5264,926.71,1.2
846.7200000000001,912.976,926.71,1.2
846.7200000000001,944.9224,926.71,1.2
846.7200000000001,936.1528,926.71,1.2
846.7200000000001,922.9984,926.71,1.2
846.7200000000001,923.6248,926.71,1.2
846.7200000000001,913.6024,926.71,1.2
846.7200000000001,902.3272,926.71,1.2
846.7200000000001,942.4168,926.71,1.2
846.7200000000001,943.6696,926.71,1.2
846.7200000000001,902.3272,939.72,1.2
846.7200000000001,916.108,939.72,1.2
846.7200000000001,916.7344,939.72,1.2
846.7200000000001,918.6136,939.72,1.2
846.7200000000001,920.4928,939.72,1.2
846.7200000000001,936.7792,939.72,1.2
846.7200000000001,905.4592,939.72,1.2
846.7200000000001,903.58,939.72,1.2
846.7200000000001,942.4168,939.72,1.2
846.7200000000001,910.4704,939.72,1.2
846.7200000000001,895.4368000000001,939.72,1.2
846.7200000000001,909.844,939.72,1.2
846.7200000000001,912.976,939.72,1.2
846.7200000000001,948.6808,939.72,1.2
846.7200000000001,936.7792,939.72,1.2
846.7200000000001,940.5376,939.72,1.2
846.7200000000001,934.9,939.72,1.2
846.7200000000001,936.7792,939.72,1.2
846.7200000000001,906.0856,939.72,1.2
846.7200000000001,915.4816,939.72,1.2
846.7200000000001,900.448,939.72,1.2
846.7200000000001,915.4816,939.72,1.2
846.7200000000001,932.3944,939.72,1.2
846.7200000000001,921.7456,939.72,1.2
846.7200000000001,943.6696,939.72,1.2
846.7200000000001,897.9424,939.72,1.2
846.7200000000001,928.636,939.72,1.2
846.7200000000001,896.0632,939.72,1.2
846.7200000000001,921.1192,939.72,1.2
846.7200000000001,933.0208,939.72,1.2
846.7200000000001,915.4816,939.72,1.2
846.7200000000001,929.8888,939.72,1.2
846.7200000000001,901.0744,939.72,1.2
846.7200000000001,887.92,939.72,1.2
846.7200000000001,929.8888,939.72,1.2
846.7200000000001,951.8128,939.72,1.2
846.7200000000001,900.448,939.72,1.2
846.7200000000001,942.4168,939.72,1.2
846.7200000000001,919.8664,939.72,1.2
846.7200000000001,894.184,939.72,1.2
846.7200000000001,897.9424,939.72,1.2
846.7200000000001,919.24,939.72,1.2
846.7200000000001,911.7232,939.72,1.2
846.7200000000001,894.8104,939.72,1.2
846.7200000000001,887.2936,939.72,1.2
846.7200000000001,903.58,939.72,1.2
846.7200000000001,922.9984,939.72,1.2
846.7200000000001,919.24,939.72,1.2
846.7200000000001,909.844,939.72,1.2
846.7200000000001,922.9984,939.72,1.2
846.7200000000001,938.6584,939.72,1.2
846.7200000000001,926.7568,939.72,1.2
846.7200000000001,916.7344,939.72,1.2
846.7200000000001,936.7792,939.72,1.2
846.7200000000001,901.0744,939.72,1.2
846.7200000000001,914.8552,939.72,1.2
846.7200000000001,915.4816,939.72,1.2
846.7200000000001,896.0632,939.72,1.2
846.7200000000001,911.0968,939.72,1.2
846.7200000000001,880.4032,939.72,1.2
846.7200000000001,954.9448,939.72,1.2
846.7200000000001,901.7008,939.72,1.2
846.7200000000001,949.3072,939.72,1.2
846.7200000000001,919.8664,939.72,1.2
846.7200000000001,929.8888,939.72,1.2
846.7200000000001,909.844,939.72,1.2
846.7200000000001,922.9984,939.72,1.2
846.7200000000001,931.768,939.72,1.2
846.7200000000001,931.768,939.72,1.2
846.7200000000001,933.6472,939.72,1.2
846.7200000000001,912.3496,939.72,1.2
846.7200000000001,910.4704,939.72,1.2
846.7200000000001,889.1728,939.72,1.2
846.7200000000001,929.2624,939.72,1.2
846.7200000000001,939.2848,939.72,1.2
846.7200000000001,949.3072,968.09,1.2
846.7200000000001,924.8776,968.09,1.2
846.7200000000001,904.8328,968.09,1.2
846.7200000000001,887.2936,968.09,1.2
846.7200000000001,938.6584,968.09,1.2
846.7200000000001,885.4144,968.09,1.2
846.7200000000001,912.976,968.09,1.2
846.7200000000001,914.8552,968.09,1.2
846.7200000000001,917.9872,968.09,1.2
846.7200000000001,919.8664,968.09,1.2
846.7200000000001,921.7456,968.09,1.2
846.7200000000001,874.1392,968.09,1.2
846.7200000000001,919.24,968.09,1.2
846.7200000000001,877.2712,968.09,1.2
846.7200000000001,933.0208,968.09,1.2
846.7200000000001,908.5912,968.09,1.2
846.7200000000001,878.524,968.09,1.2
846.7200000000001,904.2064,968.09,1.2
846.7200000000001,908.5912,968.09,1.2
846.7200000000001,941.7904,968.09,1.2
846.7200000000001,922.9984,968.09,1.2
846.7200000000001,925.504,968.09,1.2
846.7200000000001,941.164,968.09,1.2
846.7200000000001,917.3608,968.09,1.2
846.7200000000001,933.6472,968.09,1.2
846.7200000000001,932.3944,968.09,1.2
846.7200000000001,894.8104,968.09,1.2
846.7200000000001,946.8016,968.09,1.2
846.7200000000001,892.3048,968.09,1.2
846.7200000000001,936.7792,968.09,1.2
846.7200000000001,890.4256,968.09,1.2
846.7200000000001,930.5152,968.09,1.2
846.7200000000001,954.3184,968.09,1.2
846.7200000000001,915.4816,968.09,1.2
846.7200000000001,914.2288,968.09,1.2
846.7200000000001,930.5152,968.09,1.2
846.7200000000001,912.976,968.09,1.2
846.7200000000001,953.692,968.09,1.2
846.7200000000001,922.9984,968.09,1.2
846.7200000000001,912.976,968.09,1.2
846.7200000000001,909.2176,968.09,1.2
846.7200000000001,901.7008,968.09,1.2
846.7200000000001,907.3384,968.09,1.2
846.7200000000001,912.3496,968.09,1.2
846.7200000000001,909.844,968.09,1.2
846.7200000000001,906.712,968.09,1.2
846.7200000000001,958.7032,968.09,1.2
846.7200000000001,899.8216,968.09,1.2
846.7200000000001,921.7456,968.09,1.2
846.7200000000001,930.5152,968.09,1.2
846.7200000000001,931.1416,968.09,1.2
846.7200000000001,917.9872,968.09,1.2
846.7200000000001,914.8552,968.09,1.2
846.7200000000001,928.0096,968.09,1.2
846.7200000000001,924.2512,968.09,1.2
846.7200000000001,914.2288,968.09,1.2
846.7200000000001,889.7992,968.09,1.2
846.7200000000001,910.4704,968.09,1.2
846.7200000000001,897.9424,968.09,1.2
846.7200000000001,906.712,968.09,1.2
846.7200000000001,919.8664,968.09,1.2
846.7200000000001,926.1304,968.09,1.2
846.7200000000001,952.4392,968.09,1.2
846.7200000000001,909.2176,968.09,1.2
846.7200000000001,933.6472,968.09,1.2
846.7200000000001,924.8776,968.09,1.2
846.7200000000001,943.6696,968.09,1.2
846.7200000000001,929.8888,968.09,1.2
846.7200000000001,900.448,968.09,1.2
846.7200000000001,886.6672,968.09,1.2
846.7200000000001,924.8776,968.09,1.2
846.7200000000001,909.2176,968.09,1.2
846.7200000000001,901.0744,968.09,1.2
846.7200000000001,895.4368000000001,968.09,1.2
846.7200000000001,922.372,968.09,1.2
933.12,911.9288,976.36,1.8
846.7200000000001,928.3568,976.36,1.2
846.7200000000001,916.8572,976.36,1.2
846.7200000000001,897.1436,976.36,1.2
846.7200000000001,930.5472,976.36,1.2
846.7200000000001,900.4292,976.36,1.2
846.7200000000001,919.0476,976.36,1.2
846.7200000000001,913.024,976.36,1.2
846.7200000000001,933.2852,976.36,1.2
846.7200000000001,900.9768,976.36,1.2
846.7200000000001,925.0712,976.36,1.2
846.7200000000001,904.81,976.36,1.2
846.7200000000001,910.286,976.36,1.2
846.7200000000001,863.74,976.36,1.2
846.7200000000001,952.9988,976.36,1.2
846.7200000000001,927.8092,976.36,1.2
846.7200000000001,905.9052,976.36,1.2
846.7200000000001,899.8816,976.36,1.2
846.7200000000001,910.286,976.36,1.2
846.7200000000001,930.5472,976.36,1.2
846.7200000000001,887.2868,976.36,1.2
846.7200000000001,916.3096,976.36,1.2
846.7200000000001,947.5228,976.36,1.2
846.7200000000001,899.8816,976.36,1.2
846.7200000000001,919.5952,976.36,1.2
846.7200000000001,954.6416,976.36,1.2
846.7200000000001,928.9044,976.36,1.2
846.7200000000001,920.6904,976.36,1.2
846.7200000000001,926.714,976.36,1.2
846.7200000000001,911.9288,976.36,1.2
846.7200000000001,939.8564,976.36,1.2
846.7200000000001,911.9288,976.36,1.2
846.7200000000001,886.1916,976.36,1.2
846.7200000000001,911.9288,976.36,1.2
846.7200000000001,902.6196,976.36,1.2
846.7200000000001,914.1192,976.36,1.2
846.7200000000001,914.1192,976.36,1.2
846.7200000000001,938.2136,976.36,1.2
846.7200000000001,929.9996,976.36,1.2
846.7200000000001,922.8808,976.36,1.2
846.7200000000001,918.5,976.36,1.2
846.7200000000001,900.9768,976.36,1.2
846.7200000000001,882.906,976.36,1.2
846.7200000000001,920.1428,976.36,1.2
846.7200000000001,931.6424,976.36,1.2
846.7200000000001,916.8572,976.36,1.2
846.7200000000001,909.7384,976.36,1.2
846.7200000000001,926.1664,976.36,1.2
846.7200000000001,917.4048,976.36,1.2
846.7200000000001,946.4276,976.36,1.2
846.7200000000001,938.7612,976.36,1.2
846.7200000000001,934.3804,976.36,1.2
846.7200000000001,931.0948,976.36,1.2
846.7200000000001,897.1436,976.36,1.2
846.7200000000001,929.452,976.36,1.2
846.7200000000001,924.5236,976.36,1.2
846.7200000000001,928.3568,976.36,1.2
846.7200000000001,926.714,976.36,1.2
846.7200000000001,926.1664,976.36,1.2
846.7200000000001,962.8556,976.36,1.2
846.7200000000001,917.4048,976.36,1.2
846.7200000000001,933.8328,976.36,1.2
846.7200000000001,910.8336,976.36,1.2
846.7200000000001,931.6424,976.36,1.2
846.7200000000001,933.8328,976.36,1.2
846.7200000000001,924.5236,976.36,1.2
846.7200000000001,945.88,976.36,1.2
846.7200000000001,903.7148,976.36,1.2
846.7200000000001,910.286,976.36,1.2
846.7200000000001,921.7856,976.36,1.2
846.7200000000001,932.7376,976.36,1.2
846.7200000000001,921.238,976.36,1.2
846.7200000000001,939.8564,976.36,1.2
846.7200000000001,907.548,976.36,1.2
846.7200000000001,899.8816,944.44,1.2
846.7200000000001,923.4284,944.44,1.2
846.7200000000001,917.4048,944.44,1.2
846.7200000000001,927.2616,944.44,1.2
846.7200000000001,917.9524,944.44,1.2
846.7200000000001,913.024,944.44,1.2
846.7200000000001,917.4048,944.44,1.2
846.7200000000001,919.0476,944.44,1.2
846.7200000000001,913.5716,944.44,1.2
846.7200000000001,915.2144,944.44,1.2
846.7200000000001,911.9288,944.44,1.2
846.7200000000001,932.7376,944.44,1.2
846.7200000000001,921.7856,944.44,1.2
846.7200000000001,955.7368,944.44,1.2
846.7200000000001,921.238,944.44,1.2
846.7200000000001,909.1908,944.44,1.2
846.7200000000001,962.308,944.44,1.2
846.7200000000001,925.0712,944.44,1.2
846.7200000000001,934.928,944.44,1.2
846.7200000000001,928.3568,944.44,1.2
846.7200000000001,928.9044,944.44,1.2
846.7200000000001,927.2616,944.44,1.2
846.7200000000001,900.4292,944.44,1.2
846.7200000000001,924.5236,944.44,1.2
846.7200000000001,896.596,944.44,1.2
846.7200000000001,915.762,944.44,1.2
846.7200000000001,906.4528,944.44,1.2
846.7200000000001,924.5236,944.44,1.2
846.7200000000001,923.976,944.44,1.2
846.7200000000001,926.1664,944.44,1.2
846.7200000000001,923.4284,944.44,1.2
846.7200000000001,908.6432,944.44,1.2
846.7200000000001,914.1192,944.44,1.2
846.7200000000001,933.8328,944.44,1.2
846.7200000000001,936.0232,944.44,1.2
846.7200000000001,899.8816,944.44,1.2
846.7200000000001,893.3104,944.44,1.2
846.7200000000001,906.4528,944.44,1.2
846.7200000000001,935.4756,944.44,1.2
846.7200000000001,938.2136,944.44,1.2
846.7200000000001,903.1672,944.44,1.2
846.7200000000001,923.4284,944.44,1.2
846.7200000000001,948.618,944.44,1.2
846.7200000000001,925.0712,944.44,1.2
846.7200000000001,942.0468,944.44,1.2
846.7200000000001,934.928,944.44,1.2
846.7200000000001,903.7148,944.44,1.2
846.7200000000001,915.2144,944.44,1.2
846.7200000000001,919.0476,944.44,1.2
846.7200000000001,920.1428,944.44,1.2
846.7200000000001,933.2852,944.44,1.2
846.7200000000001,925.0712,944.44,1.2
846.7200000000001,870.3112,944.44,1.2
846.7200000000001,897.1436,944.44,1.2
846.7200000000001,882.3584,944.44,1.2
846.7200000000001,921.238,944.44,1.2
846.7200000000001,922.3332,944.44,1.2
846.7200000000001,922.8808,944.44,1.2
846.7200000000001,902.6196,944.44,1.2
846.7200000000001,929.452,944.44,1.2
846.7200000000001,929.9996,944.44,1.2
846.7200000000001,897.6912,944.44,1.2
846.7200000000001,894.4056,944.44,1.2
846.7200000000001,918.5,944.44,1.2
846.7200000000001,948.0704,944.44,1.2
846.7200000000001,946.4276,944.44,1.2
846.7200000000001,927.8092,944.44,1.2
846.7200000000001,906.4528,944.44,1.2
846.7200000000001,933.2852,944.44,1.2
846.7200000000001,910.8336,944.44,1.2
846.7200000000001,905.9052,944.44,1.2
846.7200000000001,883.4536,944.44,1.2
846.7200000000001,920.1428,944.44,1.2
846.7200000000001,908.0956,944.44,1.2
846.7200000000001,920.1428,944.44,1.2
846.7200000000001,880.7156,958.63,1.2
846.7200000000001,921.238,958.63,1.2
846.7200000000001,878.5252,958.63,1.2
846.7200000000001,936.5708,958.63,1.2
846.7200000000001,927.2616,958.63,1.2
846.7200000000001,914.1192,958.63,1.2
846.7200000000001,927.8092,958.63,1.2
846.7200000000001,902.6196,958.63,1.2
846.7200000000001,919.5952,958.63,1.2
846.7200000000001,931.6424,958.63,1.2
846.7200000000001,867.5732,958.63,1.2
846.7200000000001,911.3812,958.63,1.2
846.7200000000001,917.9524,958.63,1.2
846.7200000000001,915.2144,958.63,1.2
846.7200000000001,942.5944,958.63,1.2
846.7200000000001,899.8816,958.63,1.2
846.7200000000001,908.0956,958.63,1.2
846.7200000000001,887.2868,958.63,1.2
846.7200000000001,943.142,958.63,1.2
846.7200000000001,914.6668,958.63,1.2
846.7200000000001,911.3812,958.63,1.2
846.7200000000001,917.4048,958.63,1.2
846.7200000000001,928.9044,958.63,1.2
846.7200000000001,923.976,958.63,1.2
846.7200000000001,961.7604,958.63,1.2
846.7200000000001,926.1664,958.63,1.2
846.7200000000001,910.8336,958.63,1.2
846.7200000000001,909.1908,958.63,1.2
846.7200000000001,911.9288,958.63,1.2
846.7200000000001,893.858,958.63,1.2
846.7200000000001,919.0476,958.63,1.2
846.7200000000001,931.6424,958.63,1.2
846.7200000000001,908.6432,958.63,1.2
846.7200000000001,905.3576,958.63,1.2
846.7200000000001,943.142,958.63,1.2
846.7200000000001,894.9532,958.63,1.2
846.7200000000001,884.5488,958.63,1.2
846.7200000000001,899.3340000000001,958.63,1.2
846.7200000000001,893.3104,958.63,1.2
846.7200000000001,925.0712,958.63,1.2
846.7200000000001,912.4764,958.63,1.2
846.7200000000001,914.6668,958.63,1.2
846.7200000000001,937.666,958.63,1.2
846.7200000000001,907.0004,958.63,1.2
846.7200000000001,931.0948,958.63,1.2
846.7200000000001,943.142,958.63,1.2
846.7200000000001,910.8336,958.63,1.2
846.7200000000001,930.5472,958.63,1.2
846.7200000000001,914.6668,958.63,1.2
846.7200000000001,933.8328,958.63,1.2
846.7200000000001,892.7628,958.63,1.2
846.7200000000001,891.6676,958.63,1.2
846.7200000000001,911.9288,958.63,1.2
846.7200000000001,903.7148,958.63,1.2
846.7200000000001,909.7384,958.63,1.2
846.7200000000001,914.6668,958.63,1.2
846.7200000000001,930.5472,958.63,1.2
846.7200000000001,911.9288,958.63,1.2
846.7200000000001,904.81,958.63,1.2
846.7200000000001,912.4764,958.63,1.2
846.7200000000001,905.9052,958.63,1.2
846.7200000000001,903.1672,958.63,1.2
846.7200000000001,892.2152,958.63,1.2
846.7200000000001,919.5952,958.63,1.2
846.7200000000001,909.1908,958.63,1.2
846.7200000000001,934.3804,958.63,1.2
846.7200000000001,894.9532,958.63,1.2
846.7200000000001,909.7384,958.63,1.2
846.7200000000001,948.0704,958.63,1.2
846.7200000000001,903.1672,958.63,1.2
846.7200000000001,914.6668,958.63,1.2
846.7200000000001,898.7864,958.63,1.2
846.7200000000001,896.596,958.63,1.2
846.7200000000001,943.6896,958.63,1.2
846.7200000000001,921.238,958.63,1.2
609.8400000000001,712.2057,957.45,1.4
846.7200000000001,779.7423,957.45,1.2
846.7200000000001,805.8855,957.45,1.2
846.7200000000001,804.7962,957.45,1.2
846.7200000000001,789.546,957.45,1.2
846.7200000000001,730.7238,957.45,1.2
846.7200000000001,777.5637,957.45,1.2
846.7200000000001,789.546,957.45,1.2
846.7200000000001,708.9377999999999,957.45,1.2
846.7200000000001,730.7238,957.45,1.2
846.7200000000001,797.1711,957.45,1.2
846.7200000000001,796.0818,957.45,1.2
846.7200000000001,717.6522,957.45,1.2
846.7200000000001,793.9032,957.45,1.2
846.7200000000001,771.0279,957.45,1.2
846.7200000000001,792.8139,957.45,1.2
846.7200000000001,747.0633,957.45,1.2
846.7200000000001,788.4567,957.45,1.2
846.7200000000001,794.9925,957.45,1.2
846.7200000000001,755.7777,957.45,1.2
846.7200000000001,768.8493,957.45,1.2
846.7200000000001,747.0633,957.45,1.2
846.7200000000001,822.225,957.45,1.2
846.7200000000001,763.4028,957.45,1.2
846.7200000000001,737.2596,957.45,1.2
846.7200000000001,744.8847,957.45,1.2
846.7200000000001,772.1172,957.45,1.2
846.7200000000001,792.8139,957.45,1.2
846.7200000000001,724.188,957.45,1.2
846.7200000000001,827.6715,957.45,1.2
846.7200000000001,777.5637,957.45,1.2
846.7200000000001,783.0101999999999,957.45,1.2
846.7200000000001,764.4920999999999,957.45,1.2
846.7200000000001,768.8493,957.45,1.2
846.7200000000001,763.4028,957.45,1.2
846.7200000000001,801.5283,957.45,1.2
846.7200000000001,767.76,957.45,1.2
846.7200000000001,792.8139,957.45,1.2
846.7200000000001,753.5991,957.45,1.2
846.7200000000001,774.2958,957.45,1.2
846.7200000000001,741.6168,957.45,1.2
846.7200000000001,806.9748,957.45,1.2
846.7200000000001,740.5275,957.45,1.2
846.7200000000001,756.867,957.45,1.2
846.7200000000001,757.9562999999999,957.45,1.2
846.7200000000001,755.7777,957.45,1.2
846.7200000000001,791.7246,957.45,1.2
846.7200000000001,757.9562999999999,957.45,1.2
846.7200000000001,813.5106,957.45,1.2
846.7200000000001,740.5275,957.45,1.2
846.7200000000001,773.2065,957.45,1.2
846.7200000000001,742.7061,957.45,1.2
846.7200000000001,781.9209,957.45,1.2
846.7200000000001,767.76,957.45,1.2
846.7200000000001,762.3135,957.45,1.2
846.7200000000001,806.9748,957.45,1.2
846.7200000000001,745.9739999999999,957.45,1.2
846.7200000000001,787.3674,957.45,1.2
846.7200000000001,742.7061,957.45,1.2
846.7200000000001,771.0279,957.45,1.2
846.7200000000001,728.5452,957.45,1.2
846.7200000000001,745.9739999999999,957.45,1.2
846.7200000000001,765.5814,957.45,1.2
846.7200000000001,826.5822000000001,957.45,1.2
846.7200000000001,771.0279,957.45,1.2
846.7200000000001,822.225,957.45,1.2
846.7200000000001,775.3851,957.45,1.2
846.7200000000001,754.6884,957.45,1.2
846.7200000000001,817.8678,957.45,1.2
846.7200000000001,781.9209,957.45,1.2
846.7200000000001,747.0633,957.45,1.2
846.7200000000001,783.0101999999999,957.45,1.2
846.7200000000001,757.9562999999999,957.45,1.2
846.7200000000001,702.402,957.45,1.2
846.7200000000001,798.2604,959.81,1.2
846.7200000000001,803.7069,959.81,1.2
846.7200000000001,827.6715,959.81,1.2
846.7200000000001,781.9209,959.81,1.2
846.7200000000001,760.1349,959.81,1.2
846.7200000000001,794.9925,959.81,1.2
846.7200000000001,794.9925,959.81,1.2
846.7200000000001,821.1357,959.81,1.2
846.7200000000001,766.6707,959.81,1.2
846.7200000000001,762.3135,959.81,1.2
846.7200000000001,744.8847,959.81,1.2
846.7200000000001,785.1888,959.81,1.2
846.7200000000001,717.6522,959.81,1.2
846.7200000000001,792.8139,959.81,1.2
846.7200000000001,787.3674,959.81,1.2
846.7200000000001,787.3674,959.81,1.2
846.7200000000001,772.1172,959.81,1.2
846.7200000000001,817.8678,959.81,1.2
846.7200000000001,796.0818,959.81,1.2
846.7200000000001,748.1526,959.81,1.2
846.7200000000001,748.1526,959.81,1.2
846.7200000000001,739.4381999999999,959.81,1.2
846.7200000000001,786.2781,959.81,1.2
846.7200000000001,735.081,959.81,1.2
846.7200000000001,803.7069,959.81,1.2
846.7200000000001,811.332,959.81,1.2
846.7200000000001,739.4381999999999,959.81,1.2
846.7200000000001,761.2242,959.81,1.2
846.7200000000001,767.76,959.81,1.2
846.7200000000001,797.1711,959.81,1.2
846.7200000000001,820.0464,959.81,1.2
846.7200000000001,712.2057,959.81,1.2
846.7200000000001,756.867,959.81,1.2
846.7200000000001,759.0456,959.81,1.2
846.7200000000001,722.0094,959.81,1.2
846.7200000000001,751.4205,959.81,1.2
846.7200000000001,781.9209,959.81,1.2
846.7200000000001,759.0456,959.81,1.2
846.7200000000001,717.6522,959.81,1.2
846.7200000000001,861.4398,959.81,1.2
846.7200000000001,776.4744,959.81,1.2
846.7200000000001,771.0279,959.81,1.2
846.7200000000001,731.8131,959.81,1.2
846.7200000000001,776.4744,959.81,1.2
846.7200000000001,762.3135,959.81,1.2
846.7200000000001,705.6699,959.81,1.2
846.7200000000001,732.9024,959.81,1.2
846.7200000000001,793.9032,959.81,1.2
846.7200000000001,830.9394,959.81,1.2
846.7200000000001,779.7423,959.81,1.2
846.7200000000001,803.7069,959.81,1.2
846.7200000000001,762.3135,959.81,1.2
846.7200000000001,764.4920999999999,959.81,1.2
846.7200000000001,803.7069,959.81,1.2
846.7200000000001,822.225,959.81,1.2
846.7200000000001,810.2427,959.81,1.2
846.7200000000001,732.9024,959.81,1.2
846.7200000000001,765.5814,959.81,1.2
846.7200000000001,776.4744,959.81,1.2
846.7200000000001,759.0456,959.81,1.2
846.7200000000001,780.8316,959.81,1.2
846.7200000000001,794.9925,959.81,1.2
846.7200000000001,800.439,959.81,1.2
846.7200000000001,823.3143,959.81,1.2
846.7200000000001,756.867,959.81,1.2
846.7200000000001,723.0987,959.81,1.2
846.7200000000001,779.7423,959.81,1.2
846.7200000000001,829.8501,959.81,1.2
846.7200000000001,752.5098,959.81,1.2
846.7200000000001,790.6353,959.81,1.2
846.7200000000001,790.6353,959.81,1.2
846.7200000000001,774.2958,959.81,1.2
846.7200000000001,767.76,959.81,1.2
846.7200000000001,737.2596,959.81,1.2
846.7200000000001,693.6876,959.81,1.2
846.7200000000001,731.8131,943.26,1.2
846.7200000000001,754.6884,943.26,1.2
846.7200000000001,803.7069,943.26,1.2
846.7200000000001,764.4920999999999,943.26,1.2
846.7200000000001,750.3312,943.26,1.2
846.7200000000001,738.3489,943.26,1.2
846.7200000000001,789.546,943.26,1.2
846.7200000000001,812.4213,943.26,1.2
846.7200000000001,802.6176,943.26,1.2
846.7200000000001,787.3674,943.26,1.2
846.7200000000001,719.8308,943.26,1.2
846.7200000000001,755.7777,943.26,1.2
846.7200000000001,830.9394,943.26,1.2
846.7200000000001,804.7962,943.26,1.2
846.7200000000001,717.6522,943.26,1.2
846.7200000000001,765.5814,943.26,1.2
846.7200000000001,779.7423,943.26,1.2
846.7200000000001,742.7061,943.26,1.2
846.7200000000001,692.5983,943.26,1.2
846.7200000000001,771.0279,943.26,1.2
846.7200000000001,741.6168,943.26,1.2
846.7200000000001,741.6168,943.26,1.2
846.7200000000001,755.7777,943.26,1.2
846.7200000000001,763.4028,943.26,1.2
846.7200000000001,767.76,943.26,1.2
846.7200000000001,738.3489,943.26,1.2
846.7200000000001,760.1349,943.26,1.2
846.7200000000001,710.0271,943.26,1.2
846.7200000000001,777.5637,943.26,1.2
846.7200000000001,674.0802,943.26,1.2
846.7200000000001,757.9562999999999,943.26,1.2
846.7200000000001,798.2604,943.26,1.2
846.7200000000001,732.9024,943.26,1.2
846.7200000000001,790.6353,943.26,1.2
846.7200000000001,805.8855,943.26,1.2
846.7200000000001,659.9193,943.26,1.2
846.7200000000001,762.3135,943.26,1.2
846.7200000000001,674.0802,943.26,1.2
846.7200000000001,763.4028,943.26,1.2
846.7200000000001,767.76,943.26,1.2
846.7200000000001,687.1518,943.26,1.2
846.7200000000001,830.9394,943.26,1.2
846.7200000000001,777.5637,943.26,1.2
846.7200000000001,740.5275,943.26,1.2
846.7200000000001,815.6892,943.26,1.2
846.7200000000001,708.9377999999999,943.26,1.2
846.7200000000001,727.4558999999999,943.26,1.2
846.7200000000001,692.5983,943.26,1.2
846.7200000000001,826.5822000000001,943.26,1.2
846.7200000000001,778.653,943.26,1.2
846.7200000000001,789.546,943.26,1.2
846.7200000000001,777.5637,943.26,1.2
846.7200000000001,786.2781,943.26,1.2
846.7200000000001,769.9386,943.26,1.2
846.7200000000001,776.4744,943.26,1.2
846.7200000000001,771.0279,943.26,1.2
846.7200000000001,748.1526,943.26,1.2
846.7200000000001,766.6707,943.26,1.2
846.7200000000001,776.4744,943.26,1.2
846.7200000000001,771.0279,943.26,1.2
846.7200000000001,719.8308,943.26,1.2
846.7200000000001,724.188,943.26,1.2
846.7200000000001,802.6176,943.26,1.2
846.7200000000001,757.9562999999999,943.26,1.2
846.7200000000001,787.3674,943.26,1.2
846.7200000000001,731.8131,943.26,1.2
846.7200000000001,719.8308,943.26,1.2
846.7200000000001,740.5275,943.26,1.2
846.7200000000001,760.1349,943.26,1.2
846.7200000000001,745.9739999999999,943.26,1.2
846.7200000000001,810.2427,943.26,1.2
846.7200000000001,773.2065,943.26,1.2
846.7200000000001,827.6715,943.26,1.2
846.7200000000001,780.8316,943.26,1.2
846.7200000000001,689.3303999999999,943.26,1.2
933.12,878.764,938.53,1.8
846.7200000000001,904.1816,938.53,1.2
846.7200000000001,889.5176,938.53,1.2
846.7200000000001,932.0432,938.53,1.2
846.7200000000001,921.7784,938.53,1.2
846.7200000000001,890.0064,938.53,1.2
846.7200000000001,898.8048,938.53,1.2
846.7200000000001,904.1816,938.53,1.2
846.7200000000001,913.4688,938.53,1.2
846.7200000000001,901.2488,938.53,1.2
846.7200000000001,885.6072,938.53,1.2
846.7200000000001,890.0064,938.53,1.2
846.7200000000001,900.76,938.53,1.2
846.7200000000001,918.8456,938.53,1.2
846.7200000000001,907.1144,938.53,1.2
846.7200000000001,889.5176,938.53,1.2
846.7200000000001,910.0472,938.53,1.2
846.7200000000001,894.8944,938.53,1.2
846.7200000000001,913.9576,938.53,1.2
846.7200000000001,937.9088,938.53,1.2
846.7200000000001,895.3832,938.53,1.2
846.7200000000001,912.4912,938.53,1.2
846.7200000000001,890.0064,938.53,1.2
846.7200000000001,899.2936,938.53,1.2
846.7200000000001,901.2488,938.53,1.2
846.7200000000001,897.8272,938.53,1.2
846.7200000000001,936.9312,938.53,1.2
846.7200000000001,896.3608,938.53,1.2
846.7200000000001,909.5584,938.53,1.2
846.7200000000001,872.4096,938.53,1.2
846.7200000000001,907.1144,938.53,1.2
846.7200000000001,917.3792,938.53,1.2
846.7200000000001,892.9392,938.53,1.2
846.7200000000001,864.1,938.53,1.2
846.7200000000001,900.2712,938.53,1.2
846.7200000000001,901.2488,938.53,1.2
846.7200000000001,911.5136,938.53,1.2
846.7200000000001,930.088,938.53,1.2
846.7200000000001,895.3832,938.53,1.2
846.7200000000001,888.0512,938.53,1.2
846.7200000000001,883.652,938.53,1.2
846.7200000000001,903.6928,938.53,1.2
846.7200000000001,907.6032,938.53,1.2
846.7200000000001,892.9392,938.53,1.2
846.7200000000001,912.0024,938.53,1.2
846.7200000000001,907.6032,938.53,1.2
846.7200000000001,901.2488,938.53,1.2
846.7200000000001,887.5624,938.53,1.2
846.7200000000001,893.9168,938.53,1.2
846.7200000000001,865.0776,938.53,1.2
846.7200000000001,904.1816,938.53,1.2
846.7200000000001,901.2488,938.53,1.2
846.7200000000001,903.6928,938.53,1.2
846.7200000000001,908.092,938.53,1.2
846.7200000000001,906.6256,938.53,1.2
846.7200000000001,899.2936,938.53,1.2
846.7200000000001,901.2488,938.53,1.2
846.7200000000001,880.2304,938.53,1.2
846.7200000000001,891.9616,938.53,1.2
846.7200000000001,901.7376,938.53,1.2
846.7200000000001,890.0064,938.53,1.2
846.7200000000001,913.4688,938.53,1.2
846.7200000000001,890.984,938.53,1.2
846.7200000000001,903.6928,938.53,1.2
846.7200000000001,902.2264,938.53,1.2
846.7200000000001,911.5136,938.53,1.2
846.7200000000001,913.9576,938.53,1.2
846.7200000000001,911.0248,938.53,1.2
846.7200000000001,869.9656,938.53,1.2
846.7200000000001,918.3568,938.53,1.2
846.7200000000001,923.2448,938.53,1.2
846.7200000000001,893.9168,938.53,1.2
846.7200000000001,904.1816,938.53,1.2
846.7200000000001,887.5624,938.53,1.2
846.7200000000001,872.4096,942.08,1.2
846.7200000000001,890.0064,942.08,1.2
846.7200000000001,892.9392,942.08,1.2
846.7200000000001,895.3832,942.08,1.2
846.7200000000001,886.5848,942.08,1.2
846.7200000000001,890.0064,942.08,1.2
846.7200000000001,900.76,942.08,1.2
846.7200000000001,889.5176,942.08,1.2
846.7200000000001,908.5808,942.08,1.2
846.7200000000001,910.536,942.08,1.2
846.7200000000001,935.4648,942.08,1.2
846.7200000000001,917.3792,942.08,1.2
846.7200000000001,904.1816,942.08,1.2
846.7200000000001,891.4728,942.08,1.2
846.7200000000001,905.1592,942.08,1.2
846.7200000000001,905.648,942.08,1.2
846.7200000000001,893.428,942.08,1.2
846.7200000000001,912.4912,942.08,1.2
846.7200000000001,880.2304,942.08,1.2
846.7200000000001,897.3384,942.08,1.2
846.7200000000001,909.0696,942.08,1.2
846.7200000000001,896.3608,942.08,1.2
846.7200000000001,897.8272,942.08,1.2
846.7200000000001,898.8048,942.08,1.2
846.7200000000001,888.54,942.08,1.2
846.7200000000001,917.868,942.08,1.2
846.7200000000001,885.6072,942.08,1.2
846.7200000000001,905.648,942.08,1.2
846.7200000000001,906.6256,942.08,1.2
846.7200000000001,887.0735999999999,942.08,1.2
846.7200000000001,901.7376,942.08,1.2
846.7200000000001,887.5624,942.08,1.2
846.7200000000001,921.2896,942.08,1.2
846.7200000000001,884.1408,942.08,1.2
846.7200000000001,890.984,942.08,1.2
846.7200000000001,882.6744,942.08,1.2
846.7200000000001,880.7192,942.08,1.2
846.7200000000001,924.2224,942.08,1.2
846.7200000000001,908.5808,942.08,1.2
846.7200000000001,902.7152,942.08,1.2
846.7200000000001,890.984,942.08,1.2
846.7200000000001,913.9576,942.08,1.2
846.7200000000001,888.54,942.08,1.2
846.7200000000001,912.4912,942.08,1.2
846.7200000000001,888.0512,942.08,1.2
846.7200000000001,891.4728,942.08,1.2
846.7200000000001,912.0024,942.08,1.2
846.7200000000001,913.4688,942.08,1.2
846.7200000000001,909.5584,942.08,1.2
846.7200000000001,885.6072,942.08,1.2
846.7200000000001,894.4055999999999,942.08,1.2
846.7200000000001,903.204,942.08,1.2
846.7200000000001,888.54,942.08,1.2
846.7200000000001,920.8008,942.08,1.2
846.7200000000001,865.5663999999999,942.08,1.2
846.7200000000001,889.5176,942.08,1.2
846.7200000000001,893.428,942.08,1.2
846.7200000000001,859.212,942.08,1.2
846.7200000000001,880.2304,942.08,1.2
846.7200000000001,910.0472,942.08,1.2
846.7200000000001,901.2488,942.08,1.2
846.7200000000001,923.7336,942.08,1.2
846.7200000000001,923.2448,942.08,1.2
846.7200000000001,907.1144,942.08,1.2
846.7200000000001,905.1592,942.08,1.2
846.7200000000001,901.7376,942.08,1.2
846.7200000000001,861.656,942.08,1.2
846.7200000000001,880.2304,942.08,1.2
846.7200000000001,902.2264,942.08,1.2
846.7200000000001,909.5584,942.08,1.2
846.7200000000001,905.1592,942.08,1.2
846.7200000000001,887.5624,942.08,1.2
846.7200000000001,914.4464,942.08,1.2
846.7200000000001,922.2672,942.08,1.2
846.7200000000001,914.4464,942.08,1.2
846.7200000000001,915.424,904.26,1.2
846.7200000000001,892.4504,904.26,1.2
846.7200000000001,916.4016,904.26,1.2
846.7200000000001,902.7152,904.26,1.2
846.7200000000001,908.092,904.26,1.2
846.7200000000001,906.1368,904.26,1.2
846.7200000000001,898.8048,904.26,1.2
846.7200000000001,888.0512,904.26,1.2
846.7200000000001,899.7823999999999,904.26,1.2
846.7200000000001,915.424,904.26,1.2
846.7200000000001,894.4055999999999,904.26,1.2
846.7200000000001,913.9576,904.26,1.2
846.7200000000001,911.5136,904.26,1.2
846.7200000000001,896.3608,904.26,1.2
846.7200000000001,921.2896,904.26,1.2
846.7200000000001,895.3832,904.26,1.2
846.7200000000001,922.756,904.26,1.2
846.7200000000001,907.1144,904.26,1.2
846.7200000000001,900.76,904.26,1.2
846.7200000000001,887.5624,904.26,1.2
846.7200000000001,899.2936,904.26,1.2
846.7200000000001,897.8272,904.26,1.2
846.7200000000001,882.1856,904.26,1.2
846.7200000000001,897.3384,904.26,1.2
846.7200000000001,889.0288,904.26,1.2
846.7200000000001,909.5584,904.26,1.2
846.7200000000001,919.8232,904.26,1.2
846.7200000000001,882.6744,904.26,1.2
846.7200000000001,925.6888,904.26,1.2
846.7200000000001,898.8048,904.26,1.2
846.7200000000001,886.5848,904.26,1.2
846.7200000000001,912.0024,904.26,1.2
846.7200000000001,894.4055999999999,904.26,1.2
846.7200000000001,899.7823999999999,904.26,1.2
846.7200000000001,894.8944,904.26,1.2
846.7200000000001,888.54,904.26,1.2
846.7200000000001,911.5136,904.26,1.2
846.7200000000001,896.3608,904.26,1.2
846.7200000000001,879.7416,904.26,1.2
846.7200000000001,909.0696,904.26,1.2
846.7200000000001,883.1632,904.26,1.2
846.7200000000001,883.652,904.26,1.2
846.7200000000001,918.3568,904.26,1.2
846.7200000000001,883.1632,904.26,1.2
846.7200000000001,867.0328,904.26,1.2
846.7200000000001,910.0472,904.26,1.2
846.7200000000001,896.3608,904.26,1.2
846.7200000000001,897.3384,904.26,1.2
846.7200000000001,896.3608,904.26,1.2
846.7200000000001,904.1816,904.26,1.2
846.7200000000001,889.5176,904.26,1.2
846.7200000000001,922.2672,904.26,1.2
846.7200000000001,879.2528,904.26,1.2
846.7200000000001,907.1144,904.26,1.2
846.7200000000001,910.0472,904.26,1.2
846.7200000000001,889.5176,904.26,1.2
846.7200000000001,885.6072,904.26,1.2
846.7200000000001,915.9128,904.26,1.2
846.7200000000001,886.096,904.26,1.2
846.7200000000001,891.9616,904.26,1.2
846.7200000000001,913.9576,904.26,1.2
846.7200000000001,901.2488,904.26,1.2
846.7200000000001,874.3648,904.26,1.2
846.7200000000001,926.1776,904.26,1.2
846.7200000000001,892.9392,904.26,1.2
846.7200000000001,894.8944,904.26,1.2
846.7200000000001,904.6704,904.26,1.2
846.7200000000001,910.0472,904.26,1.2
846.7200000000001,929.5992,904.26,1.2
846.7200000000001,876.3199999999999,904.26,1.2
846.7200000000001,912.98,904.26,1.2
846.7200000000001,911.5136,904.26,1.2
846.7200000000001,898.8048,904.26,1.2
846.7200000000001,912.4912,904.26,1.2
846.7200000000001,914.4464,904.26,1.2
933.12,989.8452,960.99,1.8
846.7200000000001,888.1128,960.99,1.2
846.7200000000001,901.4716,960.99,1.2
846.7200000000001,928.1892,960.99,1.2
846.7200000000001,996.0108,960.99,1.2
846.7200000000001,927.1616,960.99,1.2
846.7200000000001,935.3824,960.99,1.2
846.7200000000001,980.5968,960.99,1.2
846.7200000000001,927.1616,960.99,1.2
846.7200000000001,900.444,960.99,1.2
846.7200000000001,923.0512,960.99,1.2
846.7200000000001,978.5416,960.99,1.2
846.7200000000001,938.4652,960.99,1.2
846.7200000000001,996.0108,960.99,1.2
846.7200000000001,959.0172,960.99,1.2
846.7200000000001,916.8856,960.99,1.2
846.7200000000001,938.4652,960.99,1.2
846.7200000000001,909.6924,960.99,1.2
846.7200000000001,915.858,960.99,1.2
846.7200000000001,1039.17,960.99,1.2
846.7200000000001,968.2656,960.99,1.2
846.7200000000001,963.1276,960.99,1.2
846.7200000000001,916.8856,960.99,1.2
846.7200000000001,984.7072,960.99,1.2
846.7200000000001,970.3208,960.99,1.2
846.7200000000001,993.9556,960.99,1.2
846.7200000000001,992.928,960.99,1.2
846.7200000000001,891.1956,960.99,1.2
846.7200000000001,902.4992,960.99,1.2
846.7200000000001,905.582,960.99,1.2
846.7200000000001,907.6372,960.99,1.2
846.7200000000001,946.686,960.99,1.2
846.7200000000001,918.9408,960.99,1.2
846.7200000000001,1000.1212,960.99,1.2
846.7200000000001,994.9832,960.99,1.2
846.7200000000001,936.41,960.99,1.2
846.7200000000001,997.0384,960.99,1.2
846.7200000000001,982.652,960.99,1.2
846.7200000000001,922.0236,960.99,1.2
846.7200000000001,874.754,960.99,1.2
846.7200000000001,929.2168,960.99,1.2
846.7200000000001,916.8856,960.99,1.2
846.7200000000001,942.5756,960.99,1.2
846.7200000000001,939.4928,960.99,1.2
846.7200000000001,938.4652,960.99,1.2
846.7200000000001,952.8516,960.99,1.2
846.7200000000001,899.4164,960.99,1.2
846.7200000000001,948.7412,960.99,1.2
846.7200000000001,923.0512,960.99,1.2
846.7200000000001,942.5756,960.99,1.2
846.7200000000001,966.2104,960.99,1.2
846.7200000000001,898.3888,960.99,1.2
846.7200000000001,928.1892,960.99,1.2
846.7200000000001,932.2996,960.99,1.2
846.7200000000001,920.996,960.99,1.2
846.7200000000001,964.1552,960.99,1.2
846.7200000000001,913.8028,960.99,1.2
846.7200000000001,918.9408,960.99,1.2
846.7200000000001,914.8304,960.99,1.2
846.7200000000001,970.3208,960.99,1.2
846.7200000000001,920.996,960.99,1.2
846.7200000000001,950.7964,960.99,1.2
846.7200000000001,997.0384,960.99,1.2
846.7200000000001,934.3548,960.99,1.2
846.7200000000001,970.3208,960.99,1.2
846.7200000000001,987.79,960.99,1.2
846.7200000000001,968.2656,960.99,1.2
846.7200000000001,935.3824,960.99,1.2
846.7200000000001,955.9344,960.99,1.2
846.7200000000001,896.3335999999999,960.99,1.2
846.7200000000001,912.7752,960.99,1.2
846.7200000000001,917.9132,960.99,1.2
846.7200000000001,1005.2592,960.99,1.2
846.7200000000001,911.7476,960.99,1.2
846.7200000000001,910.72,963.36,1.2
846.7200000000001,904.5544,963.36,1.2
846.7200000000001,953.8792,963.36,1.2
846.7200000000001,940.5204,963.36,1.2
846.7200000000001,970.3208,963.36,1.2
846.7200000000001,956.962,963.36,1.2
846.7200000000001,894.2783999999999,963.36,1.2
846.7200000000001,911.7476,963.36,1.2
846.7200000000001,978.5416,963.36,1.2
846.7200000000001,930.2444,963.36,1.2
846.7200000000001,973.4036,963.36,1.2
846.7200000000001,932.2996,963.36,1.2
846.7200000000001,906.6096,963.36,1.2
846.7200000000001,927.1616,963.36,1.2
846.7200000000001,906.6096,963.36,1.2
846.7200000000001,918.9408,963.36,1.2
846.7200000000001,942.5756,963.36,1.2
846.7200000000001,951.824,963.36,1.2
846.7200000000001,887.0852,963.36,1.2
846.7200000000001,935.3824,963.36,1.2
846.7200000000001,917.9132,963.36,1.2
846.7200000000001,916.8856,963.36,1.2
846.7200000000001,940.5204,963.36,1.2
846.7200000000001,918.9408,963.36,1.2
846.7200000000001,978.5416,963.36,1.2
846.7200000000001,973.4036,963.36,1.2
846.7200000000001,972.376,963.36,1.2
846.7200000000001,920.996,963.36,1.2
846.7200000000001,906.6096,963.36,1.2
846.7200000000001,938.4652,963.36,1.2
846.7200000000001,931.272,963.36,1.2
846.7200000000001,917.9132,963.36,1.2
846.7200000000001,900.444,963.36,1.2
846.7200000000001,935.3824,963.36,1.2
846.7200000000001,924.0788,963.36,1.2
846.7200000000001,957.9896,963.36,1.2
846.7200000000001,956.962,963.36,1.2
846.7200000000001,970.3208,963.36,1.2
846.7200000000001,897.3611999999999,963.36,1.2
846.7200000000001,948.7412,963.36,1.2
846.7200000000001,913.8028,963.36,1.2
846.7200000000001,898.3888,963.36,1.2
846.7200000000001,923.0512,963.36,1.2
846.7200000000001,969.2932,963.36,1.2
846.7200000000001,925.1064,963.36,1.2
846.7200000000001,984.7072,963.36,1.2
846.7200000000001,952.8516,963.36,1.2
846.7200000000001,924.0788,963.36,1.2
846.7200000000001,972.376,963.36,1.2
846.7200000000001,949.7688,963.36,1.2
846.7200000000001,907.6372,963.36,1.2
846.7200000000001,993.9556,963.36,1.2
846.7200000000001,944.6308,963.36,1.2
846.7200000000001,937.4376,963.36,1.2
846.7200000000001,909.6924,963.36,1.2
846.7200000000001,972.376,963.36,1.2
846.7200000000001,952.8516,963.36,1.2
846.7200000000001,955.9344,963.36,1.2
846.7200000000001,920.996,963.36,1.2
846.7200000000001,962.1,963.36,1.2
846.7200000000001,964.1552,963.36,1.2
846.7200000000001,915.858,963.36,1.2
846.7200000000001,892.2232,963.36,1.2
846.7200000000001,953.8792,963.36,1.2
846.7200000000001,888.1128,963.36,1.2
846.7200000000001,941.548,963.36,1.2
846.7200000000001,923.0512,963.36,1.2
846.7200000000001,974.4312,963.36,1.2
846.7200000000001,924.0788,963.36,1.2
846.7200000000001,970.3208,963.36,1.2
846.7200000000001,920.996,963.36,1.2
846.7200000000001,967.238,963.36,1.2
846.7200000000001,1000.1212,963.36,1.2
846.7200000000001,903.5268,963.36,1.2
846.7200000000001,945.6584,963.36,1.2
846.7200000000001,1020.6732,914.89,1.2
846.7200000000001,938.4652,914.89,1.2
846.7200000000001,938.4652,914.89,1.2
846.7200000000001,961.0724,914.89,1.2
846.7200000000001,937.4376,914.89,1.2
846.7200000000001,884.0024,914.89,1.2
846.7200000000001,971.3484,914.89,1.2
846.7200000000001,874.754,914.89,1.2
846.7200000000001,923.0512,914.89,1.2
846.7200000000001,973.4036,914.89,1.2
846.7200000000001,925.1064,914.89,1.2
846.7200000000001,914.8304,914.89,1.2
846.7200000000001,963.1276,914.89,1.2
846.7200000000001,909.6924,914.89,1.2
846.7200000000001,898.3888,914.89,1.2
846.7200000000001,944.6308,914.89,1.2
846.7200000000001,931.272,914.89,1.2
846.7200000000001,898.3888,914.89,1.2
846.7200000000001,955.9344,914.89,1.2
846.7200000000001,950.7964,914.89,1.2
846.7200000000001,925.1064,914.89,1.2
846.7200000000001,927.1616,914.89,1.2
846.7200000000001,950.7964,914.89,1.2
846.7200000000001,973.4036,914.89,1.2
846.7200000000001,928.1892,914.89,1.2
846.7200000000001,956.962,914.89,1.2
846.7200000000001,953.8792,914.89,1.2
846.7200000000001,963.1276,914.89,1.2
846.7200000000001,937.4376,914.89,1.2
846.7200000000001,908.6648,914.89,1.2
846.7200000000001,922.0236,914.89,1.2
846.7200000000001,946.686,914.89,1.2
846.7200000000001,992.928,914.89,1.2
846.7200000000001,920.996,914.89,1.2
846.7200000000001,961.0724,914.89,1.2
846.7200000000001,926.134,914.89,1.2
846.7200000000001,939.4928,914.89,1.2
846.7200000000001,982.652,914.89,1.2
846.7200000000001,960.0448,914.89,1.2
846.7200000000001,898.3888,914.89,1.2
846.7200000000001,918.9408,914.89,1.2
846.7200000000001,975.4588,914.89,1.2
846.7200000000001,940.5204,914.89,1.2
846.7200000000001,901.4716,914.89,1.2
846.7200000000001,910.72,914.89,1.2
846.7200000000001,957.9896,914.89,1.2
846.7200000000001,967.238,914.89,1.2
846.7200000000001,937.4376,914.89,1.2
846.7200000000001,1012.4524,914.89,1.2
846.7200000000001,962.1,914.89,1.2
846.7200000000001,929.2168,914.89,1.2
846.7200000000001,911.7476,914.89,1.2
846.7200000000001,906.6096,914.89,1.2
846.7200000000001,946.686,914.89,1.2
846.7200000000001,920.996,914.89,1.2
846.7200000000001,987.79,914.89,1.2
846.7200000000001,981.6244,914.89,1.2
846.7200000000001,955.9344,914.89,1.2
846.7200000000001,900.444,914.89,1.2
846.7200000000001,915.858,914.89,1.2
846.7200000000001,975.4588,914.89,1.2
846.7200000000001,918.9408,914.89,1.2
846.7200000000001,971.3484,914.89,1.2
846.7200000000001,950.7964,914.89,1.2
846.7200000000001,938.4652,914.89,1.2
846.7200000000001,914.8304,914.89,1.2
846.7200000000001,933.3272,914.89,1.2
846.7200000000001,942.5756,914.89,1.2
846.7200000000001,968.2656,914.89,1.2
846.7200000000001,908.6648,914.89,1.2
846.7200000000001,928.1892,914.89,1.2
846.7200000000001,937.4376,914.89,1.2
846.7200000000001,956.962,914.89,1.2
846.7200000000001,908.6648,914.89,1.2
846.7200000000001,896.3335999999999,914.89,1.2
609.8400000000001,656.3734000000001,841.61,1.4
640.0,768.3269,841.61,1.0
640.0,710.3745,841.61,1.0
846.7200000000001,656.3734000000001,841.61,1.2
846.7200000000001,698.5206000000001,841.61,1.2
846.7200000000001,731.4481000000001,841.61,1.2
846.7200000000001,695.8864,841.61,1.2
846.7200000000001,718.2771,841.61,1.2
846.7200000000001,745.9362,841.61,1.2
846.7200000000001,709.0574,841.61,1.2
846.7200000000001,680.0812000000001,841.61,1.2
846.7200000000001,705.1061000000001,841.61,1.2
846.7200000000001,772.2782000000001,841.61,1.2
846.7200000000001,784.1321,841.61,1.2
846.7200000000001,636.6169,841.61,1.2
846.7200000000001,760.4243,841.61,1.2
846.7200000000001,727.4968,841.61,1.2
846.7200000000001,753.8388,841.61,1.2
846.7200000000001,694.5693,841.61,1.2
846.7200000000001,647.1537000000001,841.61,1.2
846.7200000000001,740.6678,841.61,1.2
846.7200000000001,680.0812000000001,841.61,1.2
846.7200000000001,661.6418,841.61,1.2
846.7200000000001,664.2760000000001,841.61,1.2
846.7200000000001,740.6678,841.61,1.2
846.7200000000001,722.2284000000001,841.61,1.2
846.7200000000001,747.2533000000001,841.61,1.2
846.7200000000001,743.302,841.61,1.2
846.7200000000001,699.8377,841.61,1.2
846.7200000000001,714.3258000000001,841.61,1.2
846.7200000000001,697.2035000000001,841.61,1.2
846.7200000000001,709.0574,841.61,1.2
846.7200000000001,678.7641,841.61,1.2
846.7200000000001,732.7652,841.61,1.2
846.7200000000001,759.1072,841.61,1.2
846.7200000000001,685.3496,841.61,1.2
846.7200000000001,767.0098,841.61,1.2
846.7200000000001,720.9113,841.61,1.2
846.7200000000001,726.1797,841.61,1.2
846.7200000000001,649.7879,841.61,1.2
846.7200000000001,645.8366000000001,841.61,1.2
846.7200000000001,722.2284000000001,841.61,1.2
846.7200000000001,748.5704000000001,841.61,1.2
846.7200000000001,690.618,841.61,1.2
846.7200000000001,782.815,841.61,1.2
846.7200000000001,745.9362,841.61,1.2
846.7200000000001,681.3983000000001,841.61,1.2
846.7200000000001,718.2771,841.61,1.2
846.7200000000001,814.4254000000001,841.61,1.2
846.7200000000001,668.2273,841.61,1.2
846.7200000000001,738.0336000000001,841.61,1.2
846.7200000000001,703.789,841.61,1.2
846.7200000000001,744.6191,841.61,1.2
846.7200000000001,767.0098,841.61,1.2
846.7200000000001,701.1548,841.61,1.2
846.7200000000001,761.7414,841.61,1.2
846.7200000000001,805.2057000000001,841.61,1.2
846.7200000000001,719.5942,841.61,1.2
846.7200000000001,748.5704000000001,841.61,1.2
846.7200000000001,693.2522,841.61,1.2
846.7200000000001,718.2771,841.61,1.2
846.7200000000001,710.3745,841.61,1.2
846.7200000000001,748.5704000000001,841.61,1.2
846.7200000000001,764.3756000000001,841.61,1.2
846.7200000000001,713.0087000000001,841.61,1.2
846.7200000000001,777.5466,841.61,1.2
846.7200000000001,777.5466,841.61,1.2
846.7200000000001,749.8875,841.61,1.2
846.7200000000001,697.2035000000001,841.61,1.2
846.7200000000001,693.2522,841.61,1.2
846.7200000000001,685.3496,841.61,1.2
846.7200000000001,753.8388,841.61,1.2
846.7200000000001,669.5444,841.61,1.2
846.7200000000001,743.302,841.61,1.2
846.7200000000001,674.8128,976.36,1.2
846.7200000000001,749.8875,976.36,1.2
846.7200000000001,718.2771,976.36,1.2
846.7200000000001,769.644,976.36,1.2
846.7200000000001,761.7414,976.36,1.2
846.7200000000001,773.5953000000001,976.36,1.2
846.7200000000001,774.9124,976.36,1.2
846.7200000000001,722.2284000000001,976.36,1.2
846.7200000000001,670.8615,976.36,1.2
846.7200000000001,674.8128,976.36,1.2
846.7200000000001,633.9827,976.36,1.2
846.7200000000001,673.4957,976.36,1.2
846.7200000000001,719.5942,976.36,1.2
846.7200000000001,694.5693,976.36,1.2
846.7200000000001,710.3745,976.36,1.2
846.7200000000001,736.7165,976.36,1.2
846.7200000000001,705.1061000000001,976.36,1.2
846.7200000000001,672.1786000000001,976.36,1.2
846.7200000000001,714.3258000000001,976.36,1.2
846.7200000000001,681.3983000000001,976.36,1.2
846.7200000000001,706.4232000000001,976.36,1.2
846.7200000000001,769.644,976.36,1.2
846.7200000000001,706.4232000000001,976.36,1.2
846.7200000000001,786.7663,976.36,1.2
846.7200000000001,773.5953000000001,976.36,1.2
846.7200000000001,694.5693,976.36,1.2
846.7200000000001,673.4957,976.36,1.2
846.7200000000001,714.3258000000001,976.36,1.2
846.7200000000001,763.0585000000001,976.36,1.2
846.7200000000001,697.2035000000001,976.36,1.2
846.7200000000001,752.5217,976.36,1.2
846.7200000000001,764.3756000000001,976.36,1.2
846.7200000000001,686.6667,976.36,1.2
846.7200000000001,690.618,976.36,1.2
846.7200000000001,744.6191,976.36,1.2
846.7200000000001,723.5455000000001,976.36,1.2
846.7200000000001,689.3009000000001,976.36,1.2
846.7200000000001,702.4719,976.36,1.2
846.7200000000001,714.3258000000001,976.36,1.2
846.7200000000001,655.0563000000001,976.36,1.2
846.7200000000001,747.2533000000001,976.36,1.2
846.7200000000001,698.5206000000001,976.36,1.2
846.7200000000001,606.3236,976.36,1.2
846.7200000000001,715.6429,976.36,1.2
846.7200000000001,687.9838000000001,976.36,1.2
846.7200000000001,784.1321,976.36,1.2
846.7200000000001,693.2522,976.36,1.2
846.7200000000001,673.4957,976.36,1.2
846.7200000000001,736.7165,976.36,1.2
846.7200000000001,690.618,976.36,1.2
846.7200000000001,686.6667,976.36,1.2
846.7200000000001,736.7165,976.36,1.2
846.7200000000001,676.1299,976.36,1.2
846.7200000000001,659.0076,976.36,1.2
846.7200000000001,785.4492,976.36,1.2
846.7200000000001,739.3507000000001,976.36,1.2
846.7200000000001,706.4232000000001,976.36,1.2
846.7200000000001,716.96,976.36,1.2
846.7200000000001,736.7165,976.36,1.2
846.7200000000001,755.1559000000001,976.36,1.2
846.7200000000001,686.6667,976.36,1.2
846.7200000000001,731.4481000000001,976.36,1.2
846.7200000000001,697.2035000000001,976.36,1.2
846.7200000000001,709.0574,976.36,1.2
846.7200000000001,723.5455000000001,976.36,1.2
846.7200000000001,716.96,976.36,1.2
846.7200000000001,745.9362,976.36,1.2
846.7200000000001,736.7165,976.36,1.2
846.7200000000001,657.6905,976.36,1.2
846.7200000000001,662.9589000000001,976.36,1.2
846.7200000000001,702.4719,976.36,1.2
846.7200000000001,789.4005000000001,976.36,1.2
846.7200000000001,682.7154,976.36,1.2
846.7200000000001,709.0574,976.36,1.2
846.7200000000001,695.8864,976.36,1.2
846.7200000000001,694.5693,925.53,1.2
846.7200000000001,723.5455000000001,925.53,1.2
846.7200000000001,772.2782000000001,925.53,1.2
846.7200000000001,735.3994,925.53,1.2
846.7200000000001,685.3496,925.53,1.2
846.7200000000001,826.2793,925.53,1.2
846.7200000000001,719.5942,925.53,1.2
846.7200000000001,694.5693,925.53,1.2
846.7200000000001,772.2782000000001,925.53,1.2
846.7200000000001,698.5206000000001,925.53,1.2
846.7200000000001,782.815,925.53,1.2
846.7200000000001,682.7154,925.53,1.2
846.7200000000001,773.5953000000001,925.53,1.2
846.7200000000001,724.8626,925.53,1.2
846.7200000000001,768.3269,925.53,1.2
846.7200000000001,792.0347,925.53,1.2
846.7200000000001,672.1786000000001,925.53,1.2
846.7200000000001,767.0098,925.53,1.2
846.7200000000001,661.6418,925.53,1.2
846.7200000000001,676.1299,925.53,1.2
846.7200000000001,685.3496,925.53,1.2
846.7200000000001,736.7165,925.53,1.2
846.7200000000001,718.2771,925.53,1.2
846.7200000000001,710.3745,925.53,1.2
846.7200000000001,722.2284000000001,925.53,1.2
846.7200000000001,740.6678,925.53,1.2
846.7200000000001,743.302,925.53,1.2
846.7200000000001,760.4243,925.53,1.2
846.7200000000001,789.4005000000001,925.53,1.2
846.7200000000001,715.6429,925.53,1.2
846.7200000000001,695.8864,925.53,1.2
846.7200000000001,740.6678,925.53,1.2
846.7200000000001,672.1786000000001,925.53,1.2
846.7200000000001,690.618,925.53,1.2
846.7200000000001,756.4730000000001,925.53,1.2
846.7200000000001,711.6916,925.53,1.2
846.7200000000001,669.5444,925.53,1.2
846.7200000000001,657.6905,925.53,1.2
846.7200000000001,718.2771,925.53,1.2
846.7200000000001,761.7414,925.53,1.2
846.7200000000001,761.7414,925.53,1.2
846.7200000000001,720.9113,925.53,1.2
846.7200000000001,795.986,925.53,1.2
846.7200000000001,713.0087000000001,925.53,1.2
846.7200000000001,711.6916,925.53,1.2
846.7200000000001,615.5433,925.53,1.2
846.7200000000001,699.8377,925.53,1.2
846.7200000000001,751.2046,925.53,1.2
846.7200000000001,778.8637,925.53,1.2
846.7200000000001,684.0325,925.53,1.2
846.7200000000001,735.3994,925.53,1.2
846.7200000000001,757.7901,925.53,1.2
846.7200000000001,716.96,925.53,1.2
846.7200000000001,627.3972,925.53,1.2
846.7200000000001,726.1797,925.53,1.2
846.7200000000001,747.2533000000001,925.53,1.2
846.7200000000001,680.0812000000001,925.53,1.2
846.7200000000001,706.4232000000001,925.53,1.2
846.7200000000001,670.8615,925.53,1.2
846.7200000000001,615.5433,925.53,1.2
846.7200000000001,757.7901,925.53,1.2
846.7200000000001,716.96,925.53,1.2
846.7200000000001,780.1808000000001,925.53,1.2
846.7200000000001,751.2046,925.53,1.2
846.7200000000001,702.4719,925.53,1.2
846.7200000000001,714.3258000000001,925.53,1.2
846.7200000000001,739.3507000000001,925.53,1.2
846.7200000000001,755.1559000000001,925.53,1.2
846.7200000000001,730.1310000000001,925.53,1.2
846.7200000000001,760.4243,925.53,1.2
846.7200000000001,705.1061000000001,925.53,1.2
846.7200000000001,677.447,925.53,1.2
846.7200000000001,714.3258000000001,925.53,1.2
846.7200000000001,724.8626,925.53,1.2
846.7200000000001,669.5444,925.53,1.2
609.8400000000001,791.0524,887.71,1.4
846.7200000000001,767.6824,887.71,1.2
846.7200000000001,774.226,887.71,1.2
846.7200000000001,768.6172,887.71,1.2
846.7200000000001,821.9008,887.71,1.2
846.7200000000001,814.4223999999999,887.71,1.2
846.7200000000001,744.3124,887.71,1.2
846.7200000000001,763.9431999999999,887.71,1.2
846.7200000000001,803.2048,887.71,1.2
846.7200000000001,795.7264,887.71,1.2
846.7200000000001,777.9652,887.71,1.2
846.7200000000001,747.1168,887.71,1.2
846.7200000000001,760.204,887.71,1.2
846.7200000000001,763.9431999999999,887.71,1.2
846.7200000000001,786.3783999999999,887.71,1.2
846.7200000000001,826.5748,887.71,1.2
846.7200000000001,759.2692,887.71,1.2
846.7200000000001,749.9212,887.71,1.2
846.7200000000001,776.0956,887.71,1.2
846.7200000000001,807.8788,887.71,1.2
846.7200000000001,738.7035999999999,887.71,1.2
846.7200000000001,820.0312,887.71,1.2
846.7200000000001,774.226,887.71,1.2
846.7200000000001,758.3344,887.71,1.2
846.7200000000001,734.0296,887.71,1.2
846.7200000000001,798.5308,887.71,1.2
846.7200000000001,774.226,887.71,1.2
846.7200000000001,783.574,887.71,1.2
846.7200000000001,753.6604,887.71,1.2
846.7200000000001,769.552,887.71,1.2
846.7200000000001,764.8779999999999,887.71,1.2
846.7200000000001,776.0956,887.71,1.2
846.7200000000001,760.204,887.71,1.2
846.7200000000001,735.8992,887.71,1.2
846.7200000000001,855.5536,887.71,1.2
846.7200000000001,740.5731999999999,887.71,1.2
846.7200000000001,783.574,887.71,1.2
846.7200000000001,729.3556,887.71,1.2
846.7200000000001,722.812,887.71,1.2
846.7200000000001,781.7044,887.71,1.2
846.7200000000001,783.574,887.71,1.2
846.7200000000001,814.4223999999999,887.71,1.2
846.7200000000001,790.1175999999999,887.71,1.2
846.7200000000001,775.1608,887.71,1.2
846.7200000000001,752.7256,887.71,1.2
846.7200000000001,820.966,887.71,1.2
846.7200000000001,805.0744,887.71,1.2
846.7200000000001,744.3124,887.71,1.2
846.7200000000001,779.8348,887.71,1.2
846.7200000000001,782.6392,887.71,1.2
846.7200000000001,769.552,887.71,1.2
846.7200000000001,800.4004,887.71,1.2
846.7200000000001,802.27,887.71,1.2
846.7200000000001,773.2912,887.71,1.2
846.7200000000001,771.4216,887.71,1.2
846.7200000000001,820.966,887.71,1.2
846.7200000000001,805.0744,887.71,1.2
846.7200000000001,780.7696,887.71,1.2
846.7200000000001,733.0948,887.71,1.2
846.7200000000001,788.2479999999999,887.71,1.2
846.7200000000001,798.5308,887.71,1.2
846.7200000000001,701.3116,887.71,1.2
846.7200000000001,786.3783999999999,887.71,1.2
846.7200000000001,766.7475999999999,887.71,1.2
846.7200000000001,772.3564,887.71,1.2
846.7200000000001,753.6604,887.71,1.2
846.7200000000001,775.1608,887.71,1.2
846.7200000000001,818.1616,887.71,1.2
846.7200000000001,766.7475999999999,887.71,1.2
846.7200000000001,806.0092,887.71,1.2
846.7200000000001,756.4648,887.71,1.2
846.7200000000001,800.4004,887.71,1.2
846.7200000000001,778.9,887.71,1.2
846.7200000000001,789.1827999999999,887.71,1.2
846.7200000000001,778.9,773.05,1.2
846.7200000000001,796.6612,773.05,1.2
846.7200000000001,706.9204,773.05,1.2
846.7200000000001,738.7035999999999,773.05,1.2
846.7200000000001,791.0524,773.05,1.2
846.7200000000001,721.8772,773.05,1.2
846.7200000000001,763.9431999999999,773.05,1.2
846.7200000000001,777.0304,773.05,1.2
846.7200000000001,755.53,773.05,1.2
846.7200000000001,759.2692,773.05,1.2
846.7200000000001,786.3783999999999,773.05,1.2
846.7200000000001,806.944,773.05,1.2
846.7200000000001,751.7908,773.05,1.2
846.7200000000001,763.0083999999999,773.05,1.2
846.7200000000001,758.3344,773.05,1.2
846.7200000000001,710.6596,773.05,1.2
846.7200000000001,782.6392,773.05,1.2
846.7200000000001,805.0744,773.05,1.2
846.7200000000001,806.944,773.05,1.2
846.7200000000001,754.5952,773.05,1.2
846.7200000000001,743.3776,773.05,1.2
846.7200000000001,779.8348,773.05,1.2
846.7200000000001,802.27,773.05,1.2
846.7200000000001,783.574,773.05,1.2
846.7200000000001,787.3131999999999,773.05,1.2
846.7200000000001,810.6831999999999,773.05,1.2
846.7200000000001,758.3344,773.05,1.2
846.7200000000001,772.3564,773.05,1.2
846.7200000000001,824.7052,773.05,1.2
846.7200000000001,773.2912,773.05,1.2
846.7200000000001,743.3776,773.05,1.2
846.7200000000001,760.204,773.05,1.2
846.7200000000001,752.7256,773.05,1.2
846.7200000000001,789.1827999999999,773.05,1.2
846.7200000000001,753.6604,773.05,1.2
846.7200000000001,786.3783999999999,773.05,1.2
846.7200000000001,758.3344,773.05,1.2
846.7200000000001,719.0727999999999,773.05,1.2
846.7200000000001,787.3131999999999,773.05,1.2
846.7200000000001,782.6392,773.05,1.2
846.7200000000001,793.8568,773.05,1.2
846.7200000000001,760.204,773.05,1.2
846.7200000000001,757.3996,773.05,1.2
846.7200000000001,790.1175999999999,773.05,1.2
846.7200000000001,821.9008,773.05,1.2
846.7200000000001,778.9,773.05,1.2
846.7200000000001,791.0524,773.05,1.2
846.7200000000001,769.552,773.05,1.2
846.7200000000001,735.8992,773.05,1.2
846.7200000000001,806.0092,773.05,1.2
846.7200000000001,804.1396,773.05,1.2
846.7200000000001,798.5308,773.05,1.2
846.7200000000001,774.226,773.05,1.2
846.7200000000001,795.7264,773.05,1.2
846.7200000000001,804.1396,773.05,1.2
846.7200000000001,824.7052,773.05,1.2
846.7200000000001,806.944,773.05,1.2
846.7200000000001,780.7696,773.05,1.2
846.7200000000001,742.4428,773.05,1.2
846.7200000000001,783.574,773.05,1.2
846.7200000000001,786.3783999999999,773.05,1.2
846.7200000000001,798.5308,773.05,1.2
846.7200000000001,817.2268,773.05,1.2
846.7200000000001,776.0956,773.05,1.2
846.7200000000001,837.7923999999999,773.05,1.2
846.7200000000001,729.3556,773.05,1.2
846.7200000000001,791.0524,773.05,1.2
846.7200000000001,756.4648,773.05,1.2
846.7200000000001,725.6164,773.05,1.2
846.7200000000001,773.2912,773.05,1.2
846.7200000000001,737.7687999999999,773.05,1.2
846.7200000000001,774.226,773.05,1.2
846.7200000000001,779.8348,773.05,1.2
846.7200000000001,810.6831999999999,773.05,1.2
846.7200000000001,736.834,773.05,1.2
846.7200000000001,804.1396,946.81,1.2
846.7200000000001,781.7044,946.81,1.2
846.7200000000001,807.8788,946.81,1.2
846.7200000000001,766.7475999999999,946.81,1.2
846.7200000000001,741.5079999999999,946.81,1.2
846.7200000000001,744.3124,946.81,1.2
846.7200000000001,742.4428,946.81,1.2
846.7200000000001,791.9872,946.81,1.2
846.7200000000001,820.0312,946.81,1.2
846.7200000000001,763.0083999999999,946.81,1.2
846.7200000000001,796.6612,946.81,1.2
846.7200000000001,735.8992,946.81,1.2
846.7200000000001,783.574,946.81,1.2
846.7200000000001,797.596,946.81,1.2
846.7200000000001,738.7035999999999,946.81,1.2
846.7200000000001,773.2912,946.81,1.2
846.7200000000001,798.5308,946.81,1.2
846.7200000000001,696.6376,946.81,1.2
846.7200000000001,816.292,946.81,1.2
846.7200000000001,789.1827999999999,946.81,1.2
846.7200000000001,799.4656,946.81,1.2
846.7200000000001,767.6824,946.81,1.2
846.7200000000001,730.2904,946.81,1.2
846.7200000000001,793.8568,946.81,1.2
846.7200000000001,777.0304,946.81,1.2
846.7200000000001,779.8348,946.81,1.2
846.7200000000001,809.7484,946.81,1.2
846.7200000000001,800.4004,946.81,1.2
846.7200000000001,833.1184,946.81,1.2
846.7200000000001,783.574,946.81,1.2
846.7200000000001,759.2692,946.81,1.2
846.7200000000001,773.2912,946.81,1.2
846.7200000000001,790.1175999999999,946.81,1.2
846.7200000000001,806.944,946.81,1.2
846.7200000000001,737.7687999999999,946.81,1.2
846.7200000000001,778.9,946.81,1.2
846.7200000000001,823.7704,946.81,1.2
846.7200000000001,772.3564,946.81,1.2
846.7200000000001,805.0744,946.81,1.2
846.7200000000001,792.922,946.81,1.2
846.7200000000001,806.0092,946.81,1.2
846.7200000000001,756.4648,946.81,1.2
846.7200000000001,756.4648,946.81,1.2
846.7200000000001,779.8348,946.81,1.2
846.7200000000001,735.8992,946.81,1.2
846.7200000000001,771.4216,946.81,1.2
846.7200000000001,786.3783999999999,946.81,1.2
846.7200000000001,829.3792,946.81,1.2
846.7200000000001,790.1175999999999,946.81,1.2
846.7200000000001,796.6612,946.81,1.2
846.7200000000001,811.6179999999999,946.81,1.2
846.7200000000001,751.7908,946.81,1.2
846.7200000000001,774.226,946.81,1.2
846.7200000000001,847.1404,946.81,1.2
846.7200000000001,777.0304,946.81,1.2
846.7200000000001,809.7484,946.81,1.2
846.7200000000001,806.0092,946.81,1.2
846.7200000000001,737.7687999999999,946.81,1.2
846.7200000000001,787.3131999999999,946.81,1.2
846.7200000000001,782.6392,946.81,1.2
846.7200000000001,788.2479999999999,946.81,1.2
846.7200000000001,757.3996,946.81,1.2
846.7200000000001,747.1168,946.81,1.2
846.7200000000001,765.8127999999999,946.81,1.2
846.7200000000001,776.0956,946.81,1.2
846.7200000000001,812.5527999999999,946.81,1.2
846.7200000000001,830.314,946.81,1.2
846.7200000000001,818.1616,946.81,1.2
846.7200000000001,803.2048,946.81,1.2
846.7200000000001,750.856,946.81,1.2
846.7200000000001,767.6824,946.81,1.2
846.7200000000001,784.5088,946.81,1.2
846.7200000000001,761.1388,946.81,1.2
846.7200000000001,794.7916,946.81,1.2
846.7200000000001,799.4656,946.81,1.2
609.8400000000001,821.1821,920.8,1.4
846.7200000000001,779.4743,920.8,1.2
846.7200000000001,819.0248,920.8,1.2
846.7200000000001,783.7889,920.8,1.2
846.7200000000001,778.7552,920.8,1.2
846.7200000000001,810.3956,920.8,1.2
846.7200000000001,824.7776,920.8,1.2
846.7200000000001,809.6765,920.8,1.2
846.7200000000001,799.6091,920.8,1.2
846.7200000000001,805.3619,920.8,1.2
846.7200000000001,801.7664,920.8,1.2
846.7200000000001,774.4406,920.8,1.2
846.7200000000001,772.2832999999999,920.8,1.2
846.7200000000001,797.4517999999999,920.8,1.2
846.7200000000001,800.3282,920.8,1.2
846.7200000000001,798.89,920.8,1.2
846.7200000000001,813.2719999999999,920.8,1.2
846.7200000000001,794.5754,920.8,1.2
846.7200000000001,811.1147,920.8,1.2
846.7200000000001,796.0136,920.8,1.2
846.7200000000001,838.4404999999999,920.8,1.2
846.7200000000001,800.3282,920.8,1.2
846.7200000000001,849.227,920.8,1.2
846.7200000000001,806.8000999999999,920.8,1.2
846.7200000000001,794.5754,920.8,1.2
846.7200000000001,779.4743,920.8,1.2
846.7200000000001,767.9687,920.8,1.2
846.7200000000001,777.317,920.8,1.2
846.7200000000001,780.1934,920.8,1.2
846.7200000000001,807.5192,920.8,1.2
846.7200000000001,787.3844,920.8,1.2
846.7200000000001,803.2046,920.8,1.2
846.7200000000001,826.2158,920.8,1.2
846.7200000000001,796.7327,920.8,1.2
846.7200000000001,843.4742,920.8,1.2
846.7200000000001,773.7215,920.8,1.2
846.7200000000001,795.2945,920.8,1.2
846.7200000000001,787.3844,920.8,1.2
846.7200000000001,819.0248,920.8,1.2
846.7200000000001,750.7103,920.8,1.2
846.7200000000001,767.9687,920.8,1.2
846.7200000000001,796.7327,920.8,1.2
846.7200000000001,832.6877,920.8,1.2
846.7200000000001,803.9236999999999,920.8,1.2
846.7200000000001,769.4069,920.8,1.2
846.7200000000001,773.0024,920.8,1.2
846.7200000000001,834.845,920.8,1.2
846.7200000000001,785.2271,920.8,1.2
846.7200000000001,778.7552,920.8,1.2
846.7200000000001,830.5304,920.8,1.2
846.7200000000001,820.463,920.8,1.2
846.7200000000001,826.2158,920.8,1.2
846.7200000000001,778.0361,920.8,1.2
846.7200000000001,765.8113999999999,920.8,1.2
846.7200000000001,801.7664,920.8,1.2
846.7200000000001,806.081,920.8,1.2
846.7200000000001,806.8000999999999,920.8,1.2
846.7200000000001,830.5304,920.8,1.2
846.7200000000001,761.4968,920.8,1.2
846.7200000000001,817.5866,920.8,1.2
846.7200000000001,775.1596999999999,920.8,1.2
846.7200000000001,817.5866,920.8,1.2
846.7200000000001,788.8226,920.8,1.2
846.7200000000001,781.6315999999999,920.8,1.2
846.7200000000001,785.9462,920.8,1.2
846.7200000000001,767.9687,920.8,1.2
846.7200000000001,799.6091,920.8,1.2
846.7200000000001,782.3507,920.8,1.2
846.7200000000001,816.1484,920.8,1.2
846.7200000000001,812.5529,920.8,1.2
846.7200000000001,835.5640999999999,920.8,1.2
846.7200000000001,806.8000999999999,920.8,1.2
846.7200000000001,810.3956,920.8,1.2
846.7200000000001,829.0921999999999,920.8,1.2
846.7200000000001,785.2271,797.87,1.2
846.7200000000001,766.5305,797.87,1.2
846.7200000000001,803.2046,797.87,1.2
846.7200000000001,767.9687,797.87,1.2
846.7200000000001,852.1034,797.87,1.2
846.7200000000001,830.5304,797.87,1.2
846.7200000000001,845.6315,797.87,1.2
846.7200000000001,800.3282,797.87,1.2
846.7200000000001,811.1147,797.87,1.2
846.7200000000001,788.8226,797.87,1.2
846.7200000000001,817.5866,797.87,1.2
846.7200000000001,773.0024,797.87,1.2
846.7200000000001,744.2384,797.87,1.2
846.7200000000001,781.6315999999999,797.87,1.2
846.7200000000001,767.2496,797.87,1.2
846.7200000000001,830.5304,797.87,1.2
846.7200000000001,837.7214,797.87,1.2
846.7200000000001,768.6878,797.87,1.2
846.7200000000001,826.9349,797.87,1.2
846.7200000000001,819.7438999999999,797.87,1.2
846.7200000000001,765.0923,797.87,1.2
846.7200000000001,790.2608,797.87,1.2
846.7200000000001,786.6653,797.87,1.2
846.7200000000001,814.7102,797.87,1.2
846.7200000000001,772.2832999999999,797.87,1.2
846.7200000000001,796.7327,797.87,1.2
846.7200000000001,783.7889,797.87,1.2
846.7200000000001,808.9574,797.87,1.2
846.7200000000001,793.8563,797.87,1.2
846.7200000000001,787.3844,797.87,1.2
846.7200000000001,794.5754,797.87,1.2
846.7200000000001,842.7551,797.87,1.2
846.7200000000001,789.5417,797.87,1.2
846.7200000000001,776.5979,797.87,1.2
846.7200000000001,811.8338,797.87,1.2
846.7200000000001,796.0136,797.87,1.2
846.7200000000001,768.6878,797.87,1.2
846.7200000000001,847.0697,797.87,1.2
846.7200000000001,790.9799,797.87,1.2
846.7200000000001,790.9799,797.87,1.2
846.7200000000001,802.4855,797.87,1.2
846.7200000000001,836.2832,797.87,1.2
846.7200000000001,762.935,797.87,1.2
846.7200000000001,804.6428,797.87,1.2
846.7200000000001,844.1933,797.87,1.2
846.7200000000001,801.7664,797.87,1.2
846.7200000000001,772.2832999999999,797.87,1.2
846.7200000000001,785.2271,797.87,1.2
846.7200000000001,803.2046,797.87,1.2
846.7200000000001,827.654,797.87,1.2
846.7200000000001,791.699,797.87,1.2
846.7200000000001,816.8675,797.87,1.2
846.7200000000001,767.9687,797.87,1.2
846.7200000000001,767.9687,797.87,1.2
846.7200000000001,788.8226,797.87,1.2
846.7200000000001,829.8113,797.87,1.2
846.7200000000001,800.3282,797.87,1.2
846.7200000000001,805.3619,797.87,1.2
846.7200000000001,804.6428,797.87,1.2
846.7200000000001,822.6203,797.87,1.2
846.7200000000001,785.9462,797.87,1.2
846.7200000000001,813.9911,797.87,1.2
846.7200000000001,780.9125,797.87,1.2
846.7200000000001,841.3169,797.87,1.2
846.7200000000001,781.6315999999999,797.87,1.2
846.7200000000001,780.1934,797.87,1.2
846.7200000000001,810.3956,797.87,1.2
846.7200000000001,800.3282,797.87,1.2
846.7200000000001,806.081,797.87,1.2
846.7200000000001,803.9236999999999,797.87,1.2
846.7200000000001,775.1596999999999,797.87,1.2
846.7200000000001,833.4068,797.87,1.2
846.7200000000001,818.3057,797.87,1.2
846.7200000000001,828.3731,797.87,1.2
846.7200000000001,787.3844,797.87,1.2
846.7200000000001,807.5192,710.4,1.2
846.7200000000001,803.2046,710.4,1.2
846.7200000000001,823.3394,710.4,1.2
846.7200000000001,824.0585,710.4,1.2
846.7200000000001,803.2046,710.4,1.2
846.7200000000001,765.8113999999999,710.4,1.2
846.7200000000001,837.0023,710.4,1.2
846.7200000000001,811.1147,710.4,1.2
846.7200000000001,785.9462,710.4,1.2
846.7200000000001,807.5192,710.4,1.2
846.7200000000001,766.5305,710.4,1.2
846.7200000000001,821.9012,710.4,1.2
846.7200000000001,767.2496,710.4,1.2
846.7200000000001,793.8563,710.4,1.2
846.7200000000001,803.9236999999999,710.4,1.2
846.7200000000001,821.1821,710.4,1.2
846.7200000000001,801.0473,710.4,1.2
846.7200000000001,812.5529,710.4,1.2
846.7200000000001,798.1709,710.4,1.2
846.7200000000001,798.1709,710.4,1.2
846.7200000000001,801.0473,710.4,1.2
846.7200000000001,794.5754,710.4,1.2
846.7200000000001,762.2159,710.4,1.2
846.7200000000001,782.3507,710.4,1.2
846.7200000000001,803.9236999999999,710.4,1.2
846.7200000000001,793.8563,710.4,1.2
846.7200000000001,795.2945,710.4,1.2
846.7200000000001,791.699,710.4,1.2
846.7200000000001,780.1934,710.4,1.2
846.7200000000001,788.1034999999999,710.4,1.2
846.7200000000001,792.4181,710.4,1.2
846.7200000000001,798.89,710.4,1.2
846.7200000000001,807.5192,710.4,1.2
846.7200000000001,795.2945,710.4,1.2
846.7200000000001,776.5979,710.4,1.2
846.7200000000001,768.6878,710.4,1.2
846.7200000000001,854.9798,710.4,1.2
846.7200000000001,774.4406,710.4,1.2
846.7200000000001,787.3844,710.4,1.2
846.7200000000001,810.3956,710.4,1.2
846.7200000000001,806.8000999999999,710.4,1.2
846.7200000000001,810.3956,710.4,1.2
846.7200000000001,789.5417,710.4,1.2
846.7200000000001,803.9236999999999,710.4,1.2
846.7200000000001,800.3282,710.4,1.2
846.7200000000001,792.4181,710.4,1.2
846.7200000000001,803.9236999999999,710.4,1.2
846.7200000000001,821.9012,710.4,1.2
846.7200000000001,798.1709,710.4,1.2
846.7200000000001,798.89,710.4,1.2
846.7200000000001,821.9012,710.4,1.2
846.7200000000001,819.7438999999999,710.4,1.2
846.7200000000001,833.4068,710.4,1.2
846.7200000000001,760.7777,710.4,1.2
846.7200000000001,818.3057,710.4,1.2
846.7200000000001,811.8338,710.4,1.2
846.7200000000001,779.4743,710.4,1.2
846.7200000000001,804.6428,710.4,1.2
846.7200000000001,821.9012,710.4,1.2
846.7200000000001,780.9125,710.4,1.2
846.7200000000001,808.2383,710.4,1.2
846.7200000000001,817.5866,710.4,1.2
846.7200000000001,775.8788,710.4,1.2
846.7200000000001,796.0136,710.4,1.2
846.7200000000001,805.3619,710.4,1.2
846.7200000000001,781.6315999999999,710.4,1.2
846.7200000000001,780.1934,710.4,1.2
846.7200000000001,796.0136,710.4,1.2
846.7200000000001,816.1484,710.4,1.2
846.7200000000001,812.5529,710.4,1.2
846.7200000000001,780.1934,710.4,1.2
846.7200000000001,813.2719999999999,710.4,1.2
846.7200000000001,780.9125,710.4,1.2
846.7200000000001,764.3732,710.4,1.2
846.7200000000001,790.9799,710.4,1.2
609.8400000000001,840.59,919.62,1.4
846.7200000000001,820.5,919.62,1.2
846.7200000000001,807.4415,919.62,1.2
846.7200000000001,808.446,919.62,1.2
846.7200000000001,823.5135,919.62,1.2
846.7200000000001,788.356,919.62,1.2
846.7200000000001,810.455,919.62,1.2
846.7200000000001,814.473,919.62,1.2
846.7200000000001,779.3155,919.62,1.2
846.7200000000001,795.3875,919.62,1.2
846.7200000000001,832.554,919.62,1.2
846.7200000000001,820.5,919.62,1.2
846.7200000000001,811.4595,919.62,1.2
846.7200000000001,793.3785,919.62,1.2
846.7200000000001,867.7115,919.62,1.2
846.7200000000001,795.3875,919.62,1.2
846.7200000000001,828.536,919.62,1.2
846.7200000000001,805.4325,919.62,1.2
846.7200000000001,821.5045,919.62,1.2
846.7200000000001,834.563,919.62,1.2
846.7200000000001,779.3155,919.62,1.2
846.7200000000001,820.5,919.62,1.2
846.7200000000001,856.662,919.62,1.2
846.7200000000001,873.7385,919.62,1.2
846.7200000000001,816.482,919.62,1.2
846.7200000000001,821.5045,919.62,1.2
846.7200000000001,886.797,919.62,1.2
846.7200000000001,854.653,919.62,1.2
846.7200000000001,801.4145,919.62,1.2
846.7200000000001,801.4145,919.62,1.2
846.7200000000001,849.6305,919.62,1.2
846.7200000000001,790.365,919.62,1.2
846.7200000000001,853.6485,919.62,1.2
846.7200000000001,830.545,919.62,1.2
846.7200000000001,836.572,919.62,1.2
846.7200000000001,812.464,919.62,1.2
846.7200000000001,801.4145,919.62,1.2
846.7200000000001,864.698,919.62,1.2
846.7200000000001,813.4685,919.62,1.2
846.7200000000001,808.446,919.62,1.2
846.7200000000001,818.491,919.62,1.2
846.7200000000001,826.527,919.62,1.2
846.7200000000001,789.3605,919.62,1.2
846.7200000000001,803.4235,919.62,1.2
846.7200000000001,801.4145,919.62,1.2
846.7200000000001,845.6125,919.62,1.2
846.7200000000001,793.3785,919.62,1.2
846.7200000000001,767.2615,919.62,1.2
846.7200000000001,761.2345,919.62,1.2
846.7200000000001,776.302,919.62,1.2
846.7200000000001,861.6845,919.62,1.2
846.7200000000001,820.5,919.62,1.2
846.7200000000001,835.5675,919.62,1.2
846.7200000000001,836.572,919.62,1.2
846.7200000000001,822.509,919.62,1.2
846.7200000000001,818.491,919.62,1.2
846.7200000000001,851.6395,919.62,1.2
846.7200000000001,824.518,919.62,1.2
846.7200000000001,862.689,919.62,1.2
846.7200000000001,839.5855,919.62,1.2
846.7200000000001,801.4145,919.62,1.2
846.7200000000001,805.4325,919.62,1.2
846.7200000000001,798.401,919.62,1.2
846.7200000000001,857.6665,919.62,1.2
846.7200000000001,808.446,919.62,1.2
846.7200000000001,796.392,919.62,1.2
846.7200000000001,830.545,919.62,1.2
846.7200000000001,817.4865,919.62,1.2
846.7200000000001,829.5405,919.62,1.2
846.7200000000001,877.7565,919.62,1.2
846.7200000000001,847.6215,919.62,1.2
846.7200000000001,821.5045,919.62,1.2
846.7200000000001,778.311,919.62,1.2
846.7200000000001,805.4325,919.62,1.2
846.7200000000001,841.5945,879.43,1.2
846.7200000000001,785.3425,879.43,1.2
846.7200000000001,884.788,879.43,1.2
846.7200000000001,820.5,879.43,1.2
846.7200000000001,821.5045,879.43,1.2
846.7200000000001,800.41,879.43,1.2
846.7200000000001,835.5675,879.43,1.2
846.7200000000001,785.3425,879.43,1.2
846.7200000000001,885.7925,879.43,1.2
846.7200000000001,860.6800000000001,879.43,1.2
846.7200000000001,850.635,879.43,1.2
846.7200000000001,778.311,879.43,1.2
846.7200000000001,826.527,879.43,1.2
846.7200000000001,856.662,879.43,1.2
846.7200000000001,838.581,879.43,1.2
846.7200000000001,790.365,879.43,1.2
846.7200000000001,800.41,879.43,1.2
846.7200000000001,806.437,879.43,1.2
846.7200000000001,802.419,879.43,1.2
846.7200000000001,866.707,879.43,1.2
846.7200000000001,762.239,879.43,1.2
846.7200000000001,840.59,879.43,1.2
846.7200000000001,781.3245,879.43,1.2
846.7200000000001,791.3695,879.43,1.2
846.7200000000001,760.23,879.43,1.2
846.7200000000001,804.428,879.43,1.2
846.7200000000001,865.7025,879.43,1.2
846.7200000000001,828.536,879.43,1.2
846.7200000000001,784.338,879.43,1.2
846.7200000000001,851.6395,879.43,1.2
846.7200000000001,857.6665,879.43,1.2
846.7200000000001,823.5135,879.43,1.2
846.7200000000001,881.7745,879.43,1.2
846.7200000000001,845.6125,879.43,1.2
846.7200000000001,840.59,879.43,1.2
846.7200000000001,796.392,879.43,1.2
846.7200000000001,839.5855,879.43,1.2
846.7200000000001,827.5315,879.43,1.2
846.7200000000001,836.572,879.43,1.2
846.7200000000001,799.4055,879.43,1.2
846.7200000000001,824.518,879.43,1.2
846.7200000000001,795.3875,879.43,1.2
846.7200000000001,756.212,879.43,1.2
846.7200000000001,850.635,879.43,1.2
846.7200000000001,775.2975,879.43,1.2
846.7200000000001,823.5135,879.43,1.2
846.7200000000001,830.545,879.43,1.2
846.7200000000001,830.545,879.43,1.2
846.7200000000001,812.464,879.43,1.2
846.7200000000001,828.536,879.43,1.2
846.7200000000001,834.563,879.43,1.2
846.7200000000001,842.599,879.43,1.2
846.7200000000001,872.734,879.43,1.2
846.7200000000001,827.5315,879.43,1.2
846.7200000000001,822.509,879.43,1.2
846.7200000000001,793.3785,879.43,1.2
846.7200000000001,833.5585,879.43,1.2
846.7200000000001,840.59,879.43,1.2
846.7200000000001,814.473,879.43,1.2
846.7200000000001,836.572,879.43,1.2
846.7200000000001,811.4595,879.43,1.2
846.7200000000001,840.59,879.43,1.2
846.7200000000001,847.6215,879.43,1.2
846.7200000000001,847.6215,879.43,1.2
846.7200000000001,824.518,879.43,1.2
846.7200000000001,789.3605,879.43,1.2
846.7200000000001,802.419,879.43,1.2
846.7200000000001,838.581,879.43,1.2
846.7200000000001,893.8285,879.43,1.2
846.7200000000001,810.455,879.43,1.2
846.7200000000001,834.563,879.43,1.2
846.7200000000001,803.4235,879.43,1.2
846.7200000000001,791.3695,879.43,1.2
846.7200000000001,800.41,879.43,1.2
846.7200000000001,758.221,879.43,1.2
846.7200000000001,861.6845,836.88,1.2
846.7200000000001,753.1985,836.88,1.2
846.7200000000001,812.464,836.88,1.2
846.7200000000001,785.3425,836.88,1.2
846.7200000000001,793.3785,836.88,1.2
846.7200000000001,861.6845,836.88,1.2
846.7200000000001,826.527,836.88,1.2
846.7200000000001,791.3695,836.88,1.2
846.7200000000001,802.419,836.88,1.2
846.7200000000001,797.3965,836.88,1.2
846.7200000000001,819.4955,836.88,1.2
846.7200000000001,825.5225,836.88,1.2
846.7200000000001,877.7565,836.88,1.2
846.7200000000001,763.2435,836.88,1.2
846.7200000000001,819.4955,836.88,1.2
846.7200000000001,811.4595,836.88,1.2
846.7200000000001,848.626,836.88,1.2
846.7200000000001,831.5495,836.88,1.2
846.7200000000001,838.581,836.88,1.2
846.7200000000001,830.545,836.88,1.2
846.7200000000001,792.374,836.88,1.2
846.7200000000001,856.662,836.88,1.2
846.7200000000001,844.608,836.88,1.2
846.7200000000001,847.6215,836.88,1.2
846.7200000000001,858.671,836.88,1.2
846.7200000000001,833.5585,836.88,1.2
846.7200000000001,864.698,836.88,1.2
846.7200000000001,831.5495,836.88,1.2
846.7200000000001,813.4685,836.88,1.2
846.7200000000001,820.5,836.88,1.2
846.7200000000001,819.4955,836.88,1.2
846.7200000000001,804.428,836.88,1.2
846.7200000000001,869.7205,836.88,1.2
846.7200000000001,829.5405,836.88,1.2
846.7200000000001,823.5135,836.88,1.2
846.7200000000001,832.554,836.88,1.2
846.7200000000001,909.9005,836.88,1.2
846.7200000000001,786.347,836.88,1.2
846.7200000000001,795.3875,836.88,1.2
846.7200000000001,779.3155,836.88,1.2
846.7200000000001,813.4685,836.88,1.2
846.7200000000001,827.5315,836.88,1.2
846.7200000000001,806.437,836.88,1.2
846.7200000000001,804.428,836.88,1.2
846.7200000000001,824.518,836.88,1.2
846.7200000000001,805.4325,836.88,1.2
846.7200000000001,829.5405,836.88,1.2
846.7200000000001,853.6485,836.88,1.2
846.7200000000001,840.59,836.88,1.2
846.7200000000001,846.617,836.88,1.2
846.7200000000001,853.6485,836.88,1.2
846.7200000000001,828.536,836.88,1.2
846.7200000000001,815.4775,836.88,1.2
846.7200000000001,797.3965,836.88,1.2
846.7200000000001,808.446,836.88,1.2
846.7200000000001,804.428,836.88,1.2
846.7200000000001,842.599,836.88,1.2
846.7200000000001,830.545,836.88,1.2
846.7200000000001,841.5945,836.88,1.2
846.7200000000001,785.3425,836.88,1.2
846.7200000000001,863.6935,836.88,1.2
846.7200000000001,807.4415,836.88,1.2
846.7200000000001,787.3515,836.88,1.2
846.7200000000001,807.4415,836.88,1.2
846.7200000000001,895.8375,836.88,1.2
846.7200000000001,808.446,836.88,1.2
846.7200000000001,810.455,836.88,1.2
846.7200000000001,814.473,836.88,1.2
846.7200000000001,816.482,836.88,1.2
846.7200000000001,797.3965,836.88,1.2
846.7200000000001,824.518,836.88,1.2
846.7200000000001,852.644,836.88,1.2
846.7200000000001,829.5405,836.88,1.2
846.7200000000001,787.3515,836.88,1.2
846.7200000000001,810.455,836.88,1.2
609.8400000000001,765.5618,706.86,1.4
640.0,795.046,706.86,1.0
640.0,760.9064,706.86,1.0
640.0,761.6822999999999,706.86,1.0
640.0,805.1327,706.86,1.0
640.0,784.1834,706.86,1.0
640.0,777.2003,706.86,1.0
640.0,809.7881,706.86,1.0
640.0,775.6485,706.86,1.0
640.0,717.456,706.86,1.0
640.0,783.4075,706.86,1.0
640.0,726.7668,706.86,1.0
640.0,774.8726,706.86,1.0
640.0,724.4390999999999,706.86,1.0
640.0,753.1474,706.86,1.0
640.0,755.4751,706.86,1.0
640.0,746.1643,706.86,1.0
640.0,756.251,706.86,1.0
640.0,788.0629,706.86,1.0
640.0,747.7161,706.86,1.0
640.0,776.4244,706.86,1.0
640.0,741.5089,706.86,1.0
640.0,759.3546,706.86,1.0
640.0,771.769,706.86,1.0
640.0,740.733,706.86,1.0
640.0,733.7499,706.86,1.0
640.0,775.6485,706.86,1.0
640.0,790.3906,706.86,1.0
640.0,762.4582,706.86,1.0
640.0,753.1474,706.86,1.0
640.0,767.8895,706.86,1.0
640.0,765.5618,706.86,1.0
640.0,769.4413,706.86,1.0
640.0,705.0416,706.86,1.0
640.0,739.1812,706.86,1.0
640.0,744.6125,706.86,1.0
640.0,767.8895,706.86,1.0
640.0,768.6654,706.86,1.0
640.0,778.7521,706.86,1.0
640.0,770.2172,706.86,1.0
640.0,733.7499,706.86,1.0
640.0,797.3737,706.86,1.0
640.0,793.4942,706.86,1.0
640.0,734.5258,706.86,1.0
640.0,771.769,706.86,1.0
640.0,750.0438,706.86,1.0
640.0,767.1136,706.86,1.0
640.0,788.8388,706.86,1.0
640.0,813.6676,706.86,1.0
640.0,781.8557,706.86,1.0
640.0,770.9931,706.86,1.0
640.0,756.251,706.86,1.0
640.0,767.8895,706.86,1.0
640.0,795.8219,706.86,1.0
640.0,763.2341,706.86,1.0
640.0,743.0607,706.86,1.0
640.0,725.9909,706.86,1.0
640.0,775.6485,706.86,1.0
640.0,769.4413,706.86,1.0
640.0,749.2678999999999,706.86,1.0
640.0,788.0629,706.86,1.0
640.0,753.9233,706.86,1.0
640.0,760.9064,706.86,1.0
640.0,764.01,706.86,1.0
640.0,755.4751,706.86,1.0
640.0,769.4413,706.86,1.0
640.0,791.1665,706.86,1.0
640.0,737.6294,706.86,1.0
640.0,775.6485,706.86,1.0
640.0,767.8895,706.86,1.0
640.0,767.8895,706.86,1.0
640.0,784.1834,706.86,1.0
640.0,764.7859,706.86,1.0
640.0,774.8726,706.86,1.0
640.0,780.3039,879.43,1.0
846.7200000000001,752.3715,879.43,1.2
846.7200000000001,770.9931,879.43,1.2
846.7200000000001,757.8027999999999,879.43,1.2
846.7200000000001,760.9064,879.43,1.2
846.7200000000001,756.251,879.43,1.2
846.7200000000001,774.8726,879.43,1.2
846.7200000000001,765.5618,879.43,1.2
846.7200000000001,773.3208,879.43,1.2
846.7200000000001,763.2341,879.43,1.2
846.7200000000001,726.7668,879.43,1.2
846.7200000000001,764.7859,879.43,1.2
846.7200000000001,765.5618,879.43,1.2
846.7200000000001,769.4413,879.43,1.2
846.7200000000001,750.0438,879.43,1.2
846.7200000000001,736.0776,879.43,1.2
846.7200000000001,778.7521,879.43,1.2
846.7200000000001,757.8027999999999,879.43,1.2
846.7200000000001,767.8895,879.43,1.2
846.7200000000001,757.8027999999999,879.43,1.2
846.7200000000001,764.01,879.43,1.2
846.7200000000001,753.9233,879.43,1.2
846.7200000000001,741.5089,879.43,1.2
846.7200000000001,774.8726,879.43,1.2
846.7200000000001,750.0438,879.43,1.2
846.7200000000001,767.8895,879.43,1.2
846.7200000000001,773.3208,879.43,1.2
846.7200000000001,750.0438,879.43,1.2
846.7200000000001,736.0776,879.43,1.2
846.7200000000001,820.6507,879.43,1.2
846.7200000000001,751.5956,879.43,1.2
846.7200000000001,778.7521,879.43,1.2
846.7200000000001,809.0122,879.43,1.2
846.7200000000001,782.6315999999999,879.43,1.2
846.7200000000001,757.0269,879.43,1.2
846.7200000000001,762.4582,879.43,1.2
846.7200000000001,744.6125,879.43,1.2
846.7200000000001,784.1834,879.43,1.2
846.7200000000001,777.2003,879.43,1.2
846.7200000000001,752.3715,879.43,1.2
846.7200000000001,739.9571,879.43,1.2
846.7200000000001,732.9739999999999,879.43,1.2
846.7200000000001,787.287,879.43,1.2
846.7200000000001,767.1136,879.43,1.2
846.7200000000001,768.6654,879.43,1.2
846.7200000000001,744.6125,879.43,1.2
846.7200000000001,729.8704,879.43,1.2
846.7200000000001,786.5110999999999,879.43,1.2
846.7200000000001,764.7859,879.43,1.2
846.7200000000001,784.9593,879.43,1.2
846.7200000000001,754.6992,879.43,1.2
846.7200000000001,758.5787,879.43,1.2
846.7200000000001,780.3039,879.43,1.2
846.7200000000001,781.0798,879.43,1.2
846.7200000000001,782.6315999999999,879.43,1.2
846.7200000000001,757.0269,879.43,1.2
846.7200000000001,777.9762,879.43,1.2
846.7200000000001,789.6147,879.43,1.2
846.7200000000001,761.6822999999999,879.43,1.2
846.7200000000001,752.3715,879.43,1.2
846.7200000000001,795.046,879.43,1.2
846.7200000000001,748.492,879.43,1.2
846.7200000000001,778.7521,879.43,1.2
846.7200000000001,762.4582,879.43,1.2
846.7200000000001,721.3355,879.43,1.2
846.7200000000001,790.3906,879.43,1.2
846.7200000000001,699.6103,879.43,1.2
846.7200000000001,717.456,879.43,1.2
846.7200000000001,776.4244,879.43,1.2
846.7200000000001,776.4244,879.43,1.2
846.7200000000001,749.2678999999999,879.43,1.2
846.7200000000001,767.1136,879.43,1.2
846.7200000000001,705.0416,879.43,1.2
846.7200000000001,780.3039,879.43,1.2
846.7200000000001,769.4413,879.43,1.2
846.7200000000001,763.2341,842.79,1.2
846.7200000000001,764.7859,842.79,1.2
846.7200000000001,775.6485,842.79,1.2
846.7200000000001,763.2341,842.79,1.2
846.7200000000001,720.5595999999999,842.79,1.2
846.7200000000001,815.2194,842.79,1.2
846.7200000000001,791.9424,842.79,1.2
846.7200000000001,733.7499,842.79,1.2
846.7200000000001,756.251,842.79,1.2
846.7200000000001,758.5787,842.79,1.2
846.7200000000001,788.8388,842.79,1.2
846.7200000000001,713.5765,842.79,1.2
846.7200000000001,752.3715,842.79,1.2
846.7200000000001,722.8873,842.79,1.2
846.7200000000001,757.0269,842.79,1.2
846.7200000000001,753.1474,842.79,1.2
846.7200000000001,765.5618,842.79,1.2
846.7200000000001,750.0438,842.79,1.2
846.7200000000001,746.1643,842.79,1.2
846.7200000000001,778.7521,842.79,1.2
846.7200000000001,774.8726,842.79,1.2
846.7200000000001,777.2003,842.79,1.2
846.7200000000001,760.1305,842.79,1.2
846.7200000000001,750.8197,842.79,1.2
846.7200000000001,760.9064,842.79,1.2
846.7200000000001,775.6485,842.79,1.2
846.7200000000001,713.5765,842.79,1.2
846.7200000000001,773.3208,842.79,1.2
846.7200000000001,770.9931,842.79,1.2
846.7200000000001,765.5618,842.79,1.2
846.7200000000001,760.9064,842.79,1.2
846.7200000000001,704.2657,842.79,1.2
846.7200000000001,753.9233,842.79,1.2
846.7200000000001,805.9086,842.79,1.2
846.7200000000001,764.01,842.79,1.2
846.7200000000001,757.0269,842.79,1.2
846.7200000000001,764.7859,842.79,1.2
846.7200000000001,772.5449,842.79,1.2
846.7200000000001,779.528,842.79,1.2
846.7200000000001,758.5787,842.79,1.2
846.7200000000001,774.0966999999999,842.79,1.2
846.7200000000001,802.805,842.79,1.2
846.7200000000001,787.287,842.79,1.2
846.7200000000001,818.323,842.79,1.2
846.7200000000001,748.492,842.79,1.2
846.7200000000001,802.805,842.79,1.2
846.7200000000001,745.3884,842.79,1.2
846.7200000000001,772.5449,842.79,1.2
846.7200000000001,781.0798,842.79,1.2
846.7200000000001,752.3715,842.79,1.2
846.7200000000001,766.3377,842.79,1.2
846.7200000000001,784.9593,842.79,1.2
846.7200000000001,747.7161,842.79,1.2
846.7200000000001,802.805,842.79,1.2
846.7200000000001,731.4222,842.79,1.2
846.7200000000001,809.0122,842.79,1.2
846.7200000000001,787.287,842.79,1.2
846.7200000000001,761.6822999999999,842.79,1.2
846.7200000000001,754.6992,842.79,1.2
846.7200000000001,752.3715,842.79,1.2
846.7200000000001,760.9064,842.79,1.2
846.7200000000001,763.2341,842.79,1.2
846.7200000000001,793.4942,842.79,1.2
846.7200000000001,809.7881,842.79,1.2
846.7200000000001,768.6654,842.79,1.2
846.7200000000001,744.6125,842.79,1.2
846.7200000000001,751.5956,842.79,1.2
846.7200000000001,760.1305,842.79,1.2
846.7200000000001,739.9571,842.79,1.2
846.7200000000001,736.8534999999999,842.79,1.2
846.7200000000001,812.8917,842.79,1.2
846.7200000000001,770.9931,842.79,1.2
846.7200000000001,744.6125,842.79,1.2
846.7200000000001,782.6315999999999,842.79,1.2
846.7200000000001,736.8534999999999,842.79,1.2
609.8400000000001,726.7268,806.15,1.4
846.7200000000001,788.465,806.15,1.2
846.7200000000001,740.0756,806.15,1.2
846.7200000000001,685.8461,806.15,1.2
846.7200000000001,776.7848,806.15,1.2
846.7200000000001,739.2413,806.15,1.2
846.7200000000001,700.8635,806.15,1.2
846.7200000000001,738.407,806.15,1.2
846.7200000000001,760.0988,806.15,1.2
846.7200000000001,756.7616,806.15,1.2
846.7200000000001,791.8022,806.15,1.2
846.7200000000001,725.0581999999999,806.15,1.2
846.7200000000001,747.5843,806.15,1.2
846.7200000000001,729.2297,806.15,1.2
846.7200000000001,708.3722,806.15,1.2
846.7200000000001,769.2761,806.15,1.2
846.7200000000001,758.4302,806.15,1.2
846.7200000000001,754.2587,806.15,1.2
846.7200000000001,757.5959,806.15,1.2
846.7200000000001,729.2297,806.15,1.2
846.7200000000001,721.721,806.15,1.2
846.7200000000001,747.5843,806.15,1.2
846.7200000000001,775.9505,806.15,1.2
846.7200000000001,786.7964,806.15,1.2
846.7200000000001,766.7732,806.15,1.2
846.7200000000001,747.5843,806.15,1.2
846.7200000000001,753.4244,806.15,1.2
846.7200000000001,746.75,806.15,1.2
846.7200000000001,720.8867,806.15,1.2
846.7200000000001,747.5843,806.15,1.2
846.7200000000001,713.378,806.15,1.2
846.7200000000001,743.4128,806.15,1.2
846.7200000000001,787.6307,806.15,1.2
846.7200000000001,767.6075,806.15,1.2
846.7200000000001,723.3896,806.15,1.2
846.7200000000001,745.0814,806.15,1.2
846.7200000000001,725.8925,806.15,1.2
846.7200000000001,745.0814,806.15,1.2
846.7200000000001,772.6133,806.15,1.2
846.7200000000001,763.436,806.15,1.2
846.7200000000001,809.3225,806.15,1.2
846.7200000000001,776.7848,806.15,1.2
846.7200000000001,751.7558,806.15,1.2
846.7200000000001,763.436,806.15,1.2
846.7200000000001,741.7442,806.15,1.2
846.7200000000001,718.3838,806.15,1.2
846.7200000000001,779.2877,806.15,1.2
846.7200000000001,771.779,806.15,1.2
846.7200000000001,740.9099,806.15,1.2
846.7200000000001,753.4244,806.15,1.2
846.7200000000001,777.6191,806.15,1.2
846.7200000000001,767.6075,806.15,1.2
846.7200000000001,710.0408,806.15,1.2
846.7200000000001,752.5901,806.15,1.2
846.7200000000001,742.5785,806.15,1.2
846.7200000000001,774.2819,806.15,1.2
846.7200000000001,772.6133,806.15,1.2
846.7200000000001,780.122,806.15,1.2
846.7200000000001,718.3838,806.15,1.2
846.7200000000001,726.7268,806.15,1.2
846.7200000000001,774.2819,806.15,1.2
846.7200000000001,731.7326,806.15,1.2
846.7200000000001,708.3722,806.15,1.2
846.7200000000001,760.0988,806.15,1.2
846.7200000000001,733.4012,806.15,1.2
846.7200000000001,791.8022,806.15,1.2
846.7200000000001,754.2587,806.15,1.2
846.7200000000001,750.9215,806.15,1.2
846.7200000000001,737.5727,806.15,1.2
846.7200000000001,786.7964,806.15,1.2
846.7200000000001,755.9273,806.15,1.2
846.7200000000001,736.7384,806.15,1.2
846.7200000000001,726.7268,806.15,1.2
846.7200000000001,745.0814,806.15,1.2
846.7200000000001,722.5553,744.68,1.2
640.0,772.6133,744.68,1.0
640.0,701.6978,744.68,1.0
640.0,743.4128,744.68,1.0
640.0,761.7674,744.68,1.0
640.0,755.093,744.68,1.0
846.7200000000001,728.3954,744.68,1.2
846.7200000000001,763.436,744.68,1.2
846.7200000000001,724.2239,744.68,1.2
640.0,745.9157,744.68,1.0
640.0,763.436,744.68,1.0
846.7200000000001,758.4302,744.68,1.2
846.7200000000001,730.064,744.68,1.2
846.7200000000001,776.7848,744.68,1.2
846.7200000000001,749.2529,744.68,1.2
846.7200000000001,765.1046,744.68,1.2
846.7200000000001,785.1278,744.68,1.2
846.7200000000001,775.1162,744.68,1.2
846.7200000000001,775.1162,744.68,1.2
846.7200000000001,751.7558,744.68,1.2
846.7200000000001,766.7732,744.68,1.2
846.7200000000001,751.7558,744.68,1.2
846.7200000000001,716.7152,744.68,1.2
640.0,754.2587,744.68,1.0
640.0,753.4244,744.68,1.0
640.0,761.7674,744.68,1.0
846.7200000000001,743.4128,744.68,1.2
846.7200000000001,727.5611,744.68,1.2
846.7200000000001,763.436,744.68,1.2
846.7200000000001,714.2123,744.68,1.2
846.7200000000001,783.4592,744.68,1.2
846.7200000000001,740.9099,744.68,1.2
846.7200000000001,752.5901,744.68,1.2
846.7200000000001,760.9331,744.68,1.2
846.7200000000001,761.7674,744.68,1.2
846.7200000000001,711.7094,744.68,1.2
640.0,767.6075,744.68,1.0
846.7200000000001,754.2587,744.68,1.2
846.7200000000001,730.8983,744.68,1.2
846.7200000000001,728.3954,744.68,1.2
846.7200000000001,738.407,744.68,1.2
846.7200000000001,714.2123,744.68,1.2
846.7200000000001,790.1336,744.68,1.2
846.7200000000001,784.2935,744.68,1.2
846.7200000000001,758.4302,744.68,1.2
846.7200000000001,740.9099,744.68,1.2
846.7200000000001,741.7442,744.68,1.2
846.7200000000001,765.9389,744.68,1.2
846.7200000000001,790.9679,744.68,1.2
846.7200000000001,732.5669,744.68,1.2
846.7200000000001,718.3838,744.68,1.2
640.0,785.1278,744.68,1.0
846.7200000000001,701.6978,744.68,1.2
640.0,721.721,744.68,1.0
640.0,740.9099,744.68,1.0
640.0,707.5379,744.68,1.0
640.0,774.2819,744.68,1.0
846.7200000000001,768.4418000000001,744.68,1.2
846.7200000000001,732.5669,744.68,1.2
846.7200000000001,778.4534,744.68,1.2
846.7200000000001,782.6249,744.68,1.2
846.7200000000001,744.2471,744.68,1.2
846.7200000000001,735.0698,744.68,1.2
846.7200000000001,803.4824,744.68,1.2
846.7200000000001,765.1046,744.68,1.2
846.7200000000001,753.4244,744.68,1.2
846.7200000000001,780.9563,744.68,1.2
846.7200000000001,754.2587,744.68,1.2
846.7200000000001,734.2355,744.68,1.2
846.7200000000001,748.4186,744.68,1.2
846.7200000000001,772.6133,744.68,1.2
846.7200000000001,696.692,744.68,1.2
846.7200000000001,739.2413,744.68,1.2
846.7200000000001,780.9563,744.68,1.2
846.7200000000001,734.2355,744.68,1.2
846.7200000000001,785.1278,842.79,1.2
846.7200000000001,781.7906,842.79,1.2
846.7200000000001,745.0814,842.79,1.2
846.7200000000001,732.5669,842.79,1.2
846.7200000000001,739.2413,842.79,1.2
846.7200000000001,813.494,842.79,1.2
846.7200000000001,793.4708,842.79,1.2
846.7200000000001,750.0872,842.79,1.2
846.7200000000001,731.7326,842.79,1.2
846.7200000000001,750.0872,842.79,1.2
846.7200000000001,752.5901,842.79,1.2
846.7200000000001,715.8809,842.79,1.2
846.7200000000001,748.4186,842.79,1.2
846.7200000000001,780.122,842.79,1.2
846.7200000000001,701.6978,842.79,1.2
846.7200000000001,767.6075,842.79,1.2
846.7200000000001,780.9563,842.79,1.2
846.7200000000001,732.5669,842.79,1.2
846.7200000000001,789.2993,842.79,1.2
846.7200000000001,729.2297,842.79,1.2
846.7200000000001,757.5959,842.79,1.2
846.7200000000001,739.2413,842.79,1.2
846.7200000000001,739.2413,842.79,1.2
846.7200000000001,730.8983,842.79,1.2
846.7200000000001,764.2703,842.79,1.2
846.7200000000001,767.6075,842.79,1.2
846.7200000000001,745.0814,842.79,1.2
846.7200000000001,712.5437,842.79,1.2
846.7200000000001,756.7616,842.79,1.2
846.7200000000001,757.5959,842.79,1.2
846.7200000000001,740.9099,842.79,1.2
846.7200000000001,793.4708,842.79,1.2
846.7200000000001,707.5379,842.79,1.2
846.7200000000001,690.8519,842.79,1.2
846.7200000000001,728.3954,842.79,1.2
846.7200000000001,764.2703,842.79,1.2
846.7200000000001,720.0524,842.79,1.2
846.7200000000001,722.5553,842.79,1.2
846.7200000000001,770.9447,842.79,1.2
846.7200000000001,758.4302,842.79,1.2
846.7200000000001,755.9273,842.79,1.2
846.7200000000001,765.9389,842.79,1.2
846.7200000000001,735.9041,842.79,1.2
846.7200000000001,737.5727,842.79,1.2
846.7200000000001,766.7732,842.79,1.2
846.7200000000001,713.378,842.79,1.2
846.7200000000001,693.3548,842.79,1.2
846.7200000000001,735.9041,842.79,1.2
846.7200000000001,770.1104,842.79,1.2
846.7200000000001,753.4244,842.79,1.2
846.7200000000001,768.4418000000001,842.79,1.2
846.7200000000001,696.692,842.79,1.2
846.7200000000001,754.2587,842.79,1.2
846.7200000000001,763.436,842.79,1.2
846.7200000000001,712.5437,842.79,1.2
846.7200000000001,768.4418000000001,842.79,1.2
846.7200000000001,744.2471,842.79,1.2
846.7200000000001,823.5056,842.79,1.2
846.7200000000001,692.5205,842.79,1.2
846.7200000000001,780.9563,842.79,1.2
846.7200000000001,736.7384,842.79,1.2
846.7200000000001,705.8693,842.79,1.2
846.7200000000001,733.4012,842.79,1.2
846.7200000000001,753.4244,842.79,1.2
846.7200000000001,772.6133,842.79,1.2
846.7200000000001,790.1336,842.79,1.2
846.7200000000001,782.6249,842.79,1.2
846.7200000000001,722.5553,842.79,1.2
846.7200000000001,775.1162,842.79,1.2
846.7200000000001,756.7616,842.79,1.2
846.7200000000001,730.064,842.79,1.2
846.7200000000001,741.7442,842.79,1.2
846.7200000000001,729.2297,842.79,1.2
846.7200000000001,747.5843,842.79,1.2
846.7200000000001,728.3954,842.79,1.2
609.8400000000001,665.1812,825.06,1.4
640.0,670.8352,825.06,1.0
640.0,642.5652,825.06,1.0
640.0,695.7128,825.06,1.0
846.7200000000001,640.3036000000001,825.06,1.2
846.7200000000001,639.1728,825.06,1.2
846.7200000000001,671.966,825.06,1.2
846.7200000000001,644.8268,825.06,1.2
846.7200000000001,652.7424,825.06,1.2
846.7200000000001,563.4092,825.06,1.2
640.0,650.4808,825.06,1.0
846.7200000000001,587.1560000000001,825.06,1.2
846.7200000000001,607.5104,825.06,1.2
846.7200000000001,604.118,825.06,1.2
846.7200000000001,614.2952,825.06,1.2
846.7200000000001,631.2572,825.06,1.2
846.7200000000001,632.388,825.06,1.2
846.7200000000001,671.966,825.06,1.2
846.7200000000001,657.2656000000001,825.06,1.2
846.7200000000001,584.8944,825.06,1.2
846.7200000000001,651.6116000000001,825.06,1.2
846.7200000000001,660.658,825.06,1.2
846.7200000000001,638.042,825.06,1.2
846.7200000000001,647.0884,825.06,1.2
846.7200000000001,656.1348,825.06,1.2
846.7200000000001,675.3584000000001,825.06,1.2
846.7200000000001,596.2024,825.06,1.2
846.7200000000001,641.4344,825.06,1.2
846.7200000000001,700.236,825.06,1.2
846.7200000000001,696.8436,825.06,1.2
846.7200000000001,678.7508,825.06,1.2
846.7200000000001,667.4428,825.06,1.2
846.7200000000001,705.89,825.06,1.2
846.7200000000001,714.9364,825.06,1.2
846.7200000000001,644.8268,825.06,1.2
846.7200000000001,616.5568000000001,825.06,1.2
846.7200000000001,640.3036000000001,825.06,1.2
846.7200000000001,754.5144,825.06,1.2
846.7200000000001,596.2024,825.06,1.2
640.0,633.5188,825.06,1.0
846.7200000000001,601.8564,825.06,1.2
846.7200000000001,653.8732,825.06,1.2
846.7200000000001,608.6412,825.06,1.2
846.7200000000001,645.9576000000001,825.06,1.2
846.7200000000001,582.6328000000001,825.06,1.2
640.0,670.8352,825.06,1.0
846.7200000000001,691.1896,825.06,1.2
846.7200000000001,635.7804,825.06,1.2
640.0,644.8268,825.06,1.0
640.0,643.696,825.06,1.0
640.0,655.004,825.06,1.0
846.7200000000001,648.2192,825.06,1.2
846.7200000000001,675.3584000000001,825.06,1.2
846.7200000000001,691.1896,825.06,1.2
846.7200000000001,622.2108000000001,825.06,1.2
846.7200000000001,639.1728,825.06,1.2
846.7200000000001,679.8816,825.06,1.2
846.7200000000001,600.7256,825.06,1.2
846.7200000000001,582.6328000000001,825.06,1.2
846.7200000000001,657.2656000000001,825.06,1.2
846.7200000000001,666.312,825.06,1.2
846.7200000000001,624.4724,825.06,1.2
846.7200000000001,630.1264,825.06,1.2
846.7200000000001,623.3416,825.06,1.2
846.7200000000001,619.9492,825.06,1.2
846.7200000000001,673.0968,825.06,1.2
846.7200000000001,609.772,825.06,1.2
846.7200000000001,640.3036000000001,825.06,1.2
846.7200000000001,618.8184,825.06,1.2
846.7200000000001,599.5948000000001,825.06,1.2
640.0,678.7508,825.06,1.0
846.7200000000001,631.2572,825.06,1.2
640.0,656.1348,825.06,1.0
640.0,598.464,825.06,1.0
640.0,624.4724,791.96,1.0
640.0,675.3584000000001,791.96,1.0
640.0,737.5524,791.96,1.0
640.0,582.6328000000001,791.96,1.0
640.0,642.5652,791.96,1.0
640.0,662.9196000000001,791.96,1.0
640.0,628.9956,791.96,1.0
640.0,677.62,791.96,1.0
640.0,619.9492,791.96,1.0
640.0,655.004,791.96,1.0
640.0,631.2572,791.96,1.0
640.0,691.1896,791.96,1.0
640.0,626.734,791.96,1.0
640.0,636.9112,791.96,1.0
640.0,681.0124000000001,791.96,1.0
640.0,614.2952,791.96,1.0
640.0,651.6116000000001,791.96,1.0
640.0,587.1560000000001,791.96,1.0
640.0,612.0336,791.96,1.0
640.0,661.7888,791.96,1.0
640.0,615.426,791.96,1.0
640.0,631.2572,791.96,1.0
640.0,666.312,791.96,1.0
640.0,630.1264,791.96,1.0
640.0,677.62,791.96,1.0
640.0,656.1348,791.96,1.0
640.0,664.0504,791.96,1.0
640.0,691.1896,791.96,1.0
640.0,660.658,791.96,1.0
640.0,701.3668,791.96,1.0
640.0,679.8816,791.96,1.0
640.0,631.2572,791.96,1.0
640.0,693.4512,791.96,1.0
640.0,658.3964,791.96,1.0
640.0,635.7804,791.96,1.0
640.0,658.3964,791.96,1.0
640.0,686.6664000000001,791.96,1.0
640.0,665.1812,791.96,1.0
640.0,711.544,791.96,1.0
640.0,686.6664000000001,791.96,1.0
640.0,667.4428,791.96,1.0
640.0,614.2952,791.96,1.0
640.0,643.696,791.96,1.0
640.0,651.6116000000001,791.96,1.0
640.0,673.0968,791.96,1.0
640.0,670.8352,791.96,1.0
640.0,655.004,791.96,1.0
640.0,653.8732,791.96,1.0
640.0,674.2276,791.96,1.0
640.0,619.9492,791.96,1.0
640.0,707.0208,791.96,1.0
640.0,580.3712,791.96,1.0
640.0,699.1052,791.96,1.0
640.0,648.2192,791.96,1.0
640.0,683.274,791.96,1.0
640.0,661.7888,791.96,1.0
640.0,660.658,791.96,1.0
640.0,668.5736,791.96,1.0
640.0,676.4892,791.96,1.0
640.0,638.042,791.96,1.0
640.0,684.4048,791.96,1.0
640.0,612.0336,791.96,1.0
640.0,649.35,791.96,1.0
640.0,677.62,791.96,1.0
640.0,683.274,791.96,1.0
640.0,665.1812,791.96,1.0
640.0,635.7804,791.96,1.0
640.0,679.8816,791.96,1.0
640.0,626.734,791.96,1.0
640.0,709.2824,791.96,1.0
640.0,645.9576000000001,791.96,1.0
640.0,597.3332,791.96,1.0
640.0,608.6412,791.96,1.0
640.0,650.4808,791.96,1.0
640.0,653.8732,791.96,1.0
640.0,716.0672,736.41,1.0
640.0,614.2952,736.41,1.0
640.0,650.4808,736.41,1.0
640.0,613.1644,736.41,1.0
640.0,632.388,736.41,1.0
640.0,707.0208,736.41,1.0
640.0,610.9028000000001,736.41,1.0
640.0,669.7044000000001,736.41,1.0
640.0,662.9196000000001,736.41,1.0
640.0,648.2192,736.41,1.0
640.0,667.4428,736.41,1.0
640.0,609.772,736.41,1.0
640.0,705.89,736.41,1.0
640.0,714.9364,736.41,1.0
640.0,650.4808,736.41,1.0
640.0,731.8984,736.41,1.0
640.0,635.7804,736.41,1.0
640.0,662.9196000000001,736.41,1.0
640.0,697.9744000000001,736.41,1.0
640.0,633.5188,736.41,1.0
640.0,602.9872,736.41,1.0
640.0,595.0716,736.41,1.0
640.0,719.4596,736.41,1.0
640.0,631.2572,736.41,1.0
640.0,642.5652,736.41,1.0
640.0,612.0336,736.41,1.0
640.0,681.0124000000001,736.41,1.0
640.0,623.3416,736.41,1.0
640.0,632.388,736.41,1.0
640.0,659.5272,736.41,1.0
640.0,613.1644,736.41,1.0
640.0,643.696,736.41,1.0
640.0,696.8436,736.41,1.0
640.0,664.0504,736.41,1.0
640.0,653.8732,736.41,1.0
640.0,656.1348,736.41,1.0
640.0,635.7804,736.41,1.0
640.0,717.198,736.41,1.0
640.0,622.2108000000001,736.41,1.0
640.0,656.1348,736.41,1.0
640.0,652.7424,736.41,1.0
640.0,683.274,736.41,1.0
640.0,686.6664000000001,736.41,1.0
640.0,648.2192,736.41,1.0
640.0,659.5272,736.41,1.0
640.0,660.658,736.41,1.0
640.0,572.4556,736.41,1.0
640.0,595.0716,736.41,1.0
640.0,628.9956,736.41,1.0
640.0,630.1264,736.41,1.0
640.0,608.6412,736.41,1.0
640.0,674.2276,736.41,1.0
640.0,649.35,736.41,1.0
640.0,642.5652,736.41,1.0
640.0,606.3796,736.41,1.0
640.0,648.2192,736.41,1.0
640.0,560.0168,736.41,1.0
640.0,643.696,736.41,1.0
640.0,651.6116000000001,736.41,1.0
640.0,657.2656000000001,736.41,1.0
640.0,596.2024,736.41,1.0
640.0,657.2656000000001,736.41,1.0
640.0,614.2952,736.41,1.0
640.0,622.2108000000001,736.41,1.0
640.0,674.2276,736.41,1.0
640.0,717.198,736.41,1.0
640.0,651.6116000000001,736.41,1.0
640.0,621.08,736.41,1.0
640.0,656.1348,736.41,1.0
640.0,681.0124000000001,736.41,1.0
640.0,670.8352,736.41,1.0
640.0,742.0756,736.41,1.0
640.0,625.6032,736.41,1.0
640.0,658.3964,736.41,1.0
640.0,701.3668,736.41,1.0
609.8400000000001,659.9350000000001,830.97,1.4
640.0,702.12,830.97,1.0
640.0,734.295,830.97,1.0
640.0,764.325,830.97,1.0
846.7200000000001,717.135,830.97,1.2
846.7200000000001,694.255,830.97,1.2
846.7200000000001,680.67,830.97,1.2
846.7200000000001,750.025,830.97,1.2
846.7200000000001,717.85,830.97,1.2
846.7200000000001,684.245,830.97,1.2
846.7200000000001,697.83,830.97,1.2
846.7200000000001,708.555,830.97,1.2
846.7200000000001,713.5600000000001,830.97,1.2
846.7200000000001,682.815,830.97,1.2
846.7200000000001,689.25,830.97,1.2
846.7200000000001,666.37,830.97,1.2
846.7200000000001,724.285,830.97,1.2
846.7200000000001,694.97,830.97,1.2
846.7200000000001,712.13,830.97,1.2
846.7200000000001,732.865,830.97,1.2
846.7200000000001,707.125,830.97,1.2
846.7200000000001,699.975,830.97,1.2
846.7200000000001,706.41,830.97,1.2
846.7200000000001,703.55,830.97,1.2
846.7200000000001,728.575,830.97,1.2
846.7200000000001,708.555,830.97,1.2
846.7200000000001,690.68,830.97,1.2
846.7200000000001,724.285,830.97,1.2
846.7200000000001,728.575,830.97,1.2
846.7200000000001,673.52,830.97,1.2
846.7200000000001,735.01,830.97,1.2
846.7200000000001,709.985,830.97,1.2
846.7200000000001,707.84,830.97,1.2
846.7200000000001,723.57,830.97,1.2
846.7200000000001,689.965,830.97,1.2
846.7200000000001,722.855,830.97,1.2
846.7200000000001,694.255,830.97,1.2
846.7200000000001,670.66,830.97,1.2
846.7200000000001,680.67,830.97,1.2
846.7200000000001,714.275,830.97,1.2
846.7200000000001,682.1,830.97,1.2
846.7200000000001,736.44,830.97,1.2
846.7200000000001,727.86,830.97,1.2
846.7200000000001,730.72,830.97,1.2
846.7200000000001,704.98,830.97,1.2
846.7200000000001,707.84,830.97,1.2
846.7200000000001,676.38,830.97,1.2
846.7200000000001,723.57,830.97,1.2
846.7200000000001,709.985,830.97,1.2
846.7200000000001,714.275,830.97,1.2
846.7200000000001,738.585,830.97,1.2
846.7200000000001,689.25,830.97,1.2
846.7200000000001,699.26,830.97,1.2
846.7200000000001,709.27,830.97,1.2
846.7200000000001,682.1,830.97,1.2
846.7200000000001,697.83,830.97,1.2
846.7200000000001,712.845,830.97,1.2
846.7200000000001,694.97,830.97,1.2
846.7200000000001,730.005,830.97,1.2
846.7200000000001,669.945,830.97,1.2
846.7200000000001,726.4300000000001,830.97,1.2
846.7200000000001,716.42,830.97,1.2
846.7200000000001,689.965,830.97,1.2
846.7200000000001,682.1,830.97,1.2
846.7200000000001,657.79,830.97,1.2
846.7200000000001,684.96,830.97,1.2
846.7200000000001,724.285,830.97,1.2
846.7200000000001,700.69,830.97,1.2
846.7200000000001,727.145,830.97,1.2
846.7200000000001,688.535,830.97,1.2
846.7200000000001,717.135,830.97,1.2
846.7200000000001,686.39,830.97,1.2
846.7200000000001,681.385,830.97,1.2
846.7200000000001,699.975,830.97,1.2
846.7200000000001,687.82,815.6,1.2
846.7200000000001,669.23,815.6,1.2
846.7200000000001,698.545,815.6,1.2
846.7200000000001,704.265,815.6,1.2
846.7200000000001,729.29,815.6,1.2
846.7200000000001,722.14,815.6,1.2
846.7200000000001,728.575,815.6,1.2
846.7200000000001,717.85,815.6,1.2
846.7200000000001,709.27,815.6,1.2
846.7200000000001,675.665,815.6,1.2
846.7200000000001,704.98,815.6,1.2
846.7200000000001,714.99,815.6,1.2
846.7200000000001,733.58,815.6,1.2
846.7200000000001,717.135,815.6,1.2
846.7200000000001,728.575,815.6,1.2
846.7200000000001,679.955,815.6,1.2
846.7200000000001,694.97,815.6,1.2
846.7200000000001,711.415,815.6,1.2
846.7200000000001,727.145,815.6,1.2
846.7200000000001,699.26,815.6,1.2
846.7200000000001,700.69,815.6,1.2
846.7200000000001,717.135,815.6,1.2
846.7200000000001,677.81,815.6,1.2
846.7200000000001,736.44,815.6,1.2
846.7200000000001,683.53,815.6,1.2
846.7200000000001,660.65,815.6,1.2
846.7200000000001,702.12,815.6,1.2
846.7200000000001,738.585,815.6,1.2
846.7200000000001,714.99,815.6,1.2
846.7200000000001,718.565,815.6,1.2
846.7200000000001,702.835,815.6,1.2
846.7200000000001,698.545,815.6,1.2
846.7200000000001,669.23,815.6,1.2
846.7200000000001,653.5,815.6,1.2
846.7200000000001,706.41,815.6,1.2
846.7200000000001,730.005,815.6,1.2
846.7200000000001,709.27,815.6,1.2
846.7200000000001,715.705,815.6,1.2
846.7200000000001,736.44,815.6,1.2
846.7200000000001,709.27,815.6,1.2
846.7200000000001,699.26,815.6,1.2
846.7200000000001,684.245,815.6,1.2
846.7200000000001,745.735,815.6,1.2
846.7200000000001,713.5600000000001,815.6,1.2
846.7200000000001,682.1,815.6,1.2
846.7200000000001,677.095,815.6,1.2
846.7200000000001,729.29,815.6,1.2
846.7200000000001,679.955,815.6,1.2
846.7200000000001,742.16,815.6,1.2
846.7200000000001,642.775,815.6,1.2
846.7200000000001,732.865,815.6,1.2
846.7200000000001,712.845,815.6,1.2
846.7200000000001,704.98,815.6,1.2
846.7200000000001,698.545,815.6,1.2
846.7200000000001,742.875,815.6,1.2
846.7200000000001,717.135,815.6,1.2
846.7200000000001,682.815,815.6,1.2
846.7200000000001,664.94,815.6,1.2
846.7200000000001,705.695,815.6,1.2
846.7200000000001,702.12,815.6,1.2
846.7200000000001,669.23,815.6,1.2
846.7200000000001,700.69,815.6,1.2
846.7200000000001,689.965,815.6,1.2
846.7200000000001,702.12,815.6,1.2
846.7200000000001,717.85,815.6,1.2
846.7200000000001,734.295,815.6,1.2
846.7200000000001,721.425,815.6,1.2
846.7200000000001,686.39,815.6,1.2
846.7200000000001,709.985,815.6,1.2
846.7200000000001,703.55,815.6,1.2
846.7200000000001,673.52,815.6,1.2
846.7200000000001,710.7,815.6,1.2
846.7200000000001,742.16,815.6,1.2
846.7200000000001,702.835,815.6,1.2
846.7200000000001,667.8,815.6,1.2
846.7200000000001,702.835,774.23,1.2
846.7200000000001,676.38,774.23,1.2
640.0,720.71,774.23,1.0
640.0,713.5600000000001,774.23,1.0
640.0,698.545,774.23,1.0
640.0,694.97,774.23,1.0
640.0,697.83,774.23,1.0
640.0,702.12,774.23,1.0
846.7200000000001,685.675,774.23,1.2
846.7200000000001,672.09,774.23,1.2
846.7200000000001,726.4300000000001,774.23,1.2
846.7200000000001,693.54,774.23,1.2
846.7200000000001,705.695,774.23,1.2
846.7200000000001,708.555,774.23,1.2
846.7200000000001,709.27,774.23,1.2
846.7200000000001,677.095,774.23,1.2
846.7200000000001,666.37,774.23,1.2
640.0,689.25,774.23,1.0
640.0,710.7,774.23,1.0
846.7200000000001,686.39,774.23,1.2
846.7200000000001,694.255,774.23,1.2
846.7200000000001,747.88,774.23,1.2
846.7200000000001,662.795,774.23,1.2
846.7200000000001,685.675,774.23,1.2
846.7200000000001,742.875,774.23,1.2
846.7200000000001,701.405,774.23,1.2
846.7200000000001,687.105,774.23,1.2
846.7200000000001,727.145,774.23,1.2
846.7200000000001,703.55,774.23,1.2
846.7200000000001,694.97,774.23,1.2
846.7200000000001,706.41,774.23,1.2
846.7200000000001,687.82,774.23,1.2
846.7200000000001,679.955,774.23,1.2
846.7200000000001,699.975,774.23,1.2
846.7200000000001,680.67,774.23,1.2
846.7200000000001,702.12,774.23,1.2
846.7200000000001,709.985,774.23,1.2
846.7200000000001,720.71,774.23,1.2
846.7200000000001,726.4300000000001,774.23,1.2
846.7200000000001,693.54,774.23,1.2
846.7200000000001,712.845,774.23,1.2
846.7200000000001,712.845,774.23,1.2
846.7200000000001,709.27,774.23,1.2
846.7200000000001,692.11,774.23,1.2
846.7200000000001,679.955,774.23,1.2
846.7200000000001,712.845,774.23,1.2
846.7200000000001,665.655,774.23,1.2
846.7200000000001,696.4,774.23,1.2
846.7200000000001,647.065,774.23,1.2
640.0,673.52,774.23,1.0
846.7200000000001,683.53,774.23,1.2
846.7200000000001,725.715,774.23,1.2
846.7200000000001,717.135,774.23,1.2
846.7200000000001,689.965,774.23,1.2
846.7200000000001,717.85,774.23,1.2
846.7200000000001,721.425,774.23,1.2
846.7200000000001,698.545,774.23,1.2
846.7200000000001,672.09,774.23,1.2
640.0,697.83,774.23,1.0
846.7200000000001,699.975,774.23,1.2
846.7200000000001,675.665,774.23,1.2
846.7200000000001,709.985,774.23,1.2
846.7200000000001,707.84,774.23,1.2
846.7200000000001,711.415,774.23,1.2
846.7200000000001,707.84,774.23,1.2
846.7200000000001,717.85,774.23,1.2
846.7200000000001,698.545,774.23,1.2
846.7200000000001,706.41,774.23,1.2
846.7200000000001,693.54,774.23,1.2
846.7200000000001,689.25,774.23,1.2
846.7200000000001,730.72,774.23,1.2
846.7200000000001,658.505,774.23,1.2
640.0,720.71,774.23,1.0
846.7200000000001,688.535,774.23,1.2
846.7200000000001,685.675,774.23,1.2
609.8400000000001,644.6965,739.95,1.4
640.0,667.9708,739.95,1.0
640.0,666.8625000000001,739.95,1.0
640.0,686.8119,739.95,1.0
640.0,667.9708,739.95,1.0
640.0,747.7684,739.95,1.0
640.0,754.4182000000001,739.95,1.0
640.0,626.9637,739.95,1.0
640.0,712.3028,739.95,1.0
640.0,723.3858,739.95,1.0
640.0,712.3028,739.95,1.0
640.0,672.404,739.95,1.0
640.0,686.8119,739.95,1.0
640.0,670.1874,739.95,1.0
640.0,680.1621,739.95,1.0
640.0,654.6712,739.95,1.0
640.0,691.2451000000001,739.95,1.0
640.0,644.6965,739.95,1.0
640.0,687.9202,739.95,1.0
640.0,653.5629,739.95,1.0
640.0,701.2198000000001,739.95,1.0
640.0,672.404,739.95,1.0
640.0,704.5447,739.95,1.0
640.0,730.0356,739.95,1.0
640.0,747.7684,739.95,1.0
640.0,610.3392,739.95,1.0
640.0,666.8625000000001,739.95,1.0
640.0,684.5953000000001,739.95,1.0
640.0,710.0862000000001,739.95,1.0
640.0,639.1550000000001,739.95,1.0
640.0,662.4293,739.95,1.0
640.0,699.0032000000001,739.95,1.0
640.0,697.8949,739.95,1.0
640.0,706.7613,739.95,1.0
640.0,708.9779000000001,739.95,1.0
640.0,705.653,739.95,1.0
640.0,701.2198000000001,739.95,1.0
640.0,696.7866,739.95,1.0
640.0,716.7360000000001,739.95,1.0
640.0,620.3139000000001,739.95,1.0
640.0,745.5518000000001,739.95,1.0
640.0,621.4222000000001,739.95,1.0
640.0,659.1044,739.95,1.0
640.0,686.8119,739.95,1.0
640.0,716.7360000000001,739.95,1.0
640.0,594.8230000000001,739.95,1.0
640.0,693.4617000000001,739.95,1.0
640.0,721.1692,739.95,1.0
640.0,727.8190000000001,739.95,1.0
640.0,671.2957,739.95,1.0
640.0,684.5953000000001,739.95,1.0
640.0,674.6206000000001,739.95,1.0
640.0,681.2704,739.95,1.0
640.0,660.2127,739.95,1.0
640.0,664.6459000000001,739.95,1.0
640.0,708.9779000000001,739.95,1.0
640.0,699.0032000000001,739.95,1.0
640.0,711.1945000000001,739.95,1.0
640.0,701.2198000000001,739.95,1.0
640.0,717.8443000000001,739.95,1.0
640.0,723.3858,739.95,1.0
640.0,636.9384,739.95,1.0
640.0,665.7542000000001,739.95,1.0
640.0,686.8119,739.95,1.0
640.0,693.4617000000001,739.95,1.0
640.0,672.404,739.95,1.0
640.0,724.4941,739.95,1.0
640.0,759.9597,739.95,1.0
640.0,701.2198000000001,739.95,1.0
640.0,697.8949,739.95,1.0
640.0,722.2775,739.95,1.0
640.0,632.5052000000001,739.95,1.0
640.0,695.6783,739.95,1.0
640.0,726.7107000000001,739.95,1.0
640.0,673.5123000000001,781.32,1.0
640.0,653.5629,781.32,1.0
640.0,687.9202,781.32,1.0
640.0,692.3534000000001,781.32,1.0
640.0,664.6459000000001,781.32,1.0
640.0,764.3929,781.32,1.0
846.7200000000001,679.0538,781.32,1.2
846.7200000000001,655.7795000000001,781.32,1.2
640.0,691.2451000000001,781.32,1.0
640.0,724.4941,781.32,1.0
640.0,695.6783,781.32,1.0
640.0,711.1945000000001,781.32,1.0
846.7200000000001,665.7542000000001,781.32,1.2
640.0,744.4435000000001,781.32,1.0
846.7200000000001,713.4111,781.32,1.2
846.7200000000001,728.9273000000001,781.32,1.2
846.7200000000001,706.7613,781.32,1.2
846.7200000000001,722.2775,781.32,1.2
846.7200000000001,665.7542000000001,781.32,1.2
640.0,677.9455,781.32,1.0
640.0,738.902,781.32,1.0
640.0,746.6601,781.32,1.0
846.7200000000001,656.8878000000001,781.32,1.2
640.0,702.3281000000001,781.32,1.0
640.0,680.1621,781.32,1.0
640.0,671.2957,781.32,1.0
640.0,704.5447,781.32,1.0
640.0,732.2522,781.32,1.0
846.7200000000001,710.0862000000001,781.32,1.2
846.7200000000001,683.4870000000001,781.32,1.2
640.0,711.1945000000001,781.32,1.0
640.0,682.3787000000001,781.32,1.0
640.0,707.8696000000001,781.32,1.0
640.0,741.1186,781.32,1.0
640.0,625.8554,781.32,1.0
640.0,721.1692,781.32,1.0
846.7200000000001,643.5882,781.32,1.2
640.0,735.5771000000001,781.32,1.0
846.7200000000001,673.5123000000001,781.32,1.2
640.0,653.5629,781.32,1.0
640.0,717.8443000000001,781.32,1.0
846.7200000000001,706.7613,781.32,1.2
846.7200000000001,661.321,781.32,1.2
846.7200000000001,652.4546,781.32,1.2
846.7200000000001,687.9202,781.32,1.2
846.7200000000001,654.6712,781.32,1.2
846.7200000000001,659.1044,781.32,1.2
846.7200000000001,697.8949,781.32,1.2
846.7200000000001,662.4293,781.32,1.2
846.7200000000001,708.9779000000001,781.32,1.2
846.7200000000001,744.4435000000001,781.32,1.2
846.7200000000001,690.1368,781.32,1.2
846.7200000000001,699.0032000000001,781.32,1.2
846.7200000000001,762.1763000000001,781.32,1.2
846.7200000000001,654.6712,781.32,1.2
846.7200000000001,734.4688000000001,781.32,1.2
846.7200000000001,730.0356,781.32,1.2
846.7200000000001,723.3858,781.32,1.2
846.7200000000001,737.7937000000001,781.32,1.2
846.7200000000001,703.4364,781.32,1.2
846.7200000000001,675.7289000000001,781.32,1.2
846.7200000000001,731.1439,781.32,1.2
846.7200000000001,732.2522,781.32,1.2
846.7200000000001,731.1439,781.32,1.2
846.7200000000001,695.6783,781.32,1.2
846.7200000000001,671.2957,781.32,1.2
846.7200000000001,701.2198000000001,781.32,1.2
846.7200000000001,725.6024000000001,781.32,1.2
846.7200000000001,728.9273000000001,781.32,1.2
846.7200000000001,680.1621,781.32,1.2
846.7200000000001,704.5447,781.32,1.2
846.7200000000001,651.3463,781.32,1.2
846.7200000000001,727.8190000000001,781.32,1.2
846.7200000000001,669.0791,781.32,1.2
846.7200000000001,721.1692,781.32,1.2
846.7200000000001,656.8878000000001,754.14,1.2
640.0,728.9273000000001,754.14,1.0
640.0,705.653,754.14,1.0
640.0,669.0791,754.14,1.0
640.0,717.8443000000001,754.14,1.0
846.7200000000001,674.6206000000001,754.14,1.2
846.7200000000001,718.9526000000001,754.14,1.2
846.7200000000001,685.7036,754.14,1.2
640.0,636.9384,754.14,1.0
640.0,662.4293,754.14,1.0
640.0,680.1621,754.14,1.0
640.0,740.0103,754.14,1.0
640.0,724.4941,754.14,1.0
640.0,748.8767,754.14,1.0
640.0,749.985,754.14,1.0
846.7200000000001,676.8372,754.14,1.2
846.7200000000001,687.9202,754.14,1.2
846.7200000000001,681.2704,754.14,1.2
640.0,672.404,754.14,1.0
640.0,633.6135,754.14,1.0
640.0,694.57,754.14,1.0
640.0,651.3463,754.14,1.0
640.0,693.4617000000001,754.14,1.0
640.0,764.3929,754.14,1.0
846.7200000000001,677.9455,754.14,1.2
846.7200000000001,701.2198000000001,754.14,1.2
846.7200000000001,724.4941,754.14,1.2
846.7200000000001,703.4364,754.14,1.2
846.7200000000001,704.5447,754.14,1.2
846.7200000000001,682.3787000000001,754.14,1.2
846.7200000000001,686.8119,754.14,1.2
846.7200000000001,662.4293,754.14,1.2
846.7200000000001,722.2775,754.14,1.2
846.7200000000001,636.9384,754.14,1.2
640.0,726.7107000000001,754.14,1.0
846.7200000000001,648.0214000000001,754.14,1.2
640.0,726.7107000000001,754.14,1.0
846.7200000000001,682.3787000000001,754.14,1.2
846.7200000000001,653.5629,754.14,1.2
640.0,713.4111,754.14,1.0
640.0,725.6024000000001,754.14,1.0
846.7200000000001,680.1621,754.14,1.2
640.0,718.9526000000001,754.14,1.0
846.7200000000001,618.0973,754.14,1.2
640.0,650.238,754.14,1.0
640.0,737.7937000000001,754.14,1.0
846.7200000000001,686.8119,754.14,1.2
846.7200000000001,632.5052000000001,754.14,1.2
640.0,671.2957,754.14,1.0
640.0,663.5376,754.14,1.0
640.0,689.0285,754.14,1.0
640.0,682.3787000000001,754.14,1.0
640.0,700.1115000000001,754.14,1.0
640.0,692.3534000000001,754.14,1.0
640.0,740.0103,754.14,1.0
846.7200000000001,708.9779000000001,754.14,1.2
846.7200000000001,710.0862000000001,754.14,1.2
846.7200000000001,733.3605,754.14,1.2
846.7200000000001,681.2704,754.14,1.2
846.7200000000001,652.4546,754.14,1.2
640.0,734.4688000000001,754.14,1.0
846.7200000000001,699.0032000000001,754.14,1.2
846.7200000000001,699.0032000000001,754.14,1.2
846.7200000000001,673.5123000000001,754.14,1.2
846.7200000000001,673.5123000000001,754.14,1.2
640.0,722.2775,754.14,1.0
846.7200000000001,727.8190000000001,754.14,1.2
846.7200000000001,721.1692,754.14,1.2
846.7200000000001,721.1692,754.14,1.2
846.7200000000001,713.4111,754.14,1.2
846.7200000000001,699.0032000000001,754.14,1.2
846.7200000000001,689.0285,754.14,1.2
846.7200000000001,734.4688000000001,754.14,1.2
846.7200000000001,682.3787000000001,754.14,1.2
846.7200000000001,706.7613,754.14,1.2
609.8400000000001,695.906,813.24,1.4
640.0,710.1370999999999,813.24,1.0
640.0,691.5272,813.24,1.0
846.7200000000001,744.0727999999999,813.24,1.2
846.7200000000001,674.012,813.24,1.2
846.7200000000001,721.0840999999999,813.24,1.2
846.7200000000001,722.1787999999999,813.24,1.2
846.7200000000001,658.6862,813.24,1.2
846.7200000000001,703.5689,813.24,1.2
846.7200000000001,726.5576,813.24,1.2
846.7200000000001,732.0310999999999,813.24,1.2
846.7200000000001,711.2317999999999,813.24,1.2
846.7200000000001,739.694,813.24,1.2
846.7200000000001,714.5159,813.24,1.2
846.7200000000001,717.8,813.24,1.2
846.7200000000001,726.5576,813.24,1.2
846.7200000000001,748.4516,813.24,1.2
846.7200000000001,695.906,813.24,1.2
846.7200000000001,701.3795,813.24,1.2
846.7200000000001,695.906,813.24,1.2
846.7200000000001,706.853,813.24,1.2
846.7200000000001,764.8720999999999,813.24,1.2
846.7200000000001,736.4099,813.24,1.2
846.7200000000001,680.5802,813.24,1.2
846.7200000000001,698.0953999999999,813.24,1.2
846.7200000000001,729.8417,813.24,1.2
846.7200000000001,688.2430999999999,813.24,1.2
846.7200000000001,693.7166,813.24,1.2
846.7200000000001,761.588,813.24,1.2
846.7200000000001,698.0953999999999,813.24,1.2
846.7200000000001,749.5463,813.24,1.2
846.7200000000001,759.3986,813.24,1.2
846.7200000000001,693.7166,813.24,1.2
846.7200000000001,688.2430999999999,813.24,1.2
846.7200000000001,709.0423999999999,813.24,1.2
846.7200000000001,681.6749,813.24,1.2
846.7200000000001,722.1787999999999,813.24,1.2
846.7200000000001,711.2317999999999,813.24,1.2
846.7200000000001,729.8417,813.24,1.2
846.7200000000001,763.7774,813.24,1.2
846.7200000000001,745.1674999999999,813.24,1.2
846.7200000000001,734.2204999999999,813.24,1.2
846.7200000000001,653.2126999999999,813.24,1.2
846.7200000000001,732.0310999999999,813.24,1.2
846.7200000000001,774.7244,813.24,1.2
846.7200000000001,619.2769999999999,813.24,1.2
846.7200000000001,740.7887,813.24,1.2
846.7200000000001,712.3265,813.24,1.2
846.7200000000001,690.4325,813.24,1.2
846.7200000000001,744.0727999999999,813.24,1.2
846.7200000000001,773.6297,813.24,1.2
846.7200000000001,742.9780999999999,813.24,1.2
846.7200000000001,705.7583,813.24,1.2
846.7200000000001,687.1483999999999,813.24,1.2
846.7200000000001,722.1787999999999,813.24,1.2
846.7200000000001,746.2622,813.24,1.2
846.7200000000001,704.6636,813.24,1.2
846.7200000000001,707.9476999999999,813.24,1.2
846.7200000000001,810.8494999999999,813.24,1.2
846.7200000000001,752.8303999999999,813.24,1.2
846.7200000000001,756.1144999999999,813.24,1.2
846.7200000000001,669.6332,813.24,1.2
846.7200000000001,694.8113,813.24,1.2
846.7200000000001,719.9893999999999,813.24,1.2
846.7200000000001,684.959,813.24,1.2
846.7200000000001,770.3456,813.24,1.2
846.7200000000001,763.7774,813.24,1.2
846.7200000000001,700.2847999999999,813.24,1.2
846.7200000000001,776.9137999999999,813.24,1.2
846.7200000000001,717.8,813.24,1.2
846.7200000000001,803.1866,813.24,1.2
846.7200000000001,722.1787999999999,813.24,1.2
846.7200000000001,736.4099,813.24,1.2
846.7200000000001,763.7774,813.24,1.2
846.7200000000001,759.3986,784.87,1.2
846.7200000000001,734.2204999999999,784.87,1.2
846.7200000000001,713.4212,784.87,1.2
846.7200000000001,734.2204999999999,784.87,1.2
846.7200000000001,691.5272,784.87,1.2
846.7200000000001,723.2734999999999,784.87,1.2
846.7200000000001,681.6749,784.87,1.2
846.7200000000001,659.7809,784.87,1.2
846.7200000000001,719.9893999999999,784.87,1.2
846.7200000000001,759.3986,784.87,1.2
846.7200000000001,748.4516,784.87,1.2
846.7200000000001,715.6106,784.87,1.2
846.7200000000001,774.7244,784.87,1.2
846.7200000000001,699.1900999999999,784.87,1.2
846.7200000000001,654.3073999999999,784.87,1.2
640.0,646.6445,784.87,1.0
640.0,679.4855,784.87,1.0
640.0,744.0727999999999,784.87,1.0
846.7200000000001,697.0006999999999,784.87,1.2
846.7200000000001,733.1257999999999,784.87,1.2
846.7200000000001,771.4403,784.87,1.2
846.7200000000001,681.6749,784.87,1.2
846.7200000000001,733.1257999999999,784.87,1.2
846.7200000000001,735.3152,784.87,1.2
846.7200000000001,689.3377999999999,784.87,1.2
846.7200000000001,762.6827,784.87,1.2
846.7200000000001,707.9476999999999,784.87,1.2
846.7200000000001,704.6636,784.87,1.2
846.7200000000001,786.7660999999999,784.87,1.2
846.7200000000001,735.3152,784.87,1.2
846.7200000000001,748.4516,784.87,1.2
846.7200000000001,762.6827,784.87,1.2
846.7200000000001,695.906,784.87,1.2
846.7200000000001,758.3039,784.87,1.2
846.7200000000001,701.3795,784.87,1.2
846.7200000000001,700.2847999999999,784.87,1.2
846.7200000000001,709.0423999999999,784.87,1.2
846.7200000000001,697.0006999999999,784.87,1.2
846.7200000000001,745.1674999999999,784.87,1.2
846.7200000000001,726.5576,784.87,1.2
846.7200000000001,701.3795,784.87,1.2
846.7200000000001,739.694,784.87,1.2
846.7200000000001,709.0423999999999,784.87,1.2
846.7200000000001,706.853,784.87,1.2
846.7200000000001,718.8947,784.87,1.2
846.7200000000001,733.1257999999999,784.87,1.2
846.7200000000001,730.9363999999999,784.87,1.2
846.7200000000001,705.7583,784.87,1.2
846.7200000000001,745.1674999999999,784.87,1.2
846.7200000000001,710.1370999999999,784.87,1.2
846.7200000000001,695.906,784.87,1.2
846.7200000000001,669.6332,784.87,1.2
846.7200000000001,749.5463,784.87,1.2
846.7200000000001,717.8,784.87,1.2
846.7200000000001,724.3682,784.87,1.2
846.7200000000001,751.7357,784.87,1.2
846.7200000000001,702.4742,784.87,1.2
846.7200000000001,672.9173,784.87,1.2
846.7200000000001,719.9893999999999,784.87,1.2
846.7200000000001,727.6523,784.87,1.2
846.7200000000001,709.0423999999999,784.87,1.2
846.7200000000001,765.9667999999999,784.87,1.2
846.7200000000001,635.6975,784.87,1.2
846.7200000000001,755.0197999999999,784.87,1.2
846.7200000000001,744.0727999999999,784.87,1.2
846.7200000000001,733.1257999999999,784.87,1.2
846.7200000000001,608.3299999999999,784.87,1.2
846.7200000000001,760.4933,784.87,1.2
846.7200000000001,683.8643,784.87,1.2
846.7200000000001,701.3795,784.87,1.2
846.7200000000001,712.3265,784.87,1.2
846.7200000000001,730.9363999999999,784.87,1.2
846.7200000000001,738.5993,784.87,1.2
846.7200000000001,747.3569,784.87,1.2
846.7200000000001,744.0727999999999,784.87,1.2
846.7200000000001,726.5576,738.77,1.2
846.7200000000001,730.9363999999999,738.77,1.2
846.7200000000001,681.6749,738.77,1.2
640.0,692.6219,738.77,1.0
640.0,747.3569,738.77,1.0
640.0,745.1674999999999,738.77,1.0
640.0,741.8833999999999,738.77,1.0
640.0,701.3795,738.77,1.0
640.0,747.3569,738.77,1.0
846.7200000000001,679.4855,738.77,1.2
640.0,752.8303999999999,738.77,1.0
846.7200000000001,709.0423999999999,738.77,1.2
640.0,773.6297,738.77,1.0
846.7200000000001,667.4438,738.77,1.2
640.0,775.8190999999999,738.77,1.0
846.7200000000001,705.7583,738.77,1.2
846.7200000000001,705.7583,738.77,1.2
846.7200000000001,724.3682,738.77,1.2
846.7200000000001,694.8113,738.77,1.2
846.7200000000001,715.6106,738.77,1.2
846.7200000000001,693.7166,738.77,1.2
640.0,694.8113,738.77,1.0
640.0,734.2204999999999,738.77,1.0
640.0,688.2430999999999,738.77,1.0
640.0,692.6219,738.77,1.0
640.0,672.9173,738.77,1.0
640.0,701.3795,738.77,1.0
640.0,760.4933,738.77,1.0
846.7200000000001,690.4325,738.77,1.2
846.7200000000001,693.7166,738.77,1.2
640.0,724.3682,738.77,1.0
640.0,705.7583,738.77,1.0
640.0,791.1449,738.77,1.0
846.7200000000001,712.3265,738.77,1.2
846.7200000000001,728.747,738.77,1.2
846.7200000000001,748.4516,738.77,1.2
846.7200000000001,748.4516,738.77,1.2
846.7200000000001,725.4629,738.77,1.2
846.7200000000001,712.3265,738.77,1.2
846.7200000000001,784.5767,738.77,1.2
846.7200000000001,714.5159,738.77,1.2
846.7200000000001,703.5689,738.77,1.2
846.7200000000001,697.0006999999999,738.77,1.2
846.7200000000001,660.8756,738.77,1.2
640.0,745.1674999999999,738.77,1.0
846.7200000000001,641.1709999999999,738.77,1.2
640.0,717.8,738.77,1.0
640.0,711.2317999999999,738.77,1.0
640.0,791.1449,738.77,1.0
846.7200000000001,657.5915,738.77,1.2
640.0,688.2430999999999,738.77,1.0
640.0,713.4212,738.77,1.0
846.7200000000001,711.2317999999999,738.77,1.2
846.7200000000001,700.2847999999999,738.77,1.2
846.7200000000001,715.6106,738.77,1.2
846.7200000000001,676.2013999999999,738.77,1.2
640.0,729.8417,738.77,1.0
640.0,641.1709999999999,738.77,1.0
640.0,716.7053,738.77,1.0
640.0,698.0953999999999,738.77,1.0
640.0,750.641,738.77,1.0
846.7200000000001,775.8190999999999,738.77,1.2
846.7200000000001,706.853,738.77,1.2
846.7200000000001,763.7774,738.77,1.2
846.7200000000001,707.9476999999999,738.77,1.2
640.0,686.0536999999999,738.77,1.0
640.0,774.7244,738.77,1.0
846.7200000000001,735.3152,738.77,1.2
846.7200000000001,717.8,738.77,1.2
846.7200000000001,740.7887,738.77,1.2
846.7200000000001,726.5576,738.77,1.2
846.7200000000001,715.6106,738.77,1.2
846.7200000000001,674.012,738.77,1.2
640.0,709.0423999999999,738.77,1.0
640.0,738.5993,738.77,1.0
609.8400000000001,823.9862,786.05,1.4
846.7200000000001,815.5772000000001,786.05,1.2
846.7200000000001,794.2744,786.05,1.2
846.7200000000001,786.426,786.05,1.2
846.7200000000001,806.047,786.05,1.2
846.7200000000001,799.8804,786.05,1.2
846.7200000000001,814.456,786.05,1.2
846.7200000000001,796.5168,786.05,1.2
846.7200000000001,798.7592000000001,786.05,1.2
846.7200000000001,826.7892,786.05,1.2
846.7200000000001,811.0924,786.05,1.2
846.7200000000001,797.0774,786.05,1.2
846.7200000000001,809.4106,786.05,1.2
846.7200000000001,831.8346,786.05,1.2
846.7200000000001,813.8954,786.05,1.2
846.7200000000001,818.9408,786.05,1.2
846.7200000000001,795.9562,786.05,1.2
846.7200000000001,826.2286,786.05,1.2
846.7200000000001,848.092,786.05,1.2
846.7200000000001,795.3956000000001,786.05,1.2
846.7200000000001,789.229,786.05,1.2
846.7200000000001,811.653,786.05,1.2
846.7200000000001,823.4256,786.05,1.2
846.7200000000001,807.1682000000001,786.05,1.2
846.7200000000001,790.9108,786.05,1.2
846.7200000000001,807.1682000000001,786.05,1.2
846.7200000000001,818.9408,786.05,1.2
846.7200000000001,802.1228,786.05,1.2
846.7200000000001,818.9408,786.05,1.2
846.7200000000001,828.471,786.05,1.2
846.7200000000001,812.7742000000001,786.05,1.2
846.7200000000001,808.2894,786.05,1.2
846.7200000000001,822.865,786.05,1.2
846.7200000000001,794.2744,786.05,1.2
846.7200000000001,792.5926000000001,786.05,1.2
846.7200000000001,804.3652000000001,786.05,1.2
846.7200000000001,800.441,786.05,1.2
846.7200000000001,795.3956000000001,786.05,1.2
846.7200000000001,839.683,786.05,1.2
846.7200000000001,845.289,786.05,1.2
846.7200000000001,802.6834,786.05,1.2
846.7200000000001,810.5318,786.05,1.2
846.7200000000001,805.4864,786.05,1.2
846.7200000000001,827.3498000000001,786.05,1.2
846.7200000000001,830.7134,786.05,1.2
846.7200000000001,779.1382,786.05,1.2
846.7200000000001,816.6984,786.05,1.2
846.7200000000001,786.9866000000001,786.05,1.2
846.7200000000001,838.5618000000001,786.05,1.2
846.7200000000001,816.1378,786.05,1.2
846.7200000000001,794.835,786.05,1.2
846.7200000000001,804.9258,786.05,1.2
846.7200000000001,803.8046,786.05,1.2
846.7200000000001,817.8196,786.05,1.2
846.7200000000001,826.2286,786.05,1.2
846.7200000000001,789.7896000000001,786.05,1.2
846.7200000000001,839.683,786.05,1.2
846.7200000000001,835.7588000000001,786.05,1.2
846.7200000000001,794.2744,786.05,1.2
846.7200000000001,809.9712000000001,786.05,1.2
846.7200000000001,837.4406,786.05,1.2
846.7200000000001,829.5922,786.05,1.2
846.7200000000001,803.244,786.05,1.2
846.7200000000001,822.3044,786.05,1.2
846.7200000000001,859.304,786.05,1.2
846.7200000000001,810.5318,786.05,1.2
846.7200000000001,798.1986,786.05,1.2
846.7200000000001,811.653,786.05,1.2
846.7200000000001,812.7742000000001,786.05,1.2
846.7200000000001,799.8804,786.05,1.2
846.7200000000001,816.1378,786.05,1.2
846.7200000000001,787.5472,786.05,1.2
846.7200000000001,797.638,786.05,1.2
846.7200000000001,821.7438000000001,786.05,1.2
846.7200000000001,779.1382,808.51,1.2
846.7200000000001,823.9862,808.51,1.2
846.7200000000001,775.214,808.51,1.2
846.7200000000001,779.6988,808.51,1.2
846.7200000000001,800.441,808.51,1.2
846.7200000000001,813.8954,808.51,1.2
846.7200000000001,831.274,808.51,1.2
846.7200000000001,809.9712000000001,808.51,1.2
846.7200000000001,804.9258,808.51,1.2
846.7200000000001,818.3802000000001,808.51,1.2
846.7200000000001,794.2744,808.51,1.2
846.7200000000001,811.0924,808.51,1.2
846.7200000000001,788.6684,808.51,1.2
846.7200000000001,809.9712000000001,808.51,1.2
846.7200000000001,806.6076,808.51,1.2
846.7200000000001,795.3956000000001,808.51,1.2
846.7200000000001,811.653,808.51,1.2
846.7200000000001,811.653,808.51,1.2
846.7200000000001,828.471,808.51,1.2
846.7200000000001,781.9412,808.51,1.2
846.7200000000001,807.7288,808.51,1.2
846.7200000000001,795.9562,808.51,1.2
846.7200000000001,823.4256,808.51,1.2
846.7200000000001,821.7438000000001,808.51,1.2
846.7200000000001,817.259,808.51,1.2
846.7200000000001,797.0774,808.51,1.2
846.7200000000001,823.9862,808.51,1.2
846.7200000000001,783.0624,808.51,1.2
846.7200000000001,779.6988,808.51,1.2
846.7200000000001,787.5472,808.51,1.2
846.7200000000001,808.2894,808.51,1.2
846.7200000000001,820.062,808.51,1.2
846.7200000000001,758.9566,808.51,1.2
846.7200000000001,831.274,808.51,1.2
846.7200000000001,811.0924,808.51,1.2
846.7200000000001,782.5018,808.51,1.2
846.7200000000001,810.5318,808.51,1.2
846.7200000000001,827.3498000000001,808.51,1.2
846.7200000000001,818.9408,808.51,1.2
846.7200000000001,827.3498000000001,808.51,1.2
846.7200000000001,785.8654,808.51,1.2
846.7200000000001,802.1228,808.51,1.2
846.7200000000001,793.1532,808.51,1.2
846.7200000000001,838.0012,808.51,1.2
846.7200000000001,819.5014,808.51,1.2
846.7200000000001,856.501,808.51,1.2
846.7200000000001,801.0016,808.51,1.2
846.7200000000001,796.5168,808.51,1.2
846.7200000000001,806.6076,808.51,1.2
846.7200000000001,831.8346,808.51,1.2
846.7200000000001,802.6834,808.51,1.2
846.7200000000001,811.0924,808.51,1.2
846.7200000000001,810.5318,808.51,1.2
846.7200000000001,809.4106,808.51,1.2
846.7200000000001,797.638,808.51,1.2
846.7200000000001,806.6076,808.51,1.2
846.7200000000001,806.047,808.51,1.2
846.7200000000001,808.85,808.51,1.2
846.7200000000001,824.5468000000001,808.51,1.2
846.7200000000001,838.5618000000001,808.51,1.2
846.7200000000001,794.835,808.51,1.2
846.7200000000001,802.1228,808.51,1.2
846.7200000000001,794.835,808.51,1.2
846.7200000000001,812.2136,808.51,1.2
846.7200000000001,799.8804,808.51,1.2
846.7200000000001,812.7742000000001,808.51,1.2
846.7200000000001,827.3498000000001,808.51,1.2
846.7200000000001,766.2444,808.51,1.2
846.7200000000001,817.259,808.51,1.2
846.7200000000001,801.0016,808.51,1.2
846.7200000000001,816.6984,808.51,1.2
846.7200000000001,793.7138,808.51,1.2
846.7200000000001,829.0316,808.51,1.2
846.7200000000001,823.9862,808.51,1.2
846.7200000000001,818.3802000000001,808.51,1.2
846.7200000000001,822.3044,822.7,1.2
846.7200000000001,796.5168,822.7,1.2
846.7200000000001,798.1986,822.7,1.2
846.7200000000001,821.7438000000001,822.7,1.2
846.7200000000001,795.9562,822.7,1.2
846.7200000000001,832.9558000000001,822.7,1.2
846.7200000000001,803.244,822.7,1.2
846.7200000000001,817.259,822.7,1.2
846.7200000000001,844.1678,822.7,1.2
846.7200000000001,797.0774,822.7,1.2
846.7200000000001,809.9712000000001,822.7,1.2
846.7200000000001,826.7892,822.7,1.2
846.7200000000001,825.1074,822.7,1.2
846.7200000000001,803.244,822.7,1.2
846.7200000000001,799.8804,822.7,1.2
846.7200000000001,804.9258,822.7,1.2
846.7200000000001,832.9558000000001,822.7,1.2
846.7200000000001,804.3652000000001,822.7,1.2
846.7200000000001,809.9712000000001,822.7,1.2
846.7200000000001,801.5622000000001,822.7,1.2
846.7200000000001,820.6226,822.7,1.2
846.7200000000001,811.653,822.7,1.2
846.7200000000001,792.032,822.7,1.2
846.7200000000001,792.5926000000001,822.7,1.2
846.7200000000001,775.214,822.7,1.2
846.7200000000001,794.835,822.7,1.2
846.7200000000001,822.3044,822.7,1.2
846.7200000000001,831.274,822.7,1.2
846.7200000000001,820.6226,822.7,1.2
846.7200000000001,818.3802000000001,822.7,1.2
846.7200000000001,806.6076,822.7,1.2
846.7200000000001,821.7438000000001,822.7,1.2
846.7200000000001,813.8954,822.7,1.2
846.7200000000001,839.1224,822.7,1.2
846.7200000000001,807.1682000000001,822.7,1.2
846.7200000000001,831.274,822.7,1.2
846.7200000000001,823.4256,822.7,1.2
846.7200000000001,821.1832,822.7,1.2
846.7200000000001,775.214,822.7,1.2
846.7200000000001,824.5468000000001,822.7,1.2
846.7200000000001,806.6076,822.7,1.2
846.7200000000001,801.5622000000001,822.7,1.2
846.7200000000001,784.1836000000001,822.7,1.2
846.7200000000001,808.85,822.7,1.2
846.7200000000001,809.4106,822.7,1.2
846.7200000000001,786.9866000000001,822.7,1.2
846.7200000000001,784.1836000000001,822.7,1.2
846.7200000000001,817.259,822.7,1.2
846.7200000000001,823.4256,822.7,1.2
846.7200000000001,812.2136,822.7,1.2
846.7200000000001,828.471,822.7,1.2
846.7200000000001,807.1682000000001,822.7,1.2
846.7200000000001,807.7288,822.7,1.2
846.7200000000001,793.1532,822.7,1.2
846.7200000000001,782.5018,822.7,1.2
846.7200000000001,840.2436,822.7,1.2
846.7200000000001,827.9104,822.7,1.2
846.7200000000001,785.3048,822.7,1.2
846.7200000000001,811.653,822.7,1.2
846.7200000000001,807.1682000000001,822.7,1.2
846.7200000000001,804.3652000000001,822.7,1.2
846.7200000000001,802.1228,822.7,1.2
846.7200000000001,815.0166,822.7,1.2
846.7200000000001,822.865,822.7,1.2
846.7200000000001,815.5772000000001,822.7,1.2
846.7200000000001,806.6076,822.7,1.2
846.7200000000001,806.047,822.7,1.2
846.7200000000001,824.5468000000001,822.7,1.2
846.7200000000001,816.6984,822.7,1.2
846.7200000000001,809.9712000000001,822.7,1.2
846.7200000000001,808.2894,822.7,1.2
846.7200000000001,814.456,822.7,1.2
846.7200000000001,801.0016,822.7,1.2
846.7200000000001,822.865,822.7,1.2
846.7200000000001,790.9108,822.7,1.2
609.8400000000001,798.812,778.96,1.4
846.7200000000001,775.9839999999999,778.96,1.2
846.7200000000001,770.2769999999999,778.96,1.2
846.7200000000001,791.788,778.96,1.2
846.7200000000001,768.521,778.96,1.2
846.7200000000001,773.789,778.96,1.2
846.7200000000001,801.007,778.96,1.2
846.7200000000001,788.276,778.96,1.2
846.7200000000001,808.031,778.96,1.2
846.7200000000001,775.106,778.96,1.2
846.7200000000001,789.593,778.96,1.2
846.7200000000001,796.178,778.96,1.2
846.7200000000001,775.545,778.96,1.2
846.7200000000001,804.519,778.96,1.2
846.7200000000001,797.495,778.96,1.2
846.7200000000001,769.838,778.96,1.2
846.7200000000001,790.471,778.96,1.2
846.7200000000001,796.178,778.96,1.2
846.7200000000001,783.0079999999999,778.96,1.2
846.7200000000001,771.5939999999999,778.96,1.2
846.7200000000001,794.4219999999999,778.96,1.2
846.7200000000001,819.884,778.96,1.2
846.7200000000001,785.6419999999999,778.96,1.2
846.7200000000001,811.543,778.96,1.2
846.7200000000001,780.813,778.96,1.2
846.7200000000001,793.544,778.96,1.2
846.7200000000001,801.007,778.96,1.2
846.7200000000001,790.91,778.96,1.2
846.7200000000001,786.959,778.96,1.2
846.7200000000001,800.568,778.96,1.2
846.7200000000001,815.933,778.96,1.2
846.7200000000001,794.861,778.96,1.2
846.7200000000001,784.3249999999999,778.96,1.2
846.7200000000001,788.276,778.96,1.2
846.7200000000001,824.274,778.96,1.2
846.7200000000001,792.6659999999999,778.96,1.2
846.7200000000001,783.0079999999999,778.96,1.2
846.7200000000001,775.9839999999999,778.96,1.2
846.7200000000001,766.765,778.96,1.2
846.7200000000001,795.7389999999999,778.96,1.2
846.7200000000001,799.6899999999999,778.96,1.2
846.7200000000001,785.6419999999999,778.96,1.2
846.7200000000001,790.91,778.96,1.2
846.7200000000001,775.545,778.96,1.2
846.7200000000001,792.6659999999999,778.96,1.2
846.7200000000001,797.0559999999999,778.96,1.2
846.7200000000001,783.886,778.96,1.2
846.7200000000001,813.299,778.96,1.2
846.7200000000001,779.935,778.96,1.2
846.7200000000001,794.861,778.96,1.2
846.7200000000001,801.885,778.96,1.2
846.7200000000001,790.0319999999999,778.96,1.2
846.7200000000001,788.276,778.96,1.2
846.7200000000001,772.033,778.96,1.2
846.7200000000001,808.909,778.96,1.2
846.7200000000001,788.7149999999999,778.96,1.2
846.7200000000001,797.934,778.96,1.2
846.7200000000001,799.6899999999999,778.96,1.2
846.7200000000001,782.569,778.96,1.2
846.7200000000001,788.276,778.96,1.2
846.7200000000001,808.4699999999999,778.96,1.2
846.7200000000001,775.9839999999999,778.96,1.2
846.7200000000001,819.006,778.96,1.2
846.7200000000001,781.252,778.96,1.2
846.7200000000001,775.545,778.96,1.2
846.7200000000001,792.6659999999999,778.96,1.2
846.7200000000001,819.884,778.96,1.2
846.7200000000001,765.887,778.96,1.2
846.7200000000001,789.154,778.96,1.2
846.7200000000001,797.0559999999999,778.96,1.2
846.7200000000001,791.3489999999999,778.96,1.2
846.7200000000001,795.7389999999999,778.96,1.2
846.7200000000001,781.252,778.96,1.2
846.7200000000001,783.0079999999999,778.96,1.2
846.7200000000001,789.154,765.96,1.2
846.7200000000001,775.9839999999999,765.96,1.2
846.7200000000001,790.471,765.96,1.2
846.7200000000001,785.6419999999999,765.96,1.2
846.7200000000001,784.764,765.96,1.2
846.7200000000001,795.3,765.96,1.2
846.7200000000001,766.765,765.96,1.2
846.7200000000001,787.837,765.96,1.2
846.7200000000001,821.64,765.96,1.2
846.7200000000001,776.423,765.96,1.2
846.7200000000001,808.031,765.96,1.2
846.7200000000001,791.788,765.96,1.2
846.7200000000001,783.0079999999999,765.96,1.2
846.7200000000001,773.35,765.96,1.2
846.7200000000001,792.6659999999999,765.96,1.2
846.7200000000001,810.226,765.96,1.2
846.7200000000001,785.6419999999999,765.96,1.2
846.7200000000001,790.0319999999999,765.96,1.2
846.7200000000001,804.0799999999999,765.96,1.2
846.7200000000001,795.3,765.96,1.2
846.7200000000001,770.2769999999999,765.96,1.2
846.7200000000001,792.227,765.96,1.2
846.7200000000001,810.665,765.96,1.2
846.7200000000001,790.471,765.96,1.2
846.7200000000001,754.9119999999999,765.96,1.2
846.7200000000001,796.178,765.96,1.2
846.7200000000001,788.276,765.96,1.2
846.7200000000001,766.765,765.96,1.2
846.7200000000001,768.9599999999999,765.96,1.2
846.7200000000001,803.641,765.96,1.2
846.7200000000001,781.252,765.96,1.2
846.7200000000001,779.057,765.96,1.2
846.7200000000001,790.471,765.96,1.2
846.7200000000001,782.569,765.96,1.2
846.7200000000001,792.227,765.96,1.2
846.7200000000001,788.276,765.96,1.2
846.7200000000001,775.106,765.96,1.2
846.7200000000001,784.3249999999999,765.96,1.2
846.7200000000001,796.617,765.96,1.2
846.7200000000001,791.3489999999999,765.96,1.2
846.7200000000001,790.0319999999999,765.96,1.2
846.7200000000001,816.372,765.96,1.2
846.7200000000001,800.568,765.96,1.2
846.7200000000001,802.324,765.96,1.2
846.7200000000001,788.7149999999999,765.96,1.2
846.7200000000001,793.983,765.96,1.2
846.7200000000001,785.203,765.96,1.2
846.7200000000001,801.007,765.96,1.2
846.7200000000001,789.593,765.96,1.2
846.7200000000001,793.983,765.96,1.2
846.7200000000001,793.105,765.96,1.2
846.7200000000001,790.471,765.96,1.2
846.7200000000001,829.5419999999999,765.96,1.2
846.7200000000001,782.13,765.96,1.2
846.7200000000001,782.13,765.96,1.2
846.7200000000001,800.129,765.96,1.2
846.7200000000001,783.0079999999999,765.96,1.2
846.7200000000001,786.959,765.96,1.2
846.7200000000001,776.423,765.96,1.2
846.7200000000001,797.495,765.96,1.2
846.7200000000001,797.495,765.96,1.2
846.7200000000001,786.959,765.96,1.2
846.7200000000001,800.129,765.96,1.2
846.7200000000001,766.326,765.96,1.2
846.7200000000001,781.6909999999999,765.96,1.2
846.7200000000001,788.7149999999999,765.96,1.2
846.7200000000001,775.545,765.96,1.2
846.7200000000001,768.082,765.96,1.2
846.7200000000001,786.959,765.96,1.2
846.7200000000001,800.129,765.96,1.2
846.7200000000001,807.592,765.96,1.2
846.7200000000001,783.886,765.96,1.2
846.7200000000001,800.568,765.96,1.2
846.7200000000001,799.251,765.96,1.2
846.7200000000001,807.153,765.96,1.2
846.7200000000001,786.081,768.32,1.2
846.7200000000001,767.204,768.32,1.2
846.7200000000001,791.788,768.32,1.2
846.7200000000001,777.74,768.32,1.2
846.7200000000001,781.252,768.32,1.2
846.7200000000001,786.959,768.32,1.2
846.7200000000001,786.52,768.32,1.2
846.7200000000001,792.6659999999999,768.32,1.2
846.7200000000001,800.129,768.32,1.2
846.7200000000001,786.081,768.32,1.2
846.7200000000001,796.178,768.32,1.2
846.7200000000001,790.91,768.32,1.2
846.7200000000001,803.202,768.32,1.2
846.7200000000001,788.276,768.32,1.2
846.7200000000001,790.0319999999999,768.32,1.2
846.7200000000001,786.081,768.32,1.2
846.7200000000001,788.7149999999999,768.32,1.2
846.7200000000001,780.374,768.32,1.2
846.7200000000001,779.496,768.32,1.2
846.7200000000001,801.007,768.32,1.2
846.7200000000001,776.862,768.32,1.2
846.7200000000001,786.52,768.32,1.2
846.7200000000001,804.0799999999999,768.32,1.2
846.7200000000001,786.081,768.32,1.2
846.7200000000001,801.885,768.32,1.2
846.7200000000001,783.0079999999999,768.32,1.2
846.7200000000001,776.862,768.32,1.2
846.7200000000001,769.838,768.32,1.2
846.7200000000001,808.031,768.32,1.2
846.7200000000001,775.9839999999999,768.32,1.2
846.7200000000001,800.568,768.32,1.2
846.7200000000001,777.74,768.32,1.2
846.7200000000001,808.4699999999999,768.32,1.2
846.7200000000001,819.884,768.32,1.2
846.7200000000001,768.521,768.32,1.2
846.7200000000001,776.423,768.32,1.2
846.7200000000001,801.007,768.32,1.2
846.7200000000001,797.495,768.32,1.2
846.7200000000001,801.007,768.32,1.2
846.7200000000001,783.447,768.32,1.2
846.7200000000001,817.25,768.32,1.2
846.7200000000001,792.6659999999999,768.32,1.2
846.7200000000001,774.6669999999999,768.32,1.2
846.7200000000001,787.398,768.32,1.2
846.7200000000001,775.106,768.32,1.2
846.7200000000001,811.982,768.32,1.2
846.7200000000001,782.13,768.32,1.2
846.7200000000001,797.495,768.32,1.2
846.7200000000001,784.764,768.32,1.2
846.7200000000001,783.0079999999999,768.32,1.2
846.7200000000001,765.887,768.32,1.2
846.7200000000001,798.812,768.32,1.2
846.7200000000001,808.031,768.32,1.2
846.7200000000001,779.057,768.32,1.2
846.7200000000001,770.716,768.32,1.2
846.7200000000001,801.4459999999999,768.32,1.2
846.7200000000001,769.399,768.32,1.2
846.7200000000001,807.153,768.32,1.2
846.7200000000001,779.057,768.32,1.2
846.7200000000001,776.423,768.32,1.2
846.7200000000001,793.983,768.32,1.2
846.7200000000001,777.3009999999999,768.32,1.2
846.7200000000001,781.6909999999999,768.32,1.2
846.7200000000001,795.7389999999999,768.32,1.2
846.7200000000001,758.8629999999999,768.32,1.2
846.7200000000001,812.4209999999999,768.32,1.2
846.7200000000001,791.3489999999999,768.32,1.2
846.7200000000001,773.789,768.32,1.2
846.7200000000001,777.3009999999999,768.32,1.2
846.7200000000001,804.0799999999999,768.32,1.2
846.7200000000001,798.812,768.32,1.2
846.7200000000001,809.348,768.32,1.2
846.7200000000001,782.13,768.32,1.2
846.7200000000001,794.861,768.32,1.2
846.7200000000001,796.617,768.32,1.2
609.8400000000001,743.396,745.86,1.4
640.0,717.412,745.86,1.0
640.0,726.228,745.86,1.0
640.0,719.268,745.86,1.0
640.0,726.692,745.86,1.0
640.0,737.364,745.86,1.0
640.0,704.42,745.86,1.0
640.0,742.932,745.86,1.0
640.0,711.844,745.86,1.0
640.0,723.444,745.86,1.0
640.0,744.788,745.86,1.0
640.0,732.26,745.86,1.0
640.0,732.26,745.86,1.0
640.0,711.38,745.86,1.0
640.0,713.236,745.86,1.0
640.0,740.612,745.86,1.0
640.0,719.268,745.86,1.0
640.0,720.66,745.86,1.0
640.0,741.076,745.86,1.0
640.0,713.236,745.86,1.0
640.0,731.332,745.86,1.0
640.0,728.0840000000001,745.86,1.0
640.0,727.62,745.86,1.0
640.0,720.196,745.86,1.0
640.0,719.732,745.86,1.0
640.0,712.772,745.86,1.0
640.0,734.116,745.86,1.0
640.0,718.34,745.86,1.0
640.0,741.076,745.86,1.0
640.0,724.372,745.86,1.0
640.0,712.772,745.86,1.0
640.0,724.372,745.86,1.0
640.0,722.052,745.86,1.0
640.0,741.54,745.86,1.0
640.0,722.516,745.86,1.0
640.0,723.908,745.86,1.0
640.0,747.108,745.86,1.0
640.0,734.58,745.86,1.0
640.0,750.82,745.86,1.0
640.0,745.252,745.86,1.0
640.0,715.092,745.86,1.0
640.0,741.54,745.86,1.0
640.0,748.964,745.86,1.0
640.0,748.964,745.86,1.0
640.0,741.54,745.86,1.0
640.0,741.076,745.86,1.0
640.0,723.444,745.86,1.0
640.0,716.02,745.86,1.0
640.0,722.516,745.86,1.0
640.0,704.42,745.86,1.0
640.0,746.18,745.86,1.0
640.0,723.908,745.86,1.0
640.0,745.716,745.86,1.0
640.0,710.452,745.86,1.0
640.0,742.468,745.86,1.0
640.0,720.66,745.86,1.0
640.0,709.524,745.86,1.0
640.0,750.356,745.86,1.0
640.0,742.932,745.86,1.0
640.0,730.404,745.86,1.0
640.0,728.0840000000001,745.86,1.0
640.0,733.652,745.86,1.0
640.0,730.404,745.86,1.0
640.0,716.484,745.86,1.0
640.0,722.052,745.86,1.0
640.0,754.996,745.86,1.0
640.0,764.74,745.86,1.0
640.0,749.428,745.86,1.0
640.0,734.116,745.86,1.0
640.0,722.98,745.86,1.0
640.0,716.484,745.86,1.0
640.0,717.412,745.86,1.0
640.0,719.732,745.86,1.0
640.0,757.78,745.86,1.0
640.0,752.676,817.97,1.0
846.7200000000001,737.828,817.97,1.2
846.7200000000001,714.164,817.97,1.2
846.7200000000001,740.148,817.97,1.2
846.7200000000001,724.372,817.97,1.2
846.7200000000001,697.46,817.97,1.2
846.7200000000001,731.796,817.97,1.2
846.7200000000001,716.02,817.97,1.2
846.7200000000001,716.484,817.97,1.2
846.7200000000001,723.908,817.97,1.2
846.7200000000001,720.66,817.97,1.2
846.7200000000001,727.156,817.97,1.2
846.7200000000001,726.692,817.97,1.2
846.7200000000001,701.636,817.97,1.2
846.7200000000001,748.964,817.97,1.2
846.7200000000001,713.7,817.97,1.2
846.7200000000001,714.164,817.97,1.2
846.7200000000001,722.98,817.97,1.2
846.7200000000001,726.228,817.97,1.2
846.7200000000001,748.0360000000001,817.97,1.2
846.7200000000001,731.332,817.97,1.2
846.7200000000001,735.508,817.97,1.2
846.7200000000001,731.332,817.97,1.2
846.7200000000001,730.868,817.97,1.2
846.7200000000001,731.796,817.97,1.2
846.7200000000001,700.708,817.97,1.2
846.7200000000001,724.372,817.97,1.2
846.7200000000001,743.86,817.97,1.2
846.7200000000001,774.02,817.97,1.2
846.7200000000001,710.916,817.97,1.2
846.7200000000001,733.652,817.97,1.2
846.7200000000001,719.732,817.97,1.2
846.7200000000001,755.924,817.97,1.2
846.7200000000001,708.596,817.97,1.2
846.7200000000001,736.436,817.97,1.2
846.7200000000001,708.1320000000001,817.97,1.2
846.7200000000001,722.98,817.97,1.2
846.7200000000001,727.156,817.97,1.2
846.7200000000001,742.468,817.97,1.2
846.7200000000001,712.772,817.97,1.2
846.7200000000001,736.9,817.97,1.2
846.7200000000001,728.0840000000001,817.97,1.2
846.7200000000001,731.332,817.97,1.2
846.7200000000001,741.076,817.97,1.2
846.7200000000001,709.988,817.97,1.2
846.7200000000001,738.756,817.97,1.2
846.7200000000001,719.732,817.97,1.2
846.7200000000001,742.932,817.97,1.2
846.7200000000001,732.26,817.97,1.2
846.7200000000001,724.836,817.97,1.2
846.7200000000001,719.268,817.97,1.2
846.7200000000001,739.22,817.97,1.2
846.7200000000001,745.252,817.97,1.2
846.7200000000001,720.196,817.97,1.2
846.7200000000001,711.844,817.97,1.2
846.7200000000001,737.364,817.97,1.2
846.7200000000001,707.668,817.97,1.2
846.7200000000001,709.524,817.97,1.2
846.7200000000001,712.772,817.97,1.2
846.7200000000001,722.052,817.97,1.2
846.7200000000001,709.0600000000001,817.97,1.2
846.7200000000001,700.708,817.97,1.2
846.7200000000001,711.844,817.97,1.2
846.7200000000001,736.436,817.97,1.2
846.7200000000001,709.988,817.97,1.2
846.7200000000001,722.98,817.97,1.2
846.7200000000001,754.532,817.97,1.2
846.7200000000001,727.156,817.97,1.2
846.7200000000001,732.26,817.97,1.2
846.7200000000001,714.628,817.97,1.2
846.7200000000001,757.78,817.97,1.2
846.7200000000001,720.196,817.97,1.2
846.7200000000001,724.372,817.97,1.2
846.7200000000001,746.18,817.97,1.2
846.7200000000001,725.3,817.97,1.2
846.7200000000001,728.0840000000001,752.96,1.2
640.0,723.908,752.96,1.0
640.0,723.908,752.96,1.0
640.0,732.724,752.96,1.0
640.0,735.508,752.96,1.0
640.0,718.804,752.96,1.0
640.0,716.948,752.96,1.0
640.0,719.268,752.96,1.0
640.0,708.1320000000001,752.96,1.0
640.0,705.348,752.96,1.0
640.0,731.796,752.96,1.0
846.7200000000001,740.612,752.96,1.2
846.7200000000001,739.684,752.96,1.2
846.7200000000001,694.676,752.96,1.2
640.0,724.372,752.96,1.0
640.0,712.308,752.96,1.0
640.0,729.476,752.96,1.0
640.0,721.588,752.96,1.0
640.0,735.972,752.96,1.0
846.7200000000001,727.156,752.96,1.2
846.7200000000001,701.172,752.96,1.2
640.0,714.164,752.96,1.0
640.0,727.62,752.96,1.0
640.0,729.0120000000001,752.96,1.0
640.0,708.1320000000001,752.96,1.0
640.0,706.276,752.96,1.0
640.0,728.548,752.96,1.0
640.0,708.1320000000001,752.96,1.0
640.0,704.42,752.96,1.0
640.0,721.588,752.96,1.0
846.7200000000001,720.66,752.96,1.2
846.7200000000001,715.556,752.96,1.2
846.7200000000001,717.876,752.96,1.2
846.7200000000001,727.62,752.96,1.2
846.7200000000001,717.412,752.96,1.2
640.0,728.548,752.96,1.0
640.0,722.516,752.96,1.0
640.0,729.94,752.96,1.0
640.0,739.684,752.96,1.0
640.0,739.22,752.96,1.0
846.7200000000001,745.716,752.96,1.2
846.7200000000001,739.22,752.96,1.2
846.7200000000001,730.868,752.96,1.2
846.7200000000001,721.588,752.96,1.2
846.7200000000001,722.052,752.96,1.2
846.7200000000001,715.556,752.96,1.2
846.7200000000001,727.62,752.96,1.2
846.7200000000001,737.364,752.96,1.2
846.7200000000001,717.412,752.96,1.2
846.7200000000001,727.156,752.96,1.2
846.7200000000001,718.34,752.96,1.2
846.7200000000001,730.404,752.96,1.2
846.7200000000001,720.196,752.96,1.2
846.7200000000001,717.412,752.96,1.2
640.0,718.34,752.96,1.0
640.0,734.58,752.96,1.0
640.0,726.228,752.96,1.0
640.0,721.588,752.96,1.0
640.0,731.332,752.96,1.0
640.0,722.052,752.96,1.0
640.0,743.396,752.96,1.0
846.7200000000001,714.164,752.96,1.2
640.0,724.836,752.96,1.0
640.0,708.1320000000001,752.96,1.0
640.0,722.98,752.96,1.0
640.0,704.42,752.96,1.0
640.0,737.828,752.96,1.0
846.7200000000001,738.292,752.96,1.2
846.7200000000001,738.756,752.96,1.2
846.7200000000001,728.0840000000001,752.96,1.2
846.7200000000001,715.556,752.96,1.2
846.7200000000001,716.484,752.96,1.2
846.7200000000001,748.964,752.96,1.2
846.7200000000001,747.572,752.96,1.2
846.7200000000001,729.476,752.96,1.2
609.8400000000001,742.0065,705.67,1.4
640.0,717.4235,705.67,1.0
640.0,728.5255,705.67,1.0
640.0,742.0065,705.67,1.0
640.0,715.8375,705.67,1.0
640.0,735.6625,705.67,1.0
640.0,732.094,705.67,1.0
640.0,725.3535,705.67,1.0
640.0,713.855,705.67,1.0
640.0,717.027,705.67,1.0
640.0,729.3185,705.67,1.0
640.0,708.7005,705.67,1.0
640.0,727.336,705.67,1.0
640.0,732.094,705.67,1.0
640.0,737.645,705.67,1.0
640.0,709.097,705.67,1.0
640.0,741.2135,705.67,1.0
640.0,745.9715,705.67,1.0
640.0,730.508,705.67,1.0
640.0,713.4585,705.67,1.0
640.0,721.785,705.67,1.0
640.0,725.3535,705.67,1.0
640.0,728.922,705.67,1.0
640.0,726.1465,705.67,1.0
640.0,728.922,705.67,1.0
640.0,724.5605,705.67,1.0
640.0,728.922,705.67,1.0
640.0,720.199,705.67,1.0
640.0,721.785,705.67,1.0
640.0,719.0095,705.67,1.0
640.0,748.747,705.67,1.0
640.0,743.196,705.67,1.0
640.0,732.4905,705.67,1.0
640.0,741.61,705.67,1.0
640.0,735.266,705.67,1.0
640.0,727.7325,705.67,1.0
640.0,707.9075,705.67,1.0
640.0,722.578,705.67,1.0
640.0,721.785,705.67,1.0
640.0,712.269,705.67,1.0
640.0,707.9075,705.67,1.0
640.0,731.6975,705.67,1.0
640.0,729.715,705.67,1.0
640.0,711.8725,705.67,1.0
640.0,717.027,705.67,1.0
640.0,739.6275,705.67,1.0
640.0,715.441,705.67,1.0
640.0,727.7325,705.67,1.0
640.0,723.371,705.67,1.0
640.0,731.6975,705.67,1.0
640.0,715.441,705.67,1.0
640.0,726.9395,705.67,1.0
640.0,727.7325,705.67,1.0
640.0,728.5255,705.67,1.0
640.0,726.543,705.67,1.0
640.0,729.715,705.67,1.0
640.0,751.919,705.67,1.0
640.0,756.2805,705.67,1.0
640.0,718.2165,705.67,1.0
640.0,697.995,705.67,1.0
640.0,732.887,705.67,1.0
640.0,728.129,705.67,1.0
640.0,738.438,705.67,1.0
640.0,729.3185,705.67,1.0
640.0,726.543,705.67,1.0
640.0,739.231,705.67,1.0
640.0,740.817,705.67,1.0
640.0,709.097,705.67,1.0
640.0,716.234,705.67,1.0
640.0,724.5605,705.67,1.0
640.0,726.9395,705.67,1.0
640.0,722.9745,705.67,1.0
640.0,730.9045,705.67,1.0
640.0,737.645,705.67,1.0
640.0,746.368,711.58,1.0
640.0,732.4905,711.58,1.0
640.0,715.441,711.58,1.0
640.0,724.164,711.58,1.0
640.0,724.957,711.58,1.0
640.0,731.6975,711.58,1.0
640.0,730.508,711.58,1.0
640.0,750.333,711.58,1.0
640.0,720.199,711.58,1.0
640.0,730.508,711.58,1.0
640.0,753.9014999999999,711.58,1.0
640.0,718.613,711.58,1.0
640.0,727.336,711.58,1.0
640.0,714.648,711.58,1.0
640.0,726.543,711.58,1.0
640.0,716.6305,711.58,1.0
640.0,738.0415,711.58,1.0
640.0,727.336,711.58,1.0
640.0,714.648,711.58,1.0
640.0,735.6625,711.58,1.0
640.0,727.7325,711.58,1.0
640.0,737.2485,711.58,1.0
640.0,712.269,711.58,1.0
640.0,730.1115,711.58,1.0
640.0,734.8695,711.58,1.0
640.0,720.5955,711.58,1.0
640.0,710.683,711.58,1.0
640.0,725.3535,711.58,1.0
640.0,740.4205,711.58,1.0
640.0,739.231,711.58,1.0
640.0,720.5955,711.58,1.0
640.0,710.683,711.58,1.0
640.0,720.5955,711.58,1.0
640.0,720.199,711.58,1.0
640.0,730.9045,711.58,1.0
640.0,724.5605,711.58,1.0
640.0,716.6305,711.58,1.0
640.0,738.8345,711.58,1.0
640.0,727.336,711.58,1.0
640.0,730.9045,711.58,1.0
640.0,705.132,711.58,1.0
640.0,696.8055,711.58,1.0
640.0,708.7005,711.58,1.0
640.0,720.199,711.58,1.0
640.0,732.4905,711.58,1.0
640.0,697.995,711.58,1.0
640.0,744.782,711.58,1.0
640.0,727.7325,711.58,1.0
640.0,742.0065,711.58,1.0
640.0,715.0445,711.58,1.0
640.0,731.6975,711.58,1.0
640.0,726.9395,711.58,1.0
640.0,735.6625,711.58,1.0
640.0,722.9745,711.58,1.0
640.0,731.301,711.58,1.0
640.0,738.8345,711.58,1.0
640.0,717.82,711.58,1.0
640.0,728.5255,711.58,1.0
640.0,703.1495,711.58,1.0
640.0,734.0765,711.58,1.0
640.0,749.1435,711.58,1.0
640.0,711.0795,711.58,1.0
640.0,724.5605,711.58,1.0
640.0,736.059,711.58,1.0
640.0,726.1465,711.58,1.0
640.0,727.7325,711.58,1.0
640.0,720.992,711.58,1.0
640.0,720.5955,711.58,1.0
640.0,724.5605,711.58,1.0
640.0,726.1465,711.58,1.0
640.0,711.8725,711.58,1.0
640.0,724.957,711.58,1.0
640.0,744.3855,711.58,1.0
640.0,720.5955,711.58,1.0
640.0,711.0795,711.58,1.0
640.0,723.7675,878.25,1.0
846.7200000000001,717.4235,878.25,1.2
846.7200000000001,709.89,878.25,1.2
846.7200000000001,727.336,878.25,1.2
846.7200000000001,717.4235,878.25,1.2
846.7200000000001,718.2165,878.25,1.2
846.7200000000001,727.7325,878.25,1.2
846.7200000000001,707.511,878.25,1.2
846.7200000000001,705.132,878.25,1.2
846.7200000000001,733.68,878.25,1.2
846.7200000000001,702.753,878.25,1.2
846.7200000000001,714.2515,878.25,1.2
846.7200000000001,704.3389999999999,878.25,1.2
846.7200000000001,719.8025,878.25,1.2
846.7200000000001,730.9045,878.25,1.2
846.7200000000001,726.9395,878.25,1.2
846.7200000000001,754.298,878.25,1.2
846.7200000000001,738.8345,878.25,1.2
846.7200000000001,714.648,878.25,1.2
846.7200000000001,711.476,878.25,1.2
846.7200000000001,757.8665,878.25,1.2
846.7200000000001,738.438,878.25,1.2
846.7200000000001,732.887,878.25,1.2
846.7200000000001,726.543,878.25,1.2
846.7200000000001,728.922,878.25,1.2
846.7200000000001,708.304,878.25,1.2
846.7200000000001,727.7325,878.25,1.2
846.7200000000001,726.543,878.25,1.2
846.7200000000001,715.0445,878.25,1.2
846.7200000000001,719.406,878.25,1.2
846.7200000000001,743.5925,878.25,1.2
846.7200000000001,724.164,878.25,1.2
846.7200000000001,750.333,878.25,1.2
846.7200000000001,705.132,878.25,1.2
846.7200000000001,719.406,878.25,1.2
846.7200000000001,707.511,878.25,1.2
846.7200000000001,711.476,878.25,1.2
846.7200000000001,715.8375,878.25,1.2
846.7200000000001,729.3185,878.25,1.2
846.7200000000001,728.922,878.25,1.2
846.7200000000001,717.82,878.25,1.2
846.7200000000001,699.1845,878.25,1.2
846.7200000000001,743.196,878.25,1.2
846.7200000000001,722.1815,878.25,1.2
846.7200000000001,712.6655,878.25,1.2
846.7200000000001,728.922,878.25,1.2
846.7200000000001,728.129,878.25,1.2
846.7200000000001,721.785,878.25,1.2
846.7200000000001,727.336,878.25,1.2
846.7200000000001,711.8725,878.25,1.2
846.7200000000001,734.8695,878.25,1.2
846.7200000000001,713.855,878.25,1.2
846.7200000000001,718.613,878.25,1.2
846.7200000000001,733.2835,878.25,1.2
846.7200000000001,740.024,878.25,1.2
846.7200000000001,744.782,878.25,1.2
846.7200000000001,738.438,878.25,1.2
846.7200000000001,721.785,878.25,1.2
846.7200000000001,707.511,878.25,1.2
846.7200000000001,742.403,878.25,1.2
846.7200000000001,742.0065,878.25,1.2
846.7200000000001,717.82,878.25,1.2
846.7200000000001,736.852,878.25,1.2
846.7200000000001,721.785,878.25,1.2
846.7200000000001,743.5925,878.25,1.2
846.7200000000001,719.8025,878.25,1.2
846.7200000000001,749.1435,878.25,1.2
846.7200000000001,735.266,878.25,1.2
846.7200000000001,747.1610000000001,878.25,1.2
846.7200000000001,720.199,878.25,1.2
846.7200000000001,730.508,878.25,1.2
846.7200000000001,714.2515,878.25,1.2
846.7200000000001,735.6625,878.25,1.2
846.7200000000001,736.4555,878.25,1.2
846.7200000000001,754.298,878.25,1.2
609.8400000000001,687.5026,776.6,1.4
640.0,672.9838,776.6,1.0
640.0,685.0828,776.6,1.0
640.0,674.1937,776.6,1.0
640.0,679.8399,776.6,1.0
640.0,680.6465,776.6,1.0
640.0,674.1937,776.6,1.0
640.0,679.4366,776.6,1.0
640.0,674.1937,776.6,1.0
640.0,674.1937,776.6,1.0
640.0,691.5356,776.6,1.0
640.0,680.6465,776.6,1.0
640.0,682.663,776.6,1.0
640.0,660.8848,776.6,1.0
640.0,683.8729,776.6,1.0
640.0,685.0828,776.6,1.0
640.0,673.7904,776.6,1.0
640.0,704.0379,776.6,1.0
640.0,650.8023,776.6,1.0
640.0,688.3092,776.6,1.0
640.0,687.0993,776.6,1.0
640.0,685.0828,776.6,1.0
640.0,680.6465,776.6,1.0
640.0,685.4861,776.6,1.0
640.0,689.1158,776.6,1.0
640.0,669.7574,776.6,1.0
640.0,682.2597,776.6,1.0
640.0,676.6135,776.6,1.0
640.0,665.3211,776.6,1.0
640.0,687.5026,776.6,1.0
640.0,671.7739,776.6,1.0
640.0,660.4815,776.6,1.0
640.0,672.1772,776.6,1.0
640.0,668.9508,776.6,1.0
640.0,691.1323,776.6,1.0
640.0,680.6465,776.6,1.0
640.0,695.1653,776.6,1.0
640.0,670.564,776.6,1.0
640.0,689.1158,776.6,1.0
640.0,712.9105,776.6,1.0
640.0,683.0663,776.6,1.0
640.0,689.1158,776.6,1.0
640.0,687.0993,776.6,1.0
640.0,661.2881,776.6,1.0
640.0,685.8894,776.6,1.0
640.0,682.2597,776.6,1.0
640.0,675.4036,776.6,1.0
640.0,667.7409,776.6,1.0
640.0,687.0993,776.6,1.0
640.0,666.9343,776.6,1.0
640.0,704.4412,776.6,1.0
640.0,679.8399,776.6,1.0
640.0,663.7079,776.6,1.0
640.0,672.5805,776.6,1.0
640.0,675.4036,776.6,1.0
640.0,707.6676,776.6,1.0
640.0,667.7409,776.6,1.0
640.0,677.4201,776.6,1.0
640.0,672.1772,776.6,1.0
640.0,684.6795,776.6,1.0
640.0,672.1772,776.6,1.0
640.0,664.9177999999999,776.6,1.0
640.0,676.2102,776.6,1.0
640.0,675.0003,776.6,1.0
640.0,671.3706,776.6,1.0
640.0,672.1772,776.6,1.0
640.0,693.1487999999999,776.6,1.0
640.0,674.597,776.6,1.0
640.0,664.9177999999999,776.6,1.0
640.0,672.9838,776.6,1.0
640.0,679.4366,776.6,1.0
640.0,662.498,776.6,1.0
640.0,698.3917,776.6,1.0
640.0,689.1158,776.6,1.0
640.0,695.9719,659.57,1.0
640.0,683.4696,659.57,1.0
640.0,653.2221,659.57,1.0
640.0,697.1818,659.57,1.0
640.0,668.1442,659.57,1.0
640.0,669.3541,659.57,1.0
640.0,680.6465,659.57,1.0
640.0,695.1653,659.57,1.0
640.0,691.5356,659.57,1.0
640.0,689.5191,659.57,1.0
640.0,675.0003,659.57,1.0
640.0,674.597,659.57,1.0
640.0,682.663,659.57,1.0
640.0,677.0168,659.57,1.0
640.0,689.5191,659.57,1.0
640.0,688.7125,659.57,1.0
640.0,685.8894,659.57,1.0
640.0,647.9792,659.57,1.0
640.0,680.2432,659.57,1.0
640.0,677.4201,659.57,1.0
640.0,680.6465,659.57,1.0
640.0,669.3541,659.57,1.0
640.0,662.498,659.57,1.0
640.0,684.2762,659.57,1.0
640.0,674.1937,659.57,1.0
640.0,685.4861,659.57,1.0
640.0,670.564,659.57,1.0
640.0,695.5686,659.57,1.0
640.0,690.729,659.57,1.0
640.0,682.2597,659.57,1.0
640.0,676.2102,659.57,1.0
640.0,689.1158,659.57,1.0
640.0,683.4696,659.57,1.0
640.0,681.4531,659.57,1.0
640.0,691.1323,659.57,1.0
640.0,695.9719,659.57,1.0
640.0,663.3046,659.57,1.0
640.0,665.7244,659.57,1.0
640.0,669.3541,659.57,1.0
640.0,660.4815,659.57,1.0
640.0,677.8234,659.57,1.0
640.0,685.8894,659.57,1.0
640.0,678.2267,659.57,1.0
640.0,672.1772,659.57,1.0
640.0,692.3422,659.57,1.0
640.0,680.2432,659.57,1.0
640.0,682.663,659.57,1.0
640.0,692.7455,659.57,1.0
640.0,677.0168,659.57,1.0
640.0,703.6346,659.57,1.0
640.0,673.3871,659.57,1.0
640.0,702.828,659.57,1.0
640.0,666.9343,659.57,1.0
640.0,685.0828,659.57,1.0
640.0,670.9673,659.57,1.0
640.0,692.3422,659.57,1.0
640.0,672.9838,659.57,1.0
640.0,682.2597,659.57,1.0
640.0,670.564,659.57,1.0
640.0,689.9224,659.57,1.0
640.0,670.564,659.57,1.0
640.0,699.1983,659.57,1.0
640.0,666.531,659.57,1.0
640.0,662.498,659.57,1.0
640.0,690.3257,659.57,1.0
640.0,671.3706,659.57,1.0
640.0,678.63,659.57,1.0
640.0,674.597,659.57,1.0
640.0,662.9013,659.57,1.0
640.0,677.8234,659.57,1.0
640.0,693.9553999999999,659.57,1.0
640.0,690.729,659.57,1.0
640.0,681.4531,659.57,1.0
640.0,691.9389,659.57,1.0
640.0,665.7244,659.57,1.0
640.0,674.597,599.29,1.0
640.0,683.4696,599.29,1.0
640.0,677.0168,599.29,1.0
640.0,675.8069,599.29,1.0
640.0,664.1112,599.29,1.0
640.0,653.6254,599.29,1.0
640.0,688.7125,599.29,1.0
640.0,681.4531,599.29,1.0
640.0,689.5191,599.29,1.0
640.0,673.3871,599.29,1.0
640.0,670.1607,599.29,1.0
640.0,678.63,599.29,1.0
640.0,689.1158,599.29,1.0
640.0,675.8069,599.29,1.0
640.0,688.3092,599.29,1.0
640.0,666.531,599.29,1.0
640.0,676.6135,599.29,1.0
640.0,677.8234,599.29,1.0
640.0,693.5521,599.29,1.0
640.0,681.0498,599.29,1.0
640.0,699.6016,599.29,1.0
640.0,662.498,599.29,1.0
640.0,680.2432,599.29,1.0
640.0,680.6465,599.29,1.0
640.0,686.2927,599.29,1.0
640.0,668.9508,599.29,1.0
640.0,699.1983,599.29,1.0
640.0,678.63,599.29,1.0
640.0,665.3211,599.29,1.0
640.0,678.63,599.29,1.0
640.0,675.0003,599.29,1.0
640.0,712.1039,599.29,1.0
640.0,691.1323,599.29,1.0
640.0,679.0332999999999,599.29,1.0
640.0,677.4201,599.29,1.0
640.0,690.3257,599.29,1.0
640.0,690.729,599.29,1.0
640.0,643.5429,599.29,1.0
640.0,686.2927,599.29,1.0
640.0,679.0332999999999,599.29,1.0
640.0,662.9013,599.29,1.0
640.0,689.1158,599.29,1.0
640.0,705.6511,599.29,1.0
640.0,685.4861,599.29,1.0
640.0,691.9389,599.29,1.0
640.0,700.4082,599.29,1.0
640.0,668.5475,599.29,1.0
640.0,656.0452,599.29,1.0
640.0,686.696,599.29,1.0
640.0,675.8069,599.29,1.0
640.0,662.0947,599.29,1.0
640.0,677.8234,599.29,1.0
640.0,687.5026,599.29,1.0
640.0,677.0168,599.29,1.0
640.0,668.9508,599.29,1.0
640.0,675.8069,599.29,1.0
640.0,678.2267,599.29,1.0
640.0,655.2386,599.29,1.0
640.0,677.0168,599.29,1.0
640.0,662.498,599.29,1.0
640.0,686.696,599.29,1.0
640.0,659.6749,599.29,1.0
640.0,690.729,599.29,1.0
640.0,673.7904,599.29,1.0
640.0,672.1772,599.29,1.0
640.0,682.2597,599.29,1.0
640.0,668.1442,599.29,1.0
640.0,681.8564,599.29,1.0
640.0,669.7574,599.29,1.0
640.0,671.7739,599.29,1.0
640.0,683.4696,599.29,1.0
640.0,664.9177999999999,599.29,1.0
640.0,663.3046,599.29,1.0
640.0,681.4531,599.29,1.0
640.0,678.2267,599.29,1.0
609.8400000000001,645.519,790.78,1.4
640.0,638.9038,790.78,1.0
640.0,652.1342,790.78,1.0
640.0,639.7307,790.78,1.0
640.0,587.636,790.78,1.0
640.0,594.2512,790.78,1.0
640.0,685.2102,790.78,1.0
640.0,637.25,790.78,1.0
640.0,661.2301,790.78,1.0
640.0,628.981,790.78,1.0
640.0,635.5962,790.78,1.0
640.0,625.6734,790.78,1.0
640.0,698.4406,790.78,1.0
640.0,643.8652,790.78,1.0
640.0,624.0196,790.78,1.0
640.0,595.905,790.78,1.0
640.0,686.0371,790.78,1.0
640.0,633.1155,790.78,1.0
640.0,655.4418000000001,790.78,1.0
640.0,658.7494,790.78,1.0
640.0,625.6734,790.78,1.0
640.0,653.788,790.78,1.0
640.0,622.3658,790.78,1.0
640.0,612.443,790.78,1.0
640.0,666.1915,790.78,1.0
640.0,633.1155,790.78,1.0
640.0,650.4804,790.78,1.0
640.0,647.1728,790.78,1.0
640.0,652.9611,790.78,1.0
640.0,598.3857,790.78,1.0
640.0,622.3658,790.78,1.0
640.0,628.981,790.78,1.0
640.0,616.5775,790.78,1.0
640.0,647.9997,790.78,1.0
640.0,667.0184,790.78,1.0
640.0,670.326,790.78,1.0
640.0,628.981,790.78,1.0
640.0,644.6921,790.78,1.0
640.0,647.9997,790.78,1.0
640.0,652.9611,790.78,1.0
640.0,615.7506,790.78,1.0
640.0,682.7295,790.78,1.0
640.0,660.4032,790.78,1.0
640.0,661.2301,790.78,1.0
640.0,667.0184,790.78,1.0
640.0,650.4804,790.78,1.0
640.0,611.6161,790.78,1.0
640.0,633.9424,790.78,1.0
640.0,595.905,790.78,1.0
640.0,647.1728,790.78,1.0
640.0,633.1155,790.78,1.0
640.0,636.4231,790.78,1.0
640.0,667.0184,790.78,1.0
640.0,625.6734,790.78,1.0
640.0,630.6348,790.78,1.0
640.0,638.0769,790.78,1.0
640.0,591.7705,790.78,1.0
640.0,630.6348,790.78,1.0
640.0,575.2325,790.78,1.0
640.0,622.3658,790.78,1.0
640.0,658.7494,790.78,1.0
640.0,647.9997,790.78,1.0
640.0,622.3658,790.78,1.0
640.0,638.0769,790.78,1.0
640.0,610.7892,790.78,1.0
640.0,637.25,790.78,1.0
640.0,710.0172,790.78,1.0
640.0,682.7295,790.78,1.0
640.0,638.9038,790.78,1.0
640.0,641.3845,790.78,1.0
640.0,613.2699,790.78,1.0
640.0,617.4044,790.78,1.0
640.0,646.3459,790.78,1.0
640.0,624.0196,790.78,1.0
640.0,659.5763,693.85,1.0
640.0,676.1143,693.85,1.0
640.0,645.519,693.85,1.0
640.0,639.7307,693.85,1.0
640.0,595.905,693.85,1.0
640.0,655.4418000000001,693.85,1.0
640.0,609.1354,693.85,1.0
640.0,626.5003,693.85,1.0
640.0,661.2301,693.85,1.0
640.0,662.8839,693.85,1.0
640.0,625.6734,693.85,1.0
640.0,627.3272,693.85,1.0
640.0,619.8851,693.85,1.0
640.0,607.4816,693.85,1.0
640.0,621.5389,693.85,1.0
640.0,597.5588,693.85,1.0
640.0,653.788,693.85,1.0
640.0,647.1728,693.85,1.0
640.0,651.3073,693.85,1.0
640.0,613.2699,693.85,1.0
640.0,607.4816,693.85,1.0
640.0,638.9038,693.85,1.0
640.0,638.9038,693.85,1.0
640.0,633.9424,693.85,1.0
640.0,629.8079,693.85,1.0
640.0,679.4219,693.85,1.0
640.0,647.9997,693.85,1.0
640.0,686.0371,693.85,1.0
640.0,668.6722,693.85,1.0
640.0,679.4219,693.85,1.0
640.0,610.7892,693.85,1.0
640.0,652.1342,693.85,1.0
640.0,626.5003,693.85,1.0
640.0,595.905,693.85,1.0
640.0,674.4605,693.85,1.0
640.0,629.8079,693.85,1.0
640.0,610.7892,693.85,1.0
640.0,627.3272,693.85,1.0
640.0,617.4044,693.85,1.0
640.0,619.8851,693.85,1.0
640.0,631.4617,693.85,1.0
640.0,680.2488,693.85,1.0
640.0,620.712,693.85,1.0
640.0,678.595,693.85,1.0
640.0,657.9225,693.85,1.0
640.0,647.1728,693.85,1.0
640.0,655.4418000000001,693.85,1.0
640.0,637.25,693.85,1.0
640.0,669.4991,693.85,1.0
640.0,651.3073,693.85,1.0
640.0,595.905,693.85,1.0
640.0,644.6921,693.85,1.0
640.0,657.0956,693.85,1.0
640.0,629.8079,693.85,1.0
640.0,640.5576,693.85,1.0
640.0,622.3658,693.85,1.0
640.0,603.3471,693.85,1.0
640.0,598.3857,693.85,1.0
640.0,599.2126,693.85,1.0
640.0,653.788,693.85,1.0
640.0,575.2325,693.85,1.0
640.0,620.712,693.85,1.0
640.0,618.2313,693.85,1.0
640.0,630.6348,693.85,1.0
640.0,590.9436,693.85,1.0
640.0,647.1728,693.85,1.0
640.0,605.8278,693.85,1.0
640.0,665.3646,693.85,1.0
640.0,621.5389,693.85,1.0
640.0,634.7693,693.85,1.0
640.0,637.25,693.85,1.0
640.0,643.0383,693.85,1.0
640.0,638.0769,693.85,1.0
640.0,626.5003,693.85,1.0
640.0,645.519,693.85,1.0
640.0,648.8266,612.29,1.0
640.0,618.2313,612.29,1.0
640.0,647.9997,612.29,1.0
640.0,667.0184,612.29,1.0
640.0,654.6149,612.29,1.0
640.0,660.4032,612.29,1.0
640.0,641.3845,612.29,1.0
640.0,614.0968,612.29,1.0
640.0,617.4044,612.29,1.0
640.0,645.519,612.29,1.0
640.0,660.4032,612.29,1.0
640.0,706.7096,612.29,1.0
640.0,661.2301,612.29,1.0
640.0,608.3085,612.29,1.0
640.0,618.2313,612.29,1.0
640.0,693.4792,612.29,1.0
640.0,632.2886,612.29,1.0
640.0,638.0769,612.29,1.0
640.0,613.2699,612.29,1.0
640.0,676.1143,612.29,1.0
640.0,649.6535,612.29,1.0
640.0,618.2313,612.29,1.0
640.0,612.443,612.29,1.0
640.0,644.6921,612.29,1.0
640.0,638.0769,612.29,1.0
640.0,657.9225,612.29,1.0
640.0,650.4804,612.29,1.0
640.0,630.6348,612.29,1.0
640.0,624.0196,612.29,1.0
640.0,633.1155,612.29,1.0
640.0,623.1927,612.29,1.0
640.0,633.9424,612.29,1.0
640.0,637.25,612.29,1.0
640.0,614.9237,612.29,1.0
640.0,652.9611,612.29,1.0
640.0,628.1541,612.29,1.0
640.0,616.5775,612.29,1.0
640.0,628.1541,612.29,1.0
640.0,643.0383,612.29,1.0
640.0,638.9038,612.29,1.0
640.0,647.9997,612.29,1.0
640.0,659.5763,612.29,1.0
640.0,669.4991,612.29,1.0
640.0,644.6921,612.29,1.0
640.0,610.7892,612.29,1.0
640.0,630.6348,612.29,1.0
640.0,612.443,612.29,1.0
640.0,679.4219,612.29,1.0
640.0,686.864,612.29,1.0
640.0,653.788,612.29,1.0
640.0,658.7494,612.29,1.0
640.0,643.8652,612.29,1.0
640.0,646.3459,612.29,1.0
640.0,597.5588,612.29,1.0
640.0,635.5962,612.29,1.0
640.0,615.7506,612.29,1.0
640.0,643.8652,612.29,1.0
640.0,635.5962,612.29,1.0
640.0,685.2102,612.29,1.0
640.0,659.5763,612.29,1.0
640.0,644.6921,612.29,1.0
640.0,630.6348,612.29,1.0
640.0,678.595,612.29,1.0
640.0,636.4231,612.29,1.0
640.0,645.519,612.29,1.0
640.0,638.0769,612.29,1.0
640.0,627.3272,612.29,1.0
640.0,638.0769,612.29,1.0
640.0,588.4629,612.29,1.0
640.0,599.2126,612.29,1.0
640.0,645.519,612.29,1.0
640.0,676.1143,612.29,1.0
640.0,645.519,612.29,1.0
640.0,619.0581999999999,612.29,1.0
640.0,601.6933,612.29,1.0
609.8400000000001,601.4807000000001,604.02,1.4
640.0,614.1851,604.02,1.0
640.0,611.7148,604.02,1.0
640.0,612.4206,604.02,1.0
640.0,607.8329,604.02,1.0
640.0,611.7148,604.02,1.0
640.0,606.0684,604.02,1.0
640.0,600.7749,604.02,1.0
640.0,597.2459,604.02,1.0
640.0,582.0712,604.02,1.0
640.0,605.7155,604.02,1.0
640.0,623.7134,604.02,1.0
640.0,615.2438,604.02,1.0
640.0,609.9503,604.02,1.0
640.0,599.7162000000001,604.02,1.0
640.0,618.067,604.02,1.0
640.0,606.0684,604.02,1.0
640.0,624.0663000000001,604.02,1.0
640.0,597.2459,604.02,1.0
640.0,599.7162000000001,604.02,1.0
640.0,598.6575,604.02,1.0
640.0,591.9524,604.02,1.0
640.0,597.5988,604.02,1.0
640.0,608.5387000000001,604.02,1.0
640.0,600.0691,604.02,1.0
640.0,572.19,604.02,1.0
640.0,618.7728,604.02,1.0
640.0,589.4821000000001,604.02,1.0
640.0,613.8322000000001,604.02,1.0
640.0,607.8329,604.02,1.0
640.0,630.0656,604.02,1.0
640.0,618.067,604.02,1.0
640.0,602.1865,604.02,1.0
640.0,600.0691,604.02,1.0
640.0,623.3605,604.02,1.0
640.0,591.9524,604.02,1.0
640.0,609.5974,604.02,1.0
640.0,606.0684,604.02,1.0
640.0,603.951,604.02,1.0
640.0,611.3619,604.02,1.0
640.0,609.5974,604.02,1.0
640.0,612.4206,604.02,1.0
640.0,608.8916,604.02,1.0
640.0,612.0677000000001,604.02,1.0
640.0,608.5387000000001,604.02,1.0
640.0,600.422,604.02,1.0
640.0,607.48,604.02,1.0
640.0,600.0691,604.02,1.0
640.0,599.3633,604.02,1.0
640.0,603.951,604.02,1.0
640.0,606.0684,604.02,1.0
640.0,607.8329,604.02,1.0
640.0,617.0083,604.02,1.0
640.0,602.1865,604.02,1.0
640.0,609.5974,604.02,1.0
640.0,608.8916,604.02,1.0
640.0,601.1278,604.02,1.0
640.0,608.1858,604.02,1.0
640.0,618.067,604.02,1.0
640.0,609.5974,604.02,1.0
640.0,609.9503,604.02,1.0
640.0,600.0691,604.02,1.0
640.0,628.3011,604.02,1.0
640.0,600.7749,604.02,1.0
640.0,589.835,604.02,1.0
640.0,616.6554,604.02,1.0
640.0,606.4213,604.02,1.0
640.0,604.3039,604.02,1.0
640.0,601.8336,604.02,1.0
640.0,627.2424,604.02,1.0
640.0,611.3619,604.02,1.0
640.0,613.1264,604.02,1.0
640.0,609.2445,604.02,1.0
640.0,610.3032000000001,604.02,1.0
640.0,622.3018000000001,602.84,1.0
640.0,604.6568,602.84,1.0
640.0,591.9524,602.84,1.0
640.0,616.6554,602.84,1.0
640.0,612.7735,602.84,1.0
640.0,608.5387000000001,602.84,1.0
640.0,612.4206,602.84,1.0
640.0,603.5981,602.84,1.0
640.0,607.8329,602.84,1.0
640.0,606.0684,602.84,1.0
640.0,601.1278,602.84,1.0
640.0,620.1844,602.84,1.0
640.0,592.6582,602.84,1.0
640.0,632.5359,602.84,1.0
640.0,616.6554,602.84,1.0
640.0,588.7763,602.84,1.0
640.0,605.0097000000001,602.84,1.0
640.0,605.7155,602.84,1.0
640.0,611.7148,602.84,1.0
640.0,596.893,602.84,1.0
640.0,607.8329,602.84,1.0
640.0,606.0684,602.84,1.0
640.0,599.7162000000001,602.84,1.0
640.0,598.3046,602.84,1.0
640.0,617.3612,602.84,1.0
640.0,589.4821000000001,602.84,1.0
640.0,612.4206,602.84,1.0
640.0,615.9496,602.84,1.0
640.0,605.0097000000001,602.84,1.0
640.0,608.1858,602.84,1.0
640.0,619.8315,602.84,1.0
640.0,600.0691,602.84,1.0
640.0,601.1278,602.84,1.0
640.0,602.1865,602.84,1.0
640.0,619.8315,602.84,1.0
640.0,621.2431,602.84,1.0
640.0,592.6582,602.84,1.0
640.0,618.067,602.84,1.0
640.0,616.3025,602.84,1.0
640.0,624.0663000000001,602.84,1.0
640.0,611.7148,602.84,1.0
640.0,607.1271,602.84,1.0
640.0,619.4786,602.84,1.0
640.0,614.8909,602.84,1.0
640.0,631.1243000000001,602.84,1.0
640.0,617.7141,602.84,1.0
640.0,609.2445,602.84,1.0
640.0,595.1285,602.84,1.0
640.0,601.4807000000001,602.84,1.0
640.0,592.3053,602.84,1.0
640.0,605.3626,602.84,1.0
640.0,617.3612,602.84,1.0
640.0,607.48,602.84,1.0
640.0,618.4199,602.84,1.0
640.0,611.009,602.84,1.0
640.0,603.2452000000001,602.84,1.0
640.0,608.5387000000001,602.84,1.0
640.0,612.4206,602.84,1.0
640.0,608.8916,602.84,1.0
640.0,609.2445,602.84,1.0
640.0,599.3633,602.84,1.0
640.0,602.8923,602.84,1.0
640.0,631.4772,602.84,1.0
640.0,620.5373000000001,602.84,1.0
640.0,591.9524,602.84,1.0
640.0,582.4241000000001,602.84,1.0
640.0,608.1858,602.84,1.0
640.0,617.0083,602.84,1.0
640.0,601.8336,602.84,1.0
640.0,618.4199,602.84,1.0
640.0,608.1858,602.84,1.0
640.0,605.7155,602.84,1.0
640.0,615.5967,602.84,1.0
640.0,601.8336,602.84,1.0
640.0,604.3039,602.84,1.0
640.0,614.538,646.57,1.0
640.0,607.1271,646.57,1.0
640.0,627.5953000000001,646.57,1.0
640.0,614.8909,646.57,1.0
640.0,614.1851,646.57,1.0
640.0,607.1271,646.57,1.0
640.0,616.6554,646.57,1.0
640.0,603.951,646.57,1.0
640.0,610.3032000000001,646.57,1.0
640.0,597.9517000000001,646.57,1.0
640.0,618.4199,646.57,1.0
640.0,610.6561,646.57,1.0
640.0,628.3011,646.57,1.0
640.0,632.8888000000001,646.57,1.0
640.0,615.5967,646.57,1.0
640.0,608.1858,646.57,1.0
640.0,597.5988,646.57,1.0
640.0,617.0083,646.57,1.0
640.0,609.5974,646.57,1.0
640.0,613.1264,646.57,1.0
640.0,625.8308000000001,646.57,1.0
640.0,598.6575,646.57,1.0
640.0,597.5988,646.57,1.0
640.0,605.0097000000001,646.57,1.0
640.0,616.3025,646.57,1.0
640.0,613.4793,646.57,1.0
640.0,597.9517000000001,646.57,1.0
640.0,615.5967,646.57,1.0
640.0,594.7756,646.57,1.0
640.0,598.6575,646.57,1.0
640.0,606.4213,646.57,1.0
640.0,601.4807000000001,646.57,1.0
640.0,617.0083,646.57,1.0
640.0,610.6561,646.57,1.0
640.0,626.1837,646.57,1.0
640.0,605.0097000000001,646.57,1.0
640.0,606.0684,646.57,1.0
640.0,620.1844,646.57,1.0
640.0,606.4213,646.57,1.0
640.0,623.3605,646.57,1.0
640.0,613.1264,646.57,1.0
640.0,582.4241000000001,646.57,1.0
640.0,619.8315,646.57,1.0
640.0,617.0083,646.57,1.0
640.0,617.7141,646.57,1.0
640.0,587.3647,646.57,1.0
640.0,600.422,646.57,1.0
640.0,601.1278,646.57,1.0
640.0,598.6575,646.57,1.0
640.0,625.8308000000001,646.57,1.0
640.0,607.48,646.57,1.0
640.0,607.1271,646.57,1.0
640.0,613.4793,646.57,1.0
640.0,613.4793,646.57,1.0
640.0,572.19,646.57,1.0
640.0,600.7749,646.57,1.0
640.0,592.6582,646.57,1.0
640.0,611.7148,646.57,1.0
640.0,604.3039,646.57,1.0
640.0,607.48,646.57,1.0
640.0,585.6002,646.57,1.0
640.0,604.3039,646.57,1.0
640.0,619.1257,646.57,1.0
640.0,622.3018000000001,646.57,1.0
640.0,615.2438,646.57,1.0
640.0,593.364,646.57,1.0
640.0,620.8902,646.57,1.0
640.0,615.2438,646.57,1.0
640.0,606.0684,646.57,1.0
640.0,585.9531000000001,646.57,1.0
640.0,617.7141,646.57,1.0
640.0,601.1278,646.57,1.0
640.0,611.009,646.57,1.0
640.0,608.1858,646.57,1.0
640.0,623.7134,646.57,1.0
609.8400000000001,654.21,700.95,1.4
640.0,679.9754,700.95,1.0
640.0,643.246,700.95,1.0
640.0,667.3668,700.95,1.0
640.0,650.9208,700.95,1.0
640.0,637.764,700.95,1.0
640.0,654.21,700.95,1.0
640.0,665.7222,700.95,1.0
640.0,676.6862,700.95,1.0
640.0,678.3308000000001,700.95,1.0
640.0,649.2762,700.95,1.0
640.0,637.764,700.95,1.0
640.0,648.7280000000001,700.95,1.0
640.0,635.023,700.95,1.0
640.0,650.3726,700.95,1.0
640.0,648.7280000000001,700.95,1.0
640.0,666.2704,700.95,1.0
640.0,618.0288,700.95,1.0
640.0,642.1496000000001,700.95,1.0
640.0,642.1496000000001,700.95,1.0
640.0,673.9452,700.95,1.0
640.0,636.1194,700.95,1.0
640.0,658.0474,700.95,1.0
640.0,652.0172,700.95,1.0
640.0,671.2042,700.95,1.0
640.0,664.0776000000001,700.95,1.0
640.0,656.4028000000001,700.95,1.0
640.0,644.8906000000001,700.95,1.0
640.0,623.5108,700.95,1.0
640.0,658.0474,700.95,1.0
640.0,662.9812000000001,700.95,1.0
640.0,628.4446,700.95,1.0
640.0,633.9266,700.95,1.0
640.0,658.5956,700.95,1.0
640.0,659.692,700.95,1.0
640.0,637.764,700.95,1.0
640.0,644.8906000000001,700.95,1.0
640.0,624.0590000000001,700.95,1.0
640.0,676.6862,700.95,1.0
640.0,632.8302,700.95,1.0
640.0,662.9812000000001,700.95,1.0
640.0,653.6618000000001,700.95,1.0
640.0,675.5898000000001,700.95,1.0
640.0,641.0532000000001,700.95,1.0
640.0,655.3064,700.95,1.0
640.0,626.2518,700.95,1.0
640.0,622.4144,700.95,1.0
640.0,664.0776000000001,700.95,1.0
640.0,624.6072,700.95,1.0
640.0,650.3726,700.95,1.0
640.0,670.6560000000001,700.95,1.0
640.0,666.2704,700.95,1.0
640.0,643.246,700.95,1.0
640.0,627.8964000000001,700.95,1.0
640.0,662.433,700.95,1.0
640.0,676.138,700.95,1.0
640.0,643.246,700.95,1.0
640.0,641.0532000000001,700.95,1.0
640.0,645.4388,700.95,1.0
640.0,663.5294,700.95,1.0
640.0,674.4934000000001,700.95,1.0
640.0,633.9266,700.95,1.0
640.0,629.541,700.95,1.0
640.0,692.5840000000001,700.95,1.0
640.0,651.469,700.95,1.0
640.0,658.5956,700.95,1.0
640.0,642.6978,700.95,1.0
640.0,662.433,700.95,1.0
640.0,670.1078,700.95,1.0
640.0,659.1438,700.95,1.0
640.0,682.7164,700.95,1.0
640.0,648.7280000000001,700.95,1.0
640.0,649.8244000000001,700.95,1.0
640.0,658.0474,700.95,1.0
640.0,661.8848,719.86,1.0
640.0,658.0474,719.86,1.0
640.0,632.8302,719.86,1.0
640.0,659.1438,719.86,1.0
640.0,648.1798,719.86,1.0
640.0,644.8906000000001,719.86,1.0
640.0,654.7582,719.86,1.0
640.0,638.3122000000001,719.86,1.0
640.0,635.5712000000001,719.86,1.0
640.0,611.4504000000001,719.86,1.0
640.0,682.7164,719.86,1.0
640.0,663.5294,719.86,1.0
640.0,652.0172,719.86,1.0
640.0,643.246,719.86,1.0
640.0,607.0648,719.86,1.0
640.0,642.1496000000001,719.86,1.0
640.0,665.7222,719.86,1.0
640.0,669.5596,719.86,1.0
640.0,664.6258,719.86,1.0
640.0,656.951,719.86,1.0
640.0,675.5898000000001,719.86,1.0
640.0,648.7280000000001,719.86,1.0
640.0,672.3006,719.86,1.0
640.0,647.6316,719.86,1.0
640.0,639.9568,719.86,1.0
640.0,637.764,719.86,1.0
640.0,636.6676,719.86,1.0
640.0,665.1740000000001,719.86,1.0
640.0,642.1496000000001,719.86,1.0
640.0,637.2158000000001,719.86,1.0
640.0,665.7222,719.86,1.0
640.0,659.692,719.86,1.0
640.0,670.1078,719.86,1.0
640.0,662.433,719.86,1.0
640.0,641.6014,719.86,1.0
640.0,655.3064,719.86,1.0
640.0,656.4028000000001,719.86,1.0
640.0,638.8604,719.86,1.0
640.0,636.1194,719.86,1.0
640.0,643.246,719.86,1.0
640.0,687.6502,719.86,1.0
640.0,647.6316,719.86,1.0
640.0,674.4934000000001,719.86,1.0
640.0,646.5352,719.86,1.0
640.0,669.0114000000001,719.86,1.0
640.0,669.0114000000001,719.86,1.0
640.0,670.1078,719.86,1.0
640.0,660.7884,719.86,1.0
640.0,676.6862,719.86,1.0
640.0,660.2402000000001,719.86,1.0
640.0,682.1682000000001,719.86,1.0
640.0,627.3482,719.86,1.0
640.0,659.692,719.86,1.0
640.0,658.5956,719.86,1.0
640.0,638.8604,719.86,1.0
640.0,663.5294,719.86,1.0
640.0,629.541,719.86,1.0
640.0,643.246,719.86,1.0
640.0,621.318,719.86,1.0
640.0,679.9754,719.86,1.0
640.0,650.3726,719.86,1.0
640.0,689.8430000000001,719.86,1.0
640.0,667.3668,719.86,1.0
640.0,661.3366000000001,719.86,1.0
640.0,644.3424,719.86,1.0
640.0,637.2158000000001,719.86,1.0
640.0,662.9812000000001,719.86,1.0
640.0,653.1136,719.86,1.0
640.0,632.282,719.86,1.0
640.0,628.9928,719.86,1.0
640.0,638.3122000000001,719.86,1.0
640.0,684.361,719.86,1.0
640.0,690.3912,719.86,1.0
640.0,657.4992000000001,719.86,1.0
640.0,656.4028000000001,719.86,1.0
640.0,648.7280000000001,587.47,1.0
640.0,638.8604,587.47,1.0
640.0,676.6862,587.47,1.0
640.0,684.9092,587.47,1.0
640.0,639.4086,587.47,1.0
640.0,653.1136,587.47,1.0
640.0,647.0834,587.47,1.0
640.0,647.0834,587.47,1.0
640.0,673.9452,587.47,1.0
640.0,632.8302,587.47,1.0
640.0,661.8848,587.47,1.0
640.0,666.2704,587.47,1.0
640.0,652.0172,587.47,1.0
640.0,669.0114000000001,587.47,1.0
640.0,656.4028000000001,587.47,1.0
640.0,674.4934000000001,587.47,1.0
640.0,628.9928,587.47,1.0
640.0,648.7280000000001,587.47,1.0
640.0,653.1136,587.47,1.0
640.0,610.354,587.47,1.0
640.0,636.1194,587.47,1.0
640.0,641.0532000000001,587.47,1.0
640.0,669.5596,587.47,1.0
640.0,642.6978,587.47,1.0
640.0,640.505,587.47,1.0
640.0,667.9150000000001,587.47,1.0
640.0,627.3482,587.47,1.0
640.0,620.2216000000001,587.47,1.0
640.0,648.1798,587.47,1.0
640.0,630.6374000000001,587.47,1.0
640.0,631.1856,587.47,1.0
640.0,663.5294,587.47,1.0
640.0,668.4632,587.47,1.0
640.0,667.3668,587.47,1.0
640.0,672.3006,587.47,1.0
640.0,674.4934000000001,587.47,1.0
640.0,619.1252000000001,587.47,1.0
640.0,661.8848,587.47,1.0
640.0,645.4388,587.47,1.0
640.0,642.1496000000001,587.47,1.0
640.0,663.5294,587.47,1.0
640.0,625.7036,587.47,1.0
640.0,625.1554,587.47,1.0
640.0,664.6258,587.47,1.0
640.0,662.433,587.47,1.0
640.0,656.4028000000001,587.47,1.0
640.0,639.9568,587.47,1.0
640.0,666.2704,587.47,1.0
640.0,665.1740000000001,587.47,1.0
640.0,655.8546,587.47,1.0
640.0,635.023,587.47,1.0
640.0,647.0834,587.47,1.0
640.0,667.9150000000001,587.47,1.0
640.0,676.138,587.47,1.0
640.0,648.7280000000001,587.47,1.0
640.0,650.3726,587.47,1.0
640.0,651.469,587.47,1.0
640.0,658.5956,587.47,1.0
640.0,644.8906000000001,587.47,1.0
640.0,606.5166,587.47,1.0
640.0,673.9452,587.47,1.0
640.0,683.8128,587.47,1.0
640.0,644.3424,587.47,1.0
640.0,636.6676,587.47,1.0
640.0,652.0172,587.47,1.0
640.0,650.9208,587.47,1.0
640.0,670.6560000000001,587.47,1.0
640.0,655.3064,587.47,1.0
640.0,641.0532000000001,587.47,1.0
640.0,632.282,587.47,1.0
640.0,668.4632,587.47,1.0
640.0,664.0776000000001,587.47,1.0
640.0,671.7524000000001,587.47,1.0
640.0,638.3122000000001,587.47,1.0
640.0,684.361,587.47,1.0
609.8400000000001,710.6235,664.3,1.4
640.0,633.9105000000001,664.3,1.0
640.0,666.366,664.3,1.0
640.0,736.1945000000001,664.3,1.0
640.0,714.5575,664.3,1.0
640.0,674.234,664.3,1.0
640.0,674.234,664.3,1.0
640.0,692.9205000000001,664.3,1.0
640.0,704.7225000000001,664.3,1.0
640.0,727.3430000000001,664.3,1.0
640.0,676.201,664.3,1.0
640.0,642.7620000000001,664.3,1.0
640.0,694.8875,664.3,1.0
640.0,676.201,664.3,1.0
640.0,651.6135,664.3,1.0
640.0,698.8215,664.3,1.0
640.0,684.0690000000001,664.3,1.0
640.0,698.8215,664.3,1.0
640.0,663.4155000000001,664.3,1.0
640.0,704.7225000000001,664.3,1.0
640.0,650.63,664.3,1.0
640.0,665.3825,664.3,1.0
640.0,683.0855,664.3,1.0
640.0,741.1120000000001,664.3,1.0
640.0,713.5740000000001,664.3,1.0
640.0,721.442,664.3,1.0
640.0,732.2605,664.3,1.0
640.0,788.32,664.3,1.0
640.0,690.9535000000001,664.3,1.0
640.0,732.2605,664.3,1.0
640.0,719.475,664.3,1.0
640.0,719.475,664.3,1.0
640.0,742.0955,664.3,1.0
640.0,677.1845000000001,664.3,1.0
640.0,675.2175,664.3,1.0
640.0,699.8050000000001,664.3,1.0
640.0,685.0525,664.3,1.0
640.0,699.8050000000001,664.3,1.0
640.0,736.1945000000001,664.3,1.0
640.0,676.201,664.3,1.0
640.0,681.1185,664.3,1.0
640.0,694.8875,664.3,1.0
640.0,683.0855,664.3,1.0
640.0,633.9105000000001,664.3,1.0
640.0,673.2505,664.3,1.0
640.0,710.6235,664.3,1.0
640.0,732.2605,664.3,1.0
640.0,655.5475,664.3,1.0
640.0,655.5475,664.3,1.0
640.0,690.9535000000001,664.3,1.0
640.0,628.993,664.3,1.0
640.0,677.1845000000001,664.3,1.0
640.0,638.828,664.3,1.0
640.0,730.2935,664.3,1.0
640.0,667.3495,664.3,1.0
640.0,739.145,664.3,1.0
640.0,722.4255,664.3,1.0
640.0,671.2835,664.3,1.0
640.0,658.498,664.3,1.0
640.0,684.0690000000001,664.3,1.0
640.0,687.0195,664.3,1.0
640.0,699.8050000000001,664.3,1.0
640.0,667.3495,664.3,1.0
640.0,711.607,664.3,1.0
640.0,697.8380000000001,664.3,1.0
640.0,680.135,664.3,1.0
640.0,669.3165,664.3,1.0
640.0,684.0690000000001,664.3,1.0
640.0,665.3825,664.3,1.0
640.0,691.937,664.3,1.0
640.0,692.9205000000001,664.3,1.0
640.0,697.8380000000001,664.3,1.0
640.0,742.0955,664.3,1.0
640.0,686.0360000000001,664.3,1.0
640.0,719.475,713.95,1.0
640.0,696.8545,713.95,1.0
640.0,683.0855,713.95,1.0
640.0,686.0360000000001,713.95,1.0
640.0,688.003,713.95,1.0
640.0,697.8380000000001,713.95,1.0
640.0,661.4485000000001,713.95,1.0
640.0,646.696,713.95,1.0
640.0,709.64,713.95,1.0
640.0,716.5245,713.95,1.0
640.0,711.607,713.95,1.0
640.0,694.8875,713.95,1.0
640.0,712.5905,713.95,1.0
640.0,710.6235,713.95,1.0
640.0,713.5740000000001,713.95,1.0
640.0,664.399,713.95,1.0
640.0,657.5145,713.95,1.0
640.0,678.168,713.95,1.0
640.0,688.9865,713.95,1.0
640.0,683.0855,713.95,1.0
640.0,634.894,713.95,1.0
640.0,741.1120000000001,713.95,1.0
640.0,682.102,713.95,1.0
640.0,694.8875,713.95,1.0
640.0,726.3595,713.95,1.0
640.0,621.125,713.95,1.0
640.0,675.2175,713.95,1.0
640.0,678.168,713.95,1.0
640.0,680.135,713.95,1.0
640.0,685.0525,713.95,1.0
640.0,732.2605,713.95,1.0
640.0,709.64,713.95,1.0
640.0,718.4915,713.95,1.0
640.0,690.9535000000001,713.95,1.0
640.0,648.663,713.95,1.0
640.0,628.993,713.95,1.0
640.0,644.729,713.95,1.0
640.0,700.7885,713.95,1.0
640.0,690.9535000000001,713.95,1.0
640.0,684.0690000000001,713.95,1.0
640.0,679.1515,713.95,1.0
640.0,748.98,713.95,1.0
640.0,665.3825,713.95,1.0
640.0,717.508,713.95,1.0
640.0,689.97,713.95,1.0
640.0,688.003,713.95,1.0
640.0,724.3925,713.95,1.0
640.0,733.244,713.95,1.0
640.0,683.0855,713.95,1.0
640.0,713.5740000000001,713.95,1.0
640.0,700.7885,713.95,1.0
640.0,689.97,713.95,1.0
640.0,695.871,713.95,1.0
640.0,669.3165,713.95,1.0
640.0,681.1185,713.95,1.0
640.0,673.2505,713.95,1.0
640.0,716.5245,713.95,1.0
640.0,687.0195,713.95,1.0
640.0,651.6135,713.95,1.0
640.0,668.3330000000001,713.95,1.0
640.0,595.5540000000001,713.95,1.0
640.0,675.2175,713.95,1.0
640.0,690.9535000000001,713.95,1.0
640.0,686.0360000000001,713.95,1.0
640.0,747.9965,713.95,1.0
640.0,706.6895000000001,713.95,1.0
640.0,705.706,713.95,1.0
640.0,641.7785,713.95,1.0
640.0,679.1515,713.95,1.0
640.0,675.2175,713.95,1.0
640.0,666.366,713.95,1.0
640.0,666.366,713.95,1.0
640.0,636.861,713.95,1.0
640.0,652.597,713.95,1.0
640.0,715.541,713.95,1.0
640.0,686.0360000000001,815.6,1.0
846.7200000000001,675.2175,815.6,1.2
846.7200000000001,689.97,815.6,1.2
846.7200000000001,724.3925,815.6,1.2
846.7200000000001,689.97,815.6,1.2
846.7200000000001,705.706,815.6,1.2
846.7200000000001,665.3825,815.6,1.2
846.7200000000001,671.2835,815.6,1.2
846.7200000000001,700.7885,815.6,1.2
846.7200000000001,746.0295,815.6,1.2
846.7200000000001,732.2605,815.6,1.2
846.7200000000001,706.6895000000001,815.6,1.2
846.7200000000001,694.8875,815.6,1.2
846.7200000000001,731.277,815.6,1.2
846.7200000000001,713.5740000000001,815.6,1.2
846.7200000000001,622.1085,815.6,1.2
846.7200000000001,658.498,815.6,1.2
846.7200000000001,699.8050000000001,815.6,1.2
846.7200000000001,636.861,815.6,1.2
846.7200000000001,663.4155000000001,815.6,1.2
846.7200000000001,669.3165,815.6,1.2
846.7200000000001,682.102,815.6,1.2
846.7200000000001,681.1185,815.6,1.2
846.7200000000001,681.1185,815.6,1.2
846.7200000000001,714.5575,815.6,1.2
846.7200000000001,682.102,815.6,1.2
846.7200000000001,678.168,815.6,1.2
846.7200000000001,650.63,815.6,1.2
846.7200000000001,720.4585000000001,815.6,1.2
846.7200000000001,670.3000000000001,815.6,1.2
846.7200000000001,657.5145,815.6,1.2
846.7200000000001,695.871,815.6,1.2
846.7200000000001,667.3495,815.6,1.2
846.7200000000001,674.234,815.6,1.2
846.7200000000001,697.8380000000001,815.6,1.2
846.7200000000001,680.135,815.6,1.2
846.7200000000001,757.8315,815.6,1.2
846.7200000000001,688.003,815.6,1.2
846.7200000000001,708.6565,815.6,1.2
846.7200000000001,632.927,815.6,1.2
846.7200000000001,664.399,815.6,1.2
846.7200000000001,657.5145,815.6,1.2
846.7200000000001,661.4485000000001,815.6,1.2
846.7200000000001,701.772,815.6,1.2
846.7200000000001,720.4585000000001,815.6,1.2
846.7200000000001,699.8050000000001,815.6,1.2
846.7200000000001,683.0855,815.6,1.2
846.7200000000001,671.2835,815.6,1.2
846.7200000000001,722.4255,815.6,1.2
846.7200000000001,750.947,815.6,1.2
846.7200000000001,693.904,815.6,1.2
846.7200000000001,717.508,815.6,1.2
846.7200000000001,699.8050000000001,815.6,1.2
846.7200000000001,712.5905,815.6,1.2
846.7200000000001,655.5475,815.6,1.2
846.7200000000001,675.2175,815.6,1.2
846.7200000000001,701.772,815.6,1.2
846.7200000000001,725.376,815.6,1.2
846.7200000000001,665.3825,815.6,1.2
846.7200000000001,629.9765,815.6,1.2
846.7200000000001,675.2175,815.6,1.2
846.7200000000001,719.475,815.6,1.2
846.7200000000001,642.7620000000001,815.6,1.2
846.7200000000001,655.5475,815.6,1.2
846.7200000000001,694.8875,815.6,1.2
846.7200000000001,687.0195,815.6,1.2
846.7200000000001,707.673,815.6,1.2
846.7200000000001,653.5805,815.6,1.2
846.7200000000001,680.135,815.6,1.2
846.7200000000001,725.376,815.6,1.2
846.7200000000001,654.5640000000001,815.6,1.2
846.7200000000001,733.244,815.6,1.2
846.7200000000001,658.498,815.6,1.2
846.7200000000001,714.5575,815.6,1.2
846.7200000000001,679.1515,815.6,1.2
609.8400000000001,622.465,555.56,1.4
640.0,633.594,555.56,1.0
640.0,627.85,555.56,1.0
640.0,640.056,555.56,1.0
640.0,643.287,555.56,1.0
640.0,615.285,555.56,1.0
640.0,614.208,555.56,1.0
640.0,613.849,555.56,1.0
640.0,618.157,555.56,1.0
640.0,639.697,555.56,1.0
640.0,633.953,555.56,1.0
640.0,622.106,555.56,1.0
640.0,627.85,555.56,1.0
640.0,642.928,555.56,1.0
640.0,648.313,555.56,1.0
640.0,630.722,555.56,1.0
640.0,599.13,555.56,1.0
640.0,631.081,555.56,1.0
640.0,637.902,555.56,1.0
640.0,630.363,555.56,1.0
640.0,635.748,555.56,1.0
640.0,631.799,555.56,1.0
640.0,614.567,555.56,1.0
640.0,618.157,555.56,1.0
640.0,624.26,555.56,1.0
640.0,639.338,555.56,1.0
640.0,619.5930000000001,555.56,1.0
640.0,632.876,555.56,1.0
640.0,631.081,555.56,1.0
640.0,645.082,555.56,1.0
640.0,627.491,555.56,1.0
640.0,608.823,555.56,1.0
640.0,634.671,555.56,1.0
640.0,650.826,555.56,1.0
640.0,635.389,555.56,1.0
640.0,619.234,555.56,1.0
640.0,616.3620000000001,555.56,1.0
640.0,617.4390000000001,555.56,1.0
640.0,649.39,555.56,1.0
640.0,624.26,555.56,1.0
640.0,620.6700000000001,555.56,1.0
640.0,626.0550000000001,555.56,1.0
640.0,624.26,555.56,1.0
640.0,644.7230000000001,555.56,1.0
640.0,617.08,555.56,1.0
640.0,640.4150000000001,555.56,1.0
640.0,629.2860000000001,555.56,1.0
640.0,640.774,555.56,1.0
640.0,644.7230000000001,555.56,1.0
640.0,628.927,555.56,1.0
640.0,624.619,555.56,1.0
640.0,628.568,555.56,1.0
640.0,626.773,555.56,1.0
640.0,609.9,555.56,1.0
640.0,644.7230000000001,555.56,1.0
640.0,630.363,555.56,1.0
640.0,615.285,555.56,1.0
640.0,605.592,555.56,1.0
640.0,602.72,555.56,1.0
640.0,636.107,555.56,1.0
640.0,621.029,555.56,1.0
640.0,622.8240000000001,555.56,1.0
640.0,633.235,555.56,1.0
640.0,622.465,555.56,1.0
640.0,633.594,555.56,1.0
640.0,628.927,555.56,1.0
640.0,626.773,555.56,1.0
640.0,610.977,555.56,1.0
640.0,618.875,555.56,1.0
640.0,634.312,555.56,1.0
640.0,620.6700000000001,555.56,1.0
640.0,640.774,555.56,1.0
640.0,652.98,555.56,1.0
640.0,635.03,555.56,1.0
640.0,644.005,661.94,1.0
640.0,635.748,661.94,1.0
640.0,622.106,661.94,1.0
640.0,630.004,661.94,1.0
640.0,649.39,661.94,1.0
640.0,622.106,661.94,1.0
640.0,616.721,661.94,1.0
640.0,615.644,661.94,1.0
640.0,625.337,661.94,1.0
640.0,617.08,661.94,1.0
640.0,645.8000000000001,661.94,1.0
640.0,630.004,661.94,1.0
640.0,638.261,661.94,1.0
640.0,624.619,661.94,1.0
640.0,615.644,661.94,1.0
640.0,613.849,661.94,1.0
640.0,618.157,661.94,1.0
640.0,631.44,661.94,1.0
640.0,633.594,661.94,1.0
640.0,634.312,661.94,1.0
640.0,611.695,661.94,1.0
640.0,627.85,661.94,1.0
640.0,616.721,661.94,1.0
640.0,632.158,661.94,1.0
640.0,632.876,661.94,1.0
640.0,615.285,661.94,1.0
640.0,638.261,661.94,1.0
640.0,652.98,661.94,1.0
640.0,636.825,661.94,1.0
640.0,626.0550000000001,661.94,1.0
640.0,624.619,661.94,1.0
640.0,625.696,661.94,1.0
640.0,619.5930000000001,661.94,1.0
640.0,630.722,661.94,1.0
640.0,615.644,661.94,1.0
640.0,607.3870000000001,661.94,1.0
640.0,630.363,661.94,1.0
640.0,628.2090000000001,661.94,1.0
640.0,621.7470000000001,661.94,1.0
640.0,614.208,661.94,1.0
640.0,631.081,661.94,1.0
640.0,617.08,661.94,1.0
640.0,626.414,661.94,1.0
640.0,646.8770000000001,661.94,1.0
640.0,635.03,661.94,1.0
640.0,613.131,661.94,1.0
640.0,614.208,661.94,1.0
640.0,629.645,661.94,1.0
640.0,613.131,661.94,1.0
640.0,606.3100000000001,661.94,1.0
640.0,633.594,661.94,1.0
640.0,631.44,661.94,1.0
640.0,632.876,661.94,1.0
640.0,630.722,661.94,1.0
640.0,627.1320000000001,661.94,1.0
640.0,620.6700000000001,661.94,1.0
640.0,633.235,661.94,1.0
640.0,644.364,661.94,1.0
640.0,622.465,661.94,1.0
640.0,616.721,661.94,1.0
640.0,615.644,661.94,1.0
640.0,618.5160000000001,661.94,1.0
640.0,630.004,661.94,1.0
640.0,604.874,661.94,1.0
640.0,632.517,661.94,1.0
640.0,634.671,661.94,1.0
640.0,608.464,661.94,1.0
640.0,617.4390000000001,661.94,1.0
640.0,628.568,661.94,1.0
640.0,626.414,661.94,1.0
640.0,633.594,661.94,1.0
640.0,626.414,661.94,1.0
640.0,641.4920000000001,661.94,1.0
640.0,624.26,661.94,1.0
640.0,617.4390000000001,661.94,1.0
640.0,616.3620000000001,840.43,1.0
640.0,635.748,840.43,1.0
640.0,628.2090000000001,840.43,1.0
640.0,634.671,840.43,1.0
640.0,634.312,840.43,1.0
640.0,605.951,840.43,1.0
640.0,615.644,840.43,1.0
640.0,616.721,840.43,1.0
640.0,619.234,840.43,1.0
640.0,623.183,840.43,1.0
640.0,638.62,840.43,1.0
640.0,640.774,840.43,1.0
640.0,624.619,840.43,1.0
640.0,624.9780000000001,840.43,1.0
640.0,620.311,840.43,1.0
640.0,628.927,840.43,1.0
640.0,630.004,840.43,1.0
640.0,636.466,840.43,1.0
640.0,636.466,840.43,1.0
640.0,603.0790000000001,840.43,1.0
640.0,626.0550000000001,840.43,1.0
640.0,642.928,840.43,1.0
640.0,623.183,840.43,1.0
640.0,640.056,840.43,1.0
640.0,624.619,840.43,1.0
640.0,629.645,840.43,1.0
640.0,615.644,840.43,1.0
640.0,616.003,840.43,1.0
640.0,635.748,840.43,1.0
640.0,637.184,840.43,1.0
640.0,628.2090000000001,840.43,1.0
640.0,614.567,840.43,1.0
640.0,628.2090000000001,840.43,1.0
640.0,641.4920000000001,840.43,1.0
640.0,646.518,840.43,1.0
640.0,624.26,840.43,1.0
640.0,609.9,840.43,1.0
640.0,636.825,840.43,1.0
846.7200000000001,624.9780000000001,840.43,1.2
846.7200000000001,637.902,840.43,1.2
846.7200000000001,630.722,840.43,1.2
846.7200000000001,618.157,840.43,1.2
640.0,628.568,840.43,1.0
640.0,641.851,840.43,1.0
846.7200000000001,626.414,840.43,1.2
640.0,616.721,840.43,1.0
640.0,610.618,840.43,1.0
640.0,619.5930000000001,840.43,1.0
640.0,623.542,840.43,1.0
640.0,636.825,840.43,1.0
846.7200000000001,615.644,840.43,1.2
640.0,644.7230000000001,840.43,1.0
846.7200000000001,613.49,840.43,1.2
640.0,652.98,840.43,1.0
846.7200000000001,646.518,840.43,1.2
846.7200000000001,629.2860000000001,840.43,1.2
846.7200000000001,610.259,840.43,1.2
640.0,627.1320000000001,840.43,1.0
640.0,623.542,840.43,1.0
640.0,614.208,840.43,1.0
640.0,631.081,840.43,1.0
846.7200000000001,618.875,840.43,1.2
846.7200000000001,620.311,840.43,1.2
846.7200000000001,625.696,840.43,1.2
846.7200000000001,621.7470000000001,840.43,1.2
846.7200000000001,650.1080000000001,840.43,1.2
846.7200000000001,622.106,840.43,1.2
846.7200000000001,632.517,840.43,1.2
846.7200000000001,629.2860000000001,840.43,1.2
846.7200000000001,631.799,840.43,1.2
846.7200000000001,632.517,840.43,1.2
846.7200000000001,637.184,840.43,1.2
846.7200000000001,630.722,840.43,1.2
846.7200000000001,630.363,840.43,1.2
846.7200000000001,628.568,840.43,1.2
609.8400000000001,619.9832,903.07,1.4
640.0,645.1932,903.07,1.0
640.0,654.2688,903.07,1.0
640.0,659.3108000000001,903.07,1.0
640.0,652.2520000000001,903.07,1.0
846.7200000000001,640.1512,903.07,1.2
846.7200000000001,645.1932,903.07,1.2
846.7200000000001,630.0672000000001,903.07,1.2
846.7200000000001,656.2856,903.07,1.2
846.7200000000001,640.1512,903.07,1.2
846.7200000000001,652.2520000000001,903.07,1.2
846.7200000000001,677.462,903.07,1.2
846.7200000000001,626.0336,903.07,1.2
846.7200000000001,665.3612,903.07,1.2
846.7200000000001,648.2184000000001,903.07,1.2
846.7200000000001,708.7224,903.07,1.2
846.7200000000001,641.1596000000001,903.07,1.2
846.7200000000001,668.3864000000001,903.07,1.2
846.7200000000001,647.21,903.07,1.2
846.7200000000001,604.8572,903.07,1.2
846.7200000000001,631.0756,903.07,1.2
846.7200000000001,673.4284,903.07,1.2
846.7200000000001,634.1008,903.07,1.2
846.7200000000001,579.6472,903.07,1.2
846.7200000000001,646.2016,903.07,1.2
846.7200000000001,613.9328,903.07,1.2
846.7200000000001,651.2436,903.07,1.2
846.7200000000001,694.6048000000001,903.07,1.2
846.7200000000001,670.4032000000001,903.07,1.2
846.7200000000001,693.5964,903.07,1.2
846.7200000000001,630.0672000000001,903.07,1.2
846.7200000000001,643.1764000000001,903.07,1.2
846.7200000000001,615.9496,903.07,1.2
846.7200000000001,626.0336,903.07,1.2
846.7200000000001,618.9748000000001,903.07,1.2
846.7200000000001,607.8824000000001,903.07,1.2
846.7200000000001,688.5544,903.07,1.2
846.7200000000001,583.6808000000001,903.07,1.2
846.7200000000001,688.5544,903.07,1.2
846.7200000000001,684.5208,903.07,1.2
846.7200000000001,662.336,903.07,1.2
846.7200000000001,613.9328,903.07,1.2
846.7200000000001,599.8152,903.07,1.2
846.7200000000001,631.0756,903.07,1.2
846.7200000000001,666.3696,903.07,1.2
846.7200000000001,647.21,903.07,1.2
846.7200000000001,615.9496,903.07,1.2
846.7200000000001,681.4956000000001,903.07,1.2
846.7200000000001,698.6384,903.07,1.2
846.7200000000001,640.1512,903.07,1.2
846.7200000000001,650.2352000000001,903.07,1.2
846.7200000000001,601.832,903.07,1.2
846.7200000000001,635.1092,903.07,1.2
846.7200000000001,662.336,903.07,1.2
846.7200000000001,658.3024,903.07,1.2
846.7200000000001,632.0840000000001,903.07,1.2
846.7200000000001,639.1428000000001,903.07,1.2
846.7200000000001,634.1008,903.07,1.2
846.7200000000001,639.1428000000001,903.07,1.2
846.7200000000001,660.3192,903.07,1.2
846.7200000000001,587.7144000000001,903.07,1.2
846.7200000000001,645.1932,903.07,1.2
846.7200000000001,657.294,903.07,1.2
846.7200000000001,630.0672000000001,903.07,1.2
846.7200000000001,633.0924,903.07,1.2
846.7200000000001,633.0924,903.07,1.2
846.7200000000001,633.0924,903.07,1.2
846.7200000000001,647.21,903.07,1.2
846.7200000000001,651.2436,903.07,1.2
846.7200000000001,583.6808000000001,903.07,1.2
846.7200000000001,667.378,903.07,1.2
846.7200000000001,638.1344,903.07,1.2
846.7200000000001,705.6972000000001,903.07,1.2
846.7200000000001,610.9076,903.07,1.2
846.7200000000001,620.9916000000001,685.58,1.2
640.0,641.1596000000001,685.58,1.0
640.0,659.3108000000001,685.58,1.0
640.0,587.7144000000001,685.58,1.0
640.0,622.0,685.58,1.0
640.0,665.3612,685.58,1.0
640.0,618.9748000000001,685.58,1.0
640.0,688.5544,685.58,1.0
640.0,633.0924,685.58,1.0
640.0,619.9832,685.58,1.0
640.0,665.3612,685.58,1.0
640.0,695.6132,685.58,1.0
640.0,659.3108000000001,685.58,1.0
640.0,685.5292000000001,685.58,1.0
640.0,697.63,685.58,1.0
640.0,618.9748000000001,685.58,1.0
640.0,675.4452,685.58,1.0
640.0,600.8236,685.58,1.0
640.0,660.3192,685.58,1.0
640.0,645.1932,685.58,1.0
640.0,684.5208,685.58,1.0
640.0,682.504,685.58,1.0
640.0,664.3528,685.58,1.0
640.0,656.2856,685.58,1.0
640.0,662.336,685.58,1.0
640.0,649.2268,685.58,1.0
640.0,645.1932,685.58,1.0
640.0,690.5712000000001,685.58,1.0
640.0,694.6048000000001,685.58,1.0
640.0,643.1764000000001,685.58,1.0
640.0,654.2688,685.58,1.0
640.0,649.2268,685.58,1.0
640.0,598.8068000000001,685.58,1.0
640.0,637.1260000000001,685.58,1.0
640.0,695.6132,685.58,1.0
640.0,625.0252,685.58,1.0
640.0,710.7392,685.58,1.0
640.0,682.504,685.58,1.0
640.0,659.3108000000001,685.58,1.0
640.0,664.3528,685.58,1.0
640.0,618.9748000000001,685.58,1.0
640.0,639.1428000000001,685.58,1.0
640.0,690.5712000000001,685.58,1.0
640.0,629.0588,685.58,1.0
640.0,679.4788000000001,685.58,1.0
640.0,605.8656000000001,685.58,1.0
640.0,610.9076,685.58,1.0
640.0,704.6888,685.58,1.0
640.0,647.21,685.58,1.0
640.0,631.0756,685.58,1.0
640.0,688.5544,685.58,1.0
640.0,684.5208,685.58,1.0
640.0,675.4452,685.58,1.0
640.0,630.0672000000001,685.58,1.0
640.0,638.1344,685.58,1.0
640.0,656.2856,685.58,1.0
640.0,668.3864000000001,685.58,1.0
640.0,632.0840000000001,685.58,1.0
640.0,652.2520000000001,685.58,1.0
640.0,655.2772,685.58,1.0
640.0,686.5376,685.58,1.0
640.0,670.4032000000001,685.58,1.0
640.0,601.832,685.58,1.0
640.0,641.1596000000001,685.58,1.0
640.0,618.9748000000001,685.58,1.0
640.0,664.3528,685.58,1.0
640.0,675.4452,685.58,1.0
640.0,650.2352000000001,685.58,1.0
640.0,639.1428000000001,685.58,1.0
640.0,649.2268,685.58,1.0
640.0,653.2604,685.58,1.0
640.0,628.0504000000001,685.58,1.0
640.0,609.8992000000001,685.58,1.0
640.0,584.6892,685.58,1.0
640.0,685.5292000000001,685.58,1.0
640.0,662.336,712.77,1.0
640.0,658.3024,712.77,1.0
640.0,685.5292000000001,712.77,1.0
640.0,608.8908,712.77,1.0
640.0,594.7732000000001,712.77,1.0
640.0,659.3108000000001,712.77,1.0
640.0,656.2856,712.77,1.0
640.0,594.7732000000001,712.77,1.0
640.0,658.3024,712.77,1.0
640.0,635.1092,712.77,1.0
640.0,623.0084,712.77,1.0
640.0,637.1260000000001,712.77,1.0
640.0,573.5968,712.77,1.0
640.0,629.0588,712.77,1.0
640.0,626.0336,712.77,1.0
640.0,664.3528,712.77,1.0
640.0,642.168,712.77,1.0
640.0,666.3696,712.77,1.0
640.0,570.5716,712.77,1.0
640.0,622.0,712.77,1.0
640.0,664.3528,712.77,1.0
640.0,638.1344,712.77,1.0
640.0,672.4200000000001,712.77,1.0
640.0,592.7564,712.77,1.0
640.0,669.3948,712.77,1.0
640.0,628.0504000000001,712.77,1.0
640.0,625.0252,712.77,1.0
640.0,677.462,712.77,1.0
640.0,682.504,712.77,1.0
640.0,678.4704,712.77,1.0
640.0,708.7224,712.77,1.0
640.0,685.5292000000001,712.77,1.0
640.0,623.0084,712.77,1.0
640.0,651.2436,712.77,1.0
640.0,636.1176,712.77,1.0
640.0,708.7224,712.77,1.0
640.0,680.4872,712.77,1.0
640.0,641.1596000000001,712.77,1.0
640.0,673.4284,712.77,1.0
640.0,609.8992000000001,712.77,1.0
640.0,655.2772,712.77,1.0
640.0,618.9748000000001,712.77,1.0
640.0,595.7816,712.77,1.0
640.0,671.4116,712.77,1.0
640.0,674.4368000000001,712.77,1.0
640.0,661.3276000000001,712.77,1.0
640.0,642.168,712.77,1.0
640.0,608.8908,712.77,1.0
640.0,611.916,712.77,1.0
640.0,617.9664,712.77,1.0
640.0,640.1512,712.77,1.0
640.0,679.4788000000001,712.77,1.0
640.0,679.4788000000001,712.77,1.0
640.0,597.7984,712.77,1.0
640.0,626.0336,712.77,1.0
640.0,625.0252,712.77,1.0
640.0,570.5716,712.77,1.0
640.0,664.3528,712.77,1.0
640.0,640.1512,712.77,1.0
640.0,644.1848,712.77,1.0
640.0,687.546,712.77,1.0
640.0,650.2352000000001,712.77,1.0
640.0,634.1008,712.77,1.0
640.0,664.3528,712.77,1.0
640.0,679.4788000000001,712.77,1.0
640.0,656.2856,712.77,1.0
640.0,668.3864000000001,712.77,1.0
640.0,643.1764000000001,712.77,1.0
640.0,645.1932,712.77,1.0
640.0,650.2352000000001,712.77,1.0
640.0,624.0168,712.77,1.0
640.0,630.0672000000001,712.77,1.0
640.0,688.5544,712.77,1.0
640.0,707.714,712.77,1.0
640.0,695.6132,712.77,1.0
609.8400000000001,630.2042,801.42,1.4
640.0,634.4784000000001,801.42,1.0
640.0,658.9024000000001,801.42,1.0
640.0,605.1696000000001,801.42,1.0
640.0,645.4692,801.42,1.0
640.0,682.1052000000001,801.42,1.0
640.0,674.1674,801.42,1.0
640.0,647.301,801.42,1.0
640.0,648.5222,801.42,1.0
640.0,666.8402,801.42,1.0
640.0,673.5568000000001,801.42,1.0
640.0,646.6904000000001,801.42,1.0
640.0,652.1858000000001,801.42,1.0
640.0,646.0798000000001,801.42,1.0
640.0,632.0360000000001,801.42,1.0
640.0,652.1858000000001,801.42,1.0
640.0,650.9646,801.42,1.0
640.0,633.2572,801.42,1.0
640.0,668.0614,801.42,1.0
640.0,665.0084,801.42,1.0
640.0,669.2826,801.42,1.0
640.0,642.4162,801.42,1.0
640.0,619.8240000000001,801.42,1.0
640.0,665.0084,801.42,1.0
640.0,644.248,801.42,1.0
640.0,639.9738,801.42,1.0
640.0,633.2572,801.42,1.0
640.0,651.5752,801.42,1.0
640.0,685.1582000000001,801.42,1.0
640.0,647.301,801.42,1.0
640.0,636.3102,801.42,1.0
640.0,668.672,801.42,1.0
640.0,659.513,801.42,1.0
640.0,617.3816,801.42,1.0
640.0,668.672,801.42,1.0
640.0,695.5384,801.42,1.0
846.7200000000001,608.8332,801.42,1.2
640.0,633.8678,801.42,1.0
640.0,604.5590000000001,801.42,1.0
640.0,655.2388000000001,801.42,1.0
640.0,674.778,801.42,1.0
640.0,658.2918000000001,801.42,1.0
640.0,682.1052000000001,801.42,1.0
640.0,671.725,801.42,1.0
640.0,687.6006,801.42,1.0
640.0,677.831,801.42,1.0
640.0,649.1328000000001,801.42,1.0
640.0,657.6812,801.42,1.0
640.0,640.5844000000001,801.42,1.0
640.0,652.1858000000001,801.42,1.0
640.0,657.6812,801.42,1.0
640.0,654.6282,801.42,1.0
640.0,680.884,801.42,1.0
640.0,650.354,801.42,1.0
640.0,639.3632,801.42,1.0
640.0,640.5844000000001,801.42,1.0
640.0,668.672,801.42,1.0
640.0,630.8148,801.42,1.0
640.0,652.7964000000001,801.42,1.0
640.0,680.884,801.42,1.0
640.0,661.9554,801.42,1.0
640.0,655.2388000000001,801.42,1.0
640.0,655.8494000000001,801.42,1.0
640.0,637.5314000000001,801.42,1.0
640.0,640.5844000000001,801.42,1.0
640.0,652.7964000000001,801.42,1.0
640.0,661.3448000000001,801.42,1.0
640.0,673.5568000000001,801.42,1.0
640.0,658.2918000000001,801.42,1.0
640.0,681.4946,801.42,1.0
640.0,685.7688,801.42,1.0
640.0,671.1144,801.42,1.0
640.0,679.0522000000001,801.42,1.0
640.0,638.142,801.42,1.0
640.0,635.6996,871.16,1.0
846.7200000000001,666.2296,871.16,1.2
846.7200000000001,632.0360000000001,871.16,1.2
846.7200000000001,650.9646,871.16,1.2
846.7200000000001,670.5038000000001,871.16,1.2
846.7200000000001,682.1052000000001,871.16,1.2
846.7200000000001,651.5752,871.16,1.2
846.7200000000001,644.8586,871.16,1.2
846.7200000000001,662.566,871.16,1.2
846.7200000000001,636.9208,871.16,1.2
846.7200000000001,653.407,871.16,1.2
846.7200000000001,656.46,871.16,1.2
846.7200000000001,655.8494000000001,871.16,1.2
846.7200000000001,658.2918000000001,871.16,1.2
846.7200000000001,641.195,871.16,1.2
846.7200000000001,643.0268,871.16,1.2
846.7200000000001,643.0268,871.16,1.2
846.7200000000001,626.5406,871.16,1.2
846.7200000000001,662.566,871.16,1.2
846.7200000000001,672.9462000000001,871.16,1.2
846.7200000000001,671.1144,871.16,1.2
846.7200000000001,651.5752,871.16,1.2
846.7200000000001,641.8056,871.16,1.2
846.7200000000001,669.8932000000001,871.16,1.2
846.7200000000001,668.0614,871.16,1.2
846.7200000000001,660.7342,871.16,1.2
846.7200000000001,688.2112000000001,871.16,1.2
846.7200000000001,655.8494000000001,871.16,1.2
846.7200000000001,651.5752,871.16,1.2
846.7200000000001,649.1328000000001,871.16,1.2
846.7200000000001,627.7618,871.16,1.2
846.7200000000001,668.672,871.16,1.2
846.7200000000001,654.6282,871.16,1.2
846.7200000000001,665.619,871.16,1.2
846.7200000000001,690.043,871.16,1.2
846.7200000000001,649.1328000000001,871.16,1.2
846.7200000000001,613.7180000000001,871.16,1.2
846.7200000000001,665.0084,871.16,1.2
846.7200000000001,659.513,871.16,1.2
846.7200000000001,643.0268,871.16,1.2
846.7200000000001,663.7872,871.16,1.2
846.7200000000001,671.1144,871.16,1.2
846.7200000000001,639.3632,871.16,1.2
846.7200000000001,650.9646,871.16,1.2
846.7200000000001,683.3264,871.16,1.2
846.7200000000001,643.0268,871.16,1.2
846.7200000000001,657.6812,871.16,1.2
846.7200000000001,608.2226,871.16,1.2
846.7200000000001,629.5936,871.16,1.2
846.7200000000001,659.513,871.16,1.2
846.7200000000001,679.0522000000001,871.16,1.2
846.7200000000001,631.4254000000001,871.16,1.2
846.7200000000001,657.6812,871.16,1.2
846.7200000000001,649.7434000000001,871.16,1.2
846.7200000000001,674.1674,871.16,1.2
846.7200000000001,633.8678,871.16,1.2
846.7200000000001,664.3978000000001,871.16,1.2
846.7200000000001,644.248,871.16,1.2
846.7200000000001,660.7342,871.16,1.2
846.7200000000001,657.6812,871.16,1.2
846.7200000000001,651.5752,871.16,1.2
846.7200000000001,665.0084,871.16,1.2
846.7200000000001,657.0706,871.16,1.2
846.7200000000001,654.0176,871.16,1.2
846.7200000000001,649.7434000000001,871.16,1.2
846.7200000000001,657.6812,871.16,1.2
846.7200000000001,660.7342,871.16,1.2
846.7200000000001,638.142,871.16,1.2
846.7200000000001,650.354,871.16,1.2
846.7200000000001,636.9208,871.16,1.2
846.7200000000001,655.8494000000001,871.16,1.2
846.7200000000001,645.4692,871.16,1.2
846.7200000000001,670.5038000000001,871.16,1.2
846.7200000000001,668.672,871.16,1.2
846.7200000000001,639.3632,871.16,1.2
846.7200000000001,656.46,670.21,1.2
640.0,668.0614,670.21,1.0
640.0,653.407,670.21,1.0
640.0,643.0268,670.21,1.0
640.0,636.3102,670.21,1.0
640.0,672.3356,670.21,1.0
640.0,672.9462000000001,670.21,1.0
640.0,652.7964000000001,670.21,1.0
640.0,670.5038000000001,670.21,1.0
640.0,602.1166000000001,670.21,1.0
640.0,680.884,670.21,1.0
640.0,653.407,670.21,1.0
640.0,658.9024000000001,670.21,1.0
640.0,650.354,670.21,1.0
640.0,682.1052000000001,670.21,1.0
640.0,636.9208,670.21,1.0
640.0,683.3264,670.21,1.0
640.0,663.7872,670.21,1.0
640.0,668.0614,670.21,1.0
640.0,650.354,670.21,1.0
640.0,632.6466,670.21,1.0
640.0,673.5568000000001,670.21,1.0
640.0,661.9554,670.21,1.0
640.0,681.4946,670.21,1.0
640.0,652.7964000000001,670.21,1.0
640.0,648.5222,670.21,1.0
640.0,682.1052000000001,670.21,1.0
640.0,691.2642000000001,670.21,1.0
640.0,656.46,670.21,1.0
640.0,642.4162,670.21,1.0
640.0,671.1144,670.21,1.0
640.0,651.5752,670.21,1.0
640.0,667.4508000000001,670.21,1.0
640.0,651.5752,670.21,1.0
640.0,685.1582000000001,670.21,1.0
640.0,643.6374000000001,670.21,1.0
640.0,665.0084,670.21,1.0
640.0,647.301,670.21,1.0
640.0,651.5752,670.21,1.0
640.0,649.1328000000001,670.21,1.0
640.0,669.8932000000001,670.21,1.0
640.0,673.5568000000001,670.21,1.0
640.0,666.8402,670.21,1.0
640.0,654.6282,670.21,1.0
640.0,658.9024000000001,670.21,1.0
640.0,672.9462000000001,670.21,1.0
640.0,673.5568000000001,670.21,1.0
640.0,607.0014,670.21,1.0
640.0,651.5752,670.21,1.0
640.0,652.1858000000001,670.21,1.0
640.0,668.672,670.21,1.0
640.0,655.2388000000001,670.21,1.0
640.0,669.8932000000001,670.21,1.0
640.0,636.9208,670.21,1.0
640.0,661.3448000000001,670.21,1.0
640.0,672.9462000000001,670.21,1.0
640.0,629.5936,670.21,1.0
640.0,702.255,670.21,1.0
640.0,678.4416,670.21,1.0
640.0,656.46,670.21,1.0
640.0,641.195,670.21,1.0
640.0,653.407,670.21,1.0
640.0,658.2918000000001,670.21,1.0
640.0,664.3978000000001,670.21,1.0
640.0,683.937,670.21,1.0
640.0,647.9116,670.21,1.0
640.0,666.8402,670.21,1.0
640.0,632.6466,670.21,1.0
640.0,649.1328000000001,670.21,1.0
640.0,663.1766,670.21,1.0
640.0,669.2826,670.21,1.0
640.0,642.4162,670.21,1.0
640.0,648.5222,670.21,1.0
640.0,683.3264,670.21,1.0
640.0,677.831,670.21,1.0
609.8400000000001,773.6553,738.77,1.4
846.7200000000001,848.0775,738.77,1.2
846.7200000000001,808.2459,738.77,1.2
846.7200000000001,804.0531,738.77,1.2
846.7200000000001,800.3844,738.77,1.2
846.7200000000001,814.5350999999999,738.77,1.2
846.7200000000001,815.0592,738.77,1.2
846.7200000000001,823.9689,738.77,1.2
846.7200000000001,794.0952,738.77,1.2
846.7200000000001,804.0531,738.77,1.2
846.7200000000001,840.7401,738.77,1.2
846.7200000000001,812.4386999999999,738.77,1.2
846.7200000000001,806.1495,738.77,1.2
846.7200000000001,794.0952,738.77,1.2
846.7200000000001,816.6315,738.77,1.2
846.7200000000001,825.0171,738.77,1.2
846.7200000000001,822.3966,738.77,1.2
846.7200000000001,804.5772,738.77,1.2
846.7200000000001,814.5350999999999,738.77,1.2
846.7200000000001,834.975,738.77,1.2
846.7200000000001,825.5412,738.77,1.2
846.7200000000001,796.1916,738.77,1.2
846.7200000000001,768.9384,738.77,1.2
846.7200000000001,813.4869,738.77,1.2
846.7200000000001,821.3484,738.77,1.2
846.7200000000001,791.4747,738.77,1.2
846.7200000000001,808.77,738.77,1.2
846.7200000000001,804.5772,738.77,1.2
846.7200000000001,810.3423,738.77,1.2
846.7200000000001,800.3844,738.77,1.2
846.7200000000001,829.2099,738.77,1.2
846.7200000000001,810.8664,738.77,1.2
846.7200000000001,795.1433999999999,738.77,1.2
846.7200000000001,823.4448,738.77,1.2
846.7200000000001,788.8542,738.77,1.2
846.7200000000001,829.2099,738.77,1.2
846.7200000000001,824.4929999999999,738.77,1.2
846.7200000000001,830.7822,738.77,1.2
846.7200000000001,806.1495,738.77,1.2
846.7200000000001,800.9085,738.77,1.2
846.7200000000001,810.3423,738.77,1.2
846.7200000000001,807.1976999999999,738.77,1.2
846.7200000000001,798.288,738.77,1.2
846.7200000000001,799.8602999999999,738.77,1.2
846.7200000000001,803.0049,738.77,1.2
846.7200000000001,790.4265,738.77,1.2
846.7200000000001,819.252,738.77,1.2
846.7200000000001,807.7218,738.77,1.2
846.7200000000001,804.0531,738.77,1.2
846.7200000000001,791.4747,738.77,1.2
846.7200000000001,790.4265,738.77,1.2
846.7200000000001,839.1677999999999,738.77,1.2
846.7200000000001,798.8121,738.77,1.2
846.7200000000001,818.2038,738.77,1.2
846.7200000000001,811.3905,738.77,1.2
846.7200000000001,765.2697,738.77,1.2
846.7200000000001,837.0714,738.77,1.2
846.7200000000001,819.7760999999999,738.77,1.2
846.7200000000001,796.7157,738.77,1.2
846.7200000000001,808.2459,738.77,1.2
846.7200000000001,790.9506,738.77,1.2
846.7200000000001,837.5955,738.77,1.2
846.7200000000001,794.6193,738.77,1.2
846.7200000000001,800.3844,738.77,1.2
846.7200000000001,797.2398,738.77,1.2
846.7200000000001,809.8181999999999,738.77,1.2
846.7200000000001,830.2581,738.77,1.2
846.7200000000001,837.0714,738.77,1.2
846.7200000000001,802.4807999999999,738.77,1.2
846.7200000000001,814.5350999999999,738.77,1.2
846.7200000000001,809.8181999999999,738.77,1.2
846.7200000000001,793.5711,738.77,1.2
846.7200000000001,847.0292999999999,738.77,1.2
846.7200000000001,830.2581,738.77,1.2
846.7200000000001,811.9146,879.43,1.2
846.7200000000001,833.4027,879.43,1.2
846.7200000000001,827.6376,879.43,1.2
846.7200000000001,809.8181999999999,879.43,1.2
846.7200000000001,814.011,879.43,1.2
846.7200000000001,832.3545,879.43,1.2
846.7200000000001,794.0952,879.43,1.2
846.7200000000001,834.975,879.43,1.2
846.7200000000001,805.1013,879.43,1.2
846.7200000000001,832.8786,879.43,1.2
846.7200000000001,808.77,879.43,1.2
846.7200000000001,814.011,879.43,1.2
846.7200000000001,808.2459,879.43,1.2
846.7200000000001,800.3844,879.43,1.2
846.7200000000001,804.5772,879.43,1.2
846.7200000000001,830.2581,879.43,1.2
846.7200000000001,772.6071,879.43,1.2
846.7200000000001,789.3783,879.43,1.2
846.7200000000001,797.2398,879.43,1.2
846.7200000000001,791.9988,879.43,1.2
846.7200000000001,832.3545,879.43,1.2
846.7200000000001,828.6858,879.43,1.2
846.7200000000001,818.2038,879.43,1.2
846.7200000000001,798.8121,879.43,1.2
846.7200000000001,829.7339999999999,879.43,1.2
846.7200000000001,783.6132,879.43,1.2
846.7200000000001,842.3124,879.43,1.2
846.7200000000001,797.7639,879.43,1.2
846.7200000000001,804.5772,879.43,1.2
846.7200000000001,801.9567,879.43,1.2
846.7200000000001,791.9988,879.43,1.2
846.7200000000001,839.1677999999999,879.43,1.2
846.7200000000001,821.3484,879.43,1.2
846.7200000000001,827.6376,879.43,1.2
846.7200000000001,789.3783,879.43,1.2
846.7200000000001,811.3905,879.43,1.2
846.7200000000001,817.1555999999999,879.43,1.2
846.7200000000001,812.9628,879.43,1.2
846.7200000000001,790.4265,879.43,1.2
846.7200000000001,825.5412,879.43,1.2
846.7200000000001,810.8664,879.43,1.2
846.7200000000001,793.5711,879.43,1.2
846.7200000000001,779.4204,879.43,1.2
846.7200000000001,818.2038,879.43,1.2
846.7200000000001,847.5534,879.43,1.2
846.7200000000001,793.047,879.43,1.2
846.7200000000001,811.3905,879.43,1.2
846.7200000000001,826.0653,879.43,1.2
846.7200000000001,788.8542,879.43,1.2
846.7200000000001,801.4326,879.43,1.2
846.7200000000001,795.1433999999999,879.43,1.2
846.7200000000001,824.4929999999999,879.43,1.2
846.7200000000001,829.7339999999999,879.43,1.2
846.7200000000001,811.3905,879.43,1.2
846.7200000000001,795.6675,879.43,1.2
846.7200000000001,801.9567,879.43,1.2
846.7200000000001,798.8121,879.43,1.2
846.7200000000001,793.5711,879.43,1.2
846.7200000000001,807.1976999999999,879.43,1.2
846.7200000000001,817.6797,879.43,1.2
846.7200000000001,816.6315,879.43,1.2
846.7200000000001,808.77,879.43,1.2
846.7200000000001,809.8181999999999,879.43,1.2
846.7200000000001,807.7218,879.43,1.2
846.7200000000001,788.3301,879.43,1.2
846.7200000000001,811.3905,879.43,1.2
846.7200000000001,799.3362,879.43,1.2
846.7200000000001,787.806,879.43,1.2
846.7200000000001,814.5350999999999,879.43,1.2
846.7200000000001,799.3362,879.43,1.2
846.7200000000001,812.4386999999999,879.43,1.2
846.7200000000001,821.8725,879.43,1.2
846.7200000000001,793.5711,879.43,1.2
846.7200000000001,810.3423,879.43,1.2
846.7200000000001,780.4685999999999,879.43,1.2
846.7200000000001,832.8786,925.53,1.2
846.7200000000001,787.2819,925.53,1.2
846.7200000000001,800.9085,925.53,1.2
846.7200000000001,829.7339999999999,925.53,1.2
846.7200000000001,805.1013,925.53,1.2
846.7200000000001,789.9024,925.53,1.2
846.7200000000001,819.7760999999999,925.53,1.2
846.7200000000001,819.7760999999999,925.53,1.2
846.7200000000001,798.8121,925.53,1.2
846.7200000000001,800.3844,925.53,1.2
846.7200000000001,801.9567,925.53,1.2
846.7200000000001,805.6254,925.53,1.2
846.7200000000001,778.8963,925.53,1.2
846.7200000000001,806.1495,925.53,1.2
846.7200000000001,837.0714,925.53,1.2
846.7200000000001,794.6193,925.53,1.2
846.7200000000001,799.3362,925.53,1.2
846.7200000000001,789.9024,925.53,1.2
846.7200000000001,818.2038,925.53,1.2
846.7200000000001,827.6376,925.53,1.2
846.7200000000001,827.1134999999999,925.53,1.2
846.7200000000001,789.3783,925.53,1.2
846.7200000000001,816.6315,925.53,1.2
846.7200000000001,831.3063,925.53,1.2
846.7200000000001,816.6315,925.53,1.2
846.7200000000001,816.1074,925.53,1.2
846.7200000000001,801.4326,925.53,1.2
846.7200000000001,812.4386999999999,925.53,1.2
846.7200000000001,828.1617,925.53,1.2
846.7200000000001,814.011,925.53,1.2
846.7200000000001,789.3783,925.53,1.2
846.7200000000001,801.4326,925.53,1.2
846.7200000000001,827.6376,925.53,1.2
846.7200000000001,814.011,925.53,1.2
846.7200000000001,810.8664,925.53,1.2
846.7200000000001,799.8602999999999,925.53,1.2
846.7200000000001,827.6376,925.53,1.2
846.7200000000001,834.975,925.53,1.2
846.7200000000001,828.6858,925.53,1.2
846.7200000000001,831.3063,925.53,1.2
846.7200000000001,803.0049,925.53,1.2
846.7200000000001,800.9085,925.53,1.2
846.7200000000001,806.1495,925.53,1.2
846.7200000000001,809.2941,925.53,1.2
846.7200000000001,831.3063,925.53,1.2
846.7200000000001,827.1134999999999,925.53,1.2
846.7200000000001,817.1555999999999,925.53,1.2
846.7200000000001,786.2337,925.53,1.2
846.7200000000001,782.0409,925.53,1.2
846.7200000000001,812.4386999999999,925.53,1.2
846.7200000000001,822.3966,925.53,1.2
846.7200000000001,807.7218,925.53,1.2
846.7200000000001,838.6437,925.53,1.2
846.7200000000001,791.9988,925.53,1.2
846.7200000000001,789.9024,925.53,1.2
846.7200000000001,798.288,925.53,1.2
846.7200000000001,797.7639,925.53,1.2
846.7200000000001,817.1555999999999,925.53,1.2
846.7200000000001,801.9567,925.53,1.2
846.7200000000001,784.6614,925.53,1.2
846.7200000000001,822.9207,925.53,1.2
846.7200000000001,780.9927,925.53,1.2
846.7200000000001,791.9988,925.53,1.2
846.7200000000001,783.0891,925.53,1.2
846.7200000000001,811.9146,925.53,1.2
846.7200000000001,811.9146,925.53,1.2
846.7200000000001,838.6437,925.53,1.2
846.7200000000001,822.9207,925.53,1.2
846.7200000000001,831.3063,925.53,1.2
846.7200000000001,813.4869,925.53,1.2
846.7200000000001,793.5711,925.53,1.2
846.7200000000001,810.8664,925.53,1.2
846.7200000000001,818.2038,925.53,1.2
846.7200000000001,819.7760999999999,925.53,1.2
846.7200000000001,801.4326,925.53,1.2
609.8400000000001,617.6416,693.85,1.4
640.0,614.7007,693.85,1.0
640.0,612.7401,693.85,1.0
640.0,646.0703000000001,693.85,1.0
640.0,610.7795,693.85,1.0
640.0,632.3461,693.85,1.0
640.0,671.5581000000001,693.85,1.0
640.0,614.7007,693.85,1.0
640.0,630.3855,693.85,1.0
640.0,647.0506,693.85,1.0
640.0,651.9521000000001,693.85,1.0
640.0,630.3855,693.85,1.0
640.0,668.6172,693.85,1.0
640.0,662.7354,693.85,1.0
640.0,678.4202,693.85,1.0
640.0,643.1294,693.85,1.0
640.0,630.3855,693.85,1.0
640.0,625.484,693.85,1.0
640.0,653.9127000000001,693.85,1.0
640.0,634.3067,693.85,1.0
640.0,628.4249,693.85,1.0
640.0,632.3461,693.85,1.0
640.0,624.5037,693.85,1.0
640.0,650.9718,693.85,1.0
640.0,603.9174,693.85,1.0
640.0,653.9127000000001,693.85,1.0
640.0,664.696,693.85,1.0
640.0,628.4249,693.85,1.0
640.0,701.9474,693.85,1.0
640.0,646.0703000000001,693.85,1.0
640.0,599.0159,693.85,1.0
640.0,637.2476,693.85,1.0
640.0,647.0506,693.85,1.0
640.0,657.8339000000001,693.85,1.0
640.0,637.2476,693.85,1.0
640.0,615.681,693.85,1.0
640.0,612.7401,693.85,1.0
640.0,625.484,693.85,1.0
640.0,628.4249,693.85,1.0
640.0,611.7598,693.85,1.0
640.0,623.5234,693.85,1.0
640.0,664.696,693.85,1.0
640.0,693.1247000000001,693.85,1.0
640.0,667.6369000000001,693.85,1.0
640.0,683.3217000000001,693.85,1.0
640.0,673.5187000000001,693.85,1.0
640.0,669.5975000000001,693.85,1.0
640.0,635.287,693.85,1.0
640.0,649.0112,693.85,1.0
640.0,632.3461,693.85,1.0
640.0,638.2279,693.85,1.0
640.0,647.0506,693.85,1.0
640.0,665.6763000000001,693.85,1.0
640.0,657.8339000000001,693.85,1.0
640.0,640.1885,693.85,1.0
640.0,647.0506,693.85,1.0
640.0,657.8339000000001,693.85,1.0
640.0,664.696,693.85,1.0
640.0,599.9962,693.85,1.0
640.0,613.7204,693.85,1.0
640.0,677.4399000000001,693.85,1.0
640.0,643.1294,693.85,1.0
640.0,632.3461,693.85,1.0
640.0,637.2476,693.85,1.0
640.0,637.2476,693.85,1.0
640.0,661.7551000000001,693.85,1.0
640.0,612.7401,693.85,1.0
640.0,646.0703000000001,693.85,1.0
640.0,651.9521000000001,693.85,1.0
640.0,656.8536,693.85,1.0
640.0,651.9521000000001,693.85,1.0
640.0,659.7945000000001,693.85,1.0
640.0,628.4249,693.85,1.0
640.0,617.6416,693.85,1.0
640.0,717.6322,838.06,1.0
846.7200000000001,636.2673,838.06,1.2
846.7200000000001,639.2082,838.06,1.2
846.7200000000001,664.696,838.06,1.2
846.7200000000001,692.1444,838.06,1.2
846.7200000000001,629.4052,838.06,1.2
846.7200000000001,615.681,838.06,1.2
846.7200000000001,608.8189,838.06,1.2
846.7200000000001,692.1444,838.06,1.2
846.7200000000001,614.7007,838.06,1.2
640.0,644.1097,838.06,1.0
640.0,616.6613,838.06,1.0
640.0,602.9371,838.06,1.0
640.0,636.2673,838.06,1.0
640.0,617.6416,838.06,1.0
640.0,624.5037,838.06,1.0
640.0,703.908,838.06,1.0
846.7200000000001,657.8339000000001,838.06,1.2
846.7200000000001,672.5384,838.06,1.2
846.7200000000001,669.5975000000001,838.06,1.2
846.7200000000001,642.1491,838.06,1.2
640.0,632.3461,838.06,1.0
640.0,651.9521000000001,838.06,1.0
640.0,649.9915000000001,838.06,1.0
640.0,628.4249,838.06,1.0
640.0,649.0112,838.06,1.0
640.0,624.5037,838.06,1.0
640.0,640.1885,838.06,1.0
640.0,635.287,838.06,1.0
640.0,607.8386,838.06,1.0
640.0,575.4887,838.06,1.0
640.0,617.6416,838.06,1.0
640.0,698.0262,838.06,1.0
846.7200000000001,636.2673,838.06,1.2
846.7200000000001,667.6369000000001,838.06,1.2
846.7200000000001,582.3508,838.06,1.2
640.0,615.681,838.06,1.0
640.0,604.8977,838.06,1.0
640.0,639.2082,838.06,1.0
640.0,716.6519000000001,838.06,1.0
846.7200000000001,658.8142,838.06,1.2
846.7200000000001,695.0853000000001,838.06,1.2
846.7200000000001,637.2476,838.06,1.2
846.7200000000001,685.2823000000001,838.06,1.2
846.7200000000001,705.8686,838.06,1.2
846.7200000000001,642.1491,838.06,1.2
846.7200000000001,629.4052,838.06,1.2
846.7200000000001,605.878,838.06,1.2
640.0,636.2673,838.06,1.0
640.0,647.0506,838.06,1.0
640.0,704.8883000000001,838.06,1.0
846.7200000000001,606.8583,838.06,1.2
846.7200000000001,647.0506,838.06,1.2
846.7200000000001,592.1538,838.06,1.2
640.0,632.3461,838.06,1.0
846.7200000000001,653.9127000000001,838.06,1.2
846.7200000000001,659.7945000000001,838.06,1.2
846.7200000000001,662.7354,838.06,1.2
846.7200000000001,656.8536,838.06,1.2
846.7200000000001,661.7551000000001,838.06,1.2
846.7200000000001,646.0703000000001,838.06,1.2
846.7200000000001,614.7007,838.06,1.2
846.7200000000001,590.1932,838.06,1.2
640.0,629.4052,838.06,1.0
640.0,641.1688,838.06,1.0
846.7200000000001,682.3414,838.06,1.2
846.7200000000001,642.1491,838.06,1.2
846.7200000000001,639.2082,838.06,1.2
846.7200000000001,656.8536,838.06,1.2
846.7200000000001,637.2476,838.06,1.2
846.7200000000001,668.6172,838.06,1.2
846.7200000000001,702.9277000000001,838.06,1.2
846.7200000000001,709.7898,838.06,1.2
846.7200000000001,648.0309000000001,838.06,1.2
846.7200000000001,654.893,838.06,1.2
846.7200000000001,691.1641000000001,925.53,1.2
846.7200000000001,641.1688,925.53,1.2
846.7200000000001,664.696,925.53,1.2
846.7200000000001,611.7598,925.53,1.2
846.7200000000001,636.2673,925.53,1.2
846.7200000000001,679.4005000000001,925.53,1.2
846.7200000000001,623.5234,925.53,1.2
846.7200000000001,641.1688,925.53,1.2
846.7200000000001,599.0159,925.53,1.2
846.7200000000001,703.908,925.53,1.2
846.7200000000001,682.3414,925.53,1.2
846.7200000000001,650.9718,925.53,1.2
846.7200000000001,659.7945000000001,925.53,1.2
846.7200000000001,656.8536,925.53,1.2
846.7200000000001,686.2626,925.53,1.2
846.7200000000001,629.4052,925.53,1.2
846.7200000000001,666.6566,925.53,1.2
846.7200000000001,676.4596,925.53,1.2
846.7200000000001,680.3808,925.53,1.2
846.7200000000001,578.4296,925.53,1.2
846.7200000000001,627.4446,925.53,1.2
846.7200000000001,614.7007,925.53,1.2
846.7200000000001,649.0112,925.53,1.2
846.7200000000001,586.272,925.53,1.2
846.7200000000001,585.2917,925.53,1.2
846.7200000000001,708.8095000000001,925.53,1.2
846.7200000000001,663.7157000000001,925.53,1.2
846.7200000000001,649.0112,925.53,1.2
846.7200000000001,655.8733000000001,925.53,1.2
846.7200000000001,649.0112,925.53,1.2
846.7200000000001,674.499,925.53,1.2
846.7200000000001,626.4643,925.53,1.2
846.7200000000001,650.9718,925.53,1.2
846.7200000000001,651.9521000000001,925.53,1.2
846.7200000000001,614.7007,925.53,1.2
846.7200000000001,682.3414,925.53,1.2
846.7200000000001,632.3461,925.53,1.2
846.7200000000001,675.4793000000001,925.53,1.2
846.7200000000001,648.0309000000001,925.53,1.2
846.7200000000001,693.1247000000001,925.53,1.2
846.7200000000001,614.7007,925.53,1.2
846.7200000000001,612.7401,925.53,1.2
846.7200000000001,618.6219,925.53,1.2
846.7200000000001,649.0112,925.53,1.2
846.7200000000001,690.1838,925.53,1.2
846.7200000000001,692.1444,925.53,1.2
846.7200000000001,577.4493,925.53,1.2
846.7200000000001,651.9521000000001,925.53,1.2
846.7200000000001,550.9812000000001,925.53,1.2
846.7200000000001,668.6172,925.53,1.2
846.7200000000001,678.4202,925.53,1.2
846.7200000000001,644.1097,925.53,1.2
846.7200000000001,648.0309000000001,925.53,1.2
846.7200000000001,647.0506,925.53,1.2
846.7200000000001,621.5628,925.53,1.2
846.7200000000001,657.8339000000001,925.53,1.2
846.7200000000001,638.2279,925.53,1.2
846.7200000000001,672.5384,925.53,1.2
846.7200000000001,642.1491,925.53,1.2
846.7200000000001,619.6022,925.53,1.2
846.7200000000001,599.9962,925.53,1.2
846.7200000000001,590.1932,925.53,1.2
846.7200000000001,683.3217000000001,925.53,1.2
846.7200000000001,631.3658,925.53,1.2
846.7200000000001,654.893,925.53,1.2
846.7200000000001,697.0459000000001,925.53,1.2
846.7200000000001,628.4249,925.53,1.2
846.7200000000001,626.4643,925.53,1.2
846.7200000000001,641.1688,925.53,1.2
846.7200000000001,646.0703000000001,925.53,1.2
846.7200000000001,700.9671000000001,925.53,1.2
846.7200000000001,691.1641000000001,925.53,1.2
846.7200000000001,663.7157000000001,925.53,1.2
846.7200000000001,687.2429000000001,925.53,1.2
846.7200000000001,640.1885,925.53,1.2
933.12,707.5671000000001,956.26,1.8
846.7200000000001,680.0241000000001,956.26,1.2
846.7200000000001,748.8816,956.26,1.2
846.7200000000001,730.5196000000001,956.26,1.2
846.7200000000001,716.7481,956.26,1.2
846.7200000000001,715.83,956.26,1.2
846.7200000000001,674.5155000000001,956.26,1.2
846.7200000000001,689.2051,956.26,1.2
846.7200000000001,725.0110000000001,956.26,1.2
846.7200000000001,701.1404,956.26,1.2
846.7200000000001,709.4033000000001,956.26,1.2
846.7200000000001,713.0757000000001,956.26,1.2
846.7200000000001,697.4680000000001,956.26,1.2
846.7200000000001,689.2051,956.26,1.2
846.7200000000001,671.7612,956.26,1.2
846.7200000000001,712.1576,956.26,1.2
846.7200000000001,733.2739,956.26,1.2
846.7200000000001,670.8431,956.26,1.2
846.7200000000001,714.9119000000001,956.26,1.2
846.7200000000001,723.1748,956.26,1.2
846.7200000000001,688.287,956.26,1.2
846.7200000000001,755.3083,956.26,1.2
846.7200000000001,704.8128,956.26,1.2
846.7200000000001,713.0757000000001,956.26,1.2
846.7200000000001,711.2395,956.26,1.2
846.7200000000001,667.1707,956.26,1.2
846.7200000000001,743.373,956.26,1.2
846.7200000000001,689.2051,956.26,1.2
846.7200000000001,709.4033000000001,956.26,1.2
846.7200000000001,732.3558,956.26,1.2
846.7200000000001,756.2264,956.26,1.2
846.7200000000001,686.4508000000001,956.26,1.2
846.7200000000001,703.8947000000001,956.26,1.2
846.7200000000001,753.4721000000001,956.26,1.2
846.7200000000001,728.6834,956.26,1.2
846.7200000000001,734.192,956.26,1.2
846.7200000000001,686.4508000000001,956.26,1.2
846.7200000000001,705.7309,956.26,1.2
846.7200000000001,711.2395,956.26,1.2
846.7200000000001,691.9594000000001,956.26,1.2
846.7200000000001,669.9250000000001,956.26,1.2
846.7200000000001,702.0585000000001,956.26,1.2
846.7200000000001,753.4721000000001,956.26,1.2
846.7200000000001,717.6662,956.26,1.2
846.7200000000001,753.4721000000001,956.26,1.2
846.7200000000001,720.4205000000001,956.26,1.2
846.7200000000001,694.7137,956.26,1.2
846.7200000000001,750.7178,956.26,1.2
846.7200000000001,721.3386,956.26,1.2
846.7200000000001,742.4549000000001,956.26,1.2
846.7200000000001,686.4508000000001,956.26,1.2
846.7200000000001,744.2911,956.26,1.2
846.7200000000001,745.2092,956.26,1.2
846.7200000000001,724.0929,956.26,1.2
846.7200000000001,693.7956,956.26,1.2
846.7200000000001,714.9119000000001,956.26,1.2
846.7200000000001,732.3558,956.26,1.2
846.7200000000001,722.2567,956.26,1.2
846.7200000000001,732.3558,956.26,1.2
846.7200000000001,743.373,956.26,1.2
846.7200000000001,698.3861,956.26,1.2
846.7200000000001,683.6965,956.26,1.2
846.7200000000001,714.9119000000001,956.26,1.2
846.7200000000001,706.649,956.26,1.2
846.7200000000001,737.8644,956.26,1.2
846.7200000000001,686.4508000000001,956.26,1.2
846.7200000000001,744.2911,956.26,1.2
846.7200000000001,753.4721000000001,956.26,1.2
846.7200000000001,715.83,956.26,1.2
846.7200000000001,717.6662,956.26,1.2
846.7200000000001,694.7137,956.26,1.2
846.7200000000001,701.1404,956.26,1.2
846.7200000000001,704.8128,956.26,1.2
846.7200000000001,755.3083,956.26,1.2
846.7200000000001,713.9938000000001,678.49,1.2
640.0,679.106,678.49,1.0
640.0,723.1748,678.49,1.0
640.0,738.7825,678.49,1.0
640.0,714.9119000000001,678.49,1.0
640.0,756.2264,678.49,1.0
640.0,736.9463000000001,678.49,1.0
640.0,687.3689,678.49,1.0
640.0,700.2223,678.49,1.0
640.0,722.2567,678.49,1.0
640.0,669.9250000000001,678.49,1.0
640.0,725.0110000000001,678.49,1.0
640.0,667.1707,678.49,1.0
640.0,744.2911,678.49,1.0
640.0,740.6187,678.49,1.0
640.0,729.6015,678.49,1.0
640.0,697.4680000000001,678.49,1.0
640.0,720.4205000000001,678.49,1.0
640.0,702.0585000000001,678.49,1.0
640.0,687.3689,678.49,1.0
640.0,706.649,678.49,1.0
640.0,735.1101,678.49,1.0
640.0,716.7481,678.49,1.0
640.0,756.2264,678.49,1.0
640.0,736.9463000000001,678.49,1.0
640.0,734.192,678.49,1.0
640.0,671.7612,678.49,1.0
640.0,707.5671000000001,678.49,1.0
640.0,686.4508000000001,678.49,1.0
640.0,711.2395,678.49,1.0
640.0,696.5499000000001,678.49,1.0
640.0,705.7309,678.49,1.0
640.0,745.2092,678.49,1.0
640.0,728.6834,678.49,1.0
640.0,743.373,678.49,1.0
640.0,671.7612,678.49,1.0
640.0,717.6662,678.49,1.0
640.0,742.4549000000001,678.49,1.0
640.0,757.1445,678.49,1.0
640.0,673.5974,678.49,1.0
640.0,705.7309,678.49,1.0
640.0,744.2911,678.49,1.0
640.0,710.3214,678.49,1.0
640.0,691.0413000000001,678.49,1.0
640.0,673.5974,678.49,1.0
640.0,690.1232,678.49,1.0
640.0,669.0069000000001,678.49,1.0
640.0,717.6662,678.49,1.0
640.0,740.6187,678.49,1.0
640.0,680.9422000000001,678.49,1.0
640.0,723.1748,678.49,1.0
640.0,738.7825,678.49,1.0
640.0,715.83,678.49,1.0
640.0,671.7612,678.49,1.0
640.0,726.8472,678.49,1.0
640.0,713.9938000000001,678.49,1.0
640.0,711.2395,678.49,1.0
640.0,701.1404,678.49,1.0
640.0,718.5843,678.49,1.0
640.0,729.6015,678.49,1.0
640.0,781.9332,678.49,1.0
640.0,718.5843,678.49,1.0
640.0,757.1445,678.49,1.0
640.0,725.9291000000001,678.49,1.0
640.0,713.0757000000001,678.49,1.0
640.0,719.5024000000001,678.49,1.0
640.0,681.8603,678.49,1.0
640.0,724.0929,678.49,1.0
640.0,660.744,678.49,1.0
640.0,691.9594000000001,678.49,1.0
640.0,718.5843,678.49,1.0
640.0,748.8816,678.49,1.0
640.0,755.3083,678.49,1.0
640.0,709.4033000000001,678.49,1.0
640.0,720.4205000000001,678.49,1.0
640.0,743.373,804.96,1.0
846.7200000000001,679.106,804.96,1.2
846.7200000000001,726.8472,804.96,1.2
846.7200000000001,692.8775,804.96,1.2
846.7200000000001,711.2395,804.96,1.2
846.7200000000001,702.9766000000001,804.96,1.2
846.7200000000001,727.7653,804.96,1.2
846.7200000000001,731.4377000000001,804.96,1.2
846.7200000000001,740.6187,804.96,1.2
846.7200000000001,725.0110000000001,804.96,1.2
846.7200000000001,720.4205000000001,804.96,1.2
846.7200000000001,767.2436,804.96,1.2
846.7200000000001,673.5974,804.96,1.2
846.7200000000001,762.6531,804.96,1.2
846.7200000000001,707.5671000000001,804.96,1.2
846.7200000000001,731.4377000000001,804.96,1.2
846.7200000000001,706.649,804.96,1.2
846.7200000000001,696.5499000000001,804.96,1.2
846.7200000000001,729.6015,804.96,1.2
846.7200000000001,744.2911,804.96,1.2
846.7200000000001,728.6834,804.96,1.2
846.7200000000001,701.1404,804.96,1.2
846.7200000000001,807.6400000000001,804.96,1.2
846.7200000000001,748.8816,804.96,1.2
846.7200000000001,741.5368000000001,804.96,1.2
846.7200000000001,705.7309,804.96,1.2
846.7200000000001,698.3861,804.96,1.2
846.7200000000001,708.4852000000001,804.96,1.2
846.7200000000001,745.2092,804.96,1.2
846.7200000000001,688.287,804.96,1.2
846.7200000000001,686.4508000000001,804.96,1.2
846.7200000000001,730.5196000000001,804.96,1.2
846.7200000000001,725.0110000000001,804.96,1.2
846.7200000000001,694.7137,804.96,1.2
846.7200000000001,685.5327000000001,804.96,1.2
846.7200000000001,755.3083,804.96,1.2
846.7200000000001,725.9291000000001,804.96,1.2
846.7200000000001,678.1879,804.96,1.2
846.7200000000001,680.0241000000001,804.96,1.2
846.7200000000001,705.7309,804.96,1.2
846.7200000000001,736.0282000000001,804.96,1.2
846.7200000000001,732.3558,804.96,1.2
846.7200000000001,747.0454000000001,804.96,1.2
846.7200000000001,674.5155000000001,804.96,1.2
846.7200000000001,722.2567,804.96,1.2
846.7200000000001,755.3083,804.96,1.2
846.7200000000001,752.5540000000001,804.96,1.2
846.7200000000001,725.9291000000001,804.96,1.2
846.7200000000001,780.097,804.96,1.2
846.7200000000001,732.3558,804.96,1.2
846.7200000000001,744.2911,804.96,1.2
846.7200000000001,716.7481,804.96,1.2
846.7200000000001,694.7137,804.96,1.2
846.7200000000001,691.9594000000001,804.96,1.2
846.7200000000001,720.4205000000001,804.96,1.2
846.7200000000001,710.3214,804.96,1.2
846.7200000000001,667.1707,804.96,1.2
846.7200000000001,687.3689,804.96,1.2
846.7200000000001,706.649,804.96,1.2
846.7200000000001,736.0282000000001,804.96,1.2
846.7200000000001,715.83,804.96,1.2
846.7200000000001,713.9938000000001,804.96,1.2
846.7200000000001,688.287,804.96,1.2
846.7200000000001,716.7481,804.96,1.2
846.7200000000001,752.5540000000001,804.96,1.2
846.7200000000001,720.4205000000001,804.96,1.2
846.7200000000001,674.5155000000001,804.96,1.2
846.7200000000001,680.9422000000001,804.96,1.2
846.7200000000001,732.3558,804.96,1.2
846.7200000000001,709.4033000000001,804.96,1.2
846.7200000000001,713.9938000000001,804.96,1.2
846.7200000000001,699.3042,804.96,1.2
846.7200000000001,729.6015,804.96,1.2
846.7200000000001,707.5671000000001,804.96,1.2
846.7200000000001,710.3214,804.96,1.2
609.8400000000001,804.0111999999999,936.17,1.4
846.7200000000001,761.3847,936.17,1.2
846.7200000000001,791.8322,936.17,1.2
846.7200000000001,726.0656,936.17,1.2
846.7200000000001,833.2407999999999,936.17,1.2
846.7200000000001,816.1902,936.17,1.2
846.7200000000001,700.4897,936.17,1.2
846.7200000000001,740.6804,936.17,1.2
846.7200000000001,786.9606,936.17,1.2
846.7200000000001,721.194,936.17,1.2
846.7200000000001,765.0384,936.17,1.2
846.7200000000001,785.7427,936.17,1.2
846.7200000000001,762.6025999999999,936.17,1.2
846.7200000000001,789.3964,936.17,1.2
846.7200000000001,744.3340999999999,936.17,1.2
846.7200000000001,688.3107,936.17,1.2
846.7200000000001,805.2291,936.17,1.2
846.7200000000001,805.2291,936.17,1.2
846.7200000000001,861.2524999999999,936.17,1.2
846.7200000000001,689.5286,936.17,1.2
846.7200000000001,797.9217,936.17,1.2
846.7200000000001,698.0539,936.17,1.2
846.7200000000001,834.4587,936.17,1.2
846.7200000000001,788.1785,936.17,1.2
846.7200000000001,734.5908999999999,936.17,1.2
846.7200000000001,797.9217,936.17,1.2
846.7200000000001,749.2057,936.17,1.2
846.7200000000001,780.8711,936.17,1.2
846.7200000000001,777.2174,936.17,1.2
846.7200000000001,833.2407999999999,936.17,1.2
846.7200000000001,835.6766,936.17,1.2
846.7200000000001,747.9878,936.17,1.2
846.7200000000001,808.8828,936.17,1.2
846.7200000000001,783.3068999999999,936.17,1.2
846.7200000000001,718.7582,936.17,1.2
846.7200000000001,744.3340999999999,936.17,1.2
846.7200000000001,855.163,936.17,1.2
846.7200000000001,783.3068999999999,936.17,1.2
846.7200000000001,806.447,936.17,1.2
846.7200000000001,762.6025999999999,936.17,1.2
846.7200000000001,750.4236,936.17,1.2
846.7200000000001,771.1279,936.17,1.2
846.7200000000001,760.1668,936.17,1.2
846.7200000000001,715.1044999999999,936.17,1.2
846.7200000000001,733.3729999999999,936.17,1.2
846.7200000000001,795.4859,936.17,1.2
846.7200000000001,756.5131,936.17,1.2
846.7200000000001,771.1279,936.17,1.2
846.7200000000001,778.4353,936.17,1.2
846.7200000000001,780.8711,936.17,1.2
846.7200000000001,811.3186,936.17,1.2
846.7200000000001,729.7193,936.17,1.2
846.7200000000001,790.6143,936.17,1.2
846.7200000000001,797.9217,936.17,1.2
846.7200000000001,806.447,936.17,1.2
846.7200000000001,718.7582,936.17,1.2
846.7200000000001,779.6532,936.17,1.2
846.7200000000001,832.0228999999999,936.17,1.2
846.7200000000001,766.2563,936.17,1.2
846.7200000000001,788.1785,936.17,1.2
846.7200000000001,797.9217,936.17,1.2
846.7200000000001,732.1551,936.17,1.2
846.7200000000001,836.8945,936.17,1.2
846.7200000000001,788.1785,936.17,1.2
846.7200000000001,789.3964,936.17,1.2
846.7200000000001,709.015,936.17,1.2
846.7200000000001,799.1396,936.17,1.2
846.7200000000001,788.1785,936.17,1.2
846.7200000000001,829.5871,936.17,1.2
846.7200000000001,758.9489,936.17,1.2
846.7200000000001,733.3729999999999,936.17,1.2
846.7200000000001,745.5519999999999,936.17,1.2
846.7200000000001,751.6415,936.17,1.2
846.7200000000001,728.5014,936.17,1.2
846.7200000000001,817.4081,982.27,1.2
846.7200000000001,818.626,982.27,1.2
846.7200000000001,762.6025999999999,982.27,1.2
846.7200000000001,755.2952,982.27,1.2
846.7200000000001,704.1433999999999,982.27,1.2
846.7200000000001,795.4859,982.27,1.2
846.7200000000001,830.805,982.27,1.2
846.7200000000001,746.7699,982.27,1.2
846.7200000000001,765.0384,982.27,1.2
846.7200000000001,785.7427,982.27,1.2
846.7200000000001,833.2407999999999,982.27,1.2
846.7200000000001,777.2174,982.27,1.2
846.7200000000001,777.2174,982.27,1.2
846.7200000000001,775.9995,982.27,1.2
846.7200000000001,717.5403,982.27,1.2
846.7200000000001,717.5403,982.27,1.2
846.7200000000001,740.6804,982.27,1.2
846.7200000000001,806.447,982.27,1.2
846.7200000000001,757.731,982.27,1.2
846.7200000000001,750.4236,982.27,1.2
846.7200000000001,750.4236,982.27,1.2
846.7200000000001,765.0384,982.27,1.2
846.7200000000001,832.0228999999999,982.27,1.2
846.7200000000001,763.8204999999999,982.27,1.2
846.7200000000001,740.6804,982.27,1.2
846.7200000000001,771.1279,982.27,1.2
846.7200000000001,834.4587,982.27,1.2
846.7200000000001,751.6415,982.27,1.2
846.7200000000001,727.2835,982.27,1.2
846.7200000000001,751.6415,982.27,1.2
846.7200000000001,774.7815999999999,982.27,1.2
846.7200000000001,795.4859,982.27,1.2
846.7200000000001,806.447,982.27,1.2
846.7200000000001,732.1551,982.27,1.2
846.7200000000001,734.5908999999999,982.27,1.2
846.7200000000001,757.731,982.27,1.2
846.7200000000001,795.4859,982.27,1.2
846.7200000000001,723.6297999999999,982.27,1.2
846.7200000000001,747.9878,982.27,1.2
846.7200000000001,747.9878,982.27,1.2
846.7200000000001,804.0111999999999,982.27,1.2
846.7200000000001,789.3964,982.27,1.2
846.7200000000001,802.7932999999999,982.27,1.2
846.7200000000001,818.626,982.27,1.2
846.7200000000001,758.9489,982.27,1.2
846.7200000000001,726.0656,982.27,1.2
846.7200000000001,727.2835,982.27,1.2
846.7200000000001,702.9254999999999,982.27,1.2
846.7200000000001,752.8593999999999,982.27,1.2
846.7200000000001,755.2952,982.27,1.2
846.7200000000001,799.1396,982.27,1.2
846.7200000000001,771.1279,982.27,1.2
846.7200000000001,751.6415,982.27,1.2
846.7200000000001,766.2563,982.27,1.2
846.7200000000001,732.1551,982.27,1.2
846.7200000000001,807.6649,982.27,1.2
846.7200000000001,740.6804,982.27,1.2
846.7200000000001,728.5014,982.27,1.2
846.7200000000001,800.3575,982.27,1.2
846.7200000000001,790.6143,982.27,1.2
846.7200000000001,706.5792,982.27,1.2
846.7200000000001,801.5754,982.27,1.2
846.7200000000001,743.1161999999999,982.27,1.2
846.7200000000001,756.5131,982.27,1.2
846.7200000000001,777.2174,982.27,1.2
846.7200000000001,791.8322,982.27,1.2
846.7200000000001,785.7427,982.27,1.2
846.7200000000001,768.6921,982.27,1.2
846.7200000000001,754.0772999999999,982.27,1.2
846.7200000000001,784.5247999999999,982.27,1.2
846.7200000000001,765.0384,982.27,1.2
846.7200000000001,835.6766,982.27,1.2
846.7200000000001,791.8322,982.27,1.2
846.7200000000001,735.8088,982.27,1.2
846.7200000000001,752.8593999999999,982.27,1.2
846.7200000000001,771.1279,734.04,1.2
846.7200000000001,817.4081,734.04,1.2
846.7200000000001,821.0618,734.04,1.2
846.7200000000001,755.2952,734.04,1.2
846.7200000000001,735.8088,734.04,1.2
846.7200000000001,730.9372,734.04,1.2
846.7200000000001,779.6532,734.04,1.2
846.7200000000001,853.9450999999999,734.04,1.2
846.7200000000001,789.3964,734.04,1.2
846.7200000000001,711.4508,734.04,1.2
846.7200000000001,743.1161999999999,734.04,1.2
846.7200000000001,746.7699,734.04,1.2
846.7200000000001,739.4625,734.04,1.2
846.7200000000001,755.2952,734.04,1.2
846.7200000000001,783.3068999999999,734.04,1.2
846.7200000000001,794.268,734.04,1.2
846.7200000000001,810.1007,734.04,1.2
846.7200000000001,789.3964,734.04,1.2
846.7200000000001,698.0539,734.04,1.2
846.7200000000001,730.9372,734.04,1.2
846.7200000000001,763.8204999999999,734.04,1.2
846.7200000000001,774.7815999999999,734.04,1.2
846.7200000000001,801.5754,734.04,1.2
846.7200000000001,771.1279,734.04,1.2
846.7200000000001,772.3457999999999,734.04,1.2
846.7200000000001,778.4353,734.04,1.2
846.7200000000001,760.1668,734.04,1.2
846.7200000000001,773.5636999999999,734.04,1.2
846.7200000000001,811.3186,734.04,1.2
846.7200000000001,766.2563,734.04,1.2
846.7200000000001,768.6921,734.04,1.2
846.7200000000001,768.6921,734.04,1.2
846.7200000000001,817.4081,734.04,1.2
846.7200000000001,729.7193,734.04,1.2
846.7200000000001,834.4587,734.04,1.2
846.7200000000001,727.2835,734.04,1.2
846.7200000000001,745.5519999999999,734.04,1.2
846.7200000000001,796.7038,734.04,1.2
846.7200000000001,807.6649,734.04,1.2
846.7200000000001,718.7582,734.04,1.2
846.7200000000001,729.7193,734.04,1.2
846.7200000000001,779.6532,734.04,1.2
846.7200000000001,855.163,734.04,1.2
846.7200000000001,814.9723,734.04,1.2
846.7200000000001,761.3847,734.04,1.2
846.7200000000001,681.0033,734.04,1.2
846.7200000000001,772.3457999999999,734.04,1.2
846.7200000000001,783.3068999999999,734.04,1.2
846.7200000000001,756.5131,734.04,1.2
846.7200000000001,738.2446,734.04,1.2
846.7200000000001,775.9995,734.04,1.2
846.7200000000001,735.8088,734.04,1.2
846.7200000000001,838.1124,734.04,1.2
846.7200000000001,825.9334,734.04,1.2
846.7200000000001,794.268,734.04,1.2
846.7200000000001,773.5636999999999,734.04,1.2
846.7200000000001,745.5519999999999,734.04,1.2
846.7200000000001,768.6921,734.04,1.2
846.7200000000001,829.5871,734.04,1.2
846.7200000000001,801.5754,734.04,1.2
846.7200000000001,777.2174,734.04,1.2
846.7200000000001,804.0111999999999,734.04,1.2
846.7200000000001,789.3964,734.04,1.2
846.7200000000001,784.5247999999999,734.04,1.2
846.7200000000001,805.2291,734.04,1.2
846.7200000000001,789.3964,734.04,1.2
846.7200000000001,801.5754,734.04,1.2
846.7200000000001,775.9995,734.04,1.2
846.7200000000001,760.1668,734.04,1.2
846.7200000000001,750.4236,734.04,1.2
846.7200000000001,745.5519999999999,734.04,1.2
846.7200000000001,711.4508,734.04,1.2
846.7200000000001,737.0267,734.04,1.2
846.7200000000001,735.8088,734.04,1.2
846.7200000000001,751.6415,734.04,1.2
